geoid,population
0100190171,3680
0100190315,2969
0100192106,6844
0100192628,46454
0100390207,26975
0100390846,60163
0100390963,13091
0100391053,34400
0100391152,71716
0100392754,30626
0100393024,3952
0100393042,6066
0100590189,2995
0100590630,3377
0100590648,4041
0100591017,12760
0100591989,1470
0100790531,12162
0100792601,1261
0100793438,8707
0100990333,7490
0100990414,4724
0100990612,5856
0100990639,4389
0100991557,13430
0100991953,8487
0100992439,15142
0101191098,527
0101191701,1644
0101192133,1463
0101193249,6424
0101390540,1634
0101391170,975
0101391314,3844
0101391422,12177
0101590066,11469
0101590099,65445
0101590585,7042
0101591746,20050
0101592430,4799
0101592556,7285
0101791107,2415
0101791818,4729
0101791827,10692
0101792169,949
0101793272,13802
0101793393,1605
0101990513,6852
0101990522,8527
0101991854,5267
0101992983,4797
0102190603,14796
0102191710,3555
0102191764,15382
0102192097,3543
0102192178,3763
0102193285,4953
0102390441,4611
0102391332,3343
0102391908,2030
0102392925,2396
0102590675,1229
0102591260,1580
0102591440,4845
0102591726,6917
0102593132,4882
0102593362,3090
0102790126,6072
0102791899,5598
0102792142,2522
0102991251,2767
0102991593,7760
0102992682,4899
0103190954,6470
0103190999,40329
0103191341,2555
0103191719,2031
0103191800,1657
0103193303,1878
0103390567,3862
0103391863,7792
0103391926,8242
0103393186,38126
0103590504,2632
0103591044,4955
0103592016,1341
0103592718,1646
0103592916,701
0103791350,3366
0103792763,3287
0103793429,3647
0103990090,18100
0103991062,2084
0103991134,3432
0103992448,9354
0103992781,4658
0104190360,2714
0104192007,5893
0104192529,4515
0104390180,6437
0104390369,8892
0104390774,2912
0104390810,30008
0104391521,7670
0104391647,5089
0104391773,5056
0104391962,4192
0104392934,8487
0104393330,9417
0104393420,2406
0104590828,11197
0104590936,2505
0104591215,4720
0104592376,10207
0104592466,20970
0104790486,625
0104792457,2059
0104792808,536
0104792844,1431
0104792880,27347
0104792883,4860
0104990693,4149
0104990792,10017
0104991206,19613
0104991269,5968
0104991323,5673
0104991611,3586
0104991692,5871
0104992655,13939
0104993276,3453
0105190855,10560
0105190945,8361
0105190972,30525
0105193087,8153
0105193141,5617
0105193456,26310
0105390153,11398
0105390378,11032
0105390927,5869
0105391125,3357
0105392034,4973
0105590081,5140
0105591278,70270
0105591638,9445
0105591980,2653
0105592268,9530
0105593213,4243
0105593465,1824
0105790279,3581
0105791089,7744
0105792380,1342
0105793495,3386
0105992547,5850
0105992691,4711
0105992799,19944
0105993312,1461
0106190252,1673
0106191305,5558
0106191530,5458
0106192835,4931
0106192952,9267
0106390342,342
0106391026,3861
0106391179,1672
0106392088,1549
0106591413,3313
0106591414,1290
0106591415,650
0106592259,4950
0106592345,1492
0106592853,1803
0106593015,1331
0106790009,4931
0106791485,1737
0106791584,8067
0106792907,2912
0106990702,1348
0106990747,5513
0106990900,90606
0106991368,2050
0106992070,8623
0107190387,3443
0107191971,6093
0107192475,3546
0107192610,3829
0107192637,2334
0107192862,21011
0107192871,7240
0107193006,5557
0107390324,443755
0107390405,3961
0107390621,14213
0107390722,7059
0107391296,23126
0107391404,11416
0107391431,25943
0107391656,55474
0107391791,11392
0107391845,16908
0107392124,4021
0107392385,5332
0107392484,6265
0107392745,5853
0107393204,22600
0107393366,6638
0107393447,3799
0107592151,4204
0107593033,4278
0107593294,5211
0107790657,6384
0107791143,52880
0107791782,16621
0107791872,5148
0107792412,4074
0107792772,8568
0107793384,2155
0107991548,4693
0107991629,1737
0107992241,9899
0107992250,8675
0107992286,1669
0107992979,2379
0107993159,4224
0108190162,107934
0108190243,12628
0108190288,8017
0108191944,13656
0108192962,38899
0108390144,84585
0108392232,22747
0108392817,3901
0108590270,2115
0108591197,2643
0108591566,2955
0108591998,554
0108592245,1566
0108791188,766
0108791917,1013
0108792403,2541
0108792898,1866
0108793230,11711
0108793376,794
0108991467,21596
0108991575,13745
0108991674,257349
0108992052,46840
0108992061,12722
0108992349,17341
0108992358,17651
0108992695,1153
0108993176,17321
0109190873,9653
0109190882,2181
0109191080,537
0109191890,3567
0109193051,1898
0109193123,1015
0109390225,4168
0109390297,1264
0109390396,2005
0109391449,3064
0109391476,2828
0109391512,10365
0109393492,5490
0109590054,41413
0109590108,15460
0109590918,6995
0109591395,10924
0109591458,14989
0109593150,3137
0109593240,6830
0109790216,9743
0109790594,9644
0109791386,34643
0109792187,228699
0109792304,4215
0109792889,27177
0109793105,77331
0109793114,21138
0109990234,859
0109991233,5726
0109992196,9026
0109992520,1064
0109993267,1393
0109993339,1320
0110191665,7355
0110192214,176932
0110192295,15402
0110192565,23639
0110192592,1480
0110192673,1910
0110390837,6442
0110390864,63444
0110391035,5637
0110391071,6059
0110391539,23297
0110391809,8489
0110392970,11103
0110591503,484
0110591602,1010
0110592115,3802
0110592997,501
0110593258,2234
0110790072,4694
0110790495,4498
0110791008,2102
0110791359,4302
0110792700,3125
0110990198,2417
0110990432,4645
0110991377,2315
0110991620,3103
0110992340,1817
0110993195,18690
0111191161,3540
0111192736,8641
0111193348,2029
0111193411,4330
0111193501,3970
0111390738,3524
0111390783,3656
0111391683,1667
0111392538,49964
0111590135,8244
0111592223,31277
0111592511,24950
0111592646,5440
0111592988,24255
0111790036,138498
0111790450,11530
0111790558,45697
0111790711,13735
0111792205,11174
0111793321,5216
0111793474,4361
0111990261,350
0111990801,963
0111991287,607
0111991935,6053
0111992493,623
0111993510,3282
0112190576,8157
0112191879,9258
0112192322,11039
0112192709,2191
0112193060,4323
0112193069,21724
0112193078,24329
0112390063,18089
0112390468,1834
0112390819,12493
0112392367,2506
0112393096,6016
0112590018,12789
0112590306,13084
0112590423,5486
0112590666,8609
0112590684,3655
0112590981,1774
0112591224,3308
0112592389,38616
0112592826,6126
0112593222,140685
0112593483,3420
0112790477,3276
0112790729,2715
0112790891,8089
0112790990,2073
0112791755,23332
0112792079,4864
0112792331,3342
0112792421,3341
0112792502,3444
0112792642,1700
0112792943,5131
0112793168,3534
0112990549,3753
0112991242,1912
0112992043,4196
0112992160,2652
0112993357,2630
0113190045,1787
0113190459,4390
0113190756,846
0113192574,489
0113192583,2660
0113390027,8081
0113390909,5634
0113391494,7594
0113392025,2373
0201301598,3491
0201601615,5235
0202003050,288976
0205003580,1290
0205045510,17104
0206009050,918
0206314420,6862
0206617350,2626
0206818765,1969
0207019000,4724
0209024450,95460
0210031160,2086
0210533390,2229
0210540560,82
0211036450,31794
0212238460,55243
0212268610,5170
0213039010,13768
0215041200,12771
0215842185,8176
0216442780,1013
0217047440,112988
0218054970,9866
0218555970,10810
0218856270,7441
0219560360,3409
0219834575,24
0219848873,1334
0219864310,4357
0222070590,8368
0223070810,1244
0224072030,7068
0227586420,2088
0228286498,527
0229042080,3211
0229046060,829
0229086690,1155
0400190612,19429
0400190918,1460
0400191071,8781
0400191275,765
0400191326,20461
0400192805,2655
0400192958,7236
0400193315,4554
0400390255,12018
0400390306,30494
0400390408,1874
0400390969,18263
0400391122,5344
0400393182,48128
0400393825,9445
0400591198,102243
0400591530,0
0400591581,38
0400591683,0
0400591838,1831
0400593519,29271
0400593876,11125
0400791277,1975
0400791495,16538
0400792570,25266
0400793109,6155
0400793470,3022
0400793927,839
0400990357,2554
0400992652,5267
0400992907,27015
0400993111,4396
0401190663,6737
0401191020,2672
0401292480,16664
0401390459,111988
0401390561,534662
0401390867,312033
0401391377,32310
0401392601,3411286
0401393009,3470
0401393060,6114
0401393472,13748
0401393774,134137
0401590470,72720
0401591885,75688
0401591964,63566
0401592340,8543
0401791279,12377
0401791632,6750
0401791785,6236
0401791860,9157
0401792703,6154
0401793213,50696
0401793952,17045
0401990051,3254
0401990153,93913
0401992040,40462
0401993375,5526
0401993570,917335
0402190510,69254
0402190816,20572
0402191173,33928
0402191224,39107
0402191428,10673
0402192091,76718
0402192346,197788
0402193162,20488
0402193377,478
0402392295,45332
0402392550,3594
0402590204,2694
0402590484,39296
0402590765,10966
0402590840,7389
0402592193,43099
0402592754,142036
0402793264,59292
0402793672,5664
0402793978,146785
0500190113,29
0500190248,274
0500190298,210
0500190938,17
0500191578,264
0500191948,71
0500193021,59
0500193261,7900
0500193436,359
0500194221,590
0500194356,4380
0500194806,39
0500195126,578
0500195361,600
0500196111,252
0500196177,495
0500197244,398
0500390188,105
0500390288,0
0500390373,32
0500390418,71
0500391383,4168
0500392108,71
0500392581,9208
0500392631,398
0500392671,154
0500394751,1073
0500394906,140
0500395136,1169
0500395306,170
0500396156,447
0500396188,176
0500397878,23
0500398658,495
0500398813,529
0500590293,340
0500590633,422
0500591048,1199
0500591073,1037
0500593196,199
0500593236,2272
0500593721,1417
0500594701,1820
0500594731,133
0500595056,241
0500595116,2420
0500595501,20838
0500595696,1712
0500596011,1729
0500597888,2020
0500598743,4608
0500797506,63681
0500797542,60739
0500797578,58760
0500797614,60766
0500797650,59686
0500990258,993
0500990433,2770
0500990788,301
0500991018,775
0500991363,1095
0500992601,3409
0500992666,491
0500992986,987
0500993777,2046
0500993977,1131
0500994441,1360
0500994736,1010
0500995706,8303
0500995796,607
0500995801,2173
0500996199,340
0500997129,7316
0500997309,2308
0500997364,435
0500998908,288
0501191653,291
0501192516,73
0501194941,315
0501195351,16
0501195836,178
0501195906,246
0501195956,8114
0501196694,40
0501197374,12
0501198423,923
0501397518,489
0501397554,592
0501397590,300
0501397626,660
0501397662,425
0501397686,551
0501397710,853
0501397734,508
0501397758,326
0501591538,10507
0501595691,4238
0501597114,5046
0501598633,8835
0501790883,2650
0501791343,4704
0501796071,2411
0501991208,21125
0502190463,396
0502190913,938
0502190998,306
0502191198,265
0502191548,368
0502191623,134
0502191793,2168
0502192551,1365
0502193106,1747
0502194156,187
0502194311,293
0502195611,228
0502195721,2780
0502195941,411
0502196136,386
0502197144,1235
0502198603,1073
0502397521,9294
0502397557,15932
0502590893,549
0502593341,244
0502593646,359
0502593691,676
0502594296,993
0502594446,429
0502595221,608
0502595651,270
0502596439,407
0502596689,978
0502596789,500
0502596884,0
0502597069,419
0502598683,346
0502598748,675
0502792641,2349
0502794841,993
0502794886,15353
0502797409,1152
0502798233,461
0502798268,2041
0502990148,320
0502990468,1433
0502990673,1312
0502991398,590
0502991443,172
0502993206,510
0502993211,441
0502993511,143
0502993636,2043
0502994611,614
0502994836,594
0502995036,117
0502995646,543
0502995776,102
0502995976,84
0502996859,601
0502997259,617
0502997898,593
0502998433,1409
0502998578,8816
0502998678,0
0503190523,5348
0503190703,1758
0503190983,5671
0503191063,1951
0503193081,8327
0503193176,3250
0503193446,609
0503194211,63701
0503194376,2609
0503194476,403
0503194671,123
0503195071,2636
0503195616,11468
0503196166,4937
0503196221,43
0503196384,102
0503197414,59
0503197439,254
0503397524,5343
0503397560,4557
0503397593,4710
0503397629,5299
0503397665,3906
0503397689,4673
0503397713,4775
0503397737,4667
0503397761,5284
0503397773,3088
0503397785,4328
0503397797,5153
0503397809,5356
0503590708,242
0503590803,691
0503592771,850
0503593810,1206
0503593961,15280
0503594791,997
0503595246,23948
0503595371,474
0503596379,639
0503597853,2289
0503598353,650
0503790408,347
0503791013,260
0503791833,570
0503792611,407
0503792676,113
0503793491,631
0503795276,892
0503796954,1283
0503797074,1747
0503797838,6
0503797858,774
0503798893,9513
0503991088,0
0503991588,225
0503992451,300
0503992776,3332
0503993586,261
0503993821,214
0503994506,5
0503994901,388
0503995661,24
0503995856,925
0503996374,135
0503997079,153
0503997099,233
0503998803,47
0504190888,3736
0504191673,486
0504192836,456
0504193301,254
0504193999,107
0504195251,53
0504196409,4180
0504196429,635
0504196554,324
0504197024,331
0504198348,224
0504390238,142
0504390378,0
0504391678,398
0504391853,157
0504391868,372
0504391958,257
0504392846,301
0504394681,685
0504394951,11335
0504396889,1520
0504397224,664
0504398208,1215
0504590443,542
0504590473,1005
0504590973,391
0504591228,77756
0504591258,2238
0504591803,2739
0504592023,5772
0504592053,6076
0504592521,2842
0504592541,3314
0504592651,889
0504593321,8040
0504593381,1061
0504595061,446
0504595401,350
0504595556,343
0504595641,572
0504595901,4237
0504596036,3774
0504597918,2363
0504598273,1178
0504598823,1789
0504790043,349
0504790203,104
0504790713,138
0504790848,136
0504791818,0
0504791933,136
0504792406,381
0504793241,236
0504793561,1749
0504793696,214
0504793766,741
0504794621,3
0504794821,29
0504795106,1447
0504795146,215
0504795226,0
0504795336,10
0504795411,289
0504795581,438
0504796232,3106
0504797004,0
0504797039,132
0504798278,289
0504798298,74
0504798538,600
0504798568,368
0504798688,5450
0504798738,118
0504798863,574
0504990013,623
0504990478,2791
0504990533,342
0504991723,390
0504992966,987
0504994896,1874
0504995521,29
0504995596,206
0504996086,2164
0504997119,488
0504997269,562
0504997928,186
0504998228,738
0504998443,557
0504998828,365
0505193291,15668
0505193626,41495
0505194381,23386
0505198763,19486
0505391268,1150
0505392068,650
0505392083,631
0505392118,824
0505392726,973
0505392856,800
0505394851,1025
0505395101,7225
0505396704,1210
0505397029,1554
0505397429,635
0505398453,1565
0505590153,3704
0505591078,27633
0505591283,4097
0505591988,4024
0505592043,3078
0505596814,3896
0505790808,341
0505790823,357
0505792163,11359
0505793031,614
0505795231,1254
0505795666,272
0505795881,1385
0505796444,210
0505796894,450
0505797229,1663
0505798313,1019
0505798548,584
0505990073,401
0505990543,785
0505990683,2229
0505991003,31
0505991123,1634
0505991683,394
0505992168,1332
0505992426,725
0505992731,13853
0505993071,1291
0505993351,164
0505993426,597
0505994721,797
0505994881,1716
0505995111,1077
0505995291,1372
0505995841,668
0505996243,1248
0505996899,2225
0505998158,641
0506190698,122
0506190753,43
0506190778,258
0506190943,415
0506191058,339
0506191098,0
0506191523,678
0506191658,303
0506191898,476
0506192213,55
0506192461,59
0506192866,200
0506193576,158
0506194856,960
0506195241,1391
0506195421,145
0506195566,152
0506195601,5984
0506196904,19
0506196929,101
0506197469,204
0506197868,521
0506390128,1150
0506390223,1417
0506390503,2404
0506390728,291
0506392008,1524
0506392158,22
0506392421,1010
0506392686,1707
0506392981,810
0506393171,1324
0506393531,203
0506393661,551
0506394010,91
0506394516,1078
0506394816,4248
0506394871,507
0506395321,3173
0506395766,875
0506396509,442
0506396774,304
0506396799,11455
0506396864,1526
0506398463,549
0506398703,1514
0506590133,439
0506590163,281
0506590233,444
0506590663,207
0506591028,554
0506591618,165
0506592456,400
0506592876,487
0506593066,317
0506593251,99
0506593276,0
0506594021,2536
0506594316,218
0506594346,59
0506594796,150
0506595156,2390
0506595531,63
0506595621,283
0506595631,1088
0506596076,285
0506596829,419
0506597274,115
0506597968,2577
0506598258,161
0506598708,272
0506790228,892
0506790263,8
0506790678,1498
0506790933,468
0506791033,7
0506791158,313
0506791923,137
0506793091,695
0506793096,1383
0506793246,440
0506794032,1128
0506796659,81
0506797978,7212
0506798238,2450
0506990218,2760
0506990813,71
0506990828,61
0506992466,1916
0506992476,396
0506994043,2642
0506995096,400
0506995656,1718
0506995781,18
0506995931,100
0506996091,833
0506996564,221
0506996734,144
0506997189,2155
0506997394,1248
0506998203,40024
0506998223,246
0506998243,43
0506998473,7682
0506998753,2124
0507190268,1895
0507193136,2784
0507193641,1902
0507194291,2735
0507195961,2563
0507196066,2416
0507197164,2335
0507197169,2362
0507197179,2516
0507197184,2290
0507198358,2205
0507390168,1607
0507392956,375
0507393286,901
0507394351,419
0507395031,45
0507396719,1070
0507396819,47
0507397254,1067
0507398288,605
0507590063,233
0507590123,178
0507590723,401
0507590733,1187
0507590798,2753
0507591168,81
0507591273,5548
0507592143,873
0507592436,211
0507592496,463
0507592571,282
0507592746,192
0507594136,13
0507594431,360
0507594961,175
0507595341,548
0507596389,302
0507596504,975
0507596664,225
0507597234,365
0507597279,498
0507597449,375
0507790553,20
0507791893,89
0507792751,389
0507793311,648
0507793326,0
0507793726,4219
0507795751,240
0507796574,500
0507796844,1535
0507797204,484
0507797444,49
0507797988,186
0507990138,3226
0507990243,161
0507991298,4529
0507991598,1292
0507993131,760
0507994286,1
0507994726,556
0507995166,199
0507995861,978
0507997084,274
0507997194,539
0507998583,435
0508190108,147
0508190118,0
0508191103,313
0508191313,122
0508191733,797
0508192886,986
0508193832,1528
0508193966,517
0508194054,4614
0508194141,263
0508194161,319
0508194606,550
0508194656,206
0508196459,643
0508196584,0
0508198303,816
0508390198,310
0508390768,206
0508390838,5443
0508391303,735
0508391403,235
0508391633,1052
0508392123,506
0508392441,560
0508392616,588
0508394166,183
0508394716,551
0508395431,159
0508395981,86
0508396514,1528
0508396709,612
0508396999,1025
0508397009,4560
0508397044,1340
0508397304,392
0508397479,381
0508398398,825
0508591113,2551
0508591338,2582
0508591348,8966
0508591743,278
0508591963,389
0508592416,116
0508592526,2909
0508592756,284
0508592976,919
0508593116,2688
0508593161,3125
0508593271,2403
0508593306,166
0508593736,192
0508593756,140
0508594331,402
0508594761,6045
0508594876,6350
0508595756,4238
0508595991,204
0508596265,830
0508596394,344
0508596669,59
0508596934,0
0508597494,482
0508598318,58
0508598363,4600
0508598793,538
0508598903,23414
0508795678,11627
0508797152,5702
0508995011,17228
0509190413,3230
0509191753,2778
0509192013,179
0509192093,1183
0509193036,32577
0509193591,376
0509196464,230
0509197334,1807
0509390648,4375
0509390878,3351
0509391093,272
0509391288,394
0509391373,108
0509391593,15314
0509392511,464
0509392761,1066
0509393111,1108
0509393296,459
0509393421,576
0509394661,826
0509394811,572
0509395281,7636
0509395606,2124
0509396939,339
0509398768,142
0509590968,2701
0509590993,0
0509591178,1887
0509591698,26
0509592033,116
0509592381,78
0509592471,525
0509593181,197
0509593551,20
0509593843,111
0509594241,343
0509595301,10
0509596041,63
0509596419,68
0509596604,128
0509596744,316
0509790028,53
0509790738,460
0509791218,465
0509791318,1067
0509791463,947
0509792691,142
0509793611,417
0509795526,2108
0509795671,884
0509795761,1056
0509795951,379
0509797034,208
0509798533,367
0509990023,128
0509990033,352
0509990868,494
0509991323,643
0509992646,584
0509993061,220
0509993854,27
0509994436,71
0509995266,3880
0509995916,549
0509996449,229
0509997419,647
0509998018,335
0510190573,85
0510190858,46
0510193231,944
0510193391,509
0510193481,79
0510193651,259
0510193865,1329
0510194076,260
0510194196,16
0510194261,45
0510194631,248
0510194786,268
0510194921,708
0510195591,132
0510195826,114
0510196081,207
0510196096,99
0510196131,296
0510196146,84
0510196298,206
0510196614,360
0510198188,119
0510198663,699
0510390423,166
0510390898,2214
0510390918,216
0510390953,378
0510391358,204
0510391763,212
0510392576,8087
0510392951,453
0510394087,39
0510394336,4891
0510394546,28
0510394971,523
0510396434,698
0510396714,0
0510397049,1325
0510398038,1187
0510398168,933
0510398483,531
0510590088,380
0510591388,510
0510591573,206
0510592796,1697
0510593631,1136
0510594246,0
0510594366,713
0510595076,273
0510595636,201
0510595966,965
0510595986,392
0510596414,1047
0510596764,206
0510597843,147
0510598048,886
0510598123,348
0510598883,994
0510790583,82
0510791703,557
0510791773,160
0510792028,74
0510793496,1258
0510793501,226
0510793616,6827
0510794371,0
0510794981,529
0510795316,54
0510796849,3617
0510797209,982
0510797399,1084
0510990083,654
0510990948,489
0510991638,3006
0510992531,414
0510995271,641
0510995441,341
0510995571,145
0510996016,252
0510996909,201
0510996964,605
0510997454,2303
0510998668,605
0510998868,459
0511190833,4308
0511192386,321
0511193186,1101
0511193201,2459
0511194666,2838
0511194801,182
0511195866,342
0511196944,937
0511197863,888
0511198613,840
0511198798,8327
0511390003,1300
0511391423,354
0511391473,7273
0511391903,1351
0511392536,512
0511392971,919
0511393006,137
0511395451,1274
0511396161,1650
0511398673,4591
0511590283,667
0511591108,303
0511591483,479
0511591643,4358
0511591878,1392
0511592431,5974
0511592941,96
0511592991,4667
0511593216,495
0511593256,1390
0511593711,31190
0511593876,732
0511594556,1210
0511595041,1748
0511595326,959
0511596001,221
0511597094,70
0511598173,3853
0511598833,4327
0511790428,124
0511791083,257
0511791248,298
0511791493,431
0511792173,75
0511793406,2274
0511793486,1001
0511794776,203
0511796749,253
0511797848,191
0511798058,31
0511798143,0
0511798543,1082
0511798723,1844
0511990653,229873
0511993546,169945
0512190173,0
0512190978,234
0512191118,16
0512191858,1259
0512191998,528
0512192048,66
0512192133,9042
0512192561,604
0512192596,390
0512192791,514
0512193746,244
0512193887,258
0512193946,895
0512194651,532
0512195771,370
0512196519,310
0512196534,780
0512196809,88
0512196994,666
0512197019,58
0512197239,543
0512198068,76
0512198393,307
0512198558,236
0512198618,661
0512198783,161
0512390688,4
0512392926,610
0512393041,1107
0512393121,158
0512393221,575
0512393456,391
0512394171,1699
0512394411,463
0512394861,14035
0512396309,1280
0512397424,1685
0512398643,393
0512590193,6930
0512590273,38273
0512590398,4135
0512591043,15208
0512592506,2778
0512592681,2236
0512593386,4713
0512593566,655
0512593706,1643
0512594098,210
0512594266,839
0512594566,876
0512594916,4814
0512595626,2237
0512595831,14042
0512595871,13510
0512596874,9042
0512596979,1334
0512597089,2318
0512597818,576
0512598078,1110
0512790693,14
0512790743,113
0512790923,0
0512791408,295
0512791428,88
0512791813,45
0512792153,332
0512793471,4315
0512793596,133
0512793666,34
0512793931,72
0512794201,117
0512794226,70
0512794321,212
0512794341,154
0512794396,461
0512794486,1125
0512794676,0
0512795196,427
0512795461,309
0512795541,750
0512795786,0
0512795926,359
0512797404,0
0512797484,391
0512990338,1071
0512990348,527
0512990358,921
0512991243,338
0512994746,610
0512995546,675
0512995876,371
0512996320,513
0512996469,364
0512996739,480
0512996854,318
0512996974,72
0512997199,596
0512997474,375
0512998788,628
0513197530,11633
0513197566,9685
0513197602,9519
0513197638,8258
0513198133,89805
0513390328,1454
0513391688,2015
0513392160,2545
0513392161,1332
0513392162,1443
0513395236,1577
0513395286,1549
0513395911,1890
0513396424,1907
0513590613,480
0513591413,2486
0513591568,4293
0513592078,98
0513592566,577
0513593331,1483
0513593521,1203
0513593898,367
0513594421,346
0513594766,454
0513595346,242
0513595681,269
0513595716,17
0513595731,112
0513595891,642
0513596061,859
0513596674,1793
0513596949,221
0513597104,70
0513597139,121
0513597154,416
0513597284,151
0513598138,158
0513598503,410
0513598623,505
0513790098,643
0513790773,4086
0513791038,470
0513792701,591
0513792741,13
0513792906,438
0513793346,698
0513794206,94
0513794576,371
0513794696,153
0513794926,253
0513795736,278
0513795811,224
0513796474,214
0513796489,244
0513796679,395
0513796729,191
0513797064,172
0513797389,751
0513797459,293
0513797833,932
0513798088,747
0513798513,143
0513798838,174
0513990843,150
0513991883,524
0513992591,24200
0513992916,1577
0513993046,222
0513993356,648
0513993431,1166
0513993909,566
0513994181,1287
0513994416,1406
0513995676,1665
0513997054,2863
0513997828,411
0513998193,355
0513998588,571
0513998808,289
0514190103,56
0514190213,652
0514190903,890
0514191233,269
0514191333,343
0514191603,1050
0514191928,491
0514191993,940
0514192088,853
0514192546,1285
0514193581,644
0514193741,2328
0514194586,465
0514194641,244
0514195471,390
0514196479,432
0514198098,1924
0514198523,537
0514198598,1945
0514198648,260
0514390863,366
0514391008,2555
0514391308,1734
0514391513,1645
0514391918,605
0514391938,1555
0514392481,1517
0514392491,515
0514392606,3808
0514392621,2789
0514392696,9094
0514392716,99319
0514393126,2773
0514393191,3208
0514393336,1803
0514393716,664
0514394186,3965
0514394466,763
0514394636,2794
0514394646,2244
0514395016,825
0514395366,554
0514396342,4589
0514396364,9279
0514396494,301
0514396529,656
0514396634,794
0514397214,78601
0514397249,1564
0514397489,6425
0514398178,918
0514398253,230
0514398573,183
0514398593,4222
0514398653,1312
0514398728,651
0514398858,1147
0514398888,798
0514590623,6550
0514591238,6761
0514592018,3947
0514592401,4865
0514593166,24363
0514593266,6828
0514593361,5643
0514594596,3876
0514598108,15005
0514790143,1974
0514791888,1766
0514792306,2286
0514990783,169
0514990958,131
0514991533,763
0514991873,107
0514991943,53
0514992058,2637
0514992063,7866
0514992486,76
0514992736,1649
0514992996,93
0514993086,244
0514993156,91
0514993451,30
0514993751,117
0514994391,903
0514994866,1234
0514995046,75
0514995481,136
0514996353,531
0514996644,261
0514996684,611
0514996784,162
0514997359,381
0514998368,1641
0514998563,173
0600190020,77238
0600190200,139671
0600191070,341556
0600191260,389836
0600191660,237728
0600192230,463444
0600391890,1616
0600591410,15020
0600591430,7856
0600592470,10356
0600593300,8196
0600790230,3774
0600790470,111864
0600790750,5266
0600790970,3216
0600791180,11413
0600792300,39750
0600792330,8380
0600792380,24266
0600990060,12887
0600990105,9519
0600992740,23842
0601190430,12906
0601190770,8380
0601193610,698
0601390080,168442
0601390270,5612
0601390440,502549
0601390780,150883
0601393310,69012
0601393620,268514
0601590620,22630
0601591490,1024
0601593040,3453
0601792190,32101
0601792490,17728
0601793150,112512
0601793160,30321
0601990390,8986
0601990530,18336
0601991000,9363
0601991060,11535
0601991080,745372
0601991360,7224
0601991460,25146
0601991480,14257
0601991570,2995
0601991950,14891
0601992270,10438
0601992390,19455
0601992600,30636
0601992630,6559
0601992800,36930
0601992820,5802
0601992990,29970
0601993010,18830
0602192280,18460
0602193750,10034
0602390100,25135
0602390930,48871
0602390980,3123
0602391050,18867
0602391100,11005
0602392170,23100
0602393745,4440
0602590260,28099
0602590320,38664
0602590330,10576
0602590790,835
0602590860,63804
0602591310,7784
0602591380,18132
0602593630,10607
0602593760,1701
0602790250,13510
0602790650,876
0602791390,2471
0602791720,1882
0602990130,38454
0602990180,425708
0602990300,3096
0602990655,69615
0602990800,84449
0602991160,80542
0602991520,15235
0602992650,79457
0602993000,25901
0602993320,35773
0602993570,29728
0602993635,27117
0603190170,13657
0603190570,15278
0603191220,71607
0603191230,2934
0603191590,37924
0603193250,11898
0603390503,17212
0603390505,7164
0603390545,3030
0603391455,6355
0603391540,10014
0603391775,3178
0603391795,7074
0603391975,7940
0603393505,6185
0603590240,1148
0603591320,3640
0603591820,141
0603593280,22946
0603593710,2481
0603790015,58473
0603790560,335139
0603790730,403917
0603790810,918281
0603791400,363422
0603791730,562463
0603791750,2531859
0603792110,269203
0603792140,202598
0603792360,89857
0603792400,265377
0603792785,1811671
0603792920,91169
0603793090,220711
0603793100,139333
0603793155,462323
0603793200,309413
0603793380,142130
0603793510,316272
0603793730,315056
0603990480,23213
0603991830,98970
0603991840,10123
0603991850,645
0603992220,13161
0603993802,14828
0604190256,2393
0604192200,8349
0604192205,59522
0604192670,59224
0604192880,72208
0604193140,56273
0604390600,3020
0604391880,11407
0604393804,2655
0604590610,2347
0604591030,11847
0604591330,2152
0604591580,2891
0604591938,10254
0604592510,5715
0604592592,12400
0604593490,28177
0604593740,14461
0604790150,55169
0604790720,9314
0604791210,8323
0604791290,10495
0604791670,33294
0604791760,51875
0604791960,113484
0604792500,7361
0604793050,886
0604990010,472
0604990040,5887
0604992105,1145
0604993270,1096
0605191865,11716
0605192195,1432
0605390235,1741
0605390362,14142
0605390370,6129
0605390400,20506
0605391130,17445
0605391150,21489
0605391470,17032
0605392320,15566
0605392730,174916
0605392750,4951
0605392970,114704
0605393060,20622
0605393372,8370
0605590070,4540
0605590340,6568
0605591515,1343
0605592070,115630
0605592710,6788
0605790710,17554
0605791140,69843
0605792090,15084
0605990050,1683846
0605990420,260085
0605991413,298772
0605991977,231506
0605992150,371964
0605993015,2762
0605993110,316885
0606190160,46877
0606190548,21281
0606191020,6964
0606191550,9082
0606191605,113487
0606192645,94973
0606192660,126492
0606390460,3793
0606390975,31
0606391135,1258
0606391170,1873
0606392530,5439
0606392540,7029
0606590253,13283
0606590410,150241
0606590492,7684
0606590520,191809
0606590590,177188
0606590670,58946
0606590880,132464
0606591280,184866
0606591370,13792
0606591450,177644
0606591530,30272
0606592060,335072
0606592130,24080
0606592340,44821
0606592450,338990
0606592640,486201
0606592810,111247
0606790870,123177
0606791010,83916
0606791090,41575
0606791416,5293
0606792555,129897
0606792690,1202732
0606793030,7416
0606991300,59694
0606992760,848
0606992840,6748
0607190188,44831
0607190220,24940
0607191513,22222
0607192040,6904
0607192080,6890
0607192102,11299
0607192260,666086
0607192770,864638
0607192955,2093
0607193482,70968
0607193555,421553
0607193850,54680
0607390030,16300
0607390258,3445
0607390355,40415
0607390960,53526
0607391440,18397
0607391510,5640
0607392030,7809
0607392240,663765
0607392350,5645
0607392430,6942
0607392550,36175
0607392780,2405193
0607393540,25522
0607590195,37735
0607590734,118395
0607591964,154620
0607591976,79213
0607592605,122263
0607593067,64150
0607593267,115206
0607593625,138653
0607790900,13586
0607791630,5333
0607791690,12420
0607791700,92173
0607791870,128373
0607792620,18968
0607793240,369093
0607793340,14861
0607793400,142527
0607990120,80759
0607990140,46463
0607992160,36152
0607992410,52639
0607992860,65542
0608191215,28215
0608192870,400439
0608193170,313686
0608390378,17962
0608390630,964
0608391200,8928
0608391708,59537
0608392890,188737
0608392908,145062
0608393065,22511
0608590680,1328
0608591602,4289
0608591680,5146
0608592830,1765255
0608593175,118502
0608593660,7527
0608792850,22853
0608792900,157781
0608793265,2985
0608793590,77070
0608793665,4237
0608990450,11540
0608990820,6608
0608992568,158775
0608992700,1302
0608993210,3211
0609190830,2164
0609193680,582
0609390290,1770
0609390740,1887
0609390920,3189
0609391040,1617
0609391240,1531
0609391340,745
0609391800,1096
0609392010,4274
0609392050,7408
0609393450,1201
0609393600,7407
0609393810,11341
0609590700,23606
0609590950,156368
0609592610,11476
0609593520,110417
0609593530,150051
0609790510,13363
0609791270,42999
0609792460,130002
0609792682,21607
0609792940,210240
0609792980,27079
0609793070,39750
0609991350,14282
0609991980,332627
0609992120,14462
0609992210,32513
0609992420,31832
0609992720,19466
0609993460,88679
0609993580,16334
0609993650,3795
0610191650,10996
0610191970,1070
0610193180,2339
0610193290,2863
0610193820,79132
0610193825,2457
0610390580,13635
0610390840,3383
0610392560,43284
0610393690,4865
0610591250,3467
0610591860,985
0610592202,2708
0610593595,8700
0610790690,36523
0610790760,12202
0610790940,27072
0610791420,7403
0610791640,17400
0610792290,18042
0610792480,6690
0610792520,78510
0610793220,5717
0610793260,7010
0610793330,6208
0610793360,5996
0610793430,78838
0610793560,157695
0610793780,13387
0610990835,14265
0610991190,5438
0610993080,18640
0610993470,16155
0611190350,71702
0611190988,21124
0611191560,3704
0611191770,588
0611192020,37030
0611192245,28357
0611192310,236356
0611192930,33742
0611193020,131378
0611193350,156546
0611193422,2117
0611193550,114825
0611390500,1848
0611390640,79368
0611390850,55039
0611390910,6132
0611391500,4428
0611393770,9234
0611393790,64515
0611590855,5880
0611591610,23452
0611591900,13302
0611591908,6728
0611592250,27236
0611593720,4495
0611593830,3414
0800190399,125394
0800190760,29666
0800191159,11641
0800192622,52197
0800193800,311327
0800390076,15300
0800392584,1281
0800591178,50891
0800593382,403445
0800593458,205508
0800790114,1763
0800792812,12137
0800990475,185
0800992964,288
0800993477,2065
0800993762,890
0801192185,4693
0801192356,756
0801193388,100
0801390228,12352
0801390342,123288
0801392052,80963
0801392318,111094
0801393686,1264
0801490408,76304
0801590437,9321
0801593173,10857
0801790646,1291
0801792014,450
0801991463,2565
0801991843,6697
0802190095,1264
0802192071,3394
0802192375,2171
0802193825,701
0802390323,1684
0802393192,1923
0802592755,5045
0802593553,602
0802793819,5247
0802990532,8466
0802990988,13897
0802991786,5277
0802992831,3958
0803191007,718877
0803391064,2018
0803393078,414
0803590513,61549
0803592850,154809
0803593249,160792
0803790247,7162
0803791140,22817
0803792489,25156
0803990019,633
0803991190,25867
0803993325,1374
0804190304,104459
0804190627,11588
0804190741,405781
0804191197,82903
0804191387,91351
0804192565,23246
0804192907,3569
0804193420,20102
0804390494,31599
0804390836,4749
0804391311,8379
0804392888,4907
0804591520,27550
0804592603,12950
0804593097,14317
0804593832,7662
0804790570,5901
0804991577,12596
0804992033,3299
0805190893,4363
0805191672,11318
0805193211,670
0805193363,890
0805392109,1005
0805591444,360
0805592204,1822
0805593743,4790
0805793724,1372
0805990589,24340
0805991539,37521
0805992641,492124
0805993439,25392
0806191121,918
0806191691,61
0806193268,397
0806390456,4451
0806391273,1162
0806393534,1410
0806592223,6073
0806592242,1307
0806790266,9662
0806791083,34735
0806791102,5841
0806791862,6093
0806990285,18727
0806991235,11386
0806991330,181877
0806992299,4672
0806992337,117361
0806993610,33345
0807190038,836
0807190361,174
0807191976,232
0807192508,497
0807193648,11041
0807193838,1633
0807390133,461
0807391824,1256
0807391919,510
0807392261,3323
0807590931,545
0807591292,3552
0807592470,1103
0807592869,495
0807593515,15197
0807790665,29587
0807790703,2809
0807790950,882
0807791425,26396
0807791501,2406
0807791596,94060
0807793857,2461
0807990874,729
0808190855,12363
0808191017,635
0808192432,209
0808390817,16487
0808391045,4151
0808392394,3491
0808392945,508
0808393705,1775
0808592546,34142
0808592698,2573
0808592736,7092
0808790418,7918
0808791368,16941
0808793781,818
0808793876,3843
0808990608,1671
0808991406,1373
0808992090,8976
0808992413,825
0808993116,5386
0808993629,90
0809192793,5087
0809391254,15346
0809392128,2561
0809591710,1444
0809591767,3052
0809790171,9009
0809793344,7976
0809991558,937
0809991748,1160
0809992147,9520
0809993667,293
0810190209,2405
0810190722,4161
0810191805,729
0810192660,528
0810192983,117527
0810193002,35803
0810193154,8203
0810392451,3744
0810393040,2800
0810590969,4394
0810592527,5857
0810593230,1070
0810791729,3053
0810792717,3466
0810793496,18014
0810793933,551
0810990551,2881
0810990684,313
0810993135,3386
0811193306,724
0811392679,1169
0811393591,6704
0811393844,95
0811591900,1979
0811593450,325
0811790380,18197
0811793287,12820
0811990912,3409
0811991026,21416
0812190057,2734
0812190798,469
0812192774,1181
0812193905,447
0812390190,9499
0812391216,65814
0812391349,13034
0812391634,141540
0812391653,430
0812391881,43082
0812391938,19166
0812391957,5667
0812392166,5620
0812392926,5129
0812393059,509
0812393895,40906
0812591850,964
0812593914,3820
0812593952,5195
0911001080,3152
0911002060,18946
0911004300,20361
0911005910,21754
0911006260,4853
0911012270,10144
0911016400,5300
0911017800,12326
0911022070,5238
0911022630,50918
0911024800,11213
0911025360,16455
0911025990,41090
0911027600,27134
0911031240,35293
0911032640,11184
0911037070,121127
0911037910,9157
0911044700,59635
0911044910,25358
0911045820,6130
0911050440,74223
0911052140,30896
0911060120,17551
0911065370,20880
0911068940,25066
0911069220,10308
0911070550,43803
0911071390,26907
0911072090,11511
0911074540,15702
0911076290,14606
0911078250,30577
0911082590,63620
0911084900,27250
0911085950,5575
0911087000,29468
0911087070,12579
0912000000,0
0912008070,149153
0912023890,7670
0912026620,63416
0912048620,18949
0912074190,52790
0912077200,37281
0913000000,0
0913014300,3825
0913015350,13377
0913018080,14334
0913019130,4458
0913020810,7208
0913022280,8969
0913022490,12925
0913026270,6794
0913035230,8644
0913040710,6240
0913044210,2303
0913047080,4243
0913047360,47958
0913057040,7679
0913057320,10575
0913061800,9434
0913081680,6856
0914001220,19033
0914003250,6147
0914004930,3423
0914008490,61462
0914014160,29040
0914019550,12487
0914046940,7807
0914049950,31800
0914058300,12991
0914060750,11746
0914062290,9458
0914067610,16889
0914068170,41889
0914069640,20071
0914075730,7492
0914080070,114869
0914080490,22253
0914087560,16279
0914087910,9833
0915001430,4226
0915009190,8517
0915012130,5124
0915013810,2070
0915021860,1679
0915036000,1647
0915040500,17867
0915059980,15141
0915061030,4317
0915062710,9292
0915067400,1599
0915073420,3629
0915075870,9337
0915077830,944
0915078600,2604
0915088190,8319
0916002760,3678
0916010100,9680
0916010940,1175
0916016050,1494
0916017240,1425
0916032290,3196
0916037140,1840
0916037280,5575
0916040290,3056
0916043370,8260
0916049460,2164
0916051350,6675
0916053470,1723
0916054030,3221
0916065930,2185
0916066420,4224
0916067960,2723
0916076570,35547
0916079510,1415
0916079720,3676
0916086440,10284
0917000000,0
0917004580,5288
0917007310,28217
0917022910,27806
0917034950,22108
0917035650,61045
0917044560,17616
0917046520,60545
0917047535,52684
0917052070,134349
0917053890,13503
0917054870,24336
0917057600,14315
0917078740,44362
0917082870,55351
0917087700,9073
0918000000,0
0918006820,2293
0918015910,15648
0918023400,18721
0918029910,2004
0918033900,11530
0918034250,38130
0918042390,7116
0918042600,15433
0918043230,4211
0918048900,17950
0918052350,27625
0918055500,5160
0918056270,39973
0918062150,4821
0918066210,4282
0918071670,2962
0918073770,18478
0918080280,19673
0918086790,23961
0919000000,0
0919004720,20796
0919008210,1658
0919008980,17706
0919018500,87263
0919018850,21936
0919033620,63856
0919050580,20870
0919050860,13584
0919052630,28334
0919052980,27593
0919056060,92187
0919063480,8780
0919063970,25109
0919068310,3554
0919073070,137144
0919083430,10396
0919083500,27528
0919086370,18777
1000190444,31926
1000190740,81959
1000190888,7983
1000191332,13619
1000191480,7465
1000192220,13431
1000193700,31221
1000390148,81928
1000391110,42967
1000391924,37021
1000392072,73058
1000392738,68516
1000392812,91875
1000392960,30514
1000393108,42854
1000393256,9868
1000393848,27633
1000393996,71727
1000590296,13500
1000591036,16594
1000591628,26843
1000591776,43165
1000592368,25703
1000592516,35522
1000592664,23885
1000593404,28196
1000593552,42218
1100150000,681294
1200191248,199444
1200191469,5326
1200191495,43216
1200192184,2995
1200192314,26594
1200193536,7917
1200392009,16505
1200393068,11925
1200591989,25694
1200592145,1546
1200592626,87352
1200592639,48408
1200593172,12903
1200593744,10490
1200790312,957
1200791430,6712
1200791898,5924
1200793237,14292
1200990611,24159
1200990624,132094
1200991573,47598
1200992028,18275
1200992106,139325
1200992119,7017
1200992132,46372
1200992587,129019
1200993224,20
1200993419,72299
1200993588,16602
1201190637,3
1201190644,242415
1201190754,224703
1201190806,210470
1201191098,316048
1201191417,55382
1201191508,197734
1201192236,316175
1201192756,298998
1201192782,115201
1201390026,2273
1201390169,7529
1201393592,3690
1201591352,47761
1201592834,105029
1201592899,48274
1201790715,82014
1201791625,80458
1201991300,19007
1201991742,19995
1201992197,73283
1201992509,96004
1201992678,19295
1202191027,24822
1202191560,78424
1202192048,16309
1202192301,278736
1202391183,16193
1202391820,53846
1202392366,1750
1202790065,23394
1202790078,11992
1202990689,12815
1202990702,4243
1203190110,9791
1203191640,58884
1203191642,511227
1203191644,98907
1203191646,344344
1203390390,63534
1203390507,9796
1203392457,5314
1203392691,247279
1203590338,87944
1203591092,38584
1203790039,4925
1203790429,3810
1203790936,3818
1203990520,4575
1203991313,3035
1203991456,15333
1203992912,20767
1204190130,6354
1204193432,12686
1204392379,3284
1204393185,9279
1204592863,7630
1204593640,7501
1204791651,6350
1204791677,5102
1204793653,2164
1204990247,4376
1204993549,14012
1204993783,7287
1205190598,19303
1205191781,23079
1205390325,36937
1205391475,13554
1205392964,8655
1205393230,147872
1205590091,35344
1205591846,25742
1205593120,44616
1205790286,193921
1205791735,149058
1205792614,59738
1205792769,91637
1205793003,98440
1205793367,730989
1205793693,198965
1205990221,10594
1205991001,3762
1205993596,5157
1206191066,23933
1206193510,143003
1206390013,3721
1206390377,1183
1206390650,3736
1206390728,4756
1206391287,6770
1206391339,4909
1206392041,3348
1206392067,13778
1206393133,6049
1206592249,10588
1206593523,4503
1206790767,2865
1206792093,5296
1206990585,126245
1206991014,37906
1206991235,33713
1206991365,43804
1206991541,20879
1206991911,31180
1206991924,29229
1206992262,32959
1206993393,28520
1206993445,28489
1207190195,391
1207190234,126758
1207190403,230572
1207190988,7406
1207191131,172466
1207191144,17709
1207191937,204683
1207192392,42753
1207192743,8401
1207193094,6527
1207390878,39074
1207392384,55075
1207392463,24278
1207393152,17844
1207393190,11517
1207393295,52894
1207393302,22254
1207393315,16095
1207393328,26004
1207393335,16287
1207393354,16220
1207590468,6809
1207590533,12532
1207593679,26050
1207790884,2367
1207793601,5320
1207991326,3423
1207992015,14666
1208190273,266591
1208192290,83427
1208192600,35919
1208192652,43855
1208390156,136469
1208390871,14485
1208390897,18649
1208391053,35342
1208391105,18573
1208392483,163909
1208392951,12651
1208591586,21414
1208592873,66063
1208593250,74699
1208691040,5483
1208691482,351310
1208691534,136088
1208691705,378183
1208691714,163275
1208691729,14791
1208692158,1009679
1208692171,128875
1208692175,110171
1208692470,161097
1208692886,197523
1208693211,81881
1208790416,29
1208791755,34625
1208791976,11569
1208792210,11322
1208793471,24315
1208990364,29613
1208991079,22804
1208993757,45442
1209190104,9560
1209190676,60032
1209190962,6244
1209191170,100030
1209191885,1880
1209192353,38853
1209392405,8969
1209392496,31847
1209590052,116128
1209590910,63775
1209592522,659112
1209593198,261314
1209593458,262118
1209593705,109490
1209791768,224069
1209793029,190982
1209793146,12364
1209990143,32813
1209990208,148016
1209990260,344538
1209991274,458
1209991690,94599
1209991872,242792
1209992977,112008
1209992990,123425
1209993276,228609
1209993594,31391
1209993614,175157
1210190481,187558
1210190741,18492
1210191794,5729
1210192327,217272
1210192860,118859
1210193770,63534
1210390182,67637
1210390572,333804
1210393036,15298
1210393042,405698
1210393380,141044
1210590117,72593
1210591209,11726
1210591404,218250
1210591833,288989
1210591859,48349
1210593718,150787
1210790663,16951
1210790923,8493
1210791612,26287
1210792574,23433
1210991222,69496
1210991443,13786
1210992080,21923
1210992795,33550
1210993016,168179
1211191157,93323
1211191547,8209
1211192866,250251
1211193620,8717
1211390020,3043
1211390085,9071
1211390097,6335
1211390162,1858
1211390903,15214
1211390964,0
1211391376,6660
1211391436,646
1211391500,42325
1211391664,4023
1211392218,30364
1211392223,12028
1211392269,1837
1211392309,1558
1211392561,42501
1211393127,20981
1211393659,28
1211590975,16685
1211591599,15838
1211591963,4789
1211592431,79765
1211592542,23574
1211593107,232667
1211593484,86229
1211790455,222800
1211792548,105292
1211793081,153378
1211990344,32239
1211993666,111169
1212190299,7140
1212190858,9401
1212191950,18332
1212192002,10469
1212392704,14719
1212392717,6784
1212591807,6969
1212592925,3815
1212593731,4917
1212790494,52556
1212790780,48943
1212790793,48202
1212790832,79983
1212790845,107759
1212792340,63168
1212792418,25302
1212792535,62066
1212792730,8487
1212792847,70481
1212793159,12675
1212990949,29808
1212993627,5579
1213190819,16888
1213191196,16588
1213192665,11576
1213192938,2131
1213193542,35765
1213390442,3234
1213390546,7993
1213393497,14302
1300190078,3219
1300190240,9806
1300190273,3753
1300192905,1715
1300390180,1797
1300392334,4710
1300393378,1830
1300590072,8653
1300592562,2456
1300792010,990
1300792160,1800
1300990786,8104
1300990992,5243
1300992015,30295
1301190198,5132
1301191524,5385
1301191956,4868
1301192803,3879
1301390162,22689
1301390264,20870
1301392850,13556
1301393390,32771
1301590024,10799
1301590570,58095
1301591080,13443
1301591104,9707
1301591656,8525
1301593360,12544
1301791176,15423
1301792433,1666
1301990054,1365
1301991092,3278
1301992130,10529
1301992442,3180
1302191794,22262
1302191891,20895
1302191892,100058
1302192634,13363
1302390708,10935
1302392198,1495
1302591500,4574
1302592124,6432
1302593306,7309
1302790222,585
1302790234,1457
1302790948,1490
1302791086,1101
1302792088,4682
1302792436,6978
1302991236,0
1302992346,10857
1302992514,37406
1303190426,13337
1303192142,7237
1303192400,3797
1303192472,2766
1303192844,55546
1303391296,688
1303391362,5369
1303391644,3092
1303391992,1195
1303392694,1745
1303393198,760
1303393300,11621
1303591182,3294
1303591572,9180
1303591602,2765
1303592822,5721
1303593438,5536
1303790120,1084
1303791038,1694
1303791710,511
1303792076,2209
1303991650,13504
1303992652,35279
1303993408,8187
1304390060,1415
1304391986,7340
1304392430,2288
1304590342,9412
1304590552,60390
1304592112,7711
1304592592,4227
1304592976,15519
1304593216,22987
1304593372,4323
1304790360,13820
1304790582,7411
1304791230,20295
1304792526,27108
1304991194,8620
1304992646,4198
1305192058,21262
1305192393,66422
1305192406,34830
1305192712,152798
1305193127,25567
1305390834,1755
1305391212,7132
1305591788,2386
1305591860,2591
1305591980,2600
1305592892,10823
1305593090,6636
1305790204,12632
1305790540,48138
1305791512,68718
1305791692,23417
1305793234,9872
1305793426,118255
1305990138,96062
1305990318,17042
1305993402,16505
1306190312,781
1306191218,2069
1306390726,13075
1306391200,101802
1306391620,99213
1306392538,84834
1306591158,1372
1306591530,5387
1306790018,201032
1306790174,36694
1306791140,28670
1306791866,62598
1306791926,127280
1306792202,168128
1306792418,47548
1306792784,59639
1306793222,43619
1306990084,5523
1306990438,3066
1306990972,25701
1306992166,5875
1306993324,3182
1307190258,3469
1307190960,2635
1307191254,5874
1307192100,28129
1307192184,6117
1307390102,17445
1307391110,102962
1307391383,42027
1307590030,15463
1307591722,2069
1307791344,5312
1307792070,6226
1307792154,117203
1307792724,24111
1307992544,3231
1307993480,8994
1308190108,1232
1308190792,18558
1308391809,3893
1308392682,4181
1308393084,8091
1308590284,19473
1308590906,10769
1308790156,2372
1308790192,19391
1308790390,2703
1308790702,1700
1308791122,1581
1308792104,1448
1308990150,382707
1308990612,154500
1308991770,117221
1308992868,45613
1308993096,65310
1309190630,1765
1309190648,3130
1309191014,13036
1309192496,1874
1309390480,1623
1309393144,4923
1309393204,4438
1309590996,28957
1309593312,54134
1309790276,43546
1309790974,81122
1309791146,9647
1309793396,13573
1309990294,7897
1309990870,906
1309991584,1800
1310191008,1604
1310193318,2105
1310391386,21093
1310392520,44670
1310392748,3380
1310590354,3552
1310590719,2768
1310591044,13529
1310790036,1507
1310792238,1152
1310792886,1829
1310792916,13647
1310793120,4891
1310990678,7922
1310992204,2835
1311190306,6979
1311191464,2677
1311191872,7412
1311192034,4421
1311192082,4253
1311390432,10308
1311391164,46955
1311392331,64981
1311590126,11161
1311590588,4272
1311592586,79726
1311592736,4534
1311790270,85238
1311790642,20243
1311790828,127779
1311792772,34027
1311990546,6804
1311991698,8169
1311992616,5197
1311992688,4064
1312190144,632554
1312190732,11668
1312191020,37944
1312191128,101657
1312192298,9036
1312192604,283702
1312390567,10674
1312391074,6686
1312392206,6105
1312392517,4602
1312392805,4359
1312591284,1863
1312592040,1069
1312790444,34126
1312791116,22130
1312791599,769
1312792658,17808
1312792994,10614
1312990504,38674
1312991134,7808
1312992460,5272
1312992880,7346
1313190498,18875
1313190510,1972
1313192216,777
1313192804,574
1313192832,1530
1313193354,2380
1313391356,13505
1313391374,921
1313392766,876
1313393156,2339
1313393366,1671
1313393432,797
1313590469,61971
1313590846,130198
1313591704,257459
1313591740,136855
1313592178,85589
1313592790,190089
1313592910,117703
1313790672,15039
1313790798,28864
1313793102,3890
1313990690,14843
1313991188,48921
1313991260,101403
1313991836,9144
1313992118,18191
1313992250,20203
1314190930,1898
1314191758,541
1314191944,874
1314192826,5337
1314390372,15501
1314390450,8013
1314392958,7771
1314591398,10734
1314592370,5377
1314592760,3424
1314593288,16551
1314790348,3868
1314791428,13454
1314792466,6150
1314792622,3467
1314990606,3918
1314991248,4300
1314992988,3555
1315191404,24388
1315191800,38937
1315191878,124904
1315192862,61731
1315391056,4246
1315392352,36477
1315393252,128926
1315591518,807
1315591560,2933
1315592262,5545
1315790762,12033
1315791596,31571
1315791962,5446
1315792172,5281
1315793330,30426
1315991098,3959
1315991476,1168
1315992064,7753
1315992730,3049
1316190924,1839
1316191440,13085
1316391812,5073
1316392838,2526
1316393228,2943
1316393444,4799
1316592019,6384
1316592806,2327
1316790042,1341
1316791662,1184
1316793332,1607
1316793450,5058
1316991351,25312
1316992610,3361
1317190216,11957
1317192028,7614
1317391010,2326
1317391680,7895
1317590378,3783
1317590492,1528
1317590594,1351
1317590936,3288
1317590978,25873
1317590984,2088
1317591002,7650
1317592484,4237
1317791716,26028
1317792358,6134
1317792778,1464
1317991488,55146
1317991998,10294
1317992502,1957
1318191752,3836
1318192807,4018
1318391818,12073
1318391824,6301
1318590228,16378
1318591392,19248
1318591686,8434
1318592136,3437
1318593168,72468
1318790852,19985
1318793024,14520
1318990912,4663
1318993018,17055
1319190882,7675
1319193078,3637
1319391542,1547
1319391932,1600
1319392052,4524
1319392274,4193
1319590402,2107
1319590714,13751
1319590756,5385
1319590876,4637
1319591548,5648
1319790462,3153
1319792207,4356
1319991266,3309
1319991368,3517
1319991854,4422
1319991908,5007
1319993246,3174
1319993414,1500
1320190246,830
1320190744,2632
1320191950,2388
1320590186,3436
1320590366,830
1320590522,9248
1320592340,6403
1320592664,1141
1320790822,12079
1320791206,17585
1320992106,4567
1320992964,1841
1320993162,2232
1321190336,2994
1321190456,3265
1321191314,2138
1321191902,8439
1321192640,4242
1321390576,5664
1321390618,20697
1321390666,3573
1321390810,10628
1321590751,56162
1321590752,72552
1321590753,65244
1321591213,9753
1321790804,94711
1321791920,12607
1321792810,10834
1321990324,14466
1321991050,3081
1321993282,26004
1322190814,11620
1322191938,1747
1322193186,2142
1322390858,47048
1322391494,59256
1322392210,55748
1322393462,16857
1322590486,13693
1322591242,14867
1322791590,12411
1322791830,4495
1322792139,13415
1322792952,4630
1322990282,15463
1322990396,1667
1322992322,3072
1323190768,3907
1323191968,3995
1323193384,3961
1323193474,8040
1323390114,6260
1323390600,25573
1323392568,11952
1323591170,1224
1323591422,2592
1323591434,6123
1323791032,8565
1323791782,4758
1323792364,9532
1323991272,1058
1323991278,1206
1324190684,6434
1324192103,5276
1324193042,5602
1324390252,239
1324390840,4625
1324392754,1332
1324590168,136962
1324591224,7033
1324591338,39613
1324591452,22461
1324790774,57612
1324792214,9707
1324792820,27962
1324991062,2511
1324991068,2002
1325191482,1278
1325192022,384
1325192148,2902
1325192580,1868
1325192934,7698
1325390966,6378
1325392856,2778
1325590942,617
1325591380,37555
1325592292,5792
1325592613,7041
1325592901,5622
1325593071,8830
1325593180,3435
1325791934,6469
1325792556,5027
1325793054,15516
1325991848,1614
1325992280,1184
1325992508,2071
1326190090,22935
1326190096,1476
1326191728,2292
1326192388,2358
1326391626,1531
1326392946,1718
1326393420,2493
1326590816,1051
1326592742,507
1326790738,3437
1326791302,11402
1326792478,9369
1326990474,3577
1326990557,874
1326992490,2292
1326992628,1043
1327191578,545
1327191842,1774
1327191896,7476
1327192004,2036
1327390414,582
1327390900,6272
1327392316,710
1327392700,1286
1327590330,2464
1327590780,3494
1327591974,1220
1327592256,4339
1327592328,2856
1327593012,31404
1327790420,5035
1327790660,2194
1327791052,3440
1327792286,2111
1327793036,26102
1327793138,2556
1327990591,2460
1327993192,24642
1328191458,4377
1328191884,3826
1328193468,4710
1328391290,1339
1328392802,5037
1328590012,2565
1328591470,3394
1328591506,6068
1328591674,50075
1328592232,2834
1328593342,5394
1328790134,8074
1328792454,865
1328992215,4448
1328992821,3355
1329190288,15153
1329191566,10612
1329192874,539
1329392671,1579
1329392902,3578
1329393000,2951
1329393006,19921
1329590624,10662
1329590654,15538
1329591638,2808
1329591668,17774
1329591810,2917
1329592574,7085
1329592598,10037
1329593210,1941
1329790528,10246
1329791320,6397
1329791608,18119
1329791806,36626
1329792046,23139
1329792796,8786
1329990954,1740
1329991914,892
1329993240,7505
1329993294,25839
1330190516,855
1330192190,602
1330192226,983
1330192304,97
1330193258,2633
1330390894,3790
1330390918,1020
1330391416,1528
1330392676,9257
1330392982,3683
1330393264,571
1330591614,23283
1330592268,3969
1330592718,3697
1330792424,1017
1330793336,1364
1330990048,4918
1330991308,2417
1331190696,17818
1331191446,2959
1331192094,8033
1331390864,73857
1331392220,13187
1331393350,16554
1331590006,3902
1331592376,1315
1331592382,1198
1331592550,2383
1331792448,1884
1331793048,1742
1331793275,5923
1331990066,943
1331991332,4325
1331991554,2833
1331993066,646
1332190384,1981
1332192412,4848
1332192940,10737
1332193270,2885
1500190630,52491
1500190720,3683
1500191170,8679
1500191350,39951
1500192430,1597
1500192520,7153
1500192610,45105
1500192700,2328
1500192790,10923
1500192880,5295
1500193150,18751
1500193240,9813
1500390270,355654
1500390810,401477
1500391710,19328
1500391800,121318
1500393420,41230
1500393510,12521
1500393600,49618
1500590990,67
1500790180,8576
1500790540,8226
1500791080,8172
1500791260,3954
1500791440,5649
1500791620,7090
1500792160,6549
1500792340,0
1500792970,10977
1500793780,14538
1500990090,5609
1500990360,10898
1500990450,1296
1500990900,28288
1500991530,24278
1500991890,13688
1500991980,20952
1500992070,3443
1500992250,21065
1500993060,0
1500993330,282
1500993690,8362
1500993870,23309
1500993960,3052
1600190345,401371
1600190368,11557
1600190805,55090
1600191863,31322
1600192668,19595
1600390667,2968
1600392484,1776
1600591058,1759
1600591702,4219
1600592852,77672
1600593289,5804
1600791219,1182
1600792208,3595
1600792691,1873
1600992829,2093
1600993151,6891
1600993450,1158
1601190023,3788
1601190069,515
1601190207,2050
1601190276,16108
1601191012,3664
1601191081,2601
1601192254,10889
1601193220,10049
1601390529,1600
1601391380,15749
1601391817,7602
1601591173,2299
1601591541,1925
1601591633,4049
1601790299,18942
1601790598,2956
1601792944,5978
1601793197,23173
1601991656,118988
1601991679,2005
1601993404,1377
1601993588,7153
1602190391,7596
1602192323,3382
1602193285,2194
1602390138,2298
1602391564,386
1602590828,326
1602593749,798
1602790483,42924
1602791610,5378
1602792093,2397
1602792116,22042
1602792438,163444
1602792622,3898
1602792714,5133
1602793841,5574
1602990253,690
1602991104,0
1602991288,2510
1602993266,3851
1602993657,111
1603190046,3553
1603190460,15984
1603190759,3401
1603192645,2545
1603390851,24
1603393772,825
1603590920,292
1603592530,5854
1603592806,1861
1603593680,1005
1603790575,2108
1603792024,1716
1603793335,646
1603990184,390
1603991242,2515
1603992300,26416
1604190713,3635
1604192185,969
1604192921,10452
1604390161,2315
1604391725,1156
1604393128,8998
1604393496,1474
1604393910,0
1604590943,4230
1604590966,14739
1604593427,1645
1604790322,703
1604791265,7287
1604791357,1978
1604793726,5963
1604990644,2608
1604990897,2142
1604991334,6647
1604992553,4921
1604993013,1114
1605191978,4586
1605192335,2372
1605192990,21708
1605193036,3007
1605193059,1481
1605390874,3237
1605391587,181
1605391748,21755
1605590621,88929
1605591426,3111
1605592875,68715
1605593312,18678
1605593887,2563
1605790736,1839
1605791196,1856
1605792277,29342
1605792898,4339
1605793542,3673
1605991035,57
1605991886,607
1605992737,548
1605993174,7037
1606190690,739
1606191771,1535
1606192576,724
1606193300,29
1606193864,655
1606392967,1230
1606393243,4128
1606590863,320
1606592956,46380
1606593381,7918
1606791449,6518
1606792162,1460
1606792760,3623
1606793105,10607
1606991909,493
1606991955,37594
1606992599,4610
1607191472,280
1607192047,4488
1607390414,402
1607390793,191
1607391311,1435
1607391518,4803
1607392070,3509
1607392369,2163
1607591150,10286
1607592507,5466
1607592783,11019
1607790092,6483
1607790115,386
1607791127,650
1607793082,614
1607990230,335
1607991794,7845
1607992346,918
1607992392,414
1607992679,4273
1608190782,4311
1608193473,1885
1608193611,6229
1608390437,10446
1608390989,6602
1608391495,2231
1608391840,10338
1608392415,1306
1608393565,62307
1608393818,504
1608590552,3194
1608592001,8893
1608593358,302
1608790506,982
1608792139,1108
1608793703,9052
1700105742,238
1700110019,627
1700110890,1801
1700114780,752
1700115859,852
1700116015,432
1700123412,2755
1700125258,153
1700129288,988
1700135957,757
1700136295,173
1700139220,537
1700143146,1251
1700143458,593
1700145746,110
1700148203,5560
1700148320,1675
1700153624,1063
1700158278,1928
1700162380,39109
1700163550,316
1700164408,2060
1700177057,1024
1700390576,83
1700390612,1682
1700391980,631
1700392304,499
1700393114,141
1700393402,996
1700393420,843
1700509694,1928
1700512112,8081
1700540741,853
1700549321,407
1700551297,1459
1700555730,961
1700560586,813
1700569641,1494
1700574418,720
1700705105,29286
1700707302,4363
1700707328,2108
1700710435,7239
1700726441,2988
1700742951,390
1700746318,697
1700761158,5150
1700771578,1009
1700909291,188
1700916262,184
1700923308,213
1700942561,312
1700949685,324
1700951167,4157
1700958330,13
1700964187,110
1700977733,821
1701102076,894
1701105430,761
1701109668,344
1701114598,253
1701116028,1517
1701120539,394
1701124790,120
1701130146,180
1701131602,524
1701132265,8267
1701137413,509
1701141807,1027
1701142665,307
1701145928,130
1701146435,655
1701149438,143
1701149529,428
1701152012,691
1701155392,895
1701161912,9106
1701168562,2082
1701178539,1408
1701180268,901
1701181009,37
1701183635,1293
1701390360,381
1701390630,2
1701390900,349
1701391350,123
1701391584,358
1701391602,1169
1701392502,899
1701392988,1049
1701512996,1565
1701523321,71
1701524881,860
1701527832,672
1701550894,1927
1701564892,1891
1701567210,333
1701567834,3388
1701579020,341
1701583076,338
1701583700,1427
1701583908,2763
1701701959,645
1701702518,1005
1701704364,6617
1701706938,730
1701712463,546
1701732148,477
1701752662,99
1701757550,217
1701759481,120
1701767600,496
1701778214,1832
1701903246,346
1701908914,1578
1701912398,11364
1701912411,89996
1701915482,161
1701915976,1347
1701916080,445
1701917588,347
1701918121,39341
1701921566,729
1701933422,655
1701934189,708
1701939688,177
1701945187,4156
1701946149,14282
1701952376,1469
1701955288,1642
1701959286,843
1701959546,2476
1701962796,10485
1701962952,209
1701966547,794
1701966963,5536
1701968289,1238
1701969888,1394
1701970382,892
1701970863,1738
1701972273,571
1701975627,6295
1701977018,7527
1702102622,1401
1702104325,464
1702109239,1886
1702131641,175
1702138492,790
1702139948,240
1702144251,3133
1702147631,2126
1702150686,266
1702150842,773
1702157485,5916
1702161730,459
1702163797,1177
1702165598,143
1702170798,2439
1702172962,752
1702174587,11398
1702301465,414
1702302908,469
1702311631,3451
1702318680,316
1702320279,223
1702320461,170
1702338505,302
1702347176,4510
1702347267,1556
1702348229,359
1702356302,278
1702357667,370
1702378279,1855
1702380294,563
1702383934,430
1702505807,131
1702506392,714
1702514728,1050
1702533266,6035
1702536087,488
1702542158,501
1702544940,1917
1702556835,573
1702560261,303
1702570486,131
1702572247,491
1702583752,718
1702707926,5539
1702708732,4413
1702711241,3798
1702714884,458
1702721748,352
1702729054,2322
1702737673,785
1702740871,804
1702744667,6441
1702748476,471
1702767171,1524
1702767652,1371
1702773365,6689
1702778344,1601
1702780996,386
1702902570,1255
1702912580,19509
1702922138,1175
1702936555,1035
1702936880,925
1702940637,4684
1702947566,14496
1702950400,325
1702954014,1284
1702957615,925
1702960469,921
1702968718,243
1703100000,0
1703103831,16233
1703105586,55595
1703106561,83966
1703107939,104594
1703110474,18086
1703114000,2711226
1703114364,82797
1703123243,93245
1703124582,76340
1703132694,97865
1703142808,22564
1703143120,90973
1703145447,112613
1703146162,137069
1703152909,56161
1703153013,109647
1703153676,89674
1703154430,26755
1703154898,53292
1703156614,96492
1703157238,111737
1703157355,55552
1703162133,147690
1703163498,74330
1703164317,11992
1703164434,16242
1703168016,131761
1703172689,40507
1703175198,153682
1703181100,153991
1703183531,149419
1703335970,1459
1703336854,1171
1703341833,2010
1703343315,319
1703347202,410
1703350205,654
1703355119,2739
1703361470,424
1703364720,9218
1703371344,107
1703516587,697
1703517640,579
1703531537,2445
1703551993,2750
1703572143,1255
1703573729,1806
1703576641,222
1703582959,580
1703700386,938
1703714988,2149
1703716483,11312
1703719174,42778
1703727650,2286
1703728911,5606
1703740078,3464
1703746292,1741
1703747696,851
1703748983,286
1703758200,198
1703759676,554
1703767561,7529
1703768835,1082
1703770473,1827
1703770837,352
1703772182,2716
1703774236,14846
1703777798,188
1703903714,323
1703915014,7260
1703917302,270
1703919785,375
1703933058,290
1703953117,555
1703966469,127
1703967639,2246
1703974769,1298
1703976342,815
1703978786,1091
1703979462,596
1703982140,127
1704101894,3263
1704107458,4100
1704107497,656
1704110604,3498
1704128755,1012
1704151427,303
1704152636,1107
1704167730,355
1704176420,5457
1704300250,87658
1704306600,111175
1704314000,0
1704320604,149038
1704343952,118895
1704349451,119372
1704351635,105406
1704379410,63881
1704382413,46932
1704383947,127667
1704508901,160
1704509213,205
1704522502,558
1704522912,520
1704523958,458
1704530822,373
1704536685,350
1704538999,1150
1704557641,9022
1704561483,158
1704565923,1437
1704569498,47
1704573092,493
1704574288,849
1704584064,755
1704790039,1145
1704790041,790
1704790044,644
1704790486,438
1704790540,331
1704790954,374
1704791152,72
1704791296,878
1704793081,436
1704793084,610
1704793153,187
1704793156,170
1704903558,505
1704906145,1899
1704920474,12629
1704938063,1168
1704943159,631
1704945161,370
1704947462,1677
1704949763,305
1704950725,3532
1704966807,1153
1704973651,3743
1704974756,2751
1704976654,598
1704979254,3185
1704979891,376
1705103155,1888
1705104377,602
1705107562,168
1705111501,105
1705136802,162
1705139116,315
1705140533,788
1705144459,600
1705144901,947
1705156913,1306
1705161106,149
1705162640,2072
1705168549,420
1705168601,636
1705168926,753
1705169017,3006
1705170876,261
1705177330,6275
1705181022,405
1705181568,457
1705307978,844
1705310214,139
1705320110,588
1705320799,3972
1705345252,600
1705349919,406
1705358122,5173
1705358317,585
1705358512,130
1705365273,302
1705373521,405
1705378474,262
1705503818,311
1705505313,8623
1705508940,2145
1705511813,1549
1705519421,4682
1705521735,600
1705524686,2020
1705527611,6340
1705530406,2604
1705553637,317
1705570070,3496
1705576576,4636
1705702648,1158
1705703584,512
1705705469,197
1705709265,1312
1705711020,13993
1705711696,400
1705718979,189
1705723542,104
1705725076,548
1705725427,298
1705725544,3148
1705733110,355
1705737842,150
1705738713,733
1705739714,41
1705742574,147
1705743068,2608
1705744134,434
1705756588,1159
1705760430,970
1705762276,1774
1705776667,837
1705777655,913
1705779137,160
1705783089,229
1705784077,651
1705902427,375
1705907536,89
1705921449,132
1705924361,845
1705930302,1230
1705952519,465
1705953702,337
1705956016,369
1705964031,795
1705969069,182
1706102700,93
1706106860,541
1706111475,2828
1706138882,509
1706143809,505
1706158096,359
1706164824,1571
1706165494,1777
1706166235,466
1706178461,86
1706181269,2450
1706183401,293
1706183583,205
1706303090,15630
1706307653,6529
1706324400,2626
1706325778,4469
1706328677,1511
1706330432,234
1706330549,1170
1706331381,789
1706334657,285
1706346175,201
1706347800,1663
1706350504,7239
1706352038,805
1706353286,243
1706367678,6483
1706377850,600
1706379345,2742
1706504481,148
1706517627,358
1706517809,427
1706518316,1390
1706526324,266
1706540299,530
1706545837,3644
1706547657,557
1706570655,101
1706570785,112
1706571305,82
1706576472,301
1706701621,370
1706702999,828
1706704338,258
1706711540,2922
1706714104,628
1706718433,855
1706721306,228
1706727325,161
1706732629,118
1706732993,243
1706740845,1607
1706750140,3284
1706751804,962
1706759845,178
1706761093,258
1706761496,382
1706764876,195
1706765240,199
1706766612,360
1706767054,646
1706770499,438
1706778422,274
1706778955,1518
1706783713,369
1706990666,758
1706991998,704
1706992170,469
1706992995,286
1706993050,961
1706993276,427
1707103415,71
1707105911,494
1707111280,483
1707129444,732
1707144394,740
1707148086,290
1707156250,1659
1707162861,152
1707166222,311
1707173274,1087
1707174730,174
1707300503,121
1707301504,606
1707301582,1084
1707302739,1070
1707309824,230
1707310656,2255
1707315040,818
1707315677,6633
1707316444,239
1707322476,563
1707328443,2669
1707328859,7520
1707332642,2872
1707339740,9622
1707344732,280
1707345304,917
1707351388,339
1707356809,386
1707357108,1213
1707359462,1780
1707379722,290
1707380190,2887
1707380983,3746
1707384012,503
1707502401,746
1707502453,615
1707502492,1438
1707504455,448
1707504520,408
1707505014,2235
1707512814,2811
1707516041,370
1707517367,482
1707518511,846
1707520487,1933
1707527286,213
1707537725,465
1707544277,1525
1707544979,517
1707547293,939
1707548814,3645
1707549061,1494
1707549074,224
1707556094,1591
1707557589,307
1707559767,1221
1707561665,119
1707563901,455
1707569225,1285
1707572773,117
1707707731,1941
1707711170,24933
1707719148,175
1707719629,2615
1707723217,1444
1707727260,131
1707730783,628
1707740104,434
1707742990,553
1707746227,4031
1707751466,9415
1707756276,387
1707760963,723
1707767522,924
1707770408,3960
1707777538,770
1707917653,736
1707927390,356
1707930887,349
1707931888,531
1707936659,214
1707954001,667
1707966803,669
1707970200,415
1707971084,316
1707978357,4343
1707982023,584
1708103428,805
1708106496,546
1708111670,907
1708120227,2700
1708123334,569
1708125648,783
1708125986,1730
1708130731,988
1708145512,1047
1708150348,380
1708151193,12335
1708158564,1454
1708165377,1576
1708169511,6520
1708172039,2574
1708179514,1636
1708323789,2799
1708324231,521
1708325973,705
1708338401,9924
1708349672,1667
1708356952,802
1708359598,3085
1708362354,1062
1708363745,413
1708365689,142
1708366482,154
1708501686,323
1708505495,19
1708516639,162
1708519551,208
1708521202,3527
1708521813,1153
1708523178,900
1708531979,1886
1708532720,1106
1708548372,767
1708553208,416
1708560664,261
1708562926,595
1708563472,518
1708566326,328
1708567938,672
1708572793,2287
1708575146,999
1708578084,239
1708578799,308
1708578864,1551
1708580359,3194
1708582907,432
1708790346,262
1708790450,859
1708790558,406
1708790594,716
1708791188,974
1708791440,1635
1708791458,471
1708791512,2058
1708791530,259
1708791840,725
1708791842,357
1708792340,369
1708793168,819
1708793456,727
1708793528,942
1708793546,1047
1708793552,750
1708903025,126432
1708904091,35551
1708905989,2110
1708906262,17484
1708909772,1656
1708910903,17093
1708921046,64400
1708923087,104350
1708928885,26345
1708932538,9260
1708938908,1120
1708960365,9200
1708966430,27636
1708966716,51964
1708973404,20938
1708978188,1716
1709102245,4895
1709107484,39048
1709124465,1590
1709128456,3164
1709138947,24144
1709143497,5010
1709146513,11203
1709149906,3519
1709154352,925
1709157017,1935
1709158538,1698
1709159819,1867
1709165195,843
1709166651,2166
1709167262,1246
1709173690,812
1709183856,2570
1709305872,1730
1709308368,33956
1709327416,1575
1709339454,9269
1709343913,780
1709344043,14609
1709351531,11001
1709356900,58023
1709368757,6732
1709511891,2993
1709513217,166
1709516275,441
1709522879,190
1709528339,226
1709528352,29481
1709533552,370
1709534020,1627
1709537361,1796
1709540403,4871
1709545330,75
1709546708,360
1709556172,1037
1709556315,566
1709559221,1190
1709564161,343
1709567223,667
1709571435,908
1709576303,772
1709577824,260
1709578565,707
1709700000,0
1709701608,27680
1709703220,63428
1709705326,18857
1709718004,17272
1709722853,45717
1709727923,33607
1709730952,28189
1709741599,39760
1709743263,54192
1709750364,34354
1709752753,6796
1709769485,37623
1709777668,71411
1709778877,65562
1709779280,23911
1709779306,89689
1709780112,31575
1709784233,24600
1709900204,1916
1709900763,407
1709908583,1038
1709909057,11794
1709918784,1971
1709919096,438
1709919980,712
1709921436,1530
1709921527,2574
1709922424,1311
1709925284,900
1709925583,871
1709927845,432
1709930744,179
1709931914,486
1709936100,640
1709942197,13287
1709946448,6100
1709948346,7071
1709948463,344
1709949204,590
1709949646,4054
1709954248,7316
1709956224,476
1709956731,188
1709956939,11204
1709956965,2642
1709959247,10070
1709963576,252
1709966456,3589
1709968692,1120
1709971110,8322
1709976238,1437
1709977096,1886
1709977623,331
1709978487,623
1709978682,613
1710100906,502
1710107198,512
1710108199,2058
1710114299,3109
1710119395,1616
1710142379,6166
1710145200,404
1710159377,410
1710166378,254
1710301101,608
1710301283,2795
1710302596,1133
1710307679,253
1710308654,680
1710320175,17253
1710321865,266
1710327695,1330
1710332447,127
1710332980,279
1710342613,440
1710346890,293
1710347644,218
1710351557,333
1710351960,644
1710357316,2877
1710363407,266
1710370694,699
1710373300,844
1710378110,312
1710381971,901
1710383674,1318
1710501348,908
1710503194,414
1710504780,57
1710508888,293
1710512606,91
1710512723,1383
1710521371,4252
1710524309,112
1710524426,461
1710525700,152
1710527039,1251
1710529106,72
1710537244,4119
1710544589,457
1710551895,1241
1710552077,176
1710552883,804
1710555184,1053
1710557056,391
1710559780,596
1710560612,320
1710561028,12266
1710563017,1722
1710565520,516
1710565988,361
1710567808,661
1710573482,609
1710573781,171
1710576680,249
1710578409,407
1710700360,641
1710702765,1846
1710708485,3071
1710713126,508
1710716496,452
1710721982,7677
1710723282,435
1710724049,258
1710736789,625
1710740624,505
1710741144,88
1710751141,1950
1710756289,346
1710756705,1181
1710761574,365
1710769290,430
1710780593,7335
1710905638,229
1710906483,871
1710910123,2892
1710912333,532
1710915391,1610
1710922996,64
1710924101,1127
1710935333,110
1710937452,733
1710941820,596
1710945902,566
1710945915,14894
1710950738,179
1710952792,348
1710961561,395
1710968211,548
1710968250,337
1710974678,381
1710978591,508
1711100607,1502
1711100698,88108
1711110032,4891
1711112892,9051
1711116314,3648
1711120396,21621
1711121111,2777
1711130666,56996
1711131680,14581
1711133305,1566
1711133864,2425
1711145707,46965
1711146799,7253
1711154495,38565
1711163654,6763
1711164096,2998
1711168653,2881
1711300893,812
1711301374,251
1711302369,597
1711304910,424
1711306626,2623
1711306639,78907
1711306743,468
1711312905,1012
1711312944,1996
1711317705,124
1711318381,1345
1711318550,1846
1711318732,534
1711320656,1275
1711320838,1378
1711324140,3993
1711328209,269
1711331745,1734
1711336451,2505
1711342353,135
1711343107,2589
1711347215,1222
1711349971,746
1711350972,927
1711353247,52417
1711355782,3421
1711362692,4303
1711375835,2530
1711379904,290
1711381321,780
1711383804,103
1711503051,153
1711506769,775
1711518836,46586
1711527988,1312
1711533240,1799
1711534527,17885
1711537023,1256
1711544511,10360
1711547085,2162
1711551219,7094
1711552974,812
1711554859,950
1711560677,1246
1711570967,1280
1711571357,3958
1711581464,4221
1711703792,405
1711706067,400
1711708277,3856
1711709135,391
1711709590,3120
1711710357,3128
1711711209,6456
1711713178,712
1711720383,1667
1711729249,3611
1711729405,2140
1711735242,426
1711735996,273
1711751037,3072
1711753052,445
1711754040,624
1711754053,818
1711760924,441
1711768419,336
1711769121,512
1711769576,1275
1711771123,436
1711771136,731
1711772416,5423
1711778162,3305
1711780229,347
1711900750,1700
1711901127,25279
1711914260,7464
1711915612,35410
1711922710,40522
1711927130,9167
1711927182,3867
1711930094,17712
1711930939,24767
1711932421,2756
1711933981,8328
1711938245,15951
1711942652,616
1711946877,2142
1711950465,3495
1711951583,11968
1711952428,663
1711955834,1586
1711956068,2319
1711960014,4528
1711966872,2877
1711967275,6852
1711977486,4582
1711983284,29687
1712100932,793
1712111436,558
1712112177,14039
1712127195,390
1712132187,864
1712137946,938
1712140130,1113
1712147826,338
1712155223,1764
1712156055,369
1712158070,737
1712162445,1509
1712165455,420
1712167249,8914
1712167457,1898
1712172598,1036
1712175744,1320
1712304949,207
1712305235,1641
1712324569,1467
1712334176,2542
1712336152,418
1712340572,2322
1712342093,285
1712363589,337
1712364668,875
1712367691,256
1712372585,1084
1712381230,213
1712500844,395
1712504169,652
1712517250,84
1712526766,440
1712533526,4270
1712539870,549
1712545265,136
1712546396,2053
1712547482,2372
1712558629,367
1712562419,689
1712567353,201
1712569329,537
1712790018,1200
1712790396,371
1712791026,1066
1712791260,576
1712791332,169
1712791494,1149
1712791638,783
1712791692,352
1712791740,2288
1712791908,654
1712791944,571
1712792070,445
1712792088,495
1712792106,851
1712792124,765
1712793618,1232
1712793672,898
1712990256,1967
1712990262,1580
1712990270,206
1712991242,64
1712991566,1078
1712991656,640
1712991674,33
1712992286,319
1712992433,1377
1712992436,878
1712992439,1611
1712992441,889
1712993024,494
1712993096,117
1712993312,228
1712993366,614
1713100126,433
1713120968,215
1713123152,444
1713131342,1391
1713139311,490
1713148398,3917
1713149256,588
1713152233,1113
1713153806,361
1713155405,365
1713159182,179
1713161795,2052
1713163628,2129
1713164551,1096
1713173339,722
1713392550,521
1713392555,443
1713392560,1069
1713392565,1189
1713392570,537
1713392575,621
1713392580,429
1713392585,1211
1713392590,756
1713392595,668
1713392600,624
1713392605,1505
1713392610,524
1713392615,1267
1713392620,611
1713392625,879
1713392630,1180
1713392635,1006
1713392640,783
1713392645,1090
1713392650,1095
1713392655,574
1713392660,618
1713392665,1165
1713392670,1040
1713392675,3429
1713392680,1055
1713392685,414
1713392690,590
1713392695,965
1713392700,925
1713392705,481
1713392710,426
1713392715,3437
1713392720,828
1713392725,668
1713392730,413
1713502960,354
1713507107,904
1713510175,799
1713521761,2133
1713526094,857
1713531836,559
1713533370,264
1713535060,6875
1713537751,747
1713553182,2779
1713553949,4875
1713560183,374
1713562978,1113
1713566092,152
1713570928,3260
1713578669,317
1713582738,1164
1713584129,416
1713790054,664
1713790234,488
1713790725,1230
1713791278,1299
1713791711,1875
1713791712,1317
1713791713,2354
1713791714,1505
1713791715,2007
1713791716,1749
1713791717,1411
1713791718,1188
1713791719,839
1713791720,1375
1713791721,858
1713791722,1536
1713791926,875
1713791965,896
1713792041,1157
1713792232,1362
1713792484,1050
1713793206,1144
1713793208,1262
1713793210,833
1713793640,1090
1713793642,734
1713793852,923
1713920344,883
1713922099,816
1713938609,1008
1713945057,1545
1713945083,1775
1713947124,1552
1713973508,6230
1713981451,615
1714108784,156
1714109421,2648
1714110253,6410
1714119382,903
1714121501,273
1714126298,13287
1714127078,1907
1714130718,419
1714140650,264
1714142470,1125
1714143549,465
1714145382,655
1714146903,3884
1714147358,440
1714150049,1335
1714151011,3669
1714156504,4769
1714159897,830
1714159975,696
1714165182,1649
1714168302,3305
1714174535,832
1714181399,1028
1714183492,546
1714300477,1136
1714308316,987
1714314130,8157
1714323711,2698
1714332304,1455
1714335645,1771
1714338765,1524
1714339818,8175
1714343523,18116
1714344342,3214
1714348099,13918
1714349113,404
1714359013,96648
1714361938,1758
1714362510,5209
1714363771,5825
1714365715,1014
1714375289,2493
1714376121,952
1714380736,4191
1714380749,0
1714590342,765
1714590936,482
1714591010,718
1714591011,257
1714591012,505
1714591013,912
1714591014,494
1714591015,631
1714591016,517
1714591017,1128
1714591018,669
1714591019,978
1714591020,692
1714591021,373
1714592468,627
1714592469,602
1714592470,876
1714592471,509
1714592472,232
1714592473,313
1714592474,2791
1714592475,1825
1714593330,912
1714593348,577
1714593384,726
1714593386,671
1714593762,857
1714705157,1905
1714706808,1307
1714712275,1687
1714730523,745
1714750257,6154
1714767587,2505
1714776888,1468
1714781906,924
1714902791,361
1714903974,1704
1714912359,148
1714914390,4
1714919577,423
1714919694,88
1714924972,221
1714926415,12
1714931784,1557
1714932070,159
1714932863,195
1714939935,749
1714943003,0
1714947241,217
1714950192,417
1714952259,1197
1714952818,288
1714958356,114
1714959169,310
1714960235,3955
1714960547,1340
1714960651,358
1714965936,81
1714971617,571
1715191116,693
1715191386,579
1715191404,590
1715191422,691
1715191746,344
1715193654,842
1715390108,78
1715391476,517
1715391800,658
1715392178,713
1715392196,1063
1715392322,362
1715392412,109
1715392952,356
1715393474,534
1715393564,581
1715393744,44
1715531030,2748
1715534124,1442
1715546123,934
1715568627,477
1715790306,723
1715790504,497
1715790522,177
1715790702,203
1715790738,7627
1715790864,1170
1715791170,816
1715791206,1174
1715791818,53
1715792358,410
1715792394,1297
1715792520,722
1715792970,4844
1715793042,176
1715793060,820
1715793222,4995
1715793240,2510
1715793438,1017
1715793600,390
1715793834,437
1715907289,354
1715914546,813
1715918862,278
1715919486,343
1715929028,271
1715946006,883
1715953156,1208
1715955925,9847
1715961847,1601
1716101439,2318
1716106301,9430
1716107549,3335
1716109512,565
1716110955,539
1716115248,4433
1716115326,2023
1716116379,764
1716120825,739
1716122632,1505
1716132577,21529
1716149880,22570
1716161236,1303
1716165091,15831
1716166300,778
1716170993,36127
1716171201,18160
1716184246,808
1716304845,41370
1716310968,7877
1716311657,35032
1716312210,19674
1716322268,17999
1716324205,758
1716325726,1600
1716327819,5006
1716342509,4369
1716342873,943
1716346968,1835
1716347436,9512
1716349399,6616
1716352129,2633
1716355262,26785
1716361600,2607
1716366729,35601
1716369550,12849
1716370265,4102
1716372741,729
1716372988,9018
1716373456,6779
1716509122,1024
1716511404,2507
1716516535,133
1716521709,5289
1716528274,1163
1716533149,9838
1716537205,1050
1716544485,244
1716550803,262
1716562601,1077
1716563030,48
1716572897,370
1716574509,208
1716702928,5866
1716703506,7571
1716709486,156
1716711046,111650
1716711579,1129
1716712697,8443
1716714858,8302
1716716223,763
1716716574,1099
1716718160,1625
1716720058,1561
1716725323,5826
1716728651,4608
1716737140,1488
1716737881,467
1716741976,160
1716744186,1169
1716747618,238
1716748034,2301
1716752181,1481
1716758187,2985
1716764772,5538
1716772013,5522
1716774340,161
1716781776,3422
1716783310,11416
1716903350,481
1716906132,66
1716908693,216
1716908966,261
1716909395,2188
1716910708,194
1716927793,139
1716934462,93
1716936776,65
1716944069,259
1716954794,105
1716966352,2433
1716983362,287
1717190072,321
1717190468,310
1717191224,658
1717191368,339
1717192016,674
1717192052,117
1717192250,510
1717193780,529
1717193798,814
1717193816,665
1717302466,626
1717306002,611
1717314637,578
1717315417,244
1717320851,916
1717326337,315
1717334345,446
1717335567,419
1717341690,335
1717351245,2082
1717355145,758
1717355457,858
1717358590,39
1717359663,165
1717361522,1136
1717363615,730
1717363836,482
1717365637,2020
1717366313,321
1717369199,4436
1717369927,726
1717375588,330
1717375861,961
1717382335,1186
1717523646,193
1717524478,644
1717530627,474
1717556783,866
1717558603,200
1717575796,2777
1717577174,73
1717580489,81
1717709226,1242
1717718355,928
1717724413,423
1717726506,1250
1717727897,23505
1717732902,1993
1717738284,157
1717739610,615
1717741885,1296
1717744758,1362
1717756120,1387
1717764057,1301
1717765065,1537
1717765143,2162
1717769953,462
1717778318,519
1717780788,3130
1717782556,499
1717907627,406
1717914403,8797
1717918953,1331
1717919239,1881
1717919941,1055
1717923607,2954
1717926636,12186
1717931940,18513
1717935359,571
1717936139,1806
1717944017,1252
1717945792,4240
1717946266,241
1717950634,17998
1717958460,27280
1717967483,1192
1717972130,1658
1717975978,2653
1717979046,24276
1718190090,1123
1718190126,950
1718190144,451
1718190162,1082
1718190180,1179
1718190198,568
1718190216,1093
1718190224,613
1718190288,291
1718190756,1045
1718190774,1023
1718190972,796
1718190990,543
1718191764,1172
1718191782,1238
1718191792,604
1718191872,1454
1718192142,233
1718193258,1077
1718193484,462
1718306678,3177
1718310162,1249
1718311449,425
1718311787,3059
1718318576,26786
1718323932,1272
1718328976,7235
1718330965,5477
1718338180,73
1718344953,170
1718345772,751
1718348775,1313
1718352454,13540
1718355015,3098
1718359832,538
1718365949,1402
1718369849,880
1718371227,1041
1718377304,900
1718590378,648
1718590792,283
1718590810,125
1718591314,384
1718591854,394
1718591890,183
1718592214,7733
1718593582,1369
1718705560,168
1718715404,299
1718723516,427
1718726610,570
1718731277,473
1718732226,249
1718739396,435
1718742847,88
1718750023,9727
1718760898,103
1718765858,991
1718772065,1200
1718773716,504
1718774093,157
1718775692,1056
1718902544,751
1718904442,668
1718907172,260
1718917042,319
1718920877,434
1718936360,1305
1718937790,1250
1718938453,391
1718944108,561
1718951713,3433
1718954599,842
1718955483,1959
1718959858,416
1718960807,388
1718963732,259
1718977434,391
1719102297,366
1719103753,572
1719104559,1004
1719105521,193
1719105950,1168
1719123685,113
1719127364,460
1719128534,243
1719131953,3540
1719134501,328
1719137387,670
1719138258,1722
1719139285,302
1719141755,1385
1719142626,475
1719147501,142
1719150946,260
1719156367,1323
1719156510,1452
1719184194,255
1719309902,275
1719311306,6161
1719324088,86
1719324192,1013
1719331069,1142
1719333591,142
1719334228,530
1719337231,2510
1719349360,572
1719359507,1188
1719500529,823
1719515144,258
1719515651,10446
1719524387,1930
1719525817,600
1719528157,4303
1719528586,1161
1719528833,615
1719532174,139
1719536178,2148
1719536581,574
1719538700,838
1719545291,656
1719550270,2539
1719551076,4720
1719552857,489
1719561262,404
1719561990,2527
1719572553,17089
1719574483,859
1719576758,1419
1719577070,410
1719712483,10769
1719717536,23542
1719718199,1503
1719721241,87582
1719726519,888
1719727631,60045
1719731394,3862
1719735827,40989
1719738076,3875
1719738583,85288
1719744238,59827
1719746370,12424
1719749958,15425
1719752597,44199
1719759065,4395
1719760300,83145
1719763108,6903
1719776212,49728
1719779059,6459
1719779865,1819
1719781035,90134
1719781711,1691
1719782114,5915
1719782244,1055
1719990432,6200
1719990648,9772
1719990846,636
1719990882,1592
1719990918,2078
1719991062,11608
1719991548,638
1719991620,14121
1719991836,3965
1719993204,3841
1719993294,1432
1719993690,10993
1720109915,960
1720113087,19221
1720121293,2449
1720132928,39116
1720133188,405
1720142054,1342
1720157069,3577
1720158421,4130
1720165013,169035
1720165169,16076
1720165624,20134
1720168783,894
1720169615,1007
1720182504,4946
1720311878,1591
1720314793,569
1720317861,1906
1720323750,3400
1720331355,263
1720339012,503
1720343835,299
1720348619,4513
1720349581,2028
1720350231,2615
1720355821,4691
1720357290,1347
1720357537,327
1720358018,616
1720364603,2251
1720371611,2531
1720383544,8862
1800105914,1218
1800125900,772
1800132206,1860
1800137818,967
1800139924,1464
1800150220,5335
1800161884,1440
1800165862,6115
1800167068,1130
1800177120,547
1800179262,6612
1800180324,8767
1800300208,42908
1800300298,34742
1800310990,13932
1800320512,4278
1800336738,521
1800337836,1977
1800340716,4316
1800340932,2830
1800345882,1651
1800346836,3926
1800347646,2687
1800349248,3965
1800350238,1821
1800358950,38311
1800360354,3013
1800366924,77745
1800368292,738
1800372116,4627
1800380342,39192
1800381620,109198
1800509937,0
1800512970,3298
1800513618,1320
1800514752,51987
1800523548,1442
1800527432,7219
1800531612,4308
1800532530,3826
1800536756,928
1800556124,1435
1800565250,1596
1800567716,2387
1800581656,3790
1800706328,1382
1800711224,2761
1800727630,247
1800728818,1289
1800733358,257
1800755620,1435
1800757942,108
1800759886,199
1800763990,666
1800777138,212
1800785940,179
1800931630,2812
1800936774,842
1800943650,7643
1800980360,653
1801111242,19246
1801113672,1174
1801131648,725
1801136792,2760
1801137854,1329
1801146854,1142
1801158968,1377
1801173844,2132
1801180378,1053
1801184014,6432
1801185580,5253
1801186372,32095
1801330528,4495
1801336810,3971
1801378398,1949
1801380396,5191
1801500316,482
1801509262,1944
1801510540,692
1801512988,976
1801517236,4640
1801517686,840
1801536828,1363
1801537872,2114
1801543200,588
1801545900,464
1801550256,2880
1801565268,350
1801575824,2640
1801580414,562
1801700334,1080
1801705086,539
1801706490,1338
1801713006,2872
1801713690,655
1801717254,809
1801720494,18518
1801731666,608
1801736846,2752
1801737890,1281
1801748654,1410
1801754054,2193
1801775968,1963
1801780432,1662
1801905122,235
1801910432,4982
1801912142,15847
1801938367,62645
1801950274,5753
1801956898,2100
1801957438,1038
1801969696,14213
1801977174,4635
1801978128,8603
1801980450,1474
1801985166,2829
1802107192,8603
1802110666,155
1802118118,932
1802131684,2583
1802136864,2824
1802143002,976
1802158986,1039
1802161290,4040
1802173988,1161
1802178416,3190
1802180468,906
1802311260,17428
1802323944,612
1802336882,892
1802338628,612
1802339960,1350
1802345918,2047
1802348762,1511
1802357456,940
1802359004,1725
1802366078,2805
1802373862,587
1802377192,833
1802380090,433
1802380486,1169
1802506508,103
1802538394,1528
1802538646,255
1802543218,2198
1802556142,815
1802558284,1652
1802573016,1807
1802577210,517
1802583690,1624
1802703484,5443
1802706274,1433
1802720962,1075
1802731702,926
1802745936,3028
1802763702,718
1802772890,924
1802778434,2795
1802778722,983
1802780522,16333
1802909730,281
1802911278,5096
1802913024,2862
1802931720,3407
1802934222,1256
1802936900,1801
1802939330,2493
1802942480,11300
1802944604,3894
1802946368,3313
1802949464,10041
1802971738,2929
1802980540,1363
1802985958,1058
1803100370,1644
1803113042,1220
1803113708,416
1803126098,1769
1803136918,953
1803146872,2205
1803167536,1029
1803167734,3106
1803180558,14080
1803309550,2012
1803314824,1486
1803322288,1233
1803325342,1271
1803328836,3111
1803336936,3749
1803339636,7927
1803353784,700
1803364008,1187
1803370200,1629
1803371918,1005
1803372512,176
1803376598,378
1803377228,13917
1803384590,4026
1803511296,64560
1803517470,3499
1803530600,7221
1803531756,3502
1803543236,4453
1803550292,3521
1803551876,2524
1803553928,1561
1803559022,1478
1803567356,4027
1803577246,2532
1803580576,1703
1803586084,11699
1803703124,17207
1803706526,1122
1803710684,2152
1803714608,899
1803723008,3617
1803730456,1666
1803731324,1801
1803736954,2248
1803737926,1085
1803745954,2892
1803746890,1056
1803758302,7869
1803903754,9489
1803904798,3236
1803913528,12961
1803913726,4858
1803914842,55823
1803920746,38301
1803931774,3555
1803936972,4998
1803937944,11035
1803944514,4297
1803948942,8897
1803956520,3389
1803957150,28786
1803977264,6251
1803980594,6926
1803985976,4330
1804114644,933
1804114950,11947
1804122522,156
1804131792,6231
1804136990,1492
1804138412,1123
1804156736,609
1804161308,445
1804181314,398
1804325360,1757
1804327342,11119
1804329862,7782
1804340734,8249
1804352344,52011
1804509748,1168
1804516912,556
1804526134,491
1804537008,671
1804544622,3557
1804549392,1373
1804564026,831
1804569084,665
1804576616,3740
1804578452,2890
1804579280,675
1804703700,270
1804705824,730
1804708200,5737
1804709568,1493
1804722306,545
1804733448,1681
1804742390,1282
1804748564,937
1804761326,900
1804763126,4372
1804767554,1030
1804772134,1313
1804784068,2730
1804902656,1604
1804933106,3034
1804943254,1646
1804952722,1301
1804964044,805
1804965232,10129
1804977282,1115
1804981692,678
1805103556,1606
1805111314,921
1805114662,3519
1805138682,4451
1805150706,4044
1805158338,11623
1805177300,4362
1805179298,82
1805180612,1044
1805183888,1348
1805311332,21543
1805322441,3961
1805325378,7041
1805329124,389
1805337962,5670
1805343272,823
1805349374,10386
1805350310,1786
1805360372,6970
1805364062,1138
1805369912,1514
1805378479,1664
1805380630,3410
1805504186,2221
1805510702,196
1805511350,3229
1805522486,553
1805528854,711
1805533457,666
1805537026,1688
1805537980,2109
1805564080,4688
1805570128,300
1805572530,410
1805573304,8237
1805574996,1311
1805580648,1101
1805585634,3601
1805700388,5351
1805713060,101217
1805717488,35734
1805722612,73319
1805737044,11201
1805754198,66553
1805781710,11287
1805782714,57875
1805783906,2519
1805906040,1760
1805907084,2481
1805908290,2521
1805908794,9731
1805911368,30217
1805929142,1574
1805937062,1421
1805973880,17174
1805978866,17158
1806106058,1982
1806106544,1456
1806125396,4174
1806131810,13545
1806133268,721
1806137080,6002
1806151030,4039
1806161344,2855
1806171936,2091
1806175014,744
1806180684,541
1806182106,1709
1806308308,14913
1806311386,13885
1806313078,2162
1806320530,1989
1806325414,1334
1806330204,35238
1806343290,6187
1806343794,36860
1806346926,1342
1806348852,7324
1806377318,1975
1806380702,60135
1806506076,1244
1806518838,847
1806522630,4674
1806525432,1160
1806529700,1782
1806531828,1317
1806533124,21970
1806537998,1275
1806543308,1496
1806561560,5991
1806572026,2122
1806573472,958
1806581728,4134
1806711422,45966
1806713096,4038
1806721430,2184
1806731846,9867
1806734528,2391
1806734906,2586
1806737098,533
1806743326,4766
1806750328,1261
1806775032,9396
1806777336,764
1806913384,2146
1806916678,1884
1806935311,20367
1806937116,4146
1806938016,667
1806941904,1333
1806960948,304
1806965304,1187
1806967320,2379
1806977354,1422
1806980126,649
1806981746,314
1807108488,5693
1807110450,1503
1807118712,1180
1807129016,612
1807130618,1696
1807137134,23352
1807157474,1830
1807159274,948
1807163414,5231
1807167572,395
1807178884,3406
1807180720,814
1807303412,697
1807310396,2132
1807327684,362
1807331144,187
1807338970,355
1807339168,1154
1807339222,10840
1807346944,6654
1807349788,103
1807353622,739
1807377372,1751
1807379640,3770
1807383546,4490
1807503844,1678
1807529466,1404
1807537152,535
1807538034,803
1807540356,386
1807545972,929
1807554072,488
1807558680,1052
1807559724,737
1807564098,3915
1807579316,360
1807581764,7942
1807728566,1561
1807731234,5599
1807741940,1036
1807746008,17956
1807749824,1359
1807750346,500
1807763828,1799
1807767662,1232
1807769228,914
1807770398,1042
1807905212,702
1807909946,1169
1807911458,8164
1807914680,1105
1807927234,7532
1807945108,1110
1807946962,984
1807950724,690
1807967752,459
1807971954,2782
1807978920,2865
1808106094,4826
1808112781,2946
1808125468,21569
1808133160,3907
1808152164,7704
1808154000,4220
1808160390,64232
1808177390,2905
1808183924,54006
1808309514,1369
1808317128,265
1808331864,1793
1808338700,1388
1808357744,1388
1808372908,672
1808379118,4051
1808379217,21685
1808380738,2368
1808384158,1028
1808513114,1603
1808521466,830
1808525486,1126
1808531882,3718
1808537170,1062
1808538052,2725
1808540950,1472
1808550364,1139
1808560228,8868
1808561578,1436
1808568400,1998
1808568796,2514
1808575842,6579
1808576760,8629
1808578488,4324
1808580756,2901
1808581782,29518
1808705752,5830
1808713132,3787
1808713456,4652
1808720206,4954
1808729538,914
1808738718,3617
1808743722,3155
1808749338,2943
1808752686,5858
1808772152,841
1808778506,4254
1808900000,0
1808909820,90784
1808911026,12998
1808911476,39607
1808919306,1742
1808931252,19712
1808934132,40326
1808954414,154735
1808966096,48648
1808966870,70429
1808982574,7843
1808984896,13555
1809110720,1452
1809111494,25191
1809113744,1802
1809115040,15637
1809117974,1126
1809126224,1852
1809131198,1178
1809135068,2226
1809138736,257
1809139186,4768
1809143812,1401
1809148780,27275
1809152830,8110
1809154090,1317
1809160408,3538
1809161596,390
1809168346,5139
1809172170,3745
1809177408,2073
1809180774,1460
1809184554,1980
1809306436,766
1809330258,1117
1809336054,2673
1809346980,8851
1809347304,4554
1809359040,2318
1809360624,2141
1809369102,20757
1809372044,1925
1809500406,3990
1809501486,55620
1809506562,713
1809518820,655
1809522648,15484
1809529160,7638
1809537188,1845
1809540752,5175
1809550382,8823
1809560156,12177
1809564116,5101
1809573556,3988
1809577426,8977
1809578524,1714
1809711512,152977
1809717092,36938
1809725504,66239
1809742444,122402
1809759058,121505
1809759742,83009
1809780144,106062
1809780792,138384
1809781800,148293
1809906778,2834
1809911530,15990
1809927450,8838
1809929178,822
1809954432,4032
1809960966,2476
1809975878,1791
1809977444,2815
1809979820,2871
1809982304,3815
1810111548,1476
1810130420,1474
1810145036,379
1810149995,367
1810159076,5042
1810166582,1092
1810301018,625
1810309586,547
1810313150,1131
1810317272,4702
1810321412,627
1810331918,779
1810337206,1632
1810338070,2652
1810359094,899
1810359346,10607
1810360174,6688
1810364134,820
1810377462,630
1810380810,3373
1810503808,2951
1810504816,3261
1810505878,42978
1810513420,5330
1810536072,1808
1810559112,53140
1810560984,181
1810564152,15190
1810567590,1478
1810578542,12850
1810580828,1798
1810708326,1889
1810712790,1915
1810714014,1552
1810725522,1887
1810746026,1049
1810764620,530
1810768436,1152
1810773898,255
1810777480,25367
1810779838,1364
1810781818,1352
1810900442,1169
1810902440,2006
1810903178,533
1810908344,13782
1810913168,4265
1810929196,3646
1810929988,2973
1810931936,1731
1810937224,3685
1810938088,3611
1810946044,10235
1810950400,5934
1810963144,1418
1810980846,17671
1811103970,1551
1811114302,66
1811128872,921
1811136522,1134
1811137242,516
1811138106,2229
1811140968,2185
1811143830,4605
1811145594,228
1811180864,487
1811300838,2731
1811301036,7089
1811320764,1774
1811329214,2168
1811338124,1355
1811354108,2933
1811356754,3920
1811359130,6951
1811371756,2842
1811374474,1832
1811380882,1086
1811381836,10927
1811385994,1887
1811510738,430
1811559760,365
1811562928,4354
1811577498,850
1811725990,4587
1811729556,724
1811737260,958
1811754648,337
1811755152,611
1811756826,659
1811757042,3602
1811757798,5965
1811771090,1607
1811772548,717
1811913186,2648
1811925540,1077
1811931954,570
1811937278,1760
1811938142,985
1811938430,503
1811940770,1380
1811946998,983
1811950742,873
1811951048,945
1811975050,1284
1811980900,6437
1811981872,2159
1812100460,5162
1812123764,2330
1812129484,468
1812134942,155
1812137296,507
1812143344,616
1812158698,857
1812162622,514
1812163846,1198
1812173916,174
1812177516,1615
1812179334,991
1812180918,1819
1812301504,1710
1812312808,1545
1812342894,737
1812356214,2579
1812376040,378
1812376652,11997
1812377534,324
1812513204,159
1812538160,1769
1812544532,807
1812544640,554
1812546062,539
1812547016,380
1812550418,786
1812558356,2810
1812580936,4350
1812700000,0
1812706580,6099
1812711566,46741
1812737314,5621
1812743362,11048
1812751066,4015
1812759922,2437
1812760426,4511
1812761110,48418
1812761182,9675
1812777570,9445
1812780954,5850
1812782484,20958
1812905014,224
1812905428,8904
1812911584,1493
1812931504,1577
1812945450,814
1812947250,5392
1812960858,114
1812965052,1943
1812965124,3881
1812970164,774
1813103988,321
1813110756,924
1813125558,673
1813131972,582
1813136090,598
1813138178,596
1813150436,3843
1813163972,537
1813167392,1236
1813175896,991
1813178560,869
1813183852,1271
1813313762,1238
1813313870,3995
1813323782,4210
1813325576,1724
1813329376,12701
1813337332,947
1813338196,1333
1813346080,983
1813347034,2141
1813350454,1527
1813366474,540
1813380162,3412
1813380972,2529
1813525594,1105
1813529232,1051
1813529736,1316
1813537350,453
1813550472,3454
1813573478,861
1813577588,1748
1813580072,1002
1813580990,1894
1813581890,4344
1813583942,7159
1813700478,5192
1813708362,1294
1813711602,2575
1813717524,1786
1813725612,3635
1813737368,649
1813738754,3750
1813742336,5105
1813757276,1633
1813769264,1034
1813781008,2442
1813901522,1035
1813911620,960
1813937386,179
1813954126,610
1813956772,289
1813961362,1303
1813964188,369
1813964656,1882
1813966456,7654
1813977606,922
1813979658,1011
1813981026,525
1814111890,14438
1814113222,34246
1814127468,10020
1814129502,2954
1814131558,24558
1814143380,3412
1814143848,2775
1814146098,1891
1814156556,4363
1814158734,68620
1814161128,94489
1814177624,3475
1814180180,7799
1814323224,1610
1814338448,6507
1814338772,2317
1814343164,3412
1814379100,10680
1814500568,21744
1814507102,2085
1814531270,1967
1814533070,1604
1814537404,1744
1814543398,1651
1814547052,1853
1814550994,4613
1814554144,2041
1814569282,1630
1814573952,1195
1814577642,949
1814578578,1308
1814581044,881
1814710576,3231
1814713240,2890
1814728944,1001
1814731018,1813
1814731990,1565
1814735140,1087
1814737422,862
1814745216,2645
1814756160,4861
1814909802,2167
1814911638,6121
1814916948,1120
1814937440,367
1814954504,1407
1814956916,3262
1814962748,1315
1814981062,3001
1814981908,4605
1815113447,1187
1815125891,2906
1815137458,1552
1815137746,3264
1815149644,1703
1815157240,2496
1815160444,14570
1815164224,286
1815167428,2186
1815168454,1109
1815173070,2925
1815186030,542
1815310792,1878
1815316390,3402
1815322162,532
1815327666,1269
1815330348,3739
1815330672,7107
1815337476,1770
1815338214,333
1815376814,750
1815515328,2425
1815515580,529
1815538232,3286
1815560480,1013
1815561380,1304
1815586048,1352
1815722342,53635
1815737494,626
1815742354,2590
1815759148,9241
1815762964,708
1815769174,3966
1815769300,2517
1815775914,9759
1815777660,1921
1815779352,65256
1815781080,2476
1815781926,1755
1815782070,34621
1815912646,8052
1815938250,1307
1815943416,2185
1815946116,1296
1815961614,1205
1815984194,1301
1816108542,689
1816111656,2867
1816131522,251
1816132008,498
1816143452,1014
1816177678,1666
1816302188,1582
1816311674,41018
1816327486,7278
1816340212,68180
1816359166,24373
1816359670,27040
1816368472,10440
1816377696,206
1816513798,8897
1816521556,1546
1816532962,2412
1816533520,1769
1816578794,797
1816722882,2730
1816732026,48962
1816734546,17366
1816744208,965
1816745018,11246
1816752308,1510
1816757294,8987
1816759652,1739
1816761704,1145
1816761776,1132
1816764530,3173
1816773970,7154
1816912322,6984
1816940914,2725
1816943470,2467
1816954162,13785
1816958482,1539
1816960498,2268
1816979982,1076
1817100496,392
1817139024,89
1817139528,453
1817143488,669
1817148222,1127
1817151264,321
1817159778,1111
1817159958,495
1817161632,127
1817173088,691
1817180198,612
1817181098,2377
1817301540,941
1817306472,13713
1817309964,1418
1817329970,2085
1817332188,1572
1817342012,112
1817356178,42215
1817357492,576
1817359688,1395
1817370002,1234
1817508380,1073
1817525630,2690
1817527594,1422
1817534960,831
1817537512,1826
1817538268,707
1817546134,956
1817550508,660
1817559580,2501
1817561002,2702
1817561398,1406
1817578956,964
1817581116,10474
1817700172,645
1817706670,1028
1817711710,7378
1817713258,1236
1817716714,524
1817725666,1191
1817729250,1361
1817732044,518
1817737530,4264
1817738286,3212
1817752938,2157
1817759184,522
1817781134,1323
1817781944,39758
1817782160,1280
1817912358,1178
1817932062,8879
1817937548,600
1817938304,5897
1817941958,6122
1817943506,1068
1817955422,963
1817965322,1735
1817977714,1978
1818105194,742
1818110810,504
1818134564,1302
1818137566,635
1818143524,2065
1818143866,568
1818150166,3298
1818161650,3384
1818162064,1647
1818166186,282
1818177732,9893
1818183258,397
1818313564,3345
1818314698,11895
1818321520,2006
1818338322,2197
1818364242,1759
1818370182,5269
1818375590,4213
1818377750,2679
1818381152,1255
1900191248,17
1900191608,153
1900191755,1932
1900191776,140
1900191854,145
1900192088,361
1900192199,170
1900192397,40
1900192514,990
1900193198,661
1900193519,96
1900193570,129
1900194032,1103
1900194035,1122
1900194161,103
1900194389,141
1900194443,157
1900390471,278
1900390780,211
1900391020,74
1900391626,185
1900392193,444
1900392517,22
1900392916,199
1900393120,113
1900393504,330
1900393531,1551
1900394164,133
1900394446,82
1900590582,381
1900591290,134
1900591383,218
1900591488,219
1900591824,110
1900592049,723
1900592202,519
1900592331,259
1900592382,1342
1900592655,420
1900592727,611
1900592799,3967
1900593255,412
1900593468,2887
1900594089,552
1900594290,170
1900594293,828
1900594596,340
1900790177,378
1900790435,240
1900790640,5372
1900790642,265
1900791023,122
1900791386,734
1900792016,287
1900792271,238
1900792520,173
1900793357,653
1900793822,104
1900794092,727
1900794155,385
1900794167,302
1900794329,899
1900794392,527
1900794449,635
1900794638,143
1900990093,212
1900990453,171
1900991026,191
1900991260,972
1900991728,223
1900991815,134
1900992418,2347
1900992523,266
1900992910,126
1900993153,267
1900993825,526
1900994362,164
1901190178,2380
1901190201,1245
1901190237,77
1901190363,214
1901190465,448
1901190522,584
1901191131,414
1901191161,1326
1901191350,1905
1901191455,2670
1901191857,437
1901191974,215
1901192052,337
1901192091,855
1901192289,1021
1901192421,1139
1901192964,106
1901193438,2306
1901193732,465
1901193838,868
1901194095,981
1901194170,783
1901194360,4948
1901390126,395
1901390198,307
1901390234,2289
1901390246,3105
1901390525,1497
1901390575,40888
1901390576,491
1901391092,314
1901391128,1163
1901391252,4518
1901391374,651
1901392427,1337
1901392526,374
1901393039,1492
1901393186,667
1901393477,2739
1901393966,325
1901394173,549
1901394452,940
1901394597,67008
1901590057,478
1901590150,65
1901590489,548
1901590756,973
1901590969,13343
1901591002,430
1901591029,2651
1901591503,1272
1901591629,365
1901591860,433
1901592094,995
1901592832,1252
1901593291,382
1901593330,162
1901594176,367
1901594782,903
1901594797,2049
1901790900,352
1901791032,342
1901791389,400
1901791440,410
1901791458,1735
1901792097,1471
1901792205,3584
1901792334,619
1901792424,273
1901792898,1279
1901793441,916
1901794045,2096
1901794059,266
1901794425,570
1901794455,397
1901794607,10494
1901990384,424
1901990432,1215
1901990816,307
1901991266,1657
1901991461,221
1901991902,1594
1901991977,628
1901992208,994
1901992439,1237
1901992751,668
1901992919,274
1901993096,187
1901993294,3197
1901994047,3093
1901994458,4272
1901994656,726
1902190129,458
1902190351,218
1902190822,47
1902191173,124
1902191272,879
1902191632,427
1902191887,1111
1902192400,109
1902192529,64
1902192823,53
1902193078,1214
1902193129,2514
1902193435,318
1902193513,127
1902193768,169
1902193927,722
1902194018,11428
1902194461,771
1902390030,2080
1902390153,1259
1902390195,233
1902390420,1562
1902390753,1780
1902390903,132
1902391464,374
1902392100,641
1902392211,119
1902392754,235
1902392967,1492
1902393339,933
1902393633,103
1902393837,1917
1902394464,182
1902394692,1226
1902590423,612
1902590441,105
1902590528,288
1902590585,1079
1902591215,63
1902591509,157
1902591758,217
1902592103,154
1902592368,1693
1902592370,251
1902592532,1824
1902592688,34
1902593546,687
1902593855,602
1902594152,1526
1902594179,431
1902594734,80
1902790075,978
1902790475,10208
1902791134,475
1902791254,251
1902791581,1400
1902791635,343
1902792196,206
1902792319,364
1902792811,1533
1902792820,364
1902793099,351
1902793405,530
1902793573,224
1902793699,653
1902793840,284
1902794182,1584
1902794467,160
1902794704,686
1902990144,218
1902990204,119
1902990336,225
1902990492,723
1902991155,44
1902991392,199
1902991638,1046
1902991779,7084
1902992535,58
1902992892,595
1902993117,200
1902993360,1059
1902993528,435
1902994185,518
1902994350,104
1902994470,469
1903190495,482
1903190588,4136
1903190906,1383
1903191275,188
1903191317,2189
1903191467,983
1903191593,310
1903192046,725
1903192055,689
1903192643,134
1903192895,272
1903193333,1459
1903193552,227
1903193654,1013
1903193975,3065
1903193978,906
1903194023,188
1903390135,226
1903390720,7607
1903390721,1469
1903391017,148
1903391308,1036
1903391551,1031
1903391641,316
1903391773,859
1903392346,189
1903392508,532
1903392538,399
1903392886,278
1903392890,27050
1903393042,332
1903393246,224
1903393408,442
1903393456,303
1903394188,191
1903590021,126
1903590063,869
1903590531,332
1903590654,5821
1903590996,194
1903591602,209
1903592442,179
1903592829,499
1903593321,210
1903593336,1184
1903593657,77
1903593843,640
1903593891,151
1903593963,301
1903594113,225
1903594740,583
1903790324,1995
1903790663,705
1903790909,1552
1903790942,563
1903791083,475
1903791437,917
1903792184,352
1903793081,3139
1903793576,267
1903794008,739
1903794299,182
1903794473,921
1903991077,188
1903991395,134
1903991470,591
1903991740,191
1903992106,521
1903992322,278
1903992445,228
1903992757,132
1903993212,5523
1903993213,377
1903994134,985
1903994422,261
1903994476,253
1904190672,740
1904191035,191
1904191452,384
1904191512,212
1904191569,270
1904191914,157
1904192349,185
1904192541,259
1904192691,123
1904192709,822
1904192901,270
1904193312,411
1904193645,205
1904193912,350
1904193955,11400
1904194038,416
1904194590,66
1904390291,1796
1904390378,357
1904390498,1801
1904390705,285
1904390843,138
1904391176,288
1904391311,444
1904391542,987
1904391566,124
1904391605,544
1904391929,186
1904392214,2675
1904392685,668
1904392808,387
1904392841,310
1904392913,1707
1904392943,422
1904392961,2409
1904393543,326
1904393957,352
1904394374,581
1904394380,226
1904590267,811
1904590354,320
1904590450,4649
1904590591,763
1904590736,24322
1904590927,868
1904590993,6316
1904591137,557
1904591194,1073
1904591644,351
1904591818,625
1904592448,311
1904593171,826
1904593189,944
1904593828,840
1904593990,1289
1904594479,224
1904594593,711
1904594641,468
1904790315,273
1904790648,681
1904790960,8770
1904791107,396
1904791587,248
1904791827,97
1904791890,111
1904792058,153
1904792109,85
1904792928,342
1904793003,254
1904793114,1064
1904793231,1198
1904793270,270
1904793936,154
1904794017,197
1904794191,685
1904794482,121
1904794701,1105
1904794743,73
1904990003,1791
1904990018,8489
1904990156,507
1904990300,35220
1904990759,336
1904990879,248
1904990972,2005
1904991647,1839
1904992544,257
1904992646,694
1904993993,8575
1904994029,962
1904994194,2076
1904994326,5253
1904994395,39414
1904994485,302
1905190268,2742
1905190732,911
1905191080,515
1905191263,226
1905191377,411
1905191782,289
1905192502,863
1905192844,407
1905193297,539
1905193480,596
1905193693,0
1905193747,331
1905193933,427
1905194197,180
1905194677,532
1905194791,188
1905390276,302
1905390408,308
1905390594,230
1905390921,325
1905391140,369
1905391323,150
1905391398,323
1905391506,377
1905391611,10
1905391806,113
1905391959,91
1905392380,2207
1905392416,1899
1905392712,332
1905393006,110
1905393072,263
1905393579,279
1905394776,71
1905590006,745
1905590330,926
1905590750,437
1905590783,753
1905590948,6740
1905590957,803
1905591179,719
1905591899,191
1905591980,916
1905592946,1182
1905593132,174
1905593177,1422
1905593483,183
1905593582,530
1905593945,1233
1905594200,604
1905790207,977
1905790401,23728
1905790813,777
1905790887,930
1905790888,806
1905791347,1924
1905791401,825
1905792010,393
1905792112,103
1905792906,1928
1905792924,322
1905793390,503
1905794080,755
1905794203,701
1905794488,138
1905794658,3189
1905794803,488
1905990639,8793
1905990999,411
1905991257,99
1905992379,1502
1905992673,663
1905992931,1155
1905993168,2425
1905993585,189
1905993903,1256
1905993960,1122
1905994062,350
1905994698,25
1906190486,1288
1906190597,2908
1906190798,818
1906191005,1774
1906191085,59174
1906191086,7800
1906192061,549
1906192217,1302
1906192285,0
1906192451,598
1906193024,1995
1906193108,4558
1906193309,1483
1906193498,699
1906194077,3440
1906194098,4673
1906194332,4171
1906194491,391
1906194728,1409
1906390081,876
1906390600,134
1906390963,463
1906391209,219
1906391221,264
1906391242,6218
1906391926,465
1906392079,95
1906392085,134
1906392547,260
1906394065,63
1906394146,71
1906590090,555
1906590120,74
1906590231,296
1906590603,257
1906590729,863
1906591071,515
1906591143,561
1906591278,642
1906591324,1309
1906591473,548
1906591845,792
1906592013,348
1906592220,6295
1906593183,701
1906593411,939
1906593522,252
1906593771,131
1906593930,348
1906594045,10
1906594206,408
1906594662,256
1906594702,2489
1906594761,699
1906790534,474
1906790645,7232
1906791353,662
1906793111,219
1906793393,173
1906793648,400
1906793675,1325
1906793681,1716
1906793711,696
1906793729,1378
1906793774,172
1906794158,367
1906794209,514
1906991557,413
1906991650,378
1906991809,153
1906991819,4306
1906992040,294
1906992403,75
1906992847,1184
1906993009,197
1906993030,263
1906993156,202
1906993216,144
1906993561,141
1906993588,102
1906993702,404
1906993777,495
1906993833,1053
1906994668,38
1906994767,114
1907190210,257
1907191344,719
1907191734,472
1907191804,927
1907192679,150
1907192760,85
1907192970,177
1907193486,143
1907193639,311
1907193651,211
1907193780,273
1907193885,1450
1907194078,874
1907194398,145
1907194494,320
1907390342,138
1907390537,94
1907390897,70
1907391404,140
1907391653,205
1907391746,199
1907391830,275
1907391932,542
1907392115,143
1907392221,4152
1907392286,808
1907392304,149
1907393276,392
1907393804,807
1907394497,472
1907394746,102
1907590159,686
1907590249,1962
1907590675,1559
1907590762,618
1907591281,505
1907591329,185
1907591560,145
1907591656,1829
1907592550,235
1907592907,135
1907593258,3038
1907593414,261
1907593882,954
1907594500,272
1907790105,239
1907790147,305
1907790162,526
1907790501,2717
1907791008,413
1907791659,286
1907791935,491
1907792118,633
1907793192,157
1907793279,381
1907793591,437
1907793807,151
1907794020,1013
1907794110,462
1907794212,44
1907794302,1877
1907794353,556
1907990264,200
1907990504,368
1907990722,743
1907991212,546
1907991446,209
1907991476,216
1907991812,167
1907992019,356
1907992454,213
1907992553,662
1907992739,1411
1907992850,932
1907993696,172
1907993783,167
1907994623,350
1907994633,7769
1907994737,405
1908190069,808
1908190096,365
1908190243,441
1908190303,143
1908190348,2015
1908190801,3319
1908190861,402
1908191197,769
1908191200,446
1908191239,59
1908191515,301
1908192457,216
1908192763,527
1908192793,417
1908193207,160
1908194149,283
1908390036,1125
1908390372,234
1908390678,542
1908390804,167
1908391157,2617
1908391158,273
1908391206,341
1908391245,1801
1908391662,123
1908391833,5704
1908392121,202
1908393363,249
1908393516,265
1908393858,945
1908394125,1088
1908394215,963
1908590039,202
1908590318,1914
1908590444,263
1908590507,270
1908590666,246
1908590681,76
1908591038,205
1908591863,1344
1908592124,589
1908592223,1891
1908592343,454
1908592556,110
1908592664,207
1908592790,893
1908593012,512
1908593534,221
1908593738,4046
1908594101,380
1908594218,379
1908594503,430
1908790114,725
1908790459,464
1908790606,1103
1908792127,551
1908792226,1454
1908792853,462
1908793036,8951
1908793087,2685
1908793744,811
1908793786,1219
1908794122,866
1908794131,267
1908794609,446
1908990024,860
1908990033,480
1908990657,252
1908991368,606
1908991989,354
1908992001,153
1908992190,772
1908993090,735
1908993150,157
1908993273,297
1908993756,325
1908994347,4454
1909190099,224
1909190165,399
1909190834,315
1909190872,752
1909190945,583
1909191785,157
1909192003,4771
1909192004,545
1909192352,168
1909193138,386
1909193717,297
1909194335,392
1909194377,150
1909194620,452
1909390138,263
1909390258,400
1909390837,2152
1909391041,121
1909391500,624
1909391518,127
1909391665,163
1909391770,1688
1909391893,147
1909392694,120
1909392814,1047
1909393894,59
1909590912,197
1909591227,1463
1909591341,696
1909591752,264
1909591878,1219
1909591962,581
1909591983,253
1909592064,596
1909592415,2312
1909592559,236
1909592835,2647
1909593324,378
1909594050,598
1909594137,3611
1909594506,1047
1909594806,409
1909790180,2791
1909790327,163
1909790426,284
1909791284,157
1909791314,405
1909792067,522
1909792130,611
1909792826,2966
1909792958,575
1909793234,861
1909793300,816
1909793501,403
1909793594,445
1909793948,4371
1909794107,1167
1909794221,774
1909794314,1670
1909794509,409
1909990381,572
1909990711,422
1909990975,2168
1909991182,433
1909991293,2611
1909991920,530
1909992022,1746
1909992301,1062
1909992736,1973
1909992802,435
1909992871,102
1909993033,710
1909993102,15266
1909993267,4245
1909993471,1234
1909993597,170
1909993672,1206
1909993861,394
1909994512,2675
1910190252,152
1910190366,609
1910190540,273
1910190609,1233
1910190978,269
1910191285,9456
1910192460,448
1910192676,809
1910192682,791
1910193282,294
1910193444,844
1910193708,372
1910194401,155
1910390240,4864
1910390543,526
1910390714,10095
1910391119,368
1910391479,1631
1910391599,645
1910391836,382
1910392077,75752
1910392229,4334
1910392463,1401
1910392562,174
1910392766,4645
1910392973,643
1910393093,1988
1910393249,1811
1910393285,31822
1910393417,150
1910393789,1941
1910393831,1625
1910394224,586
1910394515,1005
1910394686,10251
1910590510,446
1910590519,469
1910590684,60
1910591296,7338
1910591761,891
1910591803,358
1910592133,376
1910592725,5238
1910592769,631
1910593252,640
1910593600,547
1910593687,1324
1910593765,572
1910594518,440
1910594611,683
1910594794,883
1910790009,407
1910790213,1136
1910790717,236
1910791113,10
1910791233,588
1910792136,329
1910792337,1277
1910792466,413
1910793342,383
1910793489,274
1910793603,749
1910793888,2067
1910794014,173
1910794317,350
1910794428,492
1910794521,892
1910794680,148
1910990037,5377
1910990387,620
1910990417,857
1910990855,888
1910991095,74
1910991332,443
1910991521,178
1910991563,82
1910991668,112
1910991767,718
1910991866,629
1910991905,128
1910992082,165
1910992394,434
1910992565,115
1910992721,52
1910992730,439
1910993426,422
1910993459,111
1910993492,97
1910993537,161
1910993636,308
1910993810,174
1910993864,243
1910993981,18
1910994071,30
1910994227,374
1910994644,451
1910994731,816
1911190546,367
1911190647,824
1911190966,1121
1911190981,790
1911191407,1163
1911191743,516
1911191869,236
1911192139,1658
1911192232,1188
1911192311,9662
1911192772,9121
1911192856,281
1911193000,1302
1911193402,159
1911194320,194
1911194524,2727
1911194695,1584
1911390228,2381
1911390312,385
1911390360,2108
1911390390,694
1911390577,137264
1911390739,812
1911390774,568
1911391269,4675
1911391326,1543
1911391410,7313
1911391671,1221
1911392142,1413
1911392649,817
1911392796,1565
1911392859,44817
1911392976,14053
1911393237,1383
1911393525,2846
1911393987,764
1911394527,3382
1911590792,2856
1911590807,796
1911591170,385
1911591218,230
1911591620,1208
1911592235,200
1911592874,98
1911593018,1225
1911593159,523
1911593465,748
1911594230,105
1911594416,2304
1911790216,310
1911790549,185
1911790643,4242
1911791230,548
1911792145,453
1911792469,444
1911792568,451
1911793240,246
1911793366,173
1911794233,237
1911794431,102
1911794530,720
1911794713,605
1911990051,250
1911990579,289
1911990735,223
1911990873,155
1911991014,1018
1911991164,532
1911991524,264
1911991674,232
1911992385,1617
1911992436,386
1911992697,400
1911992742,454
1911992925,94
1911993606,1108
1911993642,410
1911993660,3297
1911993915,377
1911994707,1056
1912190846,769
1912191044,484
1912191614,107
1912192148,320
1912192238,731
1912192406,1163
1912192571,685
1912192775,1633
1912192979,675
1912193165,868
1912193288,610
1912193792,875
1912193942,1586
1912194236,539
1912194404,251
1912194626,214
1912194765,5416
1912390012,107
1912390255,536
1912390552,1285
1912391110,111
1912391527,1116
1912391872,972
1912392241,304
1912392574,369
1912392778,328
1912392982,225
1912393218,11504
1912393396,127
1912393495,1683
1912393609,410
1912393795,500
1912393969,1601
1912394239,145
1912394659,249
1912394722,449
1912590687,913
1912590882,1529
1912591413,286
1912592028,615
1912592328,10089
1912592376,12903
1912592472,963
1912593399,2951
1912593558,582
1912594041,1694
1912594242,513
1912594533,604
1912790117,595
1912791146,714
1912791749,1123
1912792244,880
1912792412,1402
1912792475,235
1912792658,314
1912792700,1053
1912792838,190
1912792862,823
1912792952,597
1912794011,1635
1912794104,19661
1912794116,10246
1912794356,257
1912794536,389
1912990072,226
1912990612,579
1912990933,218
1912991575,6037
1912992031,965
1912992043,829
1912992745,165
1912992809,1323
1912993147,2686
1912993354,456
1912993540,757
1912993741,86
1912993897,101
1912994719,140
1913190411,205
1913190555,795
1913191047,164
1913191116,417
1913192268,897
1913192478,237
1913192955,228
1913193075,495
1913193210,3658
1913193225,317
1913193663,260
1913193726,1632
1913194002,761
1913194245,114
1913194614,209
1913194683,186
1913390084,556
1913390192,202
1913390615,119
1913390828,633
1913391299,109
1913391416,272
1913391677,158
1913392283,184
1913392307,310
1913392355,210
1913392577,281
1913392817,701
1913393175,2839
1913393735,530
1913393867,348
1913393918,46
1913393939,331
1913393996,347
1913394671,291
1913394749,90
1913590285,196
1913590558,283
1913591419,151
1913591800,101
1913592151,237
1913592812,214
1913592985,567
1913593369,241
1913594140,4662
1913594248,650
1913594296,138
1913594617,73
1913791050,217
1913791104,1211
1913791380,248
1913791530,119
1913791680,531
1913792580,117
1913793327,116
1913793555,5843
1913793798,841
1913793870,678
1913794539,195
1913794647,98
1913990279,24353
1913990561,359
1913991491,2418
1913991494,822
1913991590,516
1913992358,257
1913992997,1079
1913993027,870
1913993204,652
1913993318,702
1913993816,439
1913994074,2120
1913994419,4750
1913994758,3222
1914190108,165
1914190438,288
1914190477,824
1914190618,302
1914190876,451
1914191356,5503
1914191422,1373
1914191683,108
1914191884,1873
1914191938,312
1914192481,235
1914192583,61
1914193174,153
1914194044,602
1914194251,999
1914194599,877
1914390054,170
1914390111,314
1914391111,1200
1914391302,321
1914391572,556
1914391584,225
1914391875,144
1914391986,172
1914393162,593
1914394365,174
1914394678,2023
1914394755,208
1914590066,435
1914590369,326
1914590765,127
1914591053,55
1914591125,190
1914591482,229
1914591686,5300
1914591848,353
1914592586,345
1914593021,67
1914593054,67
1914593123,5775
1914593315,1190
1914594086,240
1914594305,258
1914594542,174
1914790309,43
1914791203,57
1914791224,2712
1914791287,283
1914791335,140
1914791449,1266
1914791725,152
1914791941,887
1914792025,149
1914792718,157
1914793060,28
1914793714,385
1914793906,279
1914794338,74
1914794407,1251
1914794650,1000
1914990060,11228
1914991167,195
1914991188,232
1914991443,254
1914991533,1700
1914991689,350
1914991821,312
1914991908,268
1914992007,1890
1914992274,152
1914992484,310
1914992589,232
1914992865,676
1914992904,196
1914993303,985
1914993429,1011
1914993462,1920
1914993507,229
1914993564,1888
1914993921,176
1914993925,0
1914994005,344
1914994254,78
1914994545,631
1914994665,490
1915190183,278
1915190564,835
1915190621,1865
1915190768,79
1915190867,434
1915190984,99
1915191074,102
1915191536,231
1915191692,153
1915192361,337
1915192592,127
1915192670,116
1915192880,103
1915193474,136
1915193685,626
1915193690,48
1915193873,173
1915194068,1304
1915390042,4226
1915390168,3282
1915390270,33841
1915390456,2590
1915390690,23327
1915390858,68211
1915390951,10261
1915390987,100004
1915391056,12380
1915391185,1609
1915391371,11559
1915391425,5485
1915392247,14527
1915392409,64103
1915392595,1473
1915392781,6101
1915393759,6753
1915393762,138
1915394257,296
1915394410,69695
1915394548,297
1915394629,63017
1915590174,1465
1915590297,359
1915590483,897
1915590624,163
1915590852,1037
1915591545,7815
1915591788,171
1915591839,1197
1915591896,1318
1915592187,165
1915592292,54071
1915592298,948
1915592325,1757
1915592364,1249
1915592388,1454
1915592433,12110
1915592598,320
1915592748,344
1915592949,1042
1915593057,1296
1915593135,1396
1915593372,171
1915593678,472
1915593900,921
1915594311,461
1915594551,179
1915594605,276
1915594785,188
1915594809,182
1915790141,1772
1915790660,264
1915790930,490
1915791695,395
1915791774,9505
1915792154,1733
1915792250,404
1915792601,328
1915792784,648
1915792805,597
1915793375,196
1915793801,194
1915793846,187
1915794026,361
1915794260,600
1915794434,545
1915794554,326
1915990087,449
1915990219,88
1915990741,99
1915991698,185
1915992253,148
1915992487,264
1915992604,75
1915992724,47
1915992922,50
1915992988,62
1915993034,1816
1915993432,196
1915993567,43
1915993630,114
1915994119,248
1915994263,207
1915994557,485
1915994602,69
1916190321,1060
1916190567,452
1916190744,76
1916190819,119
1916190825,236
1916190954,287
1916191059,155
1916191149,202
1916191251,827
1916192157,2085
1916192430,904
1916193612,1009
1916193723,414
1916194368,556
1916194383,1218
1916194710,89
1916390048,875
1916390282,3830
1916390393,5120
1916390429,3239
1916390726,497
1916390893,100913
1916391923,529
1916392391,6077
1916392490,557
1916392607,482
1916393420,41593
1916393510,1336
1916393849,7464
1916394764,2096
1916590513,413
1916590627,526
1916590693,984
1916591062,188
1916591305,254
1916591731,72
1916591791,19
1916591849,4891
1916592160,262
1916592256,849
1916592610,245
1916592991,161
1916593447,85
1916593834,968
1916594266,700
1916594560,574
1916594689,587
1916790399,2330
1916790468,409
1916790630,669
1916791098,193
1916791122,786
1916791359,1142
1916791539,154
1916791701,576
1916791965,6606
1916792613,2694
1916792703,626
1916792733,470
1916793051,2266
1916793345,541
1916793549,610
1916793666,4680
1916793813,107
1916793852,961
1916793876,390
1916793924,117
1916794563,184
1916794635,2429
1916794653,7272
1916990777,806
1916991428,25578
1916991704,1368
1916991992,2376
1916992034,1951
1916992340,3126
1916992616,759
1916992934,580
1916993063,7025
1916993066,933
1916993261,6779
1916993615,281
1916993879,160
1916994269,1303
1916994437,581
1916994566,46860
1917190375,211
1917190474,992
1917190480,149
1917190669,1712
1917190786,221
1917190864,160
1917191554,435
1917191707,297
1917191944,203
1917191995,241
1917192037,986
1917192619,224
1917193180,496
1917193243,135
1917193306,1822
1917193618,92
1917193750,778
1917193972,1444
1917194083,3117
1917194128,2777
1917194812,376
1917390171,1373
1917390222,294
1917390708,46
1917390885,560
1917391548,34
1917391710,509
1917391794,144
1917391971,68
1917392163,53
1917392259,144
1917392883,155
1917392889,352
1917393126,72
1917393348,1683
1917393450,58
1917393705,100
1917394569,223
1917590856,7435
1917591011,399
1917591065,630
1917591713,282
1917591947,354
1917592280,310
1917592622,229
1917593084,581
1917593351,189
1917593378,84
1917593753,126
1917593954,190
1917594272,1184
1917790294,517
1917790570,188
1917790651,225
1917790990,280
1917791320,881
1917791851,514
1917791911,63
1917792166,1333
1917792505,459
1917794275,739
1917794323,1278
1917794341,98
1917794359,534
1917794572,132
1917990015,523
1917990027,1085
1917990516,153
1917990633,26937
1917990789,1096
1917990795,247
1917990870,628
1917991737,818
1917991950,79
1917992313,772
1917993381,241
1917993453,696
1917993621,1022
1917994575,1065
1918190045,4829
1918190189,1301
1918191117,985
1918191764,8591
1918192036,16044
1918192169,978
1918192262,2292
1918192493,429
1918192652,11330
1918193228,1141
1918193264,751
1918193624,1245
1918194000,651
1918194278,504
1918194371,925
1918194684,814
1918194716,592
1918194725,1007
1918390339,759
1918390573,215
1918390696,208
1918390849,591
1918391089,391
1918391236,4610
1918391431,430
1918391953,210
1918392073,2593
1918392172,614
1918392511,2186
1918392868,720
1918393195,988
1918393819,182
1918394578,7864
1918590225,237
1918590699,162
1918590747,122
1918590840,1786
1918591617,351
1918591998,43
1918592175,229
1918592265,22
1918592994,266
1918593627,685
1918593951,340
1918594281,108
1918594413,1101
1918594440,616
1918594581,82
1918594788,382
1918790102,1094
1918790405,230
1918790702,386
1918790771,205
1918790831,610
1918790915,1146
1918790936,258
1918791068,1094
1918791191,678
1918791370,24827
1918791497,357
1918791596,1069
1918791842,85
1918792178,372
1918792277,403
1918792715,597
1918793069,206
1918793220,665
1918793423,694
1918793684,534
1918794053,334
1918794584,747
1918794632,253
1918794800,42
1918990396,1006
1918990636,2366
1918991152,185
1918991365,4542
1918991716,222
1918992316,578
1918992628,218
1918992640,125
1918992706,162
1918993038,723
1918993105,226
1918993141,230
1919190273,702
1919190288,247
1919190414,710
1919190447,1784
1919190462,497
1919190924,9351
1919191434,559
1919191485,173
1919191578,341
1919191917,216
1919191956,207
1919192181,210
1919192631,785
1919192787,259
1919192937,1232
1919193201,334
1919193384,539
1919193984,388
1919194056,375
1919194587,964
1919390078,1950
1919390123,970
1919390810,1717
1919391362,746
1919391623,194
1919391719,125
1919392295,619
1919392373,201
1919392496,957
1919392661,306
1919392667,285
1919392940,174
1919393015,137
1919393045,766
1919393222,439
1919393669,840
1919393720,491
1919393925,86101
1919393929,1118
1919394284,568
1919394674,426
1919394752,510
1919394770,168
1919394773,6439
1919590132,112
1919590345,526
1919590357,111
1919590891,312
1919590939,131
1919591338,650
1919591797,2436
1919591881,88
1919592310,433
1919592634,1677
1919593909,396
1919594287,478
1919790186,401
1919790261,707
1919790306,0
1919790918,369
1919791101,3812
1919791722,1428
1919792076,290
1919792367,168
1919792499,664
1919792637,1411
1919793144,182
1919793387,2754
1919794143,99
1919794344,36
1919794386,101
1919794779,369
2000110725,289
2000115825,558
2000117175,35
2000120550,935
2000120900,387
2000126100,143
2000133450,1793
2000133475,153
2000134300,5348
2000134325,932
2000137725,492
2000141725,32
2000144850,727
2000153075,252
2000162600,407
2000325925,3202
2000334050,150
2000334725,405
2000340475,136
2000342450,261
2000347725,159
2000353900,498
2000358000,155
2000358825,549
2000359175,494
2000374650,591
2000375500,433
2000376450,270
2000377275,531
2000502900,10785
2000506150,1195
2000511550,442
2000528225,526
2000536100,131
2000538350,705
2000548925,979
2000564275,1247
2000574800,198
2000700400,5
2000717300,0
2000719150,8
2000720800,256
2000720925,292
2000731175,115
2000737150,915
2000737900,0
2000743550,5
2000745525,2011
2000747050,11
2000748075,28
2000764350,256
2000769300,35
2000771675,0
2000772750,132
2000900850,8
2000904975,8
2000909075,235
2000913025,77
2000913475,201
2000914025,8
2000915125,367
2000920425,2192
2000921750,183
2000922400,88
2000927475,17
2000928300,14479
2000928325,1549
2000932550,2643
2000933975,455
2000938125,348
2000939875,126
2000941750,140
2000951200,283
2000954900,498
2000966525,641
2000966725,196
2000972025,46
2000974825,304
2000977600,5
2001118750,289
2001124000,7555
2001124300,253
2001124600,476
2001144650,1583
2001144900,470
2001146675,279
2001153100,128
2001154775,315
2001163500,2705
2001170600,259
2001174850,82
2001329725,156
2001331675,3197
2001331700,584
2001333200,1610
2001334500,388
2001347200,641
2001348325,359
2001354025,203
2001357375,767
2001360350,242
2001362025,0
2001374875,718
2001375525,478
2001503300,9216
2001503325,1299
2001506200,1982
2001507500,497
2001508825,17665
2001512750,304
2001513575,78
2001514175,157
2001518425,1912
2001520075,12769
2001520100,272
2001522275,429
2001522450,407
2001526400,132
2001531750,95
2001540500,257
2001541625,1111
2001541775,84
2001546875,1162
2001549225,623
2001556200,5425
2001556850,690
2001557775,2561
2001559250,2617
2001560475,335
2001561125,549
2001567275,1266
2001569700,427
2001571150,2588
2001572050,210
2001574900,1168
2001704700,66
2001711225,31
2001715875,174
2001717975,167
2001722850,1159
2001732950,15
2001745125,68
2001768600,553
2001770775,328
2001905575,462
2001910425,18
2001911575,47
2001930275,88
2001931300,107
2001935125,657
2001937650,89
2001941525,335
2001962775,56
2001963775,1388
2001969025,59
2001975550,64
2002104625,3855
2002112800,226
2002115075,2881
2002116225,784
2002125100,2754
2002125250,2721
2002142350,321
2002143075,629
2002143400,401
2002147000,53
2002149725,72
2002153450,0
2002156675,294
2002161350,812
2002162575,181
2002163325,371
2002164475,472
2002164625,228
2002167725,1241
2002176350,855
2002306025,0
2002306850,911
2002309950,25
2002314150,14
2002335025,4
2002353050,50
2002375375,1624
2002502100,939
2002511600,818
2002521375,109
2002539775,54
2002539900,0
2002565725,54
2002702950,226
2002707050,148
2002707325,81
2002712525,144
2002713625,4132
2002713650,323
2002722100,85
2002723475,88
2002725500,101
2002726250,74
2002727025,1
2002727500,227
2002730875,172
2002731825,113
2002749000,302
2002751725,256
2002759025,1278
2002764850,249
2002772075,48
2002902275,26
2002903450,81
2002909100,122
2002911625,308
2002914775,11
2002915200,5015
2002920150,916
2002927525,312
2002938875,182
2002940525,317
2002943425,124
2002945925,65
2002949600,27
2002951750,48
2002965375,87
2002965425,112
2002966250,441
2002968050,612
2002969050,92
2003103550,211
2003109400,2605
2003109425,249
2003129775,4
2003136650,332
2003139675,582
2003139925,544
2003140550,1237
2003149750,134
2003153700,562
2003156225,577
2003157200,132
2003160500,912
2003167375,86
2003168000,141
2003303525,22
2003314725,977
2003357325,67
2003357875,663
2003502300,11884
2003505025,205
2003507875,1207
2003511250,44
2003516375,1640
2003517950,646
2003522475,39
2003527550,52
2003530525,34
2003539950,49
2003544450,1037
2003550625,964
2003552850,255
2003553625,136
2003556500,978
2003559275,243
2003560525,234
2003562625,297
2003564650,149
2003565500,755
2003565575,322
2003567400,51
2003570725,239
2003573575,324
2003574925,826
2003579875,90
2003579950,11711
2003703750,3470
2003716250,1020
2003724850,3392
2003726300,2777
2003727575,269
2003740575,606
2003749025,442
2003753125,685
2003756025,20637
2003764675,1107
2003764875,459
2003774975,607
2003775575,3537
2003901300,15
2003901650,0
2003904475,0
2003905050,56
2003911650,12
2003915375,0
2003916850,161
2003918625,110
2003923425,9
2003925525,0
2003927600,0
2003930050,39
2003935400,130
2003939975,74
2003940600,197
2003941825,6
2003943450,0
2003952000,1734
2003952025,28
2003952675,15
2003956525,49
2003957475,3
2003961025,0
2003963050,0
2003964900,0
2003969075,88
2004100125,6449
2004103975,9
2004108925,411
2004111675,1005
2004112700,109
2004123550,232
2004124250,445
2004125550,104
2004127625,1204
2004130900,251
2004131400,2164
2004132625,83
2004133100,500
2004135175,320
2004140000,353
2004140625,1584
2004141850,177
2004143475,196
2004150225,251
2004150800,1788
2004159800,78
2004159900,185
2004164925,184
2004172100,170
2004177625,62
2004179450,131
2004309500,203
2004311700,1804
2004333850,214
2004334400,1585
2004344675,64
2004372125,204
2004375600,2922
2004376100,201
2004380275,306
2004514325,507
2004521700,7823
2004527650,321
2004536075,1386
2004538900,96051
2004539175,1648
2004544700,962
2004554225,7758
2004574400,2313
2004579500,1533
2004705850,175
2004724350,67
2004734750,35
2004737075,1328
2004737100,63
2004740650,103
2004741875,72
2004751100,86
2004766550,66
2004771400,256
2004776125,528
2004920325,200
2004928550,240
2004933275,582
2004940025,155
2004942675,449
2004951950,101
2004954075,36
2004954925,43
2004972500,160
2004979150,487
2005106650,2593
2005108950,853
2005120450,2189
2005124625,510
2005131100,21143
2005131525,1632
2005302575,71
2005307025,67
2005310800,17
2005313725,58
2005315025,76
2005320500,3108
2005320525,684
2005321150,272
2005325575,30
2005328600,264
2005338600,144
2005340675,0
2005349050,56
2005350825,18
2005354100,0
2005364950,20
2005370450,68
2005371525,39
2005372800,479
2005379700,889
2005525325,27819
2005525350,5738
2005525600,233
2005534675,212
2005555800,410
2005556550,87
2005564800,3344
2005570225,241
2005707375,48
2005709025,845
2005715150,100
2005718225,1086
2005718250,27613
2005721450,1314
2005722500,232
2005723750,335
2005727350,269
2005759300,414
2005761575,262
2005766150,39
2005767150,1324
2005777675,94
2005779100,99
2005902075,101
2005912475,930
2005916900,763
2005924375,3094
2005928750,275
2005930300,438
2005930925,716
2005933000,688
2005940700,916
2005952350,736
2005953550,12678
2005953575,675
2005955425,715
2005957025,1323
2005957225,535
2005959700,877
2005979325,646
2006107275,88
2006134775,37
2006135200,2453
2006135750,22331
2006140050,152
2006143500,330
2006146550,1350
2006166000,8996
2006180025,78
2006303775,1404
2006325000,30
2006327075,134
2006327225,325
2006328925,546
2006335425,94
2006338750,49
2006339750,5
2006355050,212
2006501325,40
2006508850,74
2006526175,13
2006527175,93
2006529950,9
2006532200,1597
2006534000,16
2006546625,68
2006548250,55
2006550575,0
2006555900,20
2006566300,133
2006579225,271
2006740725,6345
2006764975,566
2006768875,318
2006913300,2297
2006915500,691
2006919525,393
2006923675,143
2006934250,632
2006941900,190
2006947900,1355
2007171475,1304
2007303625,303
2007321800,2223
2007321825,295
2007322800,310
2007335000,336
2007338425,82
2007344075,1099
2007353650,173
2007356375,37
2007358175,107
2007362650,45
2007362875,278
2007364600,154
2007366925,71
2007367425,98
2007371825,308
2007504850,17
2007515425,44
2007536425,80
2007538275,224
2007540075,0
2007545650,11
2007559325,0
2007569875,2095
2007701975,2246
2007730175,1136
2007771201,917
2007771205,162
2007771209,190
2007771213,70
2007771217,397
2007771221,282
2007901500,352
2007909600,955
2007917025,484
2007921025,4043
2007925300,53
2007929600,2516
2007929625,347
2007931875,385
2007937825,174
2007938150,484
2007943925,385
2007950475,18397
2007950500,2369
2007956250,274
2007959350,241
2007963825,1677
2007975225,620
2008118825,1027
2008130625,2119
2008141675,495
2008306225,18
2008311725,732
2008329525,84
2008344575,321
2008351350,30
2008363225,113
2008366900,53
2008368175,238
2008372825,63
2008500350,429
2008504025,198
2008511275,858
2008518350,2290
2008524400,766
2008525625,914
2008527700,145
2008532825,3387
2008535225,588
2008540125,620
2008540750,1021
2008549975,404
2008566200,467
2008568475,144
2008575625,623
2008578125,487
2008717425,2211
2008722525,1400
2008735250,996
2008736125,1212
2008736575,1775
2008751475,1076
2008753400,2058
2008753950,1405
2008760575,2778
2008761700,486
2008763100,976
2008772150,1976
2008901225,7
2008902975,3
2008908725,37
2008909125,487
2008909550,189
2008910075,0
2008911750,1034
2008921575,45
2008921625,88
2008927725,150
2008930350,7
2008931900,42
2008932800,19
2008934375,0
2008934800,45
2008940450,79
2008947800,125
2008952125,0
2008957400,198
2008959375,47
2008965675,95
2008973725,0
2008975000,5
2008975650,214
2008977925,0
2009103225,4663
2009107975,0
2009117850,6414
2009119825,1924
2009122700,4159
2009125425,24526
2009125450,2540
2009137975,889
2009139075,33809
2009139350,58384
2009139800,1248
2009143625,965
2009146000,11085
2009147225,9915
2009147350,3548
2009147425,184
2009152575,145057
2009152600,497
2009153775,200306
2009153825,2089
2009157575,22874
2009160825,6763
2009164500,68542
2009167625,5647
2009167650,2041
2009177500,2093
2009177525,469
2009317250,829
2009319550,90
2009330500,104
2009336450,177
2009338200,2398
2009367025,224
2009377050,42
2009501250,89
2009505675,44
2009506050,510
2009510450,188
2009513125,123
2009516925,58
2009518650,401
2009519225,288
2009521850,69
2009522000,471
2009525125,188
2009533050,48
2009536950,2957
2009536975,162
2009540150,95
2009550650,195
2009555550,47
2009559400,71
2009560375,158
2009561725,202
2009572175,37
2009572850,102
2009573975,354
2009577775,329
2009737185,2422
2009910325,76
2009912950,977
2009920750,526
2009922550,355
2009929350,253
2009933300,225
2009937400,557
2009940175,553
2009947850,57
2009948850,727
2009948950,1356
2009949775,86
2009950975,559
2009953150,1096
2009953450,1937
2009953475,314
2009954675,9425
2009959425,133
2009975250,657
2010100775,62
2010113050,418
2010118075,952
2010177950,3
2010179725,26
2010301100,767
2010307975,95
2010317450,795
2010317850,0
2010319625,1451
2010322325,11960
2010332125,2150
2010336700,1637
2010338650,11246
2010339000,37195
2010358950,1487
2010365000,2851
2010368500,5286
2010370825,6203
2010504525,14
2010505075,314
2010511500,99
2010515000,284
2010520375,716
2010524425,82
2010526800,16
2010527750,49
2010529850,39
2010531950,95
2010534025,236
2010541925,9
2010544100,161
2010544725,20
2010552950,28
2010556275,534
2010562800,11
2010563525,96
2010572900,14
2010573650,106
2010707625,489
2010712350,418
2010740200,1118
2010740825,2621
2010748775,1307
2010754375,522
2010757175,2403
2010763550,309
2010764700,349
2010767875,97
2010772925,134
2010903350,26
2010920225,0
2010939200,17
2010942325,10
2010943600,54
2010948050,138
2010951850,2094
2010955025,18
2010961900,31
2010976900,48
2010980100,271
2011100525,548
2011101700,1440
2011111800,1115
2011120687,727
2011121275,24131
2011121300,961
2011124750,885
2011134700,267
2011134825,836
2011155825,782
2011158625,354
2011175925,140
2011304550,113
2011307925,122
2011310500,826
2011310950,192
2011317575,115
2011321200,1409
2011329150,135
2011329325,14
2011330225,90
2011330950,238
2011334850,115
2011336900,604
2011341375,3792
2011341600,557
2011342525,693
2011343950,13995
2011343975,621
2011344950,635
2011345975,290
2011348675,2070
2011350350,867
2011366025,277
2011367000,185
2011367750,258
2011369475,1681
2011371700,191
2011372225,120
2011507125,250
2011511075,284
2011512437,358
2011513500,298
2011513750,405
2011514800,165
2011518550,84
2011519100,131
2011519325,175
2011522350,188
2011523600,522
2011525075,61
2011527775,162
2011532275,2700
2011539250,322
2011540225,216
2011541950,164
2011542850,109
2011544750,1746
2011545800,214
2011546900,348
2011548100,63
2011555125,1242
2011560000,322
2011569100,20
2011576775,913
2011579750,292
2011703850,99
2011706725,31
2011707675,32
2011707700,1048
2011711850,162
2011713875,49
2011714100,68
2011715850,27
2011720600,53
2011724450,141
2011729225,341
2011731450,328
2011740850,232
2011741975,389
2011745050,3422
2011745075,145
2011749275,635
2011750850,106
2011752550,233
2011759450,116
2011760425,168
2011762100,148
2011773550,850
2011775025,219
2011775975,851
2011776525,100
2011913325,15
2011916450,90
2011924200,646
2011942000,82
2011945350,1529
2011946025,238
2011952075,44
2011962925,48
2011977300,1211
2012142875,5094
2012145100,2302
2012146100,878
2012146225,1833
2012148700,949
2012153175,998
2012153225,4182
2012153250,1055
2012154250,5770
2012154275,1021
2012159475,2357
2012167625,3473
2012167925,809
2012168825,383
2012170125,1343
2012172950,969
2012176225,1522
2012302625,42
2012305775,3029
2012305800,128
2012307425,89
2012307575,15
2012310850,62
2012311150,393
2012311875,0
2012316875,101
2012321875,68
2012326525,584
2012330975,11
2012342025,166
2012343225,54
2012356050,454
2012356825,212
2012361500,0
2012362825,64
2012366450,29
2012371725,203
2012375150,75
2012510375,1431
2012510400,1350
2012512850,355
2012512875,442
2012512925,2096
2012514600,8662
2012518700,489
2012523325,1469
2012533875,8422
2012533900,3027
2012540275,391
2012542900,533
2012554525,984
2012561925,178
2012569750,1028
2012576825,83
2012715925,2265
2012731400,0
2012731975,69
2012753750,60
2012771202,446
2012771206,616
2012771210,478
2012771214,199
2012771218,513
2012771222,109
2012771227,285
2012771232,99
2012771237,201
2012913350,76
2012935650,0
2012959225,151
2012960925,642
2012969975,1668
2012977225,74
2013100275,163
2013106375,511
2013110575,48
2013111900,75
2013113775,194
2013126275,172
2013127275,103
2013130375,336
2013132900,540
2013133725,452
2013144775,284
2013147475,665
2013149625,54
2013150050,96
2013158750,153
2013158900,62
2013159725,561
2013160600,327
2013162025,2471
2013163950,2090
2013175675,399
2013177575,404
2013306675,338
2013310525,622
2013312375,291
2013312500,8598
2013312975,937
2013321525,1383
2013327800,302
2013337600,117
2013340875,297
2013347250,976
2013365300,449
2013370650,926
2013375175,420
2013504800,567
2013511925,1178
2013519775,47
2013523875,31
2013524475,89
2013532100,34
2013535550,38
2013550125,382
2013552400,226
2013575400,61
2013701450,703
2013712260,1303
2013732060,550
2013751500,2689
2013766410,114
2013900450,465
2013902550,165
2013904175,239
2013909375,1609
2013918575,134
2013920175,1734
2013922150,476
2013927850,279
2013935725,1175
2013940925,183
2013945725,655
2013952725,434
2013953200,2828
2013959825,2237
2013963700,1287
2013969500,282
2013973200,1562
2014106425,92
2014107400,17
2014115625,89
2014116100,19
2014117500,4
2014127875,0
2014129825,153
2014130850,0
2014133925,36
2014134875,25
2014136750,0
2014138925,7
2014140300,16
2014148875,51
2014149450,434
2014153325,1358
2014155350,134
2014161375,777
2014161475,17
2014169150,141
2014170575,59
2014173000,0
2014173750,3
2014179975,20
2014306100,1384
2014307150,118
2014308975,83
2014311975,47
2014312575,68
2014315175,373
2014316725,102
2014319075,53
2014324075,67
2014325725,62
2014327900,62
2014331325,0
2014340950,159
2014342050,65
2014347075,2043
2014348500,414
2014353600,40
2014359500,200
2014364725,356
2014365025,19
2014367950,104
2014502825,51
2014508750,433
2014515225,30
2014525775,140
2014527925,72
2014536625,15
2014538700,3423
2014538725,320
2014540975,7
2014542075,9
2014548525,9
2014553000,41
2014554800,694
2014556400,113
2014556475,185
2014556600,185
2014560050,87
2014563025,213
2014563250,12
2014565275,19
2014573225,6
2014575050,80
2014702150,97
2014705100,56
2014705700,10
2014708075,15
2014716550,42
2014717100,9
2014717200,61
2014724650,78
2014726650,37
2014727450,28
2014728775,9
2014737300,145
2014742125,619
2014742625,223
2014748725,140
2014755675,2130
2014755700,206
2014756125,3
2014756775,317
2014757550,179
2014761800,0
2014766350,247
2014769175,74
2014771175,10
2014773025,74
2014775075,4
2014905950,245
2014907550,5173
2014907725,360
2014912000,22
2014913800,91
2014921125,906
2014927950,413
2014928450,211
2014941000,77
2014942550,313
2014942950,954
2014944250,0
2014946700,968
2014957250,714
2014960625,559
2014962150,30
2014962225,4787
2014962425,3932
2014964300,322
2014965050,186
2014967475,56
2014972250,93
2014973875,41
2014975350,5751
2015157625,6577
2015171223,566
2015171228,255
2015171233,48
2015171238,351
2015171242,142
2015171245,310
2015171248,878
2015300175,47
2015303175,1362
2015312037,212
2015318675,46
2015331462,293
2015335300,21
2015343200,18
2015347175,43
2015360362,377
2015372275,97
2015500875,888
2015502350,500
2015505350,57
2015511000,681
2015512050,870
2015513600,1666
2015521475,132
2015528025,1605
2015529025,44
2015530750,1740
2015531000,0
2015533550,127
2015533625,39709
2015538525,159
2015541050,491
2015541550,1965
2015541700,87
2015545450,170
2015545600,1163
2015546125,373
2015550525,1001
2015550700,468
2015556750,167
2015558975,4337
2015561150,144
2015562850,604
2015569200,458
2015569825,257
2015571600,55
2015573075,982
2015575100,13
2015577175,255
2015580775,385
2015700900,104
2015705150,178
2015705600,2086
2015705625,123
2015706550,99
2015716050,241
2015720275,118
2015722575,125
2015723200,74
2015724675,78
2015728050,28
2015735325,138
2015740325,33
2015741075,198
2015751575,163
2015759575,219
2015761200,166
2015763375,340
2015772300,11
2015775700,82
2015777975,42
2015903075,57
2015905375,0
2015912075,106
2015919725,176
2015921900,40
2015923100,293
2015925175,96
2015930425,57
2015941100,540
2015943525,3553
2015947525,67
2015952150,137
2015955925,30
2015958575,162
2015960725,30
2015968200,2411
2015968225,224
2015972325,570
2015973100,205
2015973825,475
2015977425,81
2015979775,40
2016102725,87
2016103825,767
2016112100,126
2016122950,76
2016128075,779
2016134900,441
2016144125,9271
2016144250,54239
2016144275,1779
2016145225,102
2016152300,2345
2016165075,775
2016169650,216
2016179175,771
2016180900,172
2016371203,116
2016371207,342
2016371211,1471
2016371215,19
2016371219,35
2016371224,34
2016371229,161
2016371234,271
2016371239,16
2016371243,108
2016371246,2137
2016371249,103
2016501087,128
2016504075,177
2016506775,134
2016512125,204
2016525800,13
2016529812,257
2016533750,18
2016537525,1282
2016542500,166
2016555950,444
2016556325,65
2016572350,59
2016706700,664
2016712150,308
2016722200,14
2016722650,515
2016728100,190
2016741125,65
2016743275,143
2016754350,230
2016756925,200
2016761825,4217
2016761850,23
2016774600,62
2016780125,48
2016910100,315
2016917125,68
2016920650,1206
2016921925,612
2016922925,184
2016926475,76
2016928375,690
2016929275,214
2016940350,125
2016952425,368
2016956625,532
2016962700,46307
2016966050,169
2016966075,728
2016966125,605
2016966375,421
2016967500,297
2016975125,601
2016975725,150
2017105175,271
2017134575,101
2017136600,104
2017137850,42
2017146175,62
2017163575,470
2017163600,3800
2017173125,177
2017300425,1289
2017303125,7910
2017305337,9043
2017317375,14
2017319250,1291
2017321550,123
2017325400,2302
2017327300,551
2017328125,5489
2017328400,905
2017329300,10158
2017333775,2058
2017336250,10177
2017341150,485
2017347125,3396
2017348550,2792
2017350725,3398
2017352450,2157
2017354425,7531
2017355075,1125
2017360125,13323
2017360675,24132
2017362675,9499
2017365100,2176
2017372375,2651
2017373275,4843
2017374050,606
2017374300,857
2017379000,397945
2017523000,1253
2017539825,19316
2017539850,695
2017564075,222
2017703275,3299
2017718475,1442
2017729075,1161
2017745850,1673
2017747275,10074
2017747700,3168
2017761425,1581
2017765625,1844
2017766225,15103
2017770100,7744
2017771000,125786
2017771025,865
2017779350,4285
2017900300,0
2017907450,63
2017908125,12
2017919675,62
2017936525,1262
2017942225,84
2017954650,95
2017957500,39
2017964750,372
2017966400,133
2017967350,108
2017972400,37
2017973150,111
2017977375,48
2018126875,4121
2018128150,0
2018134450,107
2018134600,549
2018141175,25
2018141650,25
2018142250,284
2018144025,10
2018165175,0
2018165950,47
2018168150,258
2018172425,75
2018174175,278
2018175750,79
2018304100,25
2018305200,23
2018307200,0
2018311350,713
2018312175,1791
2018315525,13
2018316575,18
2018318300,70
2018325825,10
2018326150,7
2018330100,43
2018330550,131
2018333225,78
2018338450,88
2018341200,83
2018342275,33
2018345000,0
2018351650,321
2018354825,0
2018356300,4
2018369625,32
2018373175,34
2018375775,0
2018376275,22
2018378000,13
2018500800,22
2018509825,8
2018513825,24
2018514125,38
2018518375,63
2018519350,18
2018522675,95
2018523250,711
2018531025,328
2018541225,69
2018551375,234
2018552475,234
2018558050,7
2018559650,91
2018561300,41
2018562300,1007
2018566975,21
2018567800,879
2018572450,19
2018576875,68
2018580800,1
2018706600,167
2018744400,220
2018767975,1651
2018904125,261
2018912200,3977
2018930150,41
2018948625,453
2018974200,141
2018976800,289
2019103575,472
2019105525,3054
2019107750,57
2019109900,976
2019109925,156
2019113150,52
2019115300,1439
2019116300,84
2019118200,714
2019118525,117
2019119800,437
2019122875,200
2019126975,1714
2019128525,107
2019129175,350
2019130125,96
2019133800,98
2019134925,31
2019142400,572
2019148375,16
2019153335,151
2019153875,1200
2019154175,154
2019161950,120
2019164000,427
2019166675,513
2019167575,828
2019169225,101
2019173350,36
2019175300,318
2019176475,7615
2019176500,148
2019304325,16
2019314650,5387
2019319475,103
2019336925,163
2019337425,116
2019345775,40
2019348200,524
2019351300,66
2019361525,123
2019365900,225
2019366875,450
2019368975,55
2019376650,81
2019376975,536
2019514925,93
2019524500,5
2019526425,54
2019552250,260
2019560150,93
2019574475,2206
2019579137,66
2019701375,1390
2019723125,87
2019725850,551
2019736150,85
2019744525,1219
2019746725,170
2019747300,659
2019750275,1120
2019756800,582
2019760650,106
2019774250,340
2019775800,142
2019779525,558
2019930450,99
2019964400,900
2019974775,85
2019976700,333
2020104275,281
2020108250,76
2020112625,82
2020114225,318
2020114750,26
2020123275,137
2020124525,161
2020128175,25
2020128650,370
2020129425,226
2020129900,960
2020132025,12
2020133950,31
2020136850,86
2020141250,55
2020141450,640
2020141500,34
2020142300,43
2020143025,17
2020146750,204
2020164775,65
2020165125,303
2020168550,61
2020172475,57
2020175825,1155
2020175850,108
2020339575,2091
2020511375,734
2020512225,340
2020513000,134
2020514250,419
2020514825,343
2020518800,0
2020522825,515
2020524575,1945
2020529200,99
2020549650,2503
2020549675,420
2020550200,281
2020556650,227
2020557425,104
2020569900,234
2020573500,173
2020576300,34
2020712250,728
2020740375,170
2020749850,403
2020751025,39
2020755475,79
2020771075,420
2020780700,1270
2020907975,7744
2020917475,0
2020920000,4724
2020936000,155135
2020937975,51
2100190552,1882
2100190624,1609
2100190784,8847
2100191416,1579
2100191432,2296
2100193680,2876
2100390024,3322
2100391560,3716
2100391760,1621
2100393112,9365
2100393136,3269
2100591992,18765
2100592580,2663
2100593292,2925
2100790168,1292
2100791952,3991
2100793696,2371
2100990640,7565
2100991408,22277
2100991744,3633
2100992944,3418
2100993464,4041
2100993496,4004
2101192640,7070
2101193056,3380
2101193144,2401
2101391920,1578
2101392304,11549
2101392808,7549
2101392864,1127
2101393456,1706
2101590440,18631
2101591272,77629
2101591680,19640
2101593592,23941
2101792328,2493
2101792576,2087
2101792680,15660
2101990104,26155
2101990113,8685
2101990576,7620
2101990632,5451
2102191000,21942
2102191896,4908
2102192744,4091
2102390128,2569
2102390360,4058
2102391304,1817
2102590584,1757
2102591552,1453
2102591592,1753
2102591848,3274
2102592592,2180
2102592960,1738
2102593440,1121
2102790760,3015
2102791412,1435
2102791584,5291
2102791824,5212
2102792134,5928
2102991296,0
2102992008,5198
2102992440,29717
2102993160,38081
2102993168,11031
2103191888,1650
2103192392,4481
2103192936,1085
2103193392,1576
2103193648,3601
2103391336,2434
2103392848,10184
2103591658,3111
2103591936,4517
2103592480,22789
2103592512,3213
2103593176,4594
2103790040,16261
2103791448,9344
2103792545,67821
2103990080,1414
2103990160,1736
2103990968,1612
2104190608,8443
2104192840,2511
2104390616,1934
2104391440,2911
2104391480,10597
2104392608,3578
2104393552,3262
2104393704,4059
2104590736,2177
2104591052,1307
2104591088,2905
2104592040,6317
2104592296,3208
2104790928,5887
2104791288,11356
2104791768,39902
2104791960,3714
2104792596,11210
2104991278,2886
2104993269,3170
2104993744,31136
2105190096,1048
2105190248,2865
2105190448,6208
2105192216,5742
2105192616,1723
2105193200,2335
2105390032,6483
2105390944,2719
2105591098,2128
2105592240,4227
2105593265,1375
2105593650,1249
2105790432,3773
2105791924,2175
2105992624,46833
2105993556,28714
2105993692,28101
2106190368,6572
2106190376,3530
2106192212,1486
2106193424,767
2106391840,2096
2106393088,5211
2106591816,5790
2106592888,1290
2106593580,1576
2106593756,5379
2106792034,111617
2106792035,60870
2106792036,33307
2106792037,73922
2106792038,44009
2106991184,2720
2106991264,8038
2106991728,4565
2107190244,5025
2107191540,5270
2107192136,2424
2107192244,4616
2107192832,11483
2107192919,1751
2107193624,1886
2107193672,2769
2107390136,1083
2107391320,49748
2107392704,1011
2107591360,3777
2107591712,2632
2107591918,0
2107793616,8769
2107990400,6264
2107991976,7743
2107992664,3561
2108190840,2008
2108190896,8368
2108193720,15042
2108391208,2256
2108391216,3349
2108391722,5133
2108392256,15164
2108393128,2580
2108393432,4482
2108393752,3666
2108590560,3901
2108590704,2690
2108592016,14533
2108592336,3178
2108593192,2405
2108791064,2489
2108791504,4373
2108791536,1633
2108793408,2874
2108991260,16764
2108991512,7505
2108993290,2860
2108993530,3470
2108993784,4902
2109191640,2463
2109192032,4103
2109192696,2468
2109390656,3549
2109391128,55094
2109391298,6497
2109392880,39522
2109393264,3466
2109393416,2775
2109393664,1039
2109590056,1071
2109590648,1093
2109590936,5052
2109591608,12298
2109592792,1296
2109592824,1095
2109593545,1090
2109593584,2777
2109790232,2604
2109790240,2325
2109790984,14211
2109990280,3058
2109991568,2060
2109991600,4259
2109991784,4678
2109992472,5548
2110190848,6607
2110191672,4173
2110191704,20897
2110193320,12603
2110390520,2745
2110391152,6434
2110392504,3768
2110392816,2909
2110590752,4102
2110590792,337
2110791024,5131
2110791576,3073
2110792176,28549
2110792496,3438
2110792584,4232
2110793016,696
2110990076,5209
2110992152,4569
2110993080,3308
2111190683,98204
2111191099,77343
2111191276,17187
2111192105,1839
2111192106,33006
2111192108,90107
2111192109,73409
2111192110,54554
2111192572,48738
2111192573,53786
2111192820,46499
2111193267,25858
2111193270,122945
2111193283,39547
2111391912,7157
2111392552,39213
2111393736,8218
2111591256,2918
2111592560,2994
2111592600,2811
2111592672,13611
2111790864,113922
2111791808,49230
2111792800,8136
2111990196,2168
2111990600,3582
2111991160,2578
2111991736,3839
2111992448,1663
2112190144,12731
2112190396,1152
2112190824,7445
2112191040,1367
2112191400,3639
2112191472,2676
2112193520,855
2112390416,2889
2112391752,8089
2112392192,4129
2112590464,5504
2112590536,4025
2112590768,4802
2112591096,6850
2112591496,3315
2112591904,9741
2112592072,17497
2112592568,11249
2112790016,2456
2112790264,1604
2112790744,2119
2112792096,7989
2112793640,1909
2112990184,4674
2112993024,1536
2112993294,1129
2113190976,2568
2113191800,5465
2113192456,2046
2113390256,4129
2113390776,1246
2113391168,1349
2113391880,6575
2113393688,7509
2113591376,4316
2113591984,1788
2113593480,3206
2113593560,3655
2113790888,4143
2113791792,5210
2113793344,9577
2113793632,5574
2113993040,2941
2113993240,5962
2114190008,3038
2114190120,5716
2114192024,3689
2114192992,15543
2114391104,6896
2114391978,0
2114393272,2004
2114590516,3247
2114591436,6266
2114592648,53670
2114593028,4381
2114790808,951
2114792688,2437
2114792784,7000
2114793368,6479
2114990496,3385
2114991832,908
2114992056,3050
2114993000,1771
2115190224,26137
2115190290,10820
2115190856,1316
2115191940,3423
2115192912,48182
2115193578,5891
2115392968,2215
2115393072,7569
2115393660,1564
2115590320,1179
2115591464,1021
2115592000,10267
2115592088,3067
2115592536,705
2115592896,1149
2115593032,2361
2115790216,11260
2115790512,14072
2115791192,6411
2115991812,6458
2115993472,952
2115993600,3617
2116192272,1917
2116192280,15039
2116390176,3405
2116390328,13362
2116391248,13391
2116591344,3887
2116593662,2343
2116790424,3360
2116791624,14960
2116793064,4708
2116990664,2388
2116991112,5320
2116993400,2717
2117191312,2246
2117192400,1958
2117193488,7065
2117391872,7255
2117392416,21140
2117590568,2019
2117591132,2592
2117591456,2391
2117593656,4709
2117593776,2342
2117790352,3817
2117790680,8106
2117791080,3452
2117791520,11470
2117792736,1999
2117792952,1747
2117990152,27560
2117990272,3911
2117990304,3481
2117990880,9238
2117992520,3416
2118190592,5457
2118191664,2251
2118390200,7385
2118390672,1469
2118391280,2947
2118391632,4264
2118391688,3424
2118391776,2313
2118392144,1933
2118591968,27313
2118592752,41944
2118792360,3044
2118792528,3052
2118792632,5234
2118990296,2170
2118990872,606
2118993376,1195
2119190472,6849
2119191200,5034
2119191420,2840
2119390408,1096
2119390992,1600
2119391032,1900
2119391048,3250
2119391648,14189
2119391944,3212
2119393576,2252
2119590088,1452
2119591072,2326
2119591136,2493
2119591232,3341
2119591696,1607
2119592080,2057
2119592112,1586
2119592264,2657
2119592320,3614
2119592760,3236
2119592768,16433
2119592872,4191
2119592928,3609
2119593208,2167
2119593304,5958
2119790728,6299
2119793352,6739
2119990456,5717
2119991176,6080
2119992432,1605
2119992488,5191
2119993104,5306
2119993184,2648
2119993256,39350
2120192408,2283
2120390800,3113
2120392064,2606
2120392424,10444
2120591725,6273
2120592376,18305
2120790384,1756
2120791120,3260
2120791864,3822
2120792984,9383
2120991392,48219
2120993008,3578
2120993336,7739
2121190696,3227
2121191616,5126
2121193152,30109
2121193232,10634
2121391101,2634
2121391328,17338
2121593448,6439
2121593668,13754
2121790528,20862
2121792224,2651
2121793048,2884
2121991144,5620
2121991544,2521
2121991928,2589
2121993504,1739
2122190480,6725
2122190588,4787
2122190687,2797
2122191290,0
2122191980,6
2122390208,5172
2122392352,3378
2122592384,7299
2122593384,4430
2122593536,1531
2122790060,8062
2122790312,103920
2122791488,1808
2122791556,4010
2122793084,9374
2122793248,6157
2122793760,7587
2122993328,9058
2122993728,3082
2123190816,1028
2123191528,1463
2123192344,4177
2123192368,9652
2123193792,3282
2123390720,2090
2123391056,2376
2123392856,3478
2123393120,4898
2123590832,12556
2123590952,6075
2123592712,187
2123593096,3452
2123593216,2067
2123593712,12583
2123790544,3708
2123791656,1315
2123792208,1420
2123992312,2451
2123993308,3710
2123993568,21118
2200194000,5343
2200194201,7939
2200194381,5740
2200194567,6104
2200194759,7073
2200194933,8725
2200195092,8458
2200195242,7573
2200394003,541
2200394204,4364
2200394384,4131
2200394570,3406
2200394762,3562
2200394936,3438
2200395095,3035
2200594006,12020
2200594206,12613
2200594387,12490
2200594572,11354
2200594765,12034
2200594938,11561
2200595097,12194
2200595244,11331
2200595361,10760
2200595466,10252
2200595544,13705
2200794009,2247
2200794207,2044
2200794390,2476
2200794573,2498
2200794768,2487
2200794939,2597
2200795098,1746
2200795245,1985
2200795362,2404
2200994012,4559
2200994210,5171
2200994393,4576
2200994576,5268
2200994771,3494
2200994942,2447
2200995101,5557
2200995248,3294
2200995365,4539
2201194015,3602
2201194213,2815
2201194552,2351
2201194555,2522
2201194558,3281
2201194561,3442
2201194564,3316
2201194732,6258
2201194744,4368
2201194774,4721
2201394018,2179
2201394216,1427
2201394396,1673
2201394579,1653
2201394777,2110
2201394945,2236
2201395104,1360
2201594021,10709
2201594219,10468
2201594399,13012
2201594582,9462
2201594780,11578
2201594948,19437
2201595107,7589
2201595251,8018
2201595368,8527
2201595470,10548
2201595548,9010
2201595614,11431
2201794024,18725
2201794222,17787
2201794402,13155
2201794585,19430
2201794783,12831
2201794951,13214
2201795110,17188
2201795254,21213
2201795371,32236
2201795473,18813
2201795551,23467
2201795617,21945
2201994027,13518
2201994225,14865
2201994405,11048
2201994588,11807
2201994786,13190
2201994954,14980
2201995113,15462
2201995257,15935
2201995374,13756
2201995476,15173
2201995554,14207
2201995620,14610
2201995671,10409
2201995704,13378
2201995728,14750
2202194030,1648
2202194228,651
2202194408,1641
2202194591,1651
2202194789,991
2202194957,1159
2202195116,1759
2202394033,167
2202394231,899
2202394411,1861
2202394594,352
2202394792,163
2202394960,169
2202395117,1404
2202594036,963
2202594234,640
2202594414,717
2202594597,2272
2202594795,874
2202594963,615
2202595119,414
2202595260,857
2202595377,1231
2202794039,1040
2202794237,2681
2202794417,1287
2202794600,1553
2202794798,1197
2202794966,1445
2202795122,828
2202795263,1107
2202795380,795
2202795479,1900
2202994042,2973
2202994240,1313
2202994420,3910
2202994603,5886
2202994927,2053
2202994930,2039
2203194165,2172
2203194174,2330
2203194183,1524
2203194243,4023
2203194423,3624
2203194735,1965
2203194747,1912
2203194753,2571
2203194756,2177
2203194801,2376
2203194969,2352
2203394045,41638
2203394246,29352
2203394426,44578
2203394606,39181
2203394804,32991
2203394972,34378
2203395125,31439
2203395266,38916
2203395383,41604
2203395482,34691
2203395557,40337
2203395623,43833
2203594048,392
2203594249,2314
2203594429,902
2203594609,1003
2203594807,523
2203594975,324
2203595128,694
2203595269,573
2203595386,347
2203794168,2263
2203794177,3174
2203794252,1992
2203794432,1964
2203794738,2784
2203794750,1874
2203794810,1651
2203794978,1827
2203795131,1742
2203994051,2799
2203994255,3140
2203994435,2420
2203994612,2927
2203994813,3876
2203994981,2558
2203995134,3377
2203995272,2469
2203995389,1488
2203995485,2651
2203995560,1751
2203995626,1454
2203995674,1150
2204194054,2711
2204194258,3417
2204194438,2172
2204194615,3835
2204194816,3047
2204194984,2443
2204195137,1783
2204394057,2061
2204394261,2796
2204394441,1623
2204394618,3119
2204394819,2806
2204394987,5889
2204395140,2152
2204395278,1649
2204594060,4201
2204594264,3341
2204594444,4818
2204594621,4206
2204594822,5182
2204594990,5083
2204595143,5516
2204595281,5090
2204595395,7324
2204595491,5054
2204595566,4522
2204595629,4102
2204595677,5794
2204595707,4366
2204794063,2473
2204794267,1569
2204794447,1093
2204794624,2603
2204794825,1871
2204794993,2000
2204795146,2161
2204795284,2261
2204795398,2693
2204795494,2006
2204795569,2454
2204795632,1200
2204795678,5431
2204994066,2641
2204994270,2938
2204994450,1648
2204994627,1117
2204994828,1689
2204994996,2691
2204995149,2160
2205194069,90396
2205194273,78208
2205194453,80772
2205194630,88497
2205194829,93047
2205394072,2071
2205394276,2751
2205394456,1829
2205394633,2025
2205394831,2342
2205394999,1382
2205395152,3083
2205395290,2763
2205395404,1912
2205395500,3195
2205395572,2593
2205395635,2006
2205395680,3972
2205595737,29874
2205595752,56622
2205595767,16554
2205595782,13523
2205595797,21787
2205595812,31918
2205595827,77719
2205794075,10791
2205794279,11575
2205794459,13029
2205794636,11947
2205794834,9882
2205795002,10790
2205795155,9117
2205795293,10195
2205795407,8926
2205994078,1216
2205994282,1244
2205994462,2167
2205994639,1819
2205994837,1833
2205995005,1913
2205995158,1415
2205995296,1051
2205995410,1098
2205995506,1033
2206194080,3000
2206194284,4643
2206194465,4478
2206194642,3431
2206194840,5782
2206195007,5243
2206195160,4307
2206195298,3507
2206195412,3958
2206195508,2485
2206195577,4318
2206195640,3022
2206394081,12910
2206394285,24320
2206394468,19767
2206394645,8412
2206394843,19194
2206395008,23379
2206395161,17393
2206395299,9737
2206395413,13003
2206594084,1271
2206594288,1531
2206594471,821
2206594648,1416
2206594846,469
2206595011,819
2206595164,1902
2206595302,1284
2206794087,4175
2206794291,2634
2206794474,3283
2206794651,4524
2206794849,3890
2206795014,2866
2206795167,3179
2206994090,4558
2206994294,2159
2206994477,2020
2206994654,4235
2206994852,4409
2206995017,2956
2206995170,3601
2206995308,2901
2206995419,3121
2206995512,3534
2206995581,3199
2207198000,371853
2207395740,30235
2207395755,29229
2207395770,29719
2207395785,23302
2207395800,27567
2207395815,18428
2207594093,1641
2207594297,4946
2207594480,3365
2207594657,4866
2207594855,3462
2207595020,1802
2207595173,989
2207595311,688
2207595422,1044
2207794096,1536
2207794300,1301
2207794483,1322
2207794660,1511
2207794858,2064
2207795023,1980
2207795176,2045
2207795314,781
2207795425,1498
2207795515,1830
2207795584,2124
2207795641,2225
2207995743,14467
2207995758,13379
2207995773,19672
2207995788,9907
2207995803,16878
2207995818,11621
2207995830,13644
2207995839,14781
2207995848,13178
2208194099,1428
2208194303,1568
2208194486,890
2208194663,573
2208194861,1290
2208195026,587
2208195179,1107
2208394102,2541
2208394306,1860
2208394489,2044
2208394666,1648
2208394864,2669
2208395029,1130
2208395182,2534
2208395320,3336
2208395428,2060
2208594105,2313
2208594309,2031
2208594492,2941
2208594669,1819
2208594867,2957
2208595032,2596
2208595185,2373
2208595323,2719
2208595431,2228
2208795746,9365
2208795761,8366
2208795776,9658
2208795791,9916
2208795806,7114
2208994108,7058
2208994312,7640
2208994495,7849
2208994672,6087
2208994870,7327
2208995035,7530
2208995188,7905
2209194111,1792
2209194315,1724
2209194498,2329
2209194675,2201
2209194873,1959
2209195038,853
2209394114,2649
2209394318,2885
2209394501,2878
2209394678,3362
2209394876,2840
2209395041,2531
2209395191,2383
2209594117,3558
2209594321,4675
2209594504,5235
2209594681,6908
2209594879,7528
2209595044,5557
2209595194,7282
2209794120,4101
2209794324,4410
2209794507,5828
2209794684,6272
2209794882,5116
2209795047,5644
2209795197,7223
2209795326,10669
2209795434,6526
2209795518,6877
2209795587,7311
2209795644,5865
2209795686,5828
2209994123,5221
2209994327,4853
2209994510,5331
2209994687,6120
2209994885,5938
2209995050,6123
2209995200,4941
2209995329,6099
2209995437,6727
2210194126,4666
2210194330,4496
2210194513,5534
2210194690,6767
2210194888,8649
2210195053,7324
2210195203,5445
2210195332,4947
2210394129,27205
2210394333,18472
2210394516,24145
2210394693,21461
2210394891,21146
2210395056,19210
2210395206,16908
2210395335,19500
2210395440,15684
2210395521,16757
2210395590,18185
2210395647,15222
2210395689,24476
2210395713,14050
2210594132,14312
2210594336,12175
2210594519,13097
2210594696,12742
2210594894,14172
2210595059,14350
2210595209,13290
2210595338,13409
2210595443,16110
2210595524,13081
2210794135,385
2210794339,625
2210794522,763
2210794699,688
2210794897,304
2210795062,599
2210795212,571
2210994136,10206
2210994340,9337
2210994523,13082
2210994700,11072
2210994898,13908
2210995063,13359
2210995213,11482
2210995340,12240
2210995445,11500
2211194138,1495
2211194342,2394
2211194525,1881
2211194702,2617
2211194900,3659
2211195065,1859
2211195215,2858
2211195341,2075
2211195446,1983
2211394141,4992
2211394345,3755
2211394528,4062
2211394705,3547
2211394903,4064
2211395068,4166
2211395218,3812
2211395344,4334
2211395449,3357
2211395527,4812
2211395593,4399
2211395650,3890
2211395692,4236
2211395716,3697
2211594144,2405
2211594348,4194
2211594531,3618
2211594708,9271
2211594906,3602
2211595071,2658
2211595221,3846
2211595347,4184
2211595452,2780
2211595530,1820
2211595596,5986
2211595653,2753
2211794147,5522
2211794351,6972
2211794534,7407
2211794711,4657
2211794909,7381
2211795074,6291
2211795224,6890
2211994150,3606
2211994354,1572
2211994537,2747
2211994714,2939
2211994912,2711
2211995077,3534
2211995227,3536
2211995353,4112
2211995458,1434
2211995536,2596
2211995602,3148
2211995659,3885
2212194153,4063
2212194357,6112
2212194540,2412
2212194717,2370
2212194915,2034
2212195080,2849
2212195230,3120
2212195354,2791
2212195459,2223
2212395750,1081
2212395765,2637
2212395780,2272
2212395794,1404
2212395809,2070
2212595751,7238
2212595766,2279
2212595781,2941
2212595795,2869
2212794162,1349
2212794366,1624
2212794549,2874
2212794726,1940
2212794924,2236
2212795083,1591
2212795233,1853
2300102060,24602
2300119105,4262
2300129255,4417
2300138565,2285
2300138740,38324
2300140035,9750
2300140665,1868
2300140770,3102
2300144585,3134
2300146160,2794
2300160020,5954
2300164570,5116
2300177800,5891
2300179585,1924
2300300800,224
2300301220,395
2300301710,1080
2300302762,78
2300305385,706
2300307065,484
2300310565,7382
2300311300,281
2300311335,243
2300311785,268
2300312000,388
2300313900,440
2300315395,247
2300315990,59
2300319210,275
2300319420,570
2300321380,1433
2300325615,3309
2300325755,4150
2300326735,971
2300327120,77
2300327855,6
2300328590,407
2300330690,111
2300330725,65
2300332195,131
2300332685,47
2300333385,1428
2300333980,6056
2300335065,768
2300339300,1579
2300339965,1226
2300340595,887
2300341715,444
2300342450,79
2300342520,3853
2300343255,1884
2300343710,1398
2300343990,258
2300345180,372
2300346685,674
2300347175,10
2300348120,12
2300348575,449
2300348960,372
2300349415,494
2300353602,5
2300354385,629
2300355435,137
2300357936,0
2300358060,326
2300360300,374
2300360825,8736
2300362400,105
2300364780,842
2300365025,400
2300365200,180
2300367790,947
2300369260,380
2300369930,767
2300373472,751
2300374405,222
2300378570,1858
2300379270,244
2300379865,514
2300380285,1355
2300382770,389
2300383540,108
2300383785,275
2300386865,248
2300387215,1196
2300502655,1170
2300507170,5642
2300508430,22336
2300510180,9606
2300511125,3696
2300512300,555
2300515430,8647
2300524495,12755
2300526525,8802
2300527025,34
2300528240,18300
2300528870,8429
2300531390,5046
2300531600,2513
2300541067,249
2300548085,3985
2300548820,5766
2300553860,4240
2300560545,68854
2300560685,1696
2300561945,4610
2300566145,23215
2300566775,2073
2300571990,26930
2300573670,10662
2300582105,20775
2300586025,19188
2300587845,9053
2300702235,359
2300710740,637
2300710915,845
2300712595,1397
2300714205,51
2300716165,220
2300719865,1074
2300724005,453
2300724775,8157
2300734820,988
2300735625,4657
2300737025,820
2300749345,1550
2300749520,607
2300751400,13
2300758445,1094
2300761840,792
2300761875,81
2300765655,90
2300770760,120
2300774825,1249
2300775980,824
2300781300,459
2300782235,0
2300785850,3862
2300787680,14
2300901185,424
2300902165,132
2300902865,5244
2300905700,2813
2300907800,869
2300907975,853
2300908815,5016
2300911265,1362
2300911800,153
2300914905,196
2300916935,1656
2300917145,2470
2300919770,742
2300920405,42
2300923200,8657
2300926350,1628
2300926595,30
2300928450,1615
2300928975,42
2300930970,2518
2300938180,1782
2300943430,724
2300943578,0
2300947630,1671
2300953620,0
2300955505,1915
2300955855,88
2300955890,705
2300957920,1154
2300967300,1274
2300969750,345
2300972865,1553
2300974580,840
2300974965,1246
2300975280,1836
2300975455,438
2300977345,1508
2300977415,1599
2300978925,481
2300980040,346
2300986655,493
2301100590,2204
2301102100,19077
2301104020,3351
2301104475,2770
2301112350,2823
2301112735,4526
2301113470,3385
2301124670,3017
2301124950,1383
2301127085,6088
2301130550,2592
2301140175,3680
2301143080,2424
2301146405,4162
2301147770,1716
2301154560,6309
2301159110,3093
2301161700,1610
2301162190,2651
2301163835,1215
2301168385,4790
2301178190,36
2301178745,4592
2301179025,536
2301180740,17077
2301180880,1101
2301182945,3696
2301186165,2690
2301186515,8023
2301186970,6191
2301301465,1360
2301309725,5242
2301315125,0
2301315780,1460
2301326805,1213
2301333840,1748
2301335135,69
2301344165,48
2301347962,0
2301351620,480
2301356135,1482
2301363590,7035
2301363660,3675
2301365130,2606
2301372585,1381
2301376365,2769
2301378115,2663
2301379130,1216
2301380215,4932
2301380425,1624
2301501010,818
2301506050,3102
2301506120,2096
2301506855,917
2301507485,2917
2301516235,2192
2301518475,1645
2301522675,1251
2301532715,0
2301535695,2647
2301541280,0
2301546335,120
2301548645,1913
2301549660,1906
2301569645,837
2301570240,1069
2301571955,550
2301579550,5253
2301584140,835
2301585010,2157
2301587075,3874
2301701325,679
2301704825,2617
2301708150,1830
2301708710,2403
2301709550,174
2301710005,1191
2301717250,1054
2301717740,2300
2301726910,3489
2301727505,187
2301729710,781
2301731110,276
2301731670,1314
2301732370,1105
2301733315,1748
2301739422,47
2301741365,1353
2301745285,2782
2301746105,166
2301749275,177
2301752575,36
2301754000,5228
2301755960,1951
2301756310,4333
2301756625,5317
2301758270,1501
2301760405,1746
2301764185,352
2301764290,5942
2301771755,561
2301774510,271
2301774685,535
2301775035,845
2301775595,537
2301778465,91
2301780635,1295
2301783890,1808
2301787355,1233
2301901115,819
2301901500,286
2301902795,31938
2301906575,1254
2301906680,1645
2301906925,9652
2301909200,328
2301910670,2941
2301910810,134
2301912105,1117
2301912525,598
2301913365,1111
2301914310,2192
2301914380,2990
2301917530,3822
2301917950,1207
2301918582,33
2301919868,307
2301921030,1495
2301922535,2223
2301922710,172
2301923620,1462
2301923865,1252
2301924110,1093
2301927190,823
2301927645,4737
2301929185,1378
2301930795,7896
2301932510,6727
2301933490,3352
2301934190,1367
2301934365,1305
2301936325,1333
2301937075,138
2301937760,709
2301938005,99
2301938530,925
2301938705,3069
2301939475,4890
2301941435,378
2301944270,698
2301944340,76
2301945005,996
2301945670,3095
2301945810,4115
2301947560,280
2301948505,1475
2301949065,3143
2301952710,518
2301955225,7470
2301955565,11902
2301955680,3853
2301957045,384
2301957150,1154
2301957936,470
2301959950,1319
2301960790,210
2301967160,12
2301973250,310
2301973600,465
2301974055,1151
2301978015,0
2301978780,1847
2301981055,85
2301985230,0
2301986305,287
2301987390,198
2302100100,584
2302103740,394
2302105560,81
2302106400,211
2302108325,983
2302118195,4506
2302129535,1355
2302130095,1096
2302137095,17
2302137970,181
2302144830,222
2302146020,2165
2302146580,596
2302151105,1002
2302153628,259
2302156765,896
2302165865,1136
2302166950,547
2302168140,234
2302170655,437
2302181405,161
2302185710,200
2302301570,597
2302303355,8815
2302306260,3188
2302306365,3142
2302327295,1012
2302358070,0
2302358515,2238
2302362645,3566
2302376960,9706
2302381930,1863
2302387460,3158
2302501395,2331
2302501885,791
2302505000,660
2302507380,98
2302509655,532
2302509935,2063
2302510495,101
2302511820,333
2302514555,1419
2302517285,134
2302517460,650
2302523410,995
2302524320,6519
2302531355,974
2302531740,1602
2302532895,154
2302535345,695
2302542660,4782
2302545110,718
2302547140,248
2302547455,865
2302549205,686
2302549835,3288
2302551114,516
2302553636,26
2302556520,2209
2302559005,3930
2302559705,87
2302562995,436
2302564850,1831
2302567238,41
2302568910,8653
2302569155,856
2302569505,963
2302573845,556
2302576190,92
2302582840,125
2302703950,6986
2302704125,876
2302707870,1208
2302709270,953
2302726280,1098
2302726420,670
2302735240,636
2302735450,567
2302737585,825
2302739055,969
2302739755,2396
2302746475,1001
2302746790,907
2302747245,914
2302752845,1621
2302756450,1473
2302761210,923
2302766565,1646
2302766635,2655
2302774475,1652
2302775525,1195
2302776610,1403
2302777625,984
2302778255,1858
2302779480,926
2302786760,3850
2302900380,1045
2302900660,553
2302902480,1339
2302902970,166
2302903670,498
2302903810,38
2302909585,3097
2302912175,377
2302912455,809
2302913612,14
2302913750,529
2302913820,475
2302914100,157
2302914940,97
2302915920,492
2302916410,666
2302916865,148
2302917355,218
2302919870,573
2302920960,1223
2302921730,1263
2302928660,169
2302931530,917
2302935905,570
2302936010,1166
2302941610,1346
2302941960,2020
2302942100,1016
2302943640,499
2302944760,139
2302945600,1222
2302951375,263
2302953500,620
2302957082,759
2302957090,552
2302957780,801
2302958165,744
2302961035,866
2302963275,621
2302963940,369
2302974125,1388
2302975770,67
2302976895,214
2302978675,122
2302979375,108
2302981685,320
2302985185,506
2302985290,170
2303100275,2721
2303100730,3125
2303101605,4418
2303104720,8175
2303104860,22498
2303109410,8512
2303114485,1803
2303116725,2313
2303122955,7146
2303133665,4872
2303136535,11820
2303136745,3684
2303137270,10473
2303138425,6629
2303139195,3400
2303139405,4017
2303141750,4612
2303148750,1580
2303150325,5129
2303154980,1379
2303155085,9244
2303156870,1715
2303164675,20819
2303165725,22247
2303167475,2976
2303170030,7670
2303180530,8055
2303181475,11713
2303187985,13986
2400190004,1044
2400190096,901
2400190188,1055
2400190281,7998
2400190372,2944
2400190463,6057
2400190555,7101
2400190647,3291
2400190740,1414
2400190832,1476
2400190926,945
2400191012,3088
2400191104,1945
2400191197,589
2400191380,2968
2400191595,2063
2400191747,1976
2400191840,919
2400191928,2641
2400192024,2407
2400192116,1748
2400192300,4098
2400192580,5774
2400192764,1442
2400192856,1568
2400390008,88147
2400390100,82265
2400390192,85624
2400390284,102773
2400390376,79651
2400390468,79293
2400390560,80413
2400590012,83202
2400590104,108942
2400590196,56418
2400590288,63875
2400590380,4407
2400590472,5494
2400590564,8630
2400590656,71488
2400590748,104084
2400590840,11156
2400590932,76830
2400591020,55507
2400591112,38589
2400591204,51583
2400591296,110591
2400990016,29150
2400990108,32304
2400990200,32859
2401190020,2939
2401190112,5834
2401190204,7893
2401190296,3885
2401190388,4518
2401190480,2301
2401190572,4058
2401190664,2241
2401390024,10572
2401390116,3864
2401390208,5401
2401390300,17616
2401390392,29511
2401390484,15235
2401390576,39982
2401390668,14114
2401390760,7503
2401390852,1362
2401390940,4298
2401391032,1921
2401391124,11332
2401391216,12610
2401590028,5142
2401590120,4933
2401590212,28792
2401590304,8864
2401590396,26809
2401590488,10075
2401590580,11414
2401590672,3715
2401590764,5216
2401790032,16063
2401790124,2088
2401790216,2401
2401790308,6499
2401790400,4357
2401790492,91031
2401790584,16821
2401790676,20811
2401790768,6595
2401790860,3861
2401990036,2398
2401990128,2285
2401990220,758
2401990312,196
2401990404,360
2401990496,554
2401990588,15039
2401990680,884
2401990772,767
2401990864,225
2401990952,46
2401991044,1140
2401991136,333
2401991228,2646
2401991320,4548
2401991412,306
2401991504,243
2401991596,26
2402190040,14735
2402190132,88062
2402190224,10949
2402190316,1291
2402190408,6798
2402190500,2138
2402190592,21735
2402190684,3196
2402190776,37361
2402190868,2836
2402190956,3814
2402191048,5225
2402191140,8446
2402191232,5604
2402191324,8300
2402191416,4843
2402191508,2256
2402191600,10449
2402191692,1461
2402191784,3238
2402191876,14764
2402191968,1177
2402192060,7427
2402192152,5805
2402192244,5296
2402192336,9842
2402390044,2000
2402390136,2266
2402390228,3565
2402390320,351
2402390412,1546
2402390504,2033
2402390596,2597
2402390688,1295
2402390780,1244
2402390872,1789
2402390960,213
2402391052,824
2402391144,678
2402391236,4206
2402391328,393
2402391420,3615
2402590048,95314
2402590140,29463
2402590232,88516
2402590324,21461
2402590416,12326
2402590508,16677
2402790052,55514
2402790144,69846
2402790236,18784
2402790328,15637
2402790420,73624
2402790512,102923
2402990056,3725
2402990148,1700
2402990240,2492
2402990332,5938
2402990424,2545
2402990516,1533
2402990608,1413
2403190060,22005
2403190152,66411
2403190244,7428
2403190336,128898
2403190428,113081
2403190520,52006
2403190612,105739
2403190704,50363
2403190796,187172
2403190888,37102
2403190976,2462
2403191068,20666
2403191160,272616
2403390064,31431
2403390156,48272
2403390248,24956
2403390340,2733
2403390432,44066
2403390524,90649
2403390616,65784
2403390708,2056
2403390800,46834
2403390892,67248
2403390980,22951
2403391072,69441
2403391164,78842
2403391256,42808
2403391348,35968
2403391440,16874
2403391532,87326
2403391624,35837
2403391716,21948
2403391808,45533
2403391900,78197
2403590068,2755
2403590160,5438
2403590252,8941
2403590344,20546
2403590436,9106
2403590528,2174
2403590620,2865
2403790072,6979
2403790164,7263
2403790256,18826
2403790348,10362
2403790440,13077
2403790532,12883
2403790624,3204
2403790716,42255
2403790808,277
2403990076,4778
2403990168,344
2403990260,1807
2403990352,1167
2403990444,1084
2403990536,559
2403990628,2499
2403990720,1923
2403990812,230
2403990904,345
2403990992,226
2403991084,533
2403991176,3941
2403991268,341
2403991360,5045
2404190080,22718
2404190172,5571
2404190264,3881
2404190356,3842
2404190448,1905
2404390084,2759
2404390176,4456
2404390268,9465
2404390360,3567
2404390452,3148
2404390544,6662
2404390636,6027
2404390728,3159
2404390820,3229
2404390912,14764
2404391000,1451
2404391092,5354
2404391184,7043
2404391276,2275
2404391368,1971
2404391460,3886
2404391552,7073
2404391644,13162
2404391736,2332
2404391828,2559
2404391920,9414
2404392012,7135
2404392104,5107
2404392196,1195
2404392288,10578
2404392380,10385
2404392472,7553
2404590088,2919
2404590180,3048
2404590364,4123
2404590456,27474
2404590548,747
2404590640,1597
2404590732,8609
2404590824,16495
2404590916,1503
2404591004,5558
2404591188,16698
2404591280,1925
2404591372,3969
2404591464,8825
2404591555,1424
2404790092,7023
2404790184,7140
2404790276,10869
2404790368,5851
2404790460,8321
2404790551,7449
2404790644,7047
2451090000,573243
2500100000,0
2500103690,49568
2500107175,20323
2500107980,10420
2500112995,6681
2500116775,14868
2500119295,5811
2500123105,33039
2500129020,13598
2500139100,15384
2500151440,6415
2500155500,3703
2500159735,20522
2500170605,1708
2500174385,4404
2500182525,25224
2500300555,8074
2500300975,433
2500304545,1962
2500313345,3216
2500314010,1667
2500316180,6256
2500321360,1230
2500324120,668
2500326815,7202
2500328180,752
2500330315,1859
2500334340,3028
2500334655,5719
2500334970,5079
2500342460,954
2500343300,193
2500344385,257
2500345420,1501
2500346225,12606
2500351580,1624
2500353050,630
2500353960,43457
2500356795,1403
2500359665,994
2500360225,795
2500361065,3330
2500367595,2056
2500371095,494
2500373335,526
2500377990,1250
2500379985,9150
2500380685,1065
2500500000,0
2500500520,10624
2500502690,46762
2500505280,6829
2500516425,33328
2500516950,8193
2500520100,25316
2500522130,15903
2500523000,94082
2500525240,9285
2500538225,23931
2500545000,100998
2500546598,30984
2500549970,19240
2500556060,15505
2500556375,13022
2500560645,15694
2500562430,18298
2500568750,17359
2500569170,60433
2500577570,16484
2500701585,666
2500713800,1578
2500721150,5278
2500726325,31
2500750390,5407
2500769940,4893
2500778235,3080
2500900000,0
2500901185,17403
2500901465,36652
2500905595,42665
2500907420,8208
2500916250,28098
2500921850,3701
2500925625,8474
2500926150,30075
2500927620,6777
2500927900,7600
2500929405,67698
2500932310,13930
2500934550,88736
2500937490,101709
2500937560,13064
2500937995,5403
2500938400,20413
2500940430,6748
2500940675,53475
2500941095,9816
2500943580,3325
2500945175,6777
2500945245,18652
2500946365,31490
2500952490,54695
2500957880,7009
2500958405,6251
2500959105,44795
2500959245,9281
2500960015,28773
2500968645,15277
2500970150,6564
2500974595,4929
2500977150,4591
2501102095,1893
2501105560,2164
2501109595,2036
2501112505,1118
2501114885,1627
2501115200,1755
2501116670,5158
2501121780,1703
2501125730,1740
2501127060,17664
2501129475,277
2501129650,765
2501135180,1608
2501135285,637
2501142040,122
2501142285,8482
2501145490,1054
2501147835,2872
2501151265,7573
2501158335,453
2501161135,1567
2501161905,1910
2501168400,3641
2501173265,776
2501174525,850
2501179110,1499
2501300840,28539
2501306085,1156
2501308470,3705
2501313485,1240
2501313660,55295
2501319645,16425
2501326675,1846
2501328075,4946
2501330665,2583
2501330840,37813
2501336300,15696
2501337175,20904
2501342145,8136
2501342530,796
2501352144,12381
2501358650,1197
2501365825,9217
2501367000,154749
2501370045,540
2501372390,1929
2501376030,40378
2501377890,28772
2501379740,14572
2501501370,38182
2501504825,15393
2501513590,1055
2501516040,902
2501519365,16086
2501526290,915
2501526535,6080
2501527690,5306
2501529265,3325
2501531785,2220
2501540990,352
2501546330,30962
2501552560,1335
2501554030,616
2501562745,6230
2501564145,17754
2501572880,10048
2501576380,1552
2501579915,2694
2501582175,1021
2501700380,24155
2501701605,46350
2501701955,3211
2501702130,18873
2501703005,8645
2501704615,14727
2501705070,27175
2501705805,42003
2501707350,5496
2501709840,26274
2501711000,118796
2501711525,5239
2501713135,36446
2501715060,18223
2501717475,32574
2501717825,3408
2501721990,50045
2501724960,72399
2501727480,11390
2501730700,15094
2501731085,19358
2501731540,20077
2501735215,34295
2501735425,6948
2501735950,10280
2501737000,118368
2501737875,65906
2501738715,41647
2501739625,10712
2501739835,59354
2501740115,29650
2501743895,36873
2501745560,89044
2501748955,15765
2501752805,11663
2501756130,25612
2501761380,4427
2501761590,6976
2501762535,81036
2501767665,23355
2501768050,7165
2501768260,19306
2501769415,31273
2501770360,9100
2501771025,12550
2501772215,27793
2501772600,64902
2501773405,35543
2501773790,13914
2501776135,24690
2501777255,11579
2501780230,23336
2501780510,23406
2501781035,41939
2501900000,0
2501943790,14483
2502102935,4774
2502104930,17410
2502107740,38899
2502109175,63266
2502111315,24748
2502114640,8427
2502116495,25237
2502117405,5930
2502124820,18615
2502125172,33154
2502130455,11380
2502139765,13068
2502139975,13436
2502141515,8888
2502141690,28587
2502144105,32459
2502146050,11673
2502150250,31542
2502154100,9943
2502155745,102114
2502156000,34878
2502160785,18574
2502167945,29225
2502172495,26388
2502174175,30347
2502178690,16318
2502178972,58505
2502182315,12297
2502300000,0
2502300170,17053
2502308130,28471
2502309000,105386
2502311665,11712
2502317895,16185
2502318455,14456
2502327795,7748
2502328285,14845
2502328495,10660
2502330210,24283
2502331645,10138
2502333220,14027
2502333920,11944
2502338540,5310
2502338855,25879
2502339450,6634
2502340850,24505
2502350145,11361
2502352630,18382
2502354310,63953
2502354415,2935
2502357600,5837
2502357775,17701
2502360330,19365
2502372985,23302
2502375260,7708
2502379530,15295
2502500000,0
2502507000,666442
2502513205,39908
2502556585,60012
2502581005,18759
2502701885,6415
2502702480,12011
2502702760,16970
2502703740,5572
2502705490,3378
2502706015,9255
2502706365,5737
2502707525,4948
2502709105,3460
2502712715,13435
2502714395,15563
2502717300,9207
2502717685,11929
2502718560,2166
2502723875,41798
2502725485,21148
2502726430,19902
2502728740,2684
2502728950,6927
2502730560,20064
2502730945,6027
2502731435,4371
2502734165,8606
2502734795,11113
2502735075,43909
2502737420,11902
2502740255,6325
2502741165,30431
2502741340,13961
2502741585,3160
2502745105,973
2502746820,15750
2502746925,16458
2502747135,4760
2502750670,1639
2502751825,13385
2502752420,5002
2502753120,1185
2502753225,1895
2502755395,3529
2502758580,1460
2502758825,9353
2502761800,38876
2502763165,10493
2502763345,17928
2502766105,12008
2502767385,8183
2502768155,9960
2502768610,9452
2502769275,8252
2502771480,8189
2502771620,14473
2502773090,5009
2502773895,17748
2502775015,21944
2502775155,7782
2502775400,3859
2502777010,8374
2502780405,10440
2502782000,207055
2600100000,0
2600101040,1091
2600112460,1004
2600119320,1130
2600134820,1272
2600135740,839
2600136860,489
2600136880,1207
2600137220,979
2600137380,777
2600153880,766
2600154060,367
2600154740,476
2600300000,0
2600304460,1165
2600311960,296
2600333380,23
2600347540,442
2600352360,428
2600356200,1975
2600356220,2825
2600360820,435
2600369160,1173
2600500000,0
2600501260,5172
2600501280,4793
2600513700,2856
2600515200,2491
2600516720,2340
2600522680,7934
2600522740,1427
2600527740,1623
2600528120,2780
2600531360,2599
2600535720,6151
2600537460,3966
2600538640,7778
2600539200,2740
2600545180,6115
2600546600,3817
2600546760,7149
2600550840,3359
2600552000,2713
2600555200,2489
2600561620,4074
2600561640,5962
2600561820,3154
2600564740,3763
2600571100,5178
2600571700,766
2600571720,3548
2600574980,9
2600580620,2535
2600581580,2033
2600584580,2094
2600584880,4457
2600584900,3591
2600700000,0
2600701740,10154
2600701760,9101
2600734740,961
2600749360,936
2600751220,1544
2600761520,1849
2600771240,2173
2600785180,175
2600787680,1987
2600900000,0
2600905240,1464
2600914420,2191
2600915380,514
2600919400,1058
2600924640,1089
2600925340,2602
2600929600,1772
2600937500,1120
2600941960,907
2600942400,1916
2600950640,4438
2600954440,2320
2600976260,928
2600980100,1474
2600983300,334
2601100000,0
2601100280,436
2601103360,891
2601104120,1018
2601104140,853
2601116240,935
2601121120,2316
2601147580,836
2601152120,930
2601154800,1112
2601160660,283
2601174020,976
2601176120,1554
2601176140,1606
2601180840,429
2601187080,902
2601300000,0
2601303660,411
2601305340,3555
2601318600,379
2601345560,3604
2601376000,242
2601503860,2008
2601505020,1857
2601505560,3466
2601513340,2092
2601513960,3399
2601537120,7520
2601537140,3066
2601539120,3187
2601541120,3807
2601541860,2894
2601550960,1811
2601560980,3465
2601566260,3381
2601570420,4224
2601579620,9514
2601588440,2312
2601589020,5406
2601700000,0
2601704080,2124
2601705120,13902
2601706020,32320
2601706540,2698
2601726420,3327
2601730180,3678
2601730400,2965
2601731540,1743
2601732040,978
2601736260,9623
2601742360,4394
2601753220,1406
2601753780,171
2601754980,10638
2601755920,1453
2601764160,1448
2601764180,1907
2601765980,3183
2601787380,5050
2601900000,0
2601901640,3933
2601907600,2791
2601908840,523
2601917120,723
2601919180,900
2601930260,1225
2601932180,728
2601939000,2383
2601940700,2602
2601942000,632
2601944240,794
2601964760,360
2601985160,716
2602100000,0
2602104840,2658
2602105520,2833
2602107400,14234
2602107520,8953
2602107820,4839
2602107920,2600
2602110580,2077
2602111400,4223
2602111420,3439
2602115480,2748
2602117320,1074
2602117340,5008
2602131320,1297
2602135860,3200
2602144260,3334
2602147600,14898
2602157220,1338
2602157230,2476
2602157760,11803
2602157780,14328
2602161180,9132
2602164480,2220
2602170100,5140
2602170960,7986
2602170980,9879
2602174440,2231
2602179740,2215
2602184500,2156
2602184520,3055
2602185120,1914
2602301120,2567
2602305800,1010
2602308060,1370
2602310860,2083
2602310880,1426
2602312140,1090
2602312560,1158
2602317020,13671
2602317040,3829
2602332120,708
2602332280,1694
2602343260,1315
2602352400,1171
2602357860,551
2602361840,2337
2602366660,4126
2602373440,2232
2602381280,2962
2602500980,7560
2602501000,985
2602503900,2527
2602505920,52374
2602506720,9164
2602511820,1636
2602515960,1853
2602516020,1058
2602517880,1554
2602524700,1351
2602525935,11726
2602530500,1571
2602538940,2903
2602546620,1094
2602547060,3676
2602551520,2451
2602551940,6804
2602551960,3150
2602557620,2799
2602563440,8705
2602572980,2124
2602575700,5269
2602579180,1444
2602712620,1593
2602722880,5732
2602739480,6278
2602741600,2578
2602744140,3751
2602751480,2179
2602752140,2836
2602754460,3140
2602757120,1528
2602757760,0
2602760900,6870
2602763380,2052
2602765300,2157
2602765720,3885
2602773940,3041
2602782580,1240
2602784920,2660
2602900000,0
2602906000,1198
2602909820,3825
2602909860,1333
2602914560,266
2602914780,2392
2602914800,1670
2602924020,2023
2602926580,696
2602926680,1752
2602937320,1796
2602939700,686
2602951620,1724
2602952880,1413
2602959340,812
2602963140,359
2602970920,373
2602974680,1911
2602987700,1879
2603100000,0
2603101720,1056
2603106500,1048
2603107420,3170
2603111980,956
2603115000,4820
2603125400,585
2603129400,1259
2603134200,927
2603137480,255
2603140820,1836
2603143820,913
2603150300,400
2603153100,866
2603156100,1152
2603156280,625
2603159500,976
2603180880,3119
2603182940,496
2603184760,642
2603187640,764
2603300000,0
2603306070,1846
2603311280,1872
2603315560,320
2603319540,1399
2603321770,590
2603323080,1155
2603339860,219
2603343480,6784
2603363980,1674
2603366760,597
2603370220,1121
2603371740,13335
2603374620,2986
2603377020,577
2603377540,1144
2603380600,203
2603386700,473
2603503620,566
2603515920,3204
2603530280,791
2603530560,1431
2603530900,950
2603531560,1907
2603534220,3416
2603535120,1218
2603536140,1799
2603536800,2110
2603537160,841
2603537340,4692
2603547620,1410
2603567600,409
2603573000,1970
2603577120,382
2603577580,3683
2603587980,439
2603705900,13414
2603707240,967
2603708400,2922
2603719620,2497
2603722120,4777
2603722140,15313
2603723460,2349
2603723580,2785
2603724120,2454
2603726400,1856
2603733420,0
2603734840,2109
2603746000,0
2603746580,598
2603760440,2530
2603761860,1370
2603761880,2667
2603768600,1875
2603770940,7715
2603782320,3460
2603784400,5689
2603786140,2279
2603906600,1398
2603930480,1217
2603934640,1671
2603934660,5786
2603949520,672
2603950940,786
2603974760,1839
2604100000,0
2604104900,632
2604105420,1550
2604106040,259
2604109980,1099
2604118280,856
2604126140,837
2604126360,12354
2604126380,3533
2604126960,298
2604129380,1883
2604131400,623
2604132300,5253
2604151260,661
2604152220,1538
2604156500,599
2604185240,4838
2604310200,535
2604310220,5862
2604327660,501
2604340960,7518
2604343300,5124
2604359220,2833
2604359240,1781
2604370600,889
2604384700,862
2604385520,49
2604507080,3207
2604507440,2760
2604510920,1335
2604513380,2842
2604514820,9277
2604515260,1562
2604521520,33104
2604524520,3997
2604524540,5183
2604524560,4001
2604533420,7804
2604536200,3227
2604542220,2171
2604546000,5050
2604560580,1844
2604560700,3975
2604566100,3087
2604570020,1808
2604577440,1788
2604581980,2051
2604583180,1916
2604587840,7141
2604700000,0
2604706380,6544
2604708980,630
2604713500,653
2604714300,522
2604718900,216
2604730860,848
2604736560,1086
2604748020,3224
2604748080,2650
2604750340,1298
2604751280,1322
2604763820,5856
2604764960,862
2604767540,552
2604768060,2839
2604775900,2619
2604784840,634
2604786300,1770
2604903420,7028
2604904000,8291
2604912060,29500
2604916260,7395
2604916620,2185
2604919880,5076
2604919900,20434
2604927760,11906
2604927780,17067
2604929000,80175
2604929020,31136
2604929200,8284
2604929220,10604
2604929420,4404
2604931220,6644
2604931800,20381
2604933280,7987
2604933300,39943
2604947820,4160
2604955280,2027
2604955300,5958
2604955960,3117
2604955980,19752
2604956160,15311
2604968180,8971
2604977700,5853
2604979460,6559
2604982380,13157
2605106660,1061
2605106680,2009
2605107360,944
2605108360,2086
2605109720,410
2605111440,1391
2605112180,2168
2605116360,913
2605132320,3098
2605132340,938
2605135340,214
2605135620,2324
2605137300,1412
2605170500,2325
2605172240,984
2605173140,938
2605179860,2478
2605300000,0
2605307960,1733
2605307980,1225
2605326340,349
2605341060,4997
2605341080,2331
2605351560,514
2605382780,1683
2605382800,446
2605384380,1041
2605500000,0
2605500200,4474
2605508880,9105
2605523800,11682
2605528020,1314
2605531580,19913
2605534240,1233
2605534960,6744
2605549240,10023
2605552480,1956
2605562320,5023
2605563340,6097
2605580340,15339
2605581320,551
2605587040,2712
2605701540,9396
2605703260,1684
2605708020,1162
2605725120,1090
2605725880,751
2605731080,2563
2605736160,408
2605741340,2817
2605744080,573
2605757040,1198
2605757360,1012
2605758800,654
2605758880,867
2605764360,2687
2605771000,7367
2605772580,1877
2605777300,1858
2605784080,830
2605786620,2591
2605900300,2149
2605901320,1717
2605902020,942
2605912700,2539
2605912780,2495
2605927580,881
2605938460,8002
2605938480,2335
2605941620,3027
2605941920,2319
2605947980,1566
2605948000,873
2605955640,1269
2605964620,1513
2605967120,851
2605967500,947
2605967520,1814
2605971980,1741
2605974560,4584
2605986540,1334
2605988300,1186
2605988780,1570
2606100000,0
2606100320,2564
2606112600,6318
2606114920,1794
2606123340,203
2606125660,251
2606130300,1791
2606136300,4574
2606136320,685
2606139360,8474
2606144220,389
2606161260,1562
2606165540,3205
2606166680,327
2606171840,2163
2606176200,1496
2606180120,1897
2606300000,0
2606304740,2992
2606308420,1407
2606309060,363
2606310940,839
2606313760,634
2606313780,1663
2606314600,471
2606317140,1834
2606323540,683
2606327120,1177
2606333080,122
2606334260,1020
2606336460,1582
2606339960,632
2606340020,404
2606344300,715
2606347640,748
2606350360,350
2606352600,561
2606360520,1368
2606362360,362
2606365180,14
2606365700,1496
2606370140,814
2606371260,1148
2606372200,2648
2606373040,700
2606373160,898
2606373880,391
2606382140,1154
2606387960,1923
2606500800,2919
2606504240,4370
2606511640,1903
2606521420,28024
2606524120,43304
2606540640,2470
2606546000,107973
2606546020,8100
2606547080,3836
2606547180,2129
2606547200,2094
2606549040,1698
2606552180,8249
2606553140,44217
2606560800,3008
2606576580,3939
2606582220,3616
2606586520,1748
2606586900,1214
2606587420,3807
2606587440,5295
2606706900,5960
2606707700,1819
2606709680,6065
2606712840,2372
2606719720,2975
2606724220,3097
2606740860,12753
2606740880,4032
2606742520,1626
2606749920,3542
2606758720,1324
2606760200,3923
2606760920,1170
2606761160,2704
2606761580,2056
2606765860,3790
2606765880,3928
2606769440,1823
2606772120,1615
2606900000,0
2606900760,371
2606904300,2298
2606904920,1871
2606911740,577
2606924420,2675
2606934280,1617
2606961340,7176
2606964640,3353
2606967960,636
2606973180,399
2606978100,1536
2606978140,1614
2606987140,492
2606987180,732
2607105860,927
2607113860,600
2607119140,1719
2607119150,1717
2607131160,296
2607137580,292
2607140980,3002
2607141000,861
2607150860,309
2607152300,721
2607176080,1223
2607311140,1990
2607315580,4598
2607315920,120
2607316880,3064
2607317060,794
2607321140,3310
2607321680,1562
2607330680,1793
2607332200,1368
2607341160,1751
2607347660,2003
2607356020,21236
2607359360,2305
2607369300,1243
2607373200,3174
2607381340,11823
2607382000,1271
2607388040,1160
2607508760,25605
2607517400,7433
2607517760,2739
2607534500,6177
2607536400,3669
2607537700,4681
2607541420,31058
2607546980,13794
2607547360,3067
2607556640,6755
2607559180,2801
2607562760,2651
2607566440,2142
2607568920,4782
2607571500,3902
2607575640,8498
2607575880,1894
2607577200,22817
2607579980,2631
2607584300,2964
2607700840,3821
2607709920,4455
2607714720,2002
2607716460,2239
2607717680,15256
2607717980,10469
2607731260,2023
2607742160,73076
2607742180,22649
2607761400,23852
2607762340,2008
2607762960,6386
2607765560,49259
2607766200,2163
2607768260,8864
2607769820,4869
2607771880,9237
2607779300,18226
2607782840,1521
2607906440,736
2607909320,443
2607909440,1632
2607916340,2536
2607917000,1594
2607926860,1046
2607931600,1009
2607942280,5101
2607960540,300
2607960940,1355
2607967180,1321
2607975720,1166
2608100240,14524
2608101160,12264
2608101840,14040
2608109780,3308
2608112240,27691
2608112500,16485
2608113080,14450
2608113660,19864
2608114200,3670
2608118500,9102
2608123980,11445
2608131240,29469
2608134000,198535
2608134020,19053
2608134160,16356
2608134560,3840
2608142820,54296
2608149540,4139
2608149560,6338
2608156920,4940
2608159580,6122
2608164660,34040
2608169080,6218
2608174460,6543
2608175440,9494
2608175560,4200
2608181140,5132
2608181920,4853
2608182960,25386
2608188940,77353
2608300000,0
2608301520,1274
2608323620,298
2608334300,345
2608339380,88
2608373220,128
2608514880,1006
2608515100,463
2608522800,460
2608524800,351
2608525260,869
2608525440,722
2608544320,911
2608557480,909
2608563120,418
2608564440,570
2608564880,1986
2608571680,404
2608577740,201
2608585060,2458
2608589040,835
2608701680,7009
2608703280,3164
2608704040,4710
2608711180,0
2608711840,1332
2608711900,1792
2608721160,5761
2608723160,4797
2608725160,5244
2608732960,1804
2608735840,4541
2608740300,3139
2608740320,3721
2608746040,9082
2608746060,4971
2608751420,4442
2608752500,8002
2608753360,4443
2608758090,3550
2608761060,5699
2608768160,1634
2608900000,0
2608908440,2630
2608914340,1529
2608916400,1183
2608925700,4983
2608926000,1173
2608932380,916
2608942320,1722
2608946700,2148
2608946820,1748
2608974500,1522
2608977620,2926
2608980340,254
2609100440,20395
2609100460,6341
2609109020,3861
2609112720,5714
2609116500,3728
2609121200,1361
2609122820,1747
2609127020,1631
2609130320,3044
2609139720,2200
2609139740,1576
2609150520,1414
2609150540,8040
2609152820,1092
2609155500,2137
2609160260,986
2609162240,2299
2609166840,7981
2609168540,1584
2609168580,1079
2609169340,3035
2609169360,1800
2609172440,1038
2609179120,8646
2609179140,2103
2609188640,3583
2609310620,7688
2609310640,19349
2609316920,3230
2609317920,3607
2609321220,4145
2609327760,0
2609331860,20647
2609335060,19777
2609336100,21200
2609336340,8723
2609337040,15563
2609339540,10021
2609339560,8286
2609340900,3878
2609351640,11669
2609360120,14740
2609366540,7841
2609381160,12151
2609381240,3318
2609500000,0
2609517480,242
2609544540,1141
2609550440,2337
2609563500,2551
2609700000,0
2609709500,34
2609710360,585
2609716060,1637
2609731620,1315
2609737660,121
2609739760,227
2609750280,561
2609751880,677
2609755480,998
2609757640,431
2609765600,815
2609770840,2463
2609770860,1093
2609900000,0
2609903540,5325
2609911300,9747
2609914320,8463
2609915340,46152
2609916520,100447
2609924290,33982
2609930420,14583
2609936820,24061
2609946900,12687
2609950480,92629
2609952960,753
2609955820,15511
2609957100,12072
2609967420,3778
2609968380,5855
2609968400,3577
2609969800,47123
2609970760,58140
2609972820,79641
2609976460,133573
2609981540,5180
2609982453,77
2609984000,137928
2609984120,28569
2610100000,0
2610103320,479
2610106480,1660
2610111160,580
2610116380,1124
2610122320,922
2610128040,2606
2610150720,6275
2610150740,4053
2610151000,1555
2610151580,482
2610157900,1704
2610160760,1365
2610164860,794
2610175680,794
2610176840,957
2610300000,0
2610314540,154
2610315660,5964
2610325820,1843
2610326840,221
2610329720,6249
2610339940,448
2610341220,6181
2610341240,3416
2610351900,21325
2610351920,4173
2610353540,280
2610356860,4656
2610356880,3255
2610366120,885
2610368000,1064
2610368420,724
2610371460,2425
2610374110,994
2610379780,1124
2610380780,100
2610385260,196
2610385540,1435
2610500000,0
2610501980,2566
2610510020,1311
2610519440,1327
2610524820,525
2610530620,921
2610534320,927
2610536220,3750
2610549140,287
2610549640,7676
2610552640,122
2610563600,2883
2610568860,1120
2610572080,1474
2610573060,1036
2610573240,871
2610577220,977
2610582360,1434
2610700500,2258
2610704380,1447
2610708300,8477
2610708320,3993
2610715600,1236
2610717160,2179
2610721240,2209
2610729680,1556
2610734340,746
2610734760,3297
2610738540,1130
2610752060,1701
2610752780,2818
2610754020,1166
2610755600,4606
2610773080,1270
2610786560,1153
2610900000,0
2610914240,233
2610919580,575
2610927300,263
2610933160,436
2610936760,1831
2610938760,262
2610940600,853
2610944360,429
2610952860,1025
2610953020,8326
2610953040,3342
2610953460,1073
2610956440,1152
2610975350,1558
2610976380,902
2610976400,987
2611117100,1206
2611124830,2511
2611131820,889
2611134860,1777
2611138980,3994
2611139160,1662
2611140620,2651
2611141560,927
2611141760,4620
2611146160,5375
2611146640,4043
2611147680,2538
2611153780,42553
2611153800,2117
2611154320,1695
2611155940,1723
2611165740,1181
2611184020,2295
2611300520,441
2611309080,485
2611312200,357
2611312440,1509
2611315900,884
2611326200,337
2611329440,1280
2611338620,216
2611344380,2837
2611344480,705
2611349980,706
2611359280,712
2611364460,478
2611367840,801
2611368280,1779
2611368820,1306
2611385560,374
2611500000,0
2611503680,7941
2611506740,31914
2611507720,9995
2611523400,8527
2611526320,4334
2611526880,3946
2611528360,0
2611530820,21665
2611540260,4801
2611546260,4612
2611549180,2986
2611549700,1244
2611553900,1753
2611553920,2156
2611555020,20320
2611555040,14345
2611563800,1179
2611566900,5975
2611577140,3188
2611586740,4624
2611707200,1926
2611709040,6327
2611712120,1516
2611713600,1233
2611714000,2950
2611719080,2670
2611719920,1040
2611722760,2213
2611726520,4283
2611726720,3001
2611727180,1896
2611727900,1428
2611735100,8995
2611738840,2760
2611751340,2047
2611755140,3452
2611764040,3443
2611764200,2063
2611768120,5571
2611768300,2718
2611773840,2603
2611776220,1285
2611787880,2396
2611900940,2556
2611904580,641
2611910660,1840
2611938400,2054
2611949480,218
2611955240,1282
2611970380,489
2611982420,436
2612100000,0
2612109340,2423
2612113840,2806
2612114100,3273
2612119660,9506
2612125080,11276
2612130980,5869
2612131020,14985
2612138820,2629
2612145160,7663
2612155100,2531
2612155120,1534
2612155440,1565
2612156320,37226
2612156340,17686
2612156360,9841
2612158640,4098
2612159140,25041
2612167300,2997
2612169520,4144
2612177100,2615
2612186780,3024
2612186800,1739
2612186980,1490
2612303700,2799
2612305620,845
2612306580,463
2612308280,2494
2612310500,2285
2612311060,3771
2612318980,3428
2612319960,2117
2612321700,1802
2612326160,2644
2612326700,1832
2612330700,4568
2612331640,2543
2612333000,556
2612334360,1096
2612334380,3378
2612338860,282
2612347440,899
2612347700,1601
2612353160,525
2612355060,447
2612357080,2512
2612359300,719
2612373120,2535
2612373260,2206
2612380680,183
2612386680,1280
2612387200,982
2612500400,6278
2612504105,25105
2612507660,15149
2612508640,21763
2612509110,44097
2612509180,4415
2612510040,15440
2612516160,11374
2612517640,43840
2612527380,11504
2612527440,83515
2612527760,0
2612527880,19190
2612535640,6069
2612537420,14963
2612538080,19704
2612538720,12220
2612540000,6328
2612540400,36982
2612542460,2747
2612544440,238
2612546320,4059
2612549820,24933
2612550560,28419
2612553980,17129
2612558980,3308
2612559440,66717
2612559460,291
2612559820,20339
2612559920,29318
2612561020,2238
2612561100,38546
2612562040,22593
2612564900,2602
2612565440,62104
2612569020,12934
2612569035,77089
2612569580,6177
2612570040,57950
2612570060,2337
2612574900,76236
2612574920,14758
2612575100,11950
2612575760,14784
2612577860,1705
2612580700,87898
2612582450,874
2612583060,7299
2612584240,70160
2612585480,65816
2612586860,31046
2612588140,17295
2612700000,0
2612707300,1560
2612716200,831
2612717180,564
2612719100,687
2612725200,981
2612727940,1302
2612732780,1707
2612734400,3055
2612735160,1222
2612736920,1924
2612736940,2007
2612746560,955
2612757300,2381
2612761780,864
2612763560,1485
2612772860,4116
2612785040,1274
2612915740,1611
2612919260,596
2612925020,1398
2612929860,851
2612932860,385
2612938300,1346
2612939320,783
2612943640,709
2612949160,575
2612954340,3987
2612960300,1126
2612968320,1062
2612969600,1061
2612969680,575
2612985580,2225
2612985600,2595
2613100000,0
2613107640,456
2613109460,61
2613113520,506
2613135000,685
2613135960,190
2613140760,226
2613150460,462
2613152320,105
2613160880,2137
2613169140,366
2613176180,656
2613311680,1060
2613314040,561
2613326640,1667
2613326660,1109
2613337060,764
2613337840,2036
2613338100,1385
2613347120,1705
2613347720,1368
2613351680,1275
2613353660,849
2613361080,632
2613361280,1072
2613367820,2517
2613368440,1850
2613369760,1386
2613373280,887
2613377760,1104
2613508220,2679
2613516540,406
2613517600,1861
2613525500,1173
2613535200,1348
2613553120,958
2613704780,5994
2613714840,1463
2613715280,1234
2613718320,1680
2613722840,723
2613725620,1746
2613731720,4357
2613737360,2777
2613748140,2700
2613761680,2910
2613900000,0
2613901360,26540
2613908940,7357
2613915300,2284
2613918020,4848
2613918800,4676
2613927960,2959
2613931880,54965
2613933340,10996
2613933360,18866
2613938640,26645
2613938660,39637
2613939800,7769
2613941520,10039
2613960460,5145
2613962460,18901
2613965320,2396
2613965940,5254
2613969000,6388
2613975840,15517
2613977980,9027
2613988820,3192
2613989260,5665
2613989280,12137
2614100000,0
2614101480,973
2614106400,397
2614106920,754
2614108700,413
2614113740,762
2614143900,788
2614153440,207
2614154860,312
2614157940,515
2614160160,448
2614160680,674
2614166020,836
2614166340,1910
2614166460,441
2614169240,901
2614169260,2878
2614304320,209
2614304720,378
2614321640,5372
2614331960,2815
2614338020,2054
2614344400,1188
2614349840,1291
2614351780,2228
2614356980,183
2614368200,3563
2614369560,4456
2614500920,1645
2614508560,5862
2614509400,1967
2614509940,2404
2614510100,1774
2614510460,9967
2614511560,7568
2614513540,5665
2614514660,900
2614515160,4693
2614530200,5157
2614530220,2096
2614530720,2005
2614541480,1712
2614541900,1594
2614543800,4943
2614544560,947
2614551060,2652
2614551700,560
2614568340,3921
2614570520,43536
2614570540,41281
2614570660,3133
2614575480,1986
2614577660,2368
2614579100,4036
2614579520,11900
2614579840,10755
2614589320,1609
2614589340,29
2614700000,0
2614701180,4139
2614707760,3120
2614710820,1834
2614712020,4065
2614713720,4180
2614715540,3502
2614716180,8357
2614716760,5468
2614717520,4206
2614718400,3409
2614723820,3686
2614725960,2530
2614729760,11434
2614734420,1664
2614735220,1502
2614740920,5031
2614742740,2387
2614743160,9624
2614749800,1054
2614751600,4028
2614752080,9925
2614752960,311
2614756380,4205
2614765820,28620
2614765840,10722
2614768380,0
2614768620,3191
2614770680,5585
2614770700,7126
2614782900,3187
2614789000,2129
2614911940,2650
2614917370,3337
2614917860,4053
2614926920,3317
2614927540,1510
2614929060,1465
2614929140,1412
2614947020,1036
2614949060,3763
2614953000,2574
2614955780,1502
2614959400,3714
2614962480,2530
2614973300,3471
2614976960,11054
2614976980,1859
2614979760,7943
2614986940,3779
2615100000,0
2615103460,514
2615104400,550
2615110420,770
2615111180,1139
2615111540,916
2615118920,2488
2615119460,913
2615121380,756
2615125280,1436
2615125540,704
2615126740,994
2615129240,1238
2615129500,970
2615130740,946
2615135020,793
2615145460,1014
2615147300,3462
2615151380,1309
2615151720,1610
2615151820,1850
2615151840,1691
2615154540,584
2615155320,845
2615171540,2694
2615171580,2341
2615175500,1370
2615184140,1561
2615184440,1163
2615186580,380
2615188760,3461
2615300000,0
2615322960,605
2615331940,439
2615337940,1328
2615340840,639
2615350760,2863
2615350780,941
2615356060,272
2615372500,150
2615379580,891
2615503120,1886
2615507280,3110
2615511880,3283
2615512520,4326
2615518300,3037
2615523500,3483
2615527040,521
2615537440,2311
2615544200,1769
2615553680,1658
2615557400,1121
2615561860,0
2615561940,14632
2615561960,4772
2615563700,2073
2615563720,4170
2615570260,1257
2615571960,1588
2615573520,2736
2615581880,2278
2615582040,4296
2615588400,3684
2615700000,0
2615700720,1475
2615701620,1928
2615703220,2794
2615713420,4290
2615717420,1246
2615719980,1922
2615721600,2720
2615725300,3505
2615725380,1146
2615725720,998
2615727100,1428
2615730760,3159
2615732160,813
2615740440,2370
2615742140,1596
2615743400,1724
2615743880,1420
2615754240,4190
2615759420,1251
2615780940,1988
2615781840,2707
2615781860,3867
2615784460,2304
2615785280,1547
2615788080,592
2615900000,0
2615901600,5346
2615903140,13588
2615903500,1630
2615905140,2129
2615905160,2223
2615909240,2972
2615917440,2552
2615918560,2502
2615921060,3537
2615931840,3412
2615932640,595
2615936180,1331
2615936960,2458
2615936980,2980
2615942500,2196
2615946460,3290
2615963000,6910
2615964280,3019
2615965760,2540
2615974980,3989
2615975000,4089
2615984820,2507
2616103000,122036
2616103020,4606
2616104180,7228
2616110560,1565
2616115020,5426
2616122160,4521
2616122180,6634
2616130520,1339
2616147460,4058
2616149120,6394
2616149780,2663
2616150680,4611
2616153920,3831
2616158280,8595
2616164560,39438
2616171130,6932
2616171140,9006
2616171160,2375
2616171940,17725
2616172760,1818
2616177560,14923
2616177800,3451
2616185100,6575
2616189100,9149
2616189140,19857
2616189160,55066
2616301380,27925
2616307020,3910
2616311220,32889
2616313120,99041
2616321000,107423
2616321020,61771
2616322000,638530
2616324740,9064
2616328360,10340
2616331420,26739
2616332020,4873
2616335420,10344
2616335480,5541
2616335520,9904
2616335540,11319
2616335580,16094
2616336280,27743
2616336700,15116
2616338180,8628
2616340040,16695
2616340680,25428
2616347800,39257
2616349000,93851
2616352940,12554
2616358980,2761
2616359000,31557
2616365060,9214
2616365080,27412
2616367625,48338
2616368760,7008
2616368880,12186
2616369180,3161
2616369420,24831
2616374960,29366
2616377360,10446
2616379000,62081
2616380420,18125
2616381660,29954
2616382453,2718
2616384940,17310
2616386000,83633
2616388380,12690
2616388900,24489
2616503060,931
2616509580,730
2616512320,10445
2616514120,1742
2616515060,2782
2616515860,2478
2616517200,738
2616535240,830
2616536420,1787
2616536600,3587
2616537640,219
2616547380,892
2616550880,1511
2616572380,2012
2616574220,521
2616574820,285
2616575940,1559
2616586500,1028
2700100460,2323
2700100478,862
2700103358,327
2700103412,52
2700104384,51
2700111620,183
2700113330,66
2700114903,47
2700120654,947
2700121230,403
2700123930,499
2700127602,249
2700128052,677
2700129096,503
2700129114,441
2700130788,220
2700131958,412
2700131966,24
2700133218,185
2700134982,488
2700136152,42
2700136908,56
2700137844,210
2700138996,28
2700139014,367
2700139032,38
2700139212,159
2700139590,325
2700142300,41
2700144278,145
2700146546,1108
2700146890,6
2700147342,336
2700149498,148
2700151694,137
2700154106,111
2700158270,59
2700159134,50
2700159368,1290
2700161546,288
2700161654,562
2700164156,43
2700165722,129
2700166748,40
2700167540,448
2700168692,385
2700168872,254
2700170132,23
2700170384,105
2700171716,164
2700301486,33035
2700301720,17970
2700305554,474
2700306382,72488
2700310648,3935
2700311494,4968
2700312700,22155
2700312718,4248
2700313114,63468
2700317486,12115
2700322814,30241
2700326738,16702
2700329258,1053
2700336836,2770
2700337322,22113
2700337376,5235
2700347536,4538
2700347690,9130
2700353026,28421
2700356950,8372
2700361996,6918
2700502674,206
2700502728,388
2700502746,857
2700508686,1784
2700509280,224
2700509298,250
2700510126,267
2700513294,1031
2700514230,324
2700515814,1891
2700515832,10025
2700517455,132
2700519646,1402
2700520006,398
2700521671,110
2700522472,1647
2700525820,494
2700526684,212
2700528250,771
2700529816,580
2700534298,1517
2700534784,600
2700534802,540
2700535144,1939
2700540130,448
2700548130,257
2700548778,896
2700551244,296
2700554142,71
2700554376,900
2700556050,191
2700556248,637
2700558756,236
2700559512,365
2700560430,445
2700561762,112
2700562212,331
2700563256,548
2700565002,436
2700566010,212
2700567954,179
2700570024,770
2700571338,73
2700571356,351
2700700586,240
2700703952,75
2700705068,15569
2700705086,3363
2700705284,67
2700705914,60
2700706256,699
2700707918,314
2700709082,307
2700713258,130
2700717234,237
2700717954,1898
2700722886,1515
2700722976,55
2700725352,2206
2700726468,399
2700726900,55
2700729348,616
2700730194,237
2700732120,453
2700732606,341
2700732624,212
2700735324,691
2700735540,197
2700736170,101
2700736926,913
2700738335,5321
2700740274,138
2700743360,8
2700743936,310
2700745088,236
2700746770,27
2700746906,3659
2700748040,43
2700752162,516
2700752828,81
2700755402,192
2700759926,125
2700760070,44
2700760079,12
2700761114,117
2700762230,67
2700762680,33
2700763274,196
2700763328,185
2700764291,137
2700764390,979
2700764444,207
2700765758,1305
2700765794,58
2700765812,1082
2700766307,28
2700768440,97
2700770708,327
2700771590,32
2700900668,720
2700921536,2675
2700923804,233
2700923822,906
2700924020,846
2700924812,507
2700925298,926
2700935522,980
2700941192,1031
2700941264,1041
2700942434,1428
2700953998,2085
2700956176,0
2700956896,7102
2700956986,1162
2700958612,2213
2700958684,13852
2700958702,453
2700968476,3433
2701100532,199
2701101126,117
2701102350,82
2701103718,16
2701104204,229
2701105788,243
2701108182,152
2701111980,281
2701113384,18
2701122058,130
2701124758,564
2701124776,57
2701132012,20
2701139608,103
2701143828,97
2701148058,87
2701148076,143
2701148706,2028
2701148724,68
2701149120,153
2701152576,303
2701165200,37
2701301324,602
2701304330,427
2701309046,272
2701309352,392
2701310756,138
2701314752,235
2701315130,1314
2701317378,3281
2701323102,652
2701324506,456
2701331688,696
2701332210,481
2701334190,2606
2701336584,780
2701337052,889
2701337124,205
2701338870,266
2701339176,346
2701339320,1322
2701339878,45473
2701339896,1748
2701340310,1728
2701340328,352
2701341498,285
2701343198,6
2701350200,223
2701351604,140
2701353206,941
2701356824,710
2701359458,265
2701360754,307
2701361240,1458
2701362716,278
2701366910,329
2701366928,268
2701500748,249
2701503826,188
2701508776,316
2701512394,12
2701512772,324
2701513546,861
2701518026,206
2701519880,89
2701527008,380
2701529960,489
2701534442,276
2701536116,291
2701537214,299
2701542182,760
2701544746,269
2701546042,14056
2701547248,273
2701552342,278
2701560160,299
2701560844,3444
2701561816,2125
2701562518,224
2701562590,92
2701702656,383
2701703016,136
2701703628,503
2701703646,1172
2701705518,141
2701706328,1039
2701710018,875
2701711750,130
2701712160,12537
2701713780,423
2701717332,554
2701729942,192
2701732264,271
2701732966,140
2701735162,238
2701739464,690
2701743954,2863
2701743972,1036
2701746820,780
2701750446,985
2701758936,1146
2701760232,373
2701760268,544
2701760664,477
2701761708,175
2701764768,5534
2701765902,2259
2701771788,404
2701771806,422
2701771824,96
2701905266,713
2701909406,984
2701910144,6239
2701910918,26006
2701910972,28706
2701912664,2282
2701914482,1026
2701926666,547
2701926918,323
2701929726,992
2701935108,2124
2701941138,2518
2701945556,595
2701947520,3849
2701958486,833
2701960016,0
2701967036,11295
2701967432,13434
2701967450,1168
2701968548,4790
2701968566,988
2701972130,629
2702101738,75
2702103124,291
2702103538,569
2702104600,682
2702105104,79
2702105572,81
2702106040,529
2702106454,86
2702107156,318
2702107174,6
2702107192,98
2702108560,150
2702108596,117
2702109136,169
2702110252,635
2702111296,248
2702113834,655
2702115220,157
2702117495,5
2702117630,1076
2702120366,1005
2702120798,142
2702124686,206
2702126378,248
2702129366,503
2702129978,290
2702130986,184
2702132588,500
2702134928,1073
2702136224,595
2702138114,138
2702138168,831
2702139104,140
2702140076,525
2702141102,938
2702141354,216
2702143990,197
2702144422,6
2702146825,175
2702146826,35
2702149250,78
2702150848,1811
2702150902,547
2702151172,251
2702151280,906
2702151298,1058
2702151928,721
2702151964,145
2702152252,858
2702153782,371
2702153800,187
2702155168,69
2702158216,109
2702159872,1455
2702160790,186
2702160970,180
2702163958,2982
2702164876,238
2702165254,176
2702165434,180
2702165776,714
2702167414,452
2702167595,173
2702167684,432
2702167792,848
2702170348,544
2702170488,43
2702170654,542
2702171608,763
2702305608,223
2702311548,1466
2702313672,229
2702324722,62
2702325262,275
2702325280,836
2702327656,204
2702333668,126
2702336278,254
2702337952,177
2702338312,308
2702339752,115
2702341210,234
2702342146,564
2702343720,5315
2702353296,0
2702353962,242
2702355870,286
2702361582,678
2702362950,227
2702365704,163
2702368656,200
2702371626,193
2702501306,804
2702510576,651
2702511350,5899
2702511368,4908
2702521194,2470
2702522310,1817
2702527278,776
2702537304,4978
2702545250,1836
2702546798,11565
2702556266,3295
2702556392,963
2702559314,1186
2702559332,1222
2702562320,4384
2702563616,1983
2702564318,1167
2702572022,8087
2702701054,193
2702703574,2762
2702703592,178
2702712862,100
2702713798,458
2702715976,4713
2702718314,698
2702718710,354
2702719052,433
2702720834,186
2702720852,107
2702721482,143
2702723498,72
2702723516,116
2702724182,1098
2702724200,475
2702724542,142
2702726504,179
2702727746,2178
2702727764,636
2702728988,258
2702729402,314
2702729906,95
2702730428,272
2702732552,153
2702733704,218
2702733812,246
2702743576,341
2702743864,45036
2702743882,149
2702744170,111
2702747932,448
2702749678,519
2702754718,530
2702756554,718
2702760718,156
2702762032,394
2702764192,233
2702766136,413
2702766154,206
2702767054,28
2702903196,1248
2702904186,111
2702911746,584
2702912214,56
2702913150,825
2702916462,519
2702918008,418
2702920438,310
2702924344,221
2702925910,104
2702926954,0
2702929834,271
2702931508,208
2702935630,364
2702936458,341
2702936494,12
2702938042,47
2702942452,238
2702943918,235
2702946438,457
2702946830,84
2702951190,598
2702952018,407
2702954016,165
2702959782,148
2702959800,416
2702960502,95
2702961303,0
2702971068,134
2703100000,0
2703117531,903
2703124992,1796
2703125071,589
2703138550,471
2703158999,232
2703165065,346
2703169307,1298
2703301342,109
2703301441,103
2703301666,143
2703305896,95
2703310108,262
2703312772,14
2703314608,123
2703315652,66
2703323570,179
2703325514,352
2703329060,103
2703331796,368
2703335000,431
2703342002,215
2703344566,2070
2703344584,223
2703355672,98
2703359224,140
2703361294,54
2703361834,127
2703363022,244
2703363040,147
2703369250,792
2703369268,201
2703370798,4799
2703504042,8966
2703504096,1035
2703507300,14468
2703507516,2687
2703510567,1343
2703513924,2218
2703513978,2521
2703514122,2075
2703514428,250
2703514464,632
2703515346,710
2703515364,1471
2703519286,693
2703520240,264
2703521032,478
2703521149,5808
2703521932,68
2703521950,1054
2703523012,139
2703523192,156
2703523210,856
2703530734,1266
2703531202,1203
2703531274,621
2703531832,508
2703531850,572
2703534207,2129
2703537646,66
2703537988,1202
2703539806,25
2703540148,670
2703543468,783
2703546348,1954
2703546384,839
2703547824,1833
2703550092,581
2703550416,2079
2703550542,281
2703551496,371
2703552855,388
2703554736,145
2703555420,644
2703555978,274
2703557328,580
2703559161,54
2703564930,194
2703565506,123
2703571374,409
2703701900,55679
2703708794,64463
2703710306,1502
2703712376,131
2703716228,773
2703717288,68000
2703719358,3092
2703719871,1178
2703720618,23902
2703725802,825
2703726864,590
2703726882,829
2703727530,22117
2703731076,35906
2703735180,74354
2703737016,772
2703740724,1381
2703741678,207
2703741696,11612
2703742092,125
2703746024,78
2703746330,908
2703746924,984
2703753098,461
2703753116,913
2703753260,2092
2703755726,27562
2703759008,471
2703761492,20611
2703763544,533
2703766802,399
2703766820,1396
2703768530,543
2703769700,21382
2703902512,388
2703906580,0
2703909640,570
2703911566,502
2703911584,397
2703912934,477
2703915994,2880
2703918764,260
2703927872,1395
2703927890,435
2703932498,7050
2703939986,1047
2703940004,1808
2703942380,800
2703954502,150
2703966892,705
2703968404,913
2703969304,843
2703969448,425
2704100928,14735
2704100946,3027
2704104924,406
2704107336,451
2704107354,916
2704109964,512
2704109982,2337
2704119898,550
2704119916,224
2704121608,161
2704123120,282
2704129798,670
2704130374,1099
2704130716,1539
2704132768,240
2704133992,4281
2704134730,1074
2704136062,511
2704138510,281
2704142254,116
2704142272,449
2704142398,418
2704142416,920
2704143558,703
2704145106,155
2704148472,383
2704148796,1521
2704148814,686
2704161078,201
2704162248,439
2704166406,288
2704303520,257
2704306688,3165
2704306706,558
2704307678,392
2704308380,147
2704311638,247
2704315472,160
2704315490,241
2704317108,274
2704317738,178
2704318998,451
2704319016,180
2704319268,174
2704322076,236
2704322940,275
2704331976,262
2704333056,494
2704333074,150
2704338528,169
2704343198,681
2704343216,171
2704350974,199
2704352432,224
2704355348,117
2704359206,156
2704366946,286
2704367864,234
2704367900,57
2704369106,2296
2704370924,1280
2704370978,203
2704501396,400
2704502098,343
2704504402,236
2704506544,423
2704507804,357
2704509802,398
2704509820,576
2704509910,289
2704510090,422
2704511008,1781
2704511026,779
2704521068,492
2704521860,405
2704522094,493
2704522112,242
2704527188,1024
2704527206,323
2704529852,311
2704532156,388
2704535450,744
2704538888,730
2704545466,381
2704547392,365
2704549030,313
2704550596,244
2704551010,319
2704552396,198
2704552450,1362
2704552468,280
2704556284,1826
2704556302,809
2704562104,2307
2704562122,564
2704563418,501
2704569808,45
2704571950,377
2704572076,367
2704700694,18330
2704700712,428
2704700838,629
2704700856,298
2704703466,752
2704703934,363
2704710000,277
2704711674,636
2704712952,99
2704719340,363
2704722526,348
2704722544,197
2704722634,502
2704723354,387
2704723372,488
2704724056,572
2704727404,422
2704727422,246
2704727944,231
2704727962,340
2704729636,340
2704737916,270
2704739716,32
2704739734,436
2704739950,255
2704744404,511
2704744890,31
2704745934,341
2704747608,369
2704747788,477
2704750722,742
2704754088,471
2704759548,282
2704765920,158
2704904798,170
2704904816,415
2704905032,396
2704909730,4227
2704909748,920
2704911188,341
2704915706,200
2704920780,819
2704921392,1553
2704924398,1074
2704924416,527
2704927818,1014
2704929546,447
2704932840,1824
2704932858,454
2704934172,639
2704936476,823
2704943072,677
2704951136,2945
2704951154,669
2704953620,16758
2704955492,896
2704962428,1032
2704966640,904
2704967486,366
2704967972,1389
2704967990,428
2704968242,656
2704969052,774
2704972328,3914
2704972346,692
2705102422,394
2705103682,349
2705115508,73
2705118458,1301
2705118476,100
2705118620,309
2705119538,437
2705124650,32
2705128646,441
2705129474,730
2705135396,210
2705135882,92
2705136998,85
2705137862,75
2705139194,128
2705146492,106
2705147140,48
2705150128,578
2705151838,138
2705155816,83
2705158468,133
2705162986,99
2705169142,186
2705306616,88665
2705307948,32479
2705307966,83876
2705310846,23294
2705310918,0
2705313168,7302
2705314158,22476
2705315022,9095
2705315148,3793
2705318116,63051
2705318188,53262
2705320078,2570
2705321965,527
2705324308,21725
2705325622,2894
2705325918,699
2705326990,496
2705330140,18819
2705330842,3694
2705338006,1728
2705338222,784
2705340166,71173
2705340256,1701
2705341462,596
2705341480,6968
2705343000,427246
2705343252,53064
2705343306,8708
2705344476,9107
2705345628,21181
2705348580,8195
2705349012,2584
2705351730,79220
2705354214,36642
2705354808,14234
2705355006,392
2705355186,13685
2705356680,5867
2705356770,1997
2705357220,49594
2705360016,7647
2705362014,1896
2705365164,1270
2705367130,469
2705368818,4354
2705371500,477
2705506292,269
2705508218,609
2705508236,443
2705509226,2820
2705509244,596
2705513816,253
2705518368,281
2705529510,668
2705529528,378
2705530230,982
2705530248,411
2705531814,117
2705533866,5236
2705533884,1169
2705541228,324
2705543648,641
2705544512,542
2705559494,280
2705561852,1177
2705561870,274
2705566208,263
2705570564,385
2705570960,242
2705572166,293
2705700496,289
2705700514,640
2705701918,800
2705703178,106
2705711682,57
2705712232,150
2705714140,407
2705720528,1014
2705720942,383
2705726360,547
2705727386,482
2705728340,1734
2705728466,338
2705728556,1389
2705730338,984
2705734046,130
2705734262,1005
2705734388,318
2705734460,164
2705734838,834
2705735612,71
2705740022,727
2705745340,496
2705745358,1106
2705749768,4270
2705755132,544
2705758972,164
2705762618,84
2705763076,790
2705764804,50
2705765038,1414
2705770114,344
2705902602,2203
2705907246,3473
2705907282,1732
2705909370,10307
2705909388,2534
2705914572,794
2705931328,7210
2705931346,1871
2705940292,802
2705946816,1779
2705949354,910
2705956950,0
2705961672,1952
2705962086,1762
2705962347,1071
2705962374,2457
2705971896,1739
2706101288,20
2706101936,959
2706102044,135
2706103430,783
2706104276,186
2706105698,375
2706105716,287
2706106220,849
2706107048,646
2706107102,177
2706107105,940
2706110072,126
2706112412,2703
2706112502,2150
2706115277,3667
2706115310,889
2706115328,610
2706118260,77
2706118265,150
2706120816,346
2706124362,85
2706124452,433
2706125118,11207
2706125460,35
2706125892,2039
2706127296,3332
2706132570,1215
2706133272,222
2706134568,200
2706135648,592
2706135900,541
2706136944,54
2706137691,235
2706137934,523
2706140472,383
2706141066,141
2706144008,108
2706144332,639
2706144998,1463
2706146582,83
2706146894,1411
2706149048,277
2706151856,25
2706156644,277
2706158360,223
2706161564,229
2706161700,171
2706162284,104
2706162914,169
2706164048,468
2706164606,48
2706165596,1125
2706167360,661
2706168080,146
2706168800,49
2706170306,178
2706171194,60
2706172184,49
2706300604,210
2706301162,114
2706304978,206
2706311476,293
2706315436,213
2706315769,234
2706319484,195
2706320042,171
2706328700,593
2706328718,361
2706330482,220
2706331562,3287
2706333146,77
2706333902,128
2706334316,1507
2706341948,313
2706343108,325
2706348184,210
2706350578,186
2706355996,205
2706356068,123
2706360574,201
2706369016,175
2706369484,184
2706370258,32
2706371212,170
2706501702,414
2706502296,1597
2706507282,0
2706508344,1484
2706512754,1111
2706521644,204
2706525406,931
2706525424,112
2706527782,211
2706529132,535
2706532300,1005
2706533560,1351
2706533776,168
2706544044,3732
2706548166,322
2706550002,922
2706551874,381
2706552756,82
2706561348,839
2706569988,989
2706701990,316
2706702692,1203
2706706490,129
2706708614,458
2706712538,624
2706716336,2214
2706717702,178
2706718242,235
2706720150,406
2706723390,458
2706725694,1543
2706727314,531
2706729600,387
2706731292,1018
2706732372,493
2706732390,607
2706734064,909
2706734226,271
2706734676,157
2706734694,129
2706739662,289
2706745682,1187
2706745700,2936
2706747464,296
2706750344,549
2706752558,651
2706753296,692
2706753710,33
2706755708,325
2706755834,789
2706757076,288
2706761690,1222
2706763454,106
2706770078,525
2706770420,21378
2706770438,547
2706902386,69
2706909676,17
2706909874,37
2706912340,65
2706914950,59
2706915382,110
2706916030,5
2706925370,58
2706926576,829
2706926594,95
2706926612,36
2706926846,29
2706928070,218
2706929078,20
2706930446,44
2706932228,135
2706932444,622
2706932732,170
2706933495,0
2706934136,190
2706935378,315
2706939112,48
2706947176,0
2706947410,97
2706950062,0
2706950074,23
2706950452,91
2706952072,87
2706954196,53
2706957112,39
2706958144,45
2706958162,70
2706960646,83
2706961456,18
2706961744,39
2706963652,5
2706964336,33
2706964354,130
2706964642,100
2707105680,136
2707117660,302
2707131040,5642
2707137592,636
2707143540,58
2707145277,70
2707147122,159
2707147131,319
2707147352,512
2707152990,3351
2707153134,509
2707161433,139
2707300352,104
2707302062,131
2707302800,100
2707304060,149
2707304960,146
2707307138,172
2707309550,243
2707310774,197
2707314968,1513
2707322616,109
2707323138,104
2707326774,151
2707327044,98
2707333848,198
2707334946,131
2707338258,20
2707339266,1550
2707339284,203
2707339788,53
2707340526,166
2707341084,243
2707341516,64
2707345016,49
2707350524,84
2707352702,99
2707354646,270
2707364408,95
2707367882,125
2707372058,115
2707500000,0
2707504456,82
2707504474,561
2707514194,469
2707520456,538
2707534770,138
2707534773,2310
2707560250,1769
2707560304,1213
2707562995,232
2707565956,3567
2707701550,85
2707704024,1139
2707704027,401
2707706966,142
2707711322,94
2707721690,0
2707726250,96
2707733048,0
2707735208,55
2707738988,103
2707744887,156
2707752208,40
2707752672,94
2707753212,0
2707755438,2
2707756238,0
2707761726,210
2707763945,158
2707765298,0
2707765300,10
2707767044,0
2707767368,164
2707767782,57
2707769849,261
2707770402,237
2707772264,317
2707911872,563
2707911890,846
2707913204,486
2707915760,845
2707919160,676
2707919178,739
2707928214,235
2707932462,554
2707932480,1521
2707933110,125
2707933128,467
2707935468,1995
2707936134,2513
2707936746,4215
2707936872,712
2707939878,0
2707943738,3434
2707943756,757
2707945808,3503
2707949174,239
2707959386,625
2707966100,506
2707968350,944
2707968584,1947
2707968602,666
2708101180,185
2708101972,66
2708102476,166
2708115940,228
2708116372,84
2708127026,137
2708128430,517
2708128448,174
2708130104,170
2708131526,609
2708134100,794
2708134118,203
2708135054,165
2708137106,125
2708140436,126
2708140760,242
2708156158,140
2708159377,252
2708166046,1090
2708166730,130
2708301432,168
2708303250,551
2708311926,209
2708313078,283
2708313564,1061
2708314392,161
2708318332,148
2708320384,519
2708321410,25
2708323228,114
2708323660,439
2708325154,199
2708331400,162
2708334712,642
2708338438,162
2708338708,428
2708338726,399
2708338834,144
2708340688,13896
2708343126,1594
2708343666,261
2708346564,134
2708355042,248
2708356428,346
2708359440,230
2708361042,198
2708362392,166
2708364264,128
2708365308,2057
2708366496,210
2708369412,221
2708500136,1280
2708505338,1143
2708506112,138
2708508254,546
2708512610,449
2708523948,5695
2708523966,496
2708526540,802
2708527494,715
2708528304,950
2708530644,14680
2708530662,1111
2708536728,1898
2708538798,378
2708550308,309
2708551460,242
2708554322,579
2708556032,308
2708560376,815
2708562788,644
2708563436,546
2708571086,2181
2708571104,893
2708704366,100
2708704672,109
2708704690,91
2708711314,128
2708712250,126
2708725946,72
2708728232,145
2708731418,358
2708733956,171
2708734424,198
2708737530,236
2708739392,1049
2708740742,133
2708747806,292
2708750218,660
2708752054,189
2708755618,128
2708765929,754
2708768674,419
2708900388,92
2708901072,77
2708901252,317
2708902134,486
2708902764,109
2708905842,55
2708906535,75
2708907120,32
2708910360,80
2708912808,33
2708912880,132
2708916066,9
2708917414,13
2708917756,26
2708917864,52
2708917972,87
2708919736,26
2708920060,250
2708921500,66
2708921878,2
2708925046,52
2708926216,266
2708929870,95
2708929888,119
2708930572,88
2708937142,81
2708937340,15
2708938942,217
2708940778,128
2708941912,319
2708941930,60
2708944026,39
2708944692,104
2708944718,0
2708945142,136
2708945520,332
2708945538,245
2708945718,185
2708945970,357
2708947878,87
2708948976,260
2708949696,59
2708955330,58
2708960520,29
2708962266,185
2708962698,526
2708963112,91
2708964138,83
2708964552,34
2708966514,128
2708966676,143
2708966694,42
2708967090,125
2708967108,197
2708968044,42
2708968170,1680
2708968206,69
2708969772,96
2708970096,55
2708971842,63
2709110378,216
2709110594,180
2709110792,259
2709117180,177
2709117522,289
2709118854,151
2709120330,10296
2709120348,311
2709122256,193
2709122436,264
2709123030,253
2709124884,243
2709131778,275
2709134082,190
2709134334,174
2709140058,334
2709144962,157
2709147212,240
2709148562,64
2709151622,225
2709155258,175
2709156500,292
2709159620,1015
2709160412,334
2709164372,276
2709165470,546
2709165668,1212
2709168746,141
2709169070,978
2709169466,320
2709300154,323
2709310468,40
2709310486,397
2709312628,1168
2709313420,536
2709313438,255
2709314698,226
2709314842,358
2709314860,526
2709314878,1358
2709314896,1690
2709318134,543
2709318818,792
2709321734,707
2709321842,1049
2709325730,897
2709326126,814
2709327440,437
2709333344,206
2709333362,1436
2709337448,6576
2709337466,786
2709339698,587
2709363832,362
2709366226,634
2709368620,765
2709506814,49
2709506850,1844
2709507012,1742
2709507210,181
2709514500,232
2709517810,749
2709521824,757
2709525586,1384
2709527908,477
2709531472,695
2709531490,545
2709532516,1424
2709536782,74
2709542110,3044
2709542128,1947
2709542326,1304
2709544710,51
2709548310,719
2709548328,549
2709549480,972
2709550056,217
2709552522,4949
2709552540,2038
2709561384,924
2709567558,258
2709700406,510
2709704888,579
2709704942,1332
2709707066,278
2709708416,339
2709708434,888
2709708506,592
2709714248,414
2709714356,828
2709714806,516
2709718872,172
2709718890,996
2709721266,199
2709723444,81
2709725244,399
2709725784,675
2709727098,169
2709729150,27
2709729168,224
2709735252,477
2709735720,88
2709736350,245
2709737556,9121
2709737574,1825
2709744224,699
2709744422,602
2709744440,174
2709744602,109
2709749714,531
2709750776,1424
2709750794,577
2709750866,925
2709751478,431
2709752720,328
2709753080,695
2709754178,446
2709754520,666
2709755906,194
2709756176,1211
2709758918,1427
2709761006,192
2709763760,573
2709763778,274
2709763796,481
2709766028,899
2709766334,417
2709900190,745
2709900208,476
2709902908,26358
2709902926,880
2709905176,116
2709908164,850
2709911728,161
2709915886,350
2709915904,257
2709918728,94
2709922328,462
2709925010,1011
2709925028,329
2709935576,833
2709936620,803
2709936638,349
2709937808,228
2709938654,504
2709938672,379
2709940346,110
2709940706,310
2709945322,445
2709951640,264
2709952882,416
2709952900,646
2709953584,660
2709955600,429
2709958576,30
2709958594,290
2709964210,51
2709966118,497
2709967918,182
2709967936,329
2709970816,499
2710103052,100
2710104708,137
2710106922,227
2710109460,68
2710110882,186
2710110900,331
2710114320,220
2710115778,151
2710116300,41
2710116318,124
2710118782,132
2710120888,194
2710122958,1393
2710126450,29
2710129690,88
2710131094,214
2710131112,120
2710134892,308
2710135198,237
2710136260,134
2710137088,129
2710138402,184
2710140958,232
2710144458,98
2710144854,162
2710159764,348
2710160628,96
2710160808,2141
2710160826,273
2710304744,1137
2710305410,248
2710307732,152
2710313582,770
2710313600,503
2710324902,227
2710333920,484
2710333938,704
2710334856,651
2710339878,0
2710345988,284
2710346150,957
2710346168,559
2710347068,14211
2710348922,560
2710354430,100
2710358036,12185
2710365416,291
2710369556,388
2710500262,1236
2710505644,297
2710505662,393
2710506508,111
2710507660,687
2710515850,182
2710517144,79
2710518602,235
2710518836,428
2710524848,189
2710525100,207
2710528736,226
2710530878,162
2710533236,2
2710535666,153
2710536566,383
2710537412,233
2710537430,105
2710537682,172
2710538204,244
2710548274,128
2710553152,198
2710556086,333
2710556338,362
2710559260,157
2710563400,293
2710569718,137
2710570582,280
2710570600,211
2710571734,13780
2710571752,438
2710700172,1833
2710701774,43
2710704222,190
2710707030,132
2710721320,159
2710722022,203
2710723246,268
2710724380,16
2710725766,60
2710726630,509
2710726648,77
2710728178,77
2710728484,240
2710728502,87
2710729996,58
2710734532,133
2710736188,134
2710737790,18
2710738978,132
2710740868,47
2710750506,126
2710751658,99
2710755114,57
2710759566,229
2710759584,56
2710761780,54
2710763094,105
2710763508,119
2710765938,719
2710768728,113
2710770276,230
2710770762,44
2710909154,6646
2710910180,2826
2710911008,778
2710916264,895
2710916282,446
2710918962,323
2710920114,1944
2710920132,615
2710920636,477
2710927692,1622
2710928880,894
2710932282,1496
2710940616,4105
2710945610,1127
2710948526,493
2710948598,1679
2710948616,2497
2710951136,635
2710951550,715
2710952792,302
2710954880,122330
2710954898,2483
2710954988,772
2710958234,1038
2710962806,6807
2710967270,553
2711100100,230
2711101468,588
2711102836,1586
2711103970,786
2711106652,253
2711106778,263
2711106796,677
2711108938,612
2711108974,272
2711109622,578
2711109946,287
2711112088,111
2711112106,505
2711112844,804
2711113240,515
2711114626,223
2711114644,912
2711115076,624
2711115184,330
2711115202,487
2711115724,230
2711116120,580
2711117162,929
2711117396,509
2711117576,148
2711118224,869
2711118278,205
2711118566,122
2711118584,894
2711118980,356
2711119556,154
2711119574,489
2711120024,599
2711120906,14181
2711120924,860
2711121518,272
2711122796,768
2711123840,794
2711124632,542
2711128520,860
2711128538,309
2711129420,796
2711130050,321
2711131004,327
2711135990,620
2711136008,340
2711136980,827
2711139500,567
2711140364,264
2711146006,728
2711146060,1371
2711146240,346
2711147482,313
2711148004,323
2711148742,199
2711148850,237
2711149210,490
2711149228,520
2711149264,565
2711149408,294
2711149732,980
2711149750,588
2711150110,486
2711150164,2586
2711150470,3627
2711150488,1115
2711151208,703
2711154340,44
2711156014,188
2711156320,940
2711157382,367
2711158864,628
2711162554,490
2711163688,565
2711165218,502
2711165524,152
2711165686,394
2711166172,461
2711166388,40
2711166766,258
2711167216,86
2711167504,179
2711169430,97
2711171644,238
2711306364,29
2711307444,62
2711312304,82
2711315292,94
2711324470,49
2711324488,39
2711328808,98
2711329024,200
2711333740,216
2711341156,44
2711346510,470
2711346762,520
2711347590,161
2711351802,37
2711353746,127
2711354574,222
2711355060,1201
2711357022,259
2711358342,198
2711360448,265
2711360898,471
2711362482,61
2711364570,8823
2711371878,63
2711502188,413
2711502224,100
2711502548,304
2711503736,482
2711505986,218
2711507552,328
2711507984,143
2711508002,581
2711508290,42
2711508308,147
2711511098,815
2711512268,425
2711513942,109
2711514680,82
2711515598,919
2711515670,33
2711521122,267
2711521140,501
2711521248,98
2711528574,37
2711529294,1596
2711529312,738
2711532912,64
2711532930,240
2711532984,531
2711543486,458
2711544764,467
2711545484,70
2711546132,256
2711546618,342
2711548148,504
2711549660,46
2711549876,690
2711551064,3468
2711551082,1456
2711551226,481
2711551784,2847
2711554934,1748
2711556194,916
2711556518,275
2711558396,2482
2711558414,728
2711563220,568
2711563238,476
2711570492,342
2711570528,105
2711570780,1702
2711700298,161
2711701216,87
2711708650,181
2711718062,138
2711718152,1104
2711718908,266
2711722130,131
2711725208,149
2711725478,208
2711727566,46
2711729618,292
2711730806,91
2711731760,769
2711748832,261
2711751388,4129
2711754916,168
2711756482,222
2711763886,385
2711765542,51
2711765614,245
2711771680,200
2711901504,119
2711901648,56
2711903142,185
2711904726,73
2711905014,72
2711907390,270
2711907408,44
2711907768,28
2711909118,272
2711911224,107
2711911962,209
2711912682,482
2711913870,7344
2711913888,511
2711917612,9028
2711918080,177
2711919700,427
2711919790,150
2711919862,138
2711920204,172
2711920510,87
2711920564,61
2711920978,803
2711921158,396
2711921176,132
2711921986,1374
2711923066,206
2711923156,590
2711923480,205
2711924254,216
2711924938,178
2711926190,153
2711926270,53
2711926288,66
2711926810,23
2711928358,22
2711928844,84
2711929186,140
2711930356,54
2711930590,550
2711932030,18
2711932948,81
2711933002,61
2711933254,162
2711933614,535
2711936404,43
2711936692,180
2711936962,126
2711938330,284
2711939050,847
2711941714,131
2711945214,182
2711946258,102
2711947032,172
2711948418,64
2711949840,71
2711952774,117
2711953764,121
2711953980,139
2711955384,143
2711955564,321
2711956446,52
2711958432,82
2711958882,41
2711960880,156
2711963310,154
2711964030,111
2711965344,16
2711966064,40
2711967198,68
2711970870,157
2711970888,275
2711971662,396
2712103502,141
2712103754,115
2712105302,250
2712106760,188
2712108092,0
2712111332,284
2712114446,355
2712120690,43
2712123750,222
2712124074,2633
2712124092,1053
2712126162,304
2712129456,248
2712134586,169
2712135504,251
2712136764,495
2712137970,318
2712138366,348
2712143342,533
2712145844,233
2712146456,191
2712153854,410
2712155240,148
2712159188,40
2712162500,1235
2712167144,236
2712167702,159
2712169628,37
2712169646,267
2712169952,512
2712302026,9658
2712306382,0
2712320420,5085
2712323318,483
2712335738,2388
2712337502,10514
2712340382,40695
2712344530,12926
2712345430,22710
2712347104,5179
2712347221,12570
2712355852,35802
2712356680,3804
2712358000,307284
2712359998,26714
2712361996,114
2712366460,12838
2712369916,10656
2712369970,23525
2712508038,133
2712508146,57
2712519196,190
2712519502,126
2712523174,198
2712523588,250
2712534820,103
2712535270,94
2712538276,216
2712548202,383
2712551712,369
2712552000,104
2712553476,1348
2712553494,151
2712554538,52
2712564498,109
2712571986,32
2712705050,362
2712708074,174
2712710936,152
2712711836,109
2712715544,33
2712715562,349
2712723048,133
2712725316,179
2712732048,209
2712733434,162
2712735288,917
2712735306,136
2712738420,220
2712742362,203
2712744116,925
2712744134,256
2712745412,227
2712746996,133
2712749894,702
2712753656,5068
2712753674,186
2712753908,64
2712758306,299
2712759098,100
2712759656,224
2712759692,300
2712761798,198
2712763526,187
2712763868,79
2712764822,138
2712766190,187
2712766478,177
2712766982,311
2712767000,154
2712767396,603
2712767846,808
2712768008,104
2712768494,161
2712769538,192
2712770474,229
2712903484,126
2712904546,256
2712905968,173
2712906076,930
2712906094,208
2712906976,400
2712907912,146
2712908488,635
2712909208,206
2712909478,149
2712913852,128
2712914716,472
2712919322,162
2712919628,212
2712920222,1088
2712921374,134
2712922364,526
2712927728,124
2712928124,1130
2712928142,241
2712928610,128
2712933290,171
2712940832,145
2712941624,178
2712944368,384
2712946600,163
2712948256,2205
2712948868,83
2712949606,252
2712952486,195
2712953890,1503
2712956572,481
2712956590,257
2712965632,347
2712968026,271
2712969088,146
2712970852,203
2713107714,1892
2713109712,1073
2713115706,23
2713117126,1916
2713119682,768
2713120546,24631
2713121680,1377
2713138150,4896
2713144296,1265
2713144314,642
2713145196,215
2713146924,19758
2713146942,812
2713154250,480
2713159854,895
2713167666,1106
2713168278,1161
2713168962,1747
2713169124,1529
2713169826,1202
2713169862,529
2713303988,157
2713304492,293
2713304510,363
2713311998,223
2713315742,137
2713327116,235
2713329204,748
2713331760,49
2713332336,324
2713332750,72
2713338564,4925
2713338582,606
2713339338,215
2713339356,180
2713340796,262
2713344494,253
2713355654,104
2713362140,239
2713362662,125
2713367072,111
2713503160,391
2713503610,165
2713503808,117
2713504420,94
2713510414,220
2713515166,145
2713515868,140
2713515958,165
2713519466,430
2713520492,214
2713524326,238
2713525604,678
2713526036,96
2713528628,239
2713530626,99
2713531634,604
2713534010,1775
2713535594,533
2713537196,27
2713539644,495
2713541894,321
2713543900,88
2713544080,810
2713545178,40
2713547216,88
2713547357,31
2713549588,38
2713551748,34
2713551820,18
2713551982,93
2713553728,113
2713555438,148
2713555546,2736
2713555942,369
2713560610,226
2713561096,78
2713561330,249
2713562158,511
2713562338,264
2713562932,189
2713563130,34
2713568224,1959
2713700000,0
2713700568,249
2713700820,442
2713700874,239
2713701612,272
2713702278,211
2713702818,201
2713703106,1393
2713703322,843
2713703880,57
2713704294,349
2713706042,446
2713706148,966
2713706166,812
2713707534,651
2713707606,1064
2713708056,103
2713708524,1022
2713709482,22
2713709784,2305
2713710540,165
2713711134,792
2713711386,4712
2713712016,949
2713712736,262
2713713006,423
2713713528,356
2713713656,81
2713714284,278
2713717000,87093
2713717018,2158
2713717440,258
2713718800,254
2713718944,129
2713719142,3240
2713719232,653
2713719934,3448
2713720186,131
2713720762,1938
2713720996,285
2713721086,108
2713721338,497
2713721356,196
2713722508,1393
2713722724,610
2713723632,19
2713723714,1697
2713724218,2018
2713724956,2715
2713725550,471
2713725928,975
2713726522,121
2713727899,90
2713728682,10218
2713728790,16057
2713730302,2064
2713730932,680
2713731238,86
2713731733,187
2713732252,105
2713732696,120
2713733416,115
2713733794,170
2713735234,2248
2713735774,325
2713736332,402
2713736530,37
2713737250,94
2713738938,219
2713738960,534
2713739140,92
2713739538,1341
2713741372,174
2713741390,328
2713742056,1252
2713744098,45
2713744350,1143
2713744548,2860
2713745232,46
2713745281,214
2713745664,343
2713746708,915
2713746898,222
2713747050,190
2713747255,164
2713747362,188
2713748634,368
2713749336,378
2713750389,130
2713750830,399
2713752090,173
2713752224,110
2713752306,51
2713752630,3100
2713754060,4153
2713758369,1340
2713758450,330
2713761132,1989
2713762968,302
2713763202,148
2713765146,155
2713765272,367
2713766586,121
2713766784,243
2713767288,8332
2713767342,250
2713769898,3109
2713770069,487
2713770510,83
2713771140,124
2713771869,541
2713904834,7423
2713904852,1063
2713906418,388
2713910450,3061
2713913708,5551
2713918662,5002
2713928322,1776
2713931580,1521
2713932174,6771
2713938294,1439
2713945754,3556
2713945808,4734
2713952594,28016
2713957184,612
2713958324,1265
2713958738,32889
2713959350,46012
2713961978,3478
2714103286,7076
2714104618,5034
2714104636,5601
2714105752,12367
2714105770,8147
2714106742,2571
2714111764,579
2714111782,1521
2714118674,26793
2714127674,2164
2714137754,6308
2714148670,3642
2714149534,2581
2714152522,325
2714156896,7464
2714158522,1841
2714172238,6546
2714300982,339
2714302152,2065
2714302170,430
2714306130,334
2714313348,236
2714316426,198
2714320726,836
2714323300,2073
2714323678,918
2714324794,221
2714325658,466
2714325676,622
2714328394,875
2714328412,929
2714331922,474
2714332714,356
2714336746,0
2714343612,296
2714345376,436
2714345394,353
2714359242,223
2714360124,307
2714365380,231
2714368368,406
2714371122,1381
2714500622,2821
2714500640,1076
2714502530,227
2714503070,1552
2714503088,2004
2714504762,758
2714507840,2951
2714508092,602
2714511800,0
2714512484,4249
2714512592,3351
2714514032,311
2714514086,335
2714518098,1640
2714518134,459
2714519088,217
2714520294,1488
2714520600,942
2714522652,787
2714523606,386
2714525874,270
2714526090,480
2714529564,1379
2714529582,718
2714533164,709
2714533722,990
2714534406,275
2714534478,77
2714534496,237
2714536656,1446
2714538618,751
2714538780,1889
2714539518,1965
2714541534,167
2714541570,3671
2714541588,1198
2714542308,1038
2714544800,1403
2714545772,299
2714546960,218
2714547644,474
2714549966,2519
2714549984,1539
2714553314,249
2714554268,1431
2714555078,2452
2714555510,96
2714556698,57
2714556724,3625
2714556896,56063
2714557130,7021
2714557148,910
2714557238,313
2714557256,423
2714558072,62
2714558090,694
2714558198,2315
2714558612,17545
2714558648,4621
2714558666,1328
2714561888,97
2714561906,278
2714567612,8399
2714567630,2800
2714572256,218
2714702890,484
2714705374,497
2714706580,1843
2714706598,454
2714712052,321
2714715256,485
2714718746,754
2714727638,479
2714736386,569
2714741426,1257
2714741444,985
2714741750,551
2714741840,349
2714749300,26498
2714749318,728
2714761150,727
2714763364,458
2714900676,93
2714903232,87
2714911440,392
2714914824,395
2714916084,277
2714916102,77
2714918494,64
2714919970,108
2714922274,459
2714926936,859
2714929438,269
2714930212,171
2714943846,260
2714944242,5128
2714944260,370
2714950380,121
2714953818,86
2714959044,102
2714962752,49
2714963724,191
2714963976,181
2715101864,1393
2715101882,248
2715105212,3441
2715105230,261
2715109532,159
2715110216,294
2715112124,45
2715112142,158
2715114734,126
2715115418,58
2715116444,260
2715118206,127
2715120258,135
2715127854,175
2715128160,36
2715129672,74
2715132876,802
2715132894,153
2715133092,107
2715140904,83
2715144674,90
2715144818,331
2715150920,259
2715159818,89
2715160592,155
2715163904,87
2715164228,102
2715165236,402
2715169214,98
2715303790,409
2715305482,474
2715305500,375
2715306022,969
2715308110,902
2715308272,465
2715308668,285
2715308722,782
2715308902,94
2715311602,622
2715317342,597
2715317450,399
2715320708,630
2715323552,569
2715324578,582
2715326000,295
2715326018,564
2715327368,637
2715328754,283
2715331130,645
2715332408,914
2715336674,607
2715337538,386
2715337718,1082
2715338060,3693
2715338078,1126
2715344062,424
2715348796,102
2715353926,842
2715356122,756
2715362446,1741
2715362464,935
2715363058,439
2715363778,0
2715365740,236
2715367162,698
2715368098,396
2715369736,69
2715369754,226
2715371932,325
2715502314,43
2715508200,382
2715511944,72
2715513762,84
2715516012,48
2715517090,140
2715521554,81
2715535126,332
2715536512,110
2715543684,124
2715549858,47
2715553548,20
2715564246,87
2715564300,50
2715564948,43
2715564966,70
2715567828,103
2715569844,1389
2715570834,18
2715704798,57
2715711242,367
2715718530,1116
2715718548,724
2715723786,558
2715723894,227
2715725640,1222
2715726828,134
2715728952,325
2715730680,309
2715732642,513
2715734028,442
2715734172,4395
2715741282,1004
2715741300,658
2715742290,247
2715743036,70
2715743054,184
2715744620,493
2715748022,405
2715750362,380
2715751424,3500
2715751442,354
2715767378,2587
2715768638,273
2715769178,330
2715772292,534
2715772310,157
2715900892,37
2715900910,679
2715906670,706
2715908542,221
2715930536,88
2715936026,804
2715938852,324
2715941336,322
2715941660,1343
2715946294,118
2715946978,257
2715948688,213
2715953422,526
2715955150,323
2715959152,725
2715959530,170
2715962446,528
2715964624,738
2715966874,452
2715967504,4240
2715967522,1023
2715970906,419
2716101198,446
2716106562,604
2716109172,238
2716119160,0
2716122598,406
2716131166,495
2716131706,2378
2716131724,535
2716145862,1184
2716145880,421
2716149084,597
2716157274,484
2716167324,156
2716167756,171
2716168296,9164
2716170744,302
2716171698,1304
2716300316,2957
2716304114,3905
2716304132,2223
2716306058,866
2716313456,40992
2716315616,1181
2716315688,1883
2716321770,20729
2716325334,3950
2716325982,262
2716327530,0
2716330392,16340
2716334244,13140
2716334622,1492
2716334658,344
2716334865,1105
2716335414,776
2716339428,8133
2716340562,740
2716341120,2637
2716345790,4754
2716347680,28585
2716347914,4756
2716351316,395
2716357292,483
2716358018,5457
2716358900,3950
2716362824,19355
2716362842,1724
2716369520,3941
2716369970,383
2716370366,495
2716371428,78305
2716500280,136
2716501810,266
2716508992,535
2716509010,137
2716514770,74
2716521014,207
2716535702,28
2716536818,255
2716538024,367
2716539230,2327
2716539248,334
2716545124,255
2716548094,126
2716548112,156
2716548562,72
2716554556,312
2716555780,351
2716557040,4767
2716557058,251
2716561276,249
2716700550,135
2716701522,43
2716702620,190
2716707264,66
2716707372,195
2716707462,3349
2716707480,273
2716709496,245
2716709514,44
2716710828,50
2716712970,105
2716715274,97
2716716156,12
2716722202,110
2716722220,78
2716732786,70
2716738924,50
2716739968,23
2716741408,67
2716743522,113
2716744944,21
2716746276,56
2716746528,51
2716752324,214
2716754826,104
2716756014,266
2716763562,68
2716764174,52
2716771392,145
2716771410,79
2716901234,388
2716914518,304
2716916408,407
2716918386,102
2716918404,287
2716922688,231
2716924524,4103
2716927350,386
2716929222,833
2716930032,1101
2716933866,15
2716936800,1613
2716943036,41
2716943144,135
2716944656,266
2716945592,817
2716947374,494
2716951568,936
2716954286,478
2716955276,620
2716955294,856
2716956788,4037
2716956806,667
2716958558,692
2716962896,811
2716966424,216
2716966442,680
2716968188,540
2716970168,239
2716970690,1174
2716971032,26009
2716971230,301
2717100730,8207
2717100766,1343
2717101684,3399
2717104618,0
2717108452,16499
2717108470,1808
2717111062,1546
2717111800,1970
2717111818,1334
2717112430,2782
2717112448,1106
2717113222,2559
2717115022,0
2717115454,6942
2717122400,2904
2717122760,1585
2717126990,3130
2717130284,1832
2717140220,2042
2717140238,2490
2717140940,2292
2717141966,1045
2717143774,14858
2717143792,3328
2717143810,3888
2717149138,22245
2717155006,4205
2717155024,3407
2717157346,20010
2717160340,2582
2717161402,214
2717161510,1360
2717162878,991
2717167018,961
2717168764,2285
2717171554,1120
2717308884,140
2717309604,1556
2717311656,913
2717317900,197
2717317918,164
2717321464,79
2717321914,127
2717322832,145
2717325280,1849
2717326792,169
2717326972,248
2717328016,58
2717328034,161
2717337394,159
2717343180,396
2717346636,291
2717346690,156
2717348292,54
2717348940,165
2717352144,191
2717352180,282
2717357202,153
2717358378,229
2717360538,218
2717363004,366
2717363850,116
2717366082,115
2717369160,164
2717371446,368
2717371464,222
2800190009,5909
2800190747,6649
2800191485,4962
2800192223,4171
2800192961,7112
2800390018,7118
2800390756,5590
2800391494,6695
2800392232,8184
2800392970,6702
2800590027,2612
2800590765,2759
2800591503,1723
2800592241,3121
2800592979,2350
2800790036,3483
2800790774,3653
2800791512,3847
2800792250,3023
2800792988,3520
2800990045,1395
2800990783,1264
2800991521,1715
2800992259,1780
2800992997,1435
2801190054,4651
2801190792,8020
2801191530,4954
2801192268,6032
2801193006,5877
2801390063,2726
2801390801,2626
2801391539,2157
2801392277,2529
2801393015,2884
2801590072,2448
2801590810,1696
2801591548,1630
2801592286,2020
2801593024,1892
2801790081,2488
2801790819,3369
2801791557,2734
2801792295,4344
2801793033,3980
2801990090,1420
2801990828,1440
2801991566,2124
2801992304,1481
2801993042,1653
2802190099,2326
2802190837,1118
2802191575,1675
2802192313,1699
2802193051,1764
2802390108,3310
2802390846,3111
2802391584,4171
2802392322,2981
2802393060,1741
2802590117,4302
2802590855,3933
2802591593,3675
2802592331,4054
2802593069,2419
2802790126,4374
2802790864,4925
2802791602,4793
2802792340,2773
2802793078,3675
2802990135,4962
2802990873,7166
2802991611,4554
2802992349,4735
2802993087,6438
2803190144,5072
2803190882,3469
2803191620,2962
2803192358,3334
2803193096,3311
2803390153,40452
2803390891,37815
2803391629,36778
2803392367,33947
2803393105,42309
2803590162,18175
2803590900,10007
2803591638,18775
2803592376,12551
2803593114,18764
2803790171,1234
2803790909,1887
2803791647,1783
2803792385,1329
2803793123,1389
2803990180,5117
2803990918,5377
2803991656,5042
2803992394,5614
2803993132,4020
2804190189,5789
2804190927,2495
2804191665,1799
2804192403,2081
2804193141,1451
2804390198,5054
2804390936,4610
2804391674,2606
2804392412,4017
2804393150,4930
2804590207,6794
2804590945,12539
2804591683,11190
2804592421,7181
2804593159,8463
2804790216,34392
2804790954,56279
2804791692,37458
2804792430,35355
2804793168,47407
2804990225,48583
2804990963,39079
2804991701,35965
2804992439,59924
2804993177,34982
2805190234,3371
2805190972,3436
2805191710,3393
2805192448,3094
2805193186,2897
2805390243,1229
2805390981,1799
2805391719,1128
2805392457,1811
2805393195,1428
2805590252,141
2805590990,49
2805591728,433
2805592466,151
2805593204,154
2805790261,3602
2805790999,5866
2805791737,4636
2805792475,4440
2805793213,5492
2805990270,27777
2805991008,24034
2805991746,27225
2805992484,31097
2805993222,35116
2806190279,3155
2806191017,3126
2806191755,2836
2806192493,2899
2806193231,4043
2806390288,931
2806391026,749
2806391764,4400
2806392502,418
2806393240,570
2806590297,3145
2806591035,1733
2806591773,2377
2806592511,2265
2806593249,1597
2806790306,13238
2806791044,13513
2806791782,12905
2806792520,16713
2806793258,10103
2806990315,1208
2806991053,1489
2806991791,1207
2806992529,2017
2806993267,2808
2807190324,12471
2807191062,10956
2807191800,11507
2807192538,11896
2807193276,11497
2807390333,13166
2807391071,10177
2807391809,13565
2807392547,13583
2807393285,15222
2807590342,18286
2807591080,13163
2807591818,16558
2807592556,9959
2807593294,13538
2807790351,1614
2807791089,1576
2807791827,3205
2807792565,2706
2807793303,2685
2807990360,3879
2807991098,4333
2807991836,3741
2807992574,5238
2807993312,4128
2808190369,17740
2808191107,19922
2808191845,18451
2808192583,11293
2808193321,15628
2808390378,6051
2808391116,5666
2808391854,3452
2808392592,5702
2808393330,6270
2808590387,4072
2808591125,7242
2808591863,6716
2808592601,8823
2808593339,8024
2808790396,12631
2808791134,10633
2808791872,11188
2808792610,12016
2808793348,11370
2808990405,21363
2808991143,30596
2808991881,18368
2808992619,20302
2808993357,21018
2809190414,5762
2809191152,4909
2809191890,4312
2809192628,5030
2809193366,4180
2809390423,7164
2809391161,7411
2809391899,7461
2809392637,5961
2809393375,5982
2809590432,7130
2809591170,7812
2809591908,7113
2809592646,5078
2809593384,6614
2809790441,2094
2809791179,2041
2809791917,1101
2809792655,2220
2809793393,2146
2809990450,5379
2809991188,5702
2809991926,6081
2809992664,6386
2809993402,5384
2810190459,3413
2810191197,4093
2810191935,4776
2810192673,4982
2810193411,3829
2810390468,1492
2810391206,3149
2810391944,1931
2810392682,1695
2810393420,1758
2810590477,11023
2810591215,10942
2810591953,10172
2810592691,8997
2810593429,10637
2810790486,5700
2810791224,6361
2810791962,6623
2810792700,7990
2810793438,6134
2810990495,10219
2810991233,12120
2810991971,11643
2810992709,10247
2810993447,13229
2811190504,2049
2811191242,2211
2811191980,2105
2811192718,3313
2811193456,1771
2811390513,7481
2811391251,7170
2811391989,8744
2811392727,9140
2811393465,7067
2811590522,7730
2811591260,6419
2811591998,4841
2811592736,6026
2811593474,6534
2811790531,5525
2811791269,5401
2811792007,5161
2811792745,4274
2811793483,4823
2811990540,1276
2811991278,1110
2811992016,1346
2811992754,1010
2811993492,1032
2812190549,27777
2812191287,37734
2812192025,34008
2812192763,31795
2812193501,27540
2812390558,5979
2812391296,4808
2812392034,6370
2812392772,4396
2812393510,6165
2812590567,922
2812591305,342
2812592043,1450
2812592781,972
2812593519,186
2812790576,4042
2812791314,6480
2812792052,4393
2812792790,4712
2812793528,6064
2812990585,3038
2812991323,2302
2812992061,3437
2812992799,2525
2812993537,2830
2813190594,2543
2813191332,3258
2813192070,4415
2813192808,5469
2813193546,3209
2813390603,3890
2813391341,4637
2813392079,4459
2813392817,4263
2813393555,7084
2813590612,2331
2813591350,2154
2813592088,1830
2813592826,2393
2813593564,3056
2813790621,7077
2813791359,6058
2813792097,4419
2813792835,5851
2813793573,4916
2813990630,4474
2813991368,4363
2813992106,4109
2813992844,4352
2813993582,4225
2814190639,3947
2814191377,4042
2814192115,3254
2814192853,3012
2814193591,4405
2814390648,1999
2814391386,1591
2814392124,1688
2814392862,1961
2814393600,2236
2814590657,5250
2814591395,5902
2814592133,5562
2814592871,6387
2814593609,5021
2814790666,2330
2814791404,2585
2814792142,2552
2814792880,3594
2814793618,2778
2814990675,11256
2814991413,6476
2814992151,6354
2814992889,8559
2814993627,10375
2815190684,10401
2815191422,10130
2815192160,6461
2815192898,8086
2815193636,7687
2815390693,3107
2815391431,4609
2815392169,3047
2815392907,4083
2815393645,4872
2815590702,2051
2815591440,1582
2815592178,1861
2815592916,1620
2815593654,2858
2815790711,1998
2815791449,867
2815792187,2338
2815792925,694
2815793663,2265
2815990720,3513
2815991458,3956
2815992196,3452
2815992934,3691
2815993672,2924
2816190729,2976
2816191467,1784
2816192205,3427
2816192943,2131
2816193681,2101
2816390738,5325
2816391476,3745
2816392214,2980
2816392952,9714
2816393690,3071
2900104546,19525
2900114248,373
2900141924,504
2900150096,388
2900152526,1220
2900157224,811
2900158682,262
2900165540,1354
2900176786,155
2900180134,709
2900304564,987
2900314266,212
2900322330,376
2900335576,591
2900336710,5574
2900342572,1312
2900349286,927
2900352688,6505
2900358106,486
2900362534,1095
2900504582,0
2900509244,16
2900513996,915
2900514284,1886
2900515454,30
2900518028,222
2900542590,219
2900552598,171
2900558700,138
2900572358,1590
2900572646,0
2900717686,4299
2900743148,513
2900744210,1017
2900759474,779
2900765432,1648
2900765558,9426
2900768744,5456
2900780152,1410
2900902116,1057
2900910162,562
2900911332,447
2900916534,283
2900917092,730
2900923140,1909
2900924436,5385
2900937142,302
2900938837,1183
2900941942,1627
2900944912,774
2900944966,145
2900948674,578
2900949214,6954
2900950366,353
2900955730,784
2900957962,218
2900958484,308
2900960194,2477
2900962318,1021
2900967250,1365
2900971332,1996
2900977218,1230
2900979144,864
2900979522,2481
2901103502,118
2901112736,340
2901113897,4284
2901120026,294
2901127694,949
2901140394,1524
2901141618,296
2901148116,116
2901151248,302
2901152238,486
2901153048,235
2901155748,896
2901161454,307
2901169194,763
2901174482,780
2901313384,187
2901318712,219
2901318766,2481
2901320800,505
2901321664,354
2901328234,514
2901332788,302
2901333310,355
2901333562,234
2901343796,90
2901348746,162
2901350294,926
2901350546,5012
2901351950,151
2901355028,2047
2901358340,214
2901359492,60
2901362804,173
2901367052,273
2901370198,372
2901371530,190
2901376804,294
2901378604,736
2901378946,335
2901500586,500
2901515418,2118
2901526074,2536
2901553142,2282
2901568933,2749
2901573564,2511
2901574500,1365
2901579252,2772
2901579936,3318
2901717380,804
2901724210,233
2901741960,1014
2901744084,4071
2901766314,1221
2901774518,797
2901777956,1240
2901779594,1179
2901907498,2959
2901912142,5946
2901912916,5676
2901915688,73473
2901938045,4317
2901948944,62000
2901957026,4309
2901962584,13759
2901962840,9470
2901973126,6134
2902100316,1434
2902106418,770
2902112484,2710
2902117110,752
2902135594,474
2902139800,56
2902145938,1158
2902158124,526
2902163542,603
2902173798,819
2902177236,73309
2902177974,957
2902302224,3192
2902303826,4680
2902306076,1495
2902311044,418
2902316264,186
2902322492,2791
2902327046,583
2902351392,655
2902359114,25949
2902364262,2071
2902508146,644
2902518370,1124
2902523464,141
2902527784,265
2902528396,1478
2902530052,2107
2902538540,1053
2902538864,751
2902542626,388
2902548872,265
2902552400,197
2902562624,514
2902702656,764
2902707516,1885
2902710414,207
2902710666,1654
2902712160,3416
2902714752,580
2902716642,1667
2902720854,9536
2902729800,508
2902735612,2126
2902741996,731
2902744876,699
2902752508,596
2902763362,974
2902764010,2027
2902766962,423
2902771548,9194
2902778766,7754
2902900190,4399
2902902476,2482
2902935630,935
2902936476,5089
2902938585,5595
2902952410,2716
2902955046,5482
2902955378,2740
2902956596,7716
2902963668,3420
2902977038,3093
2903101450,2520
2903110234,20459
2903111260,42181
2903133454,3132
2903138702,1133
2903142014,711
2903160572,5138
2903167070,4491
2903178280,1139
2903179630,1831
2903311584,3818
2903315742,123
2903319360,139
2903321412,844
2903322780,97
2903323302,119
2903332176,328
2903334012,845
2903341672,231
2903350276,36
2903359510,211
2903361832,281
2903362642,123
2903370882,315
2903371422,19
2903373906,122
2903375742,404
2903376552,207
2903377254,149
2903511620,2135
2903535666,365
2903537376,2501
2903538162,113
2903557530,183
2903702620,2299
2903705374,5637
2903710936,1993
2903715382,1190
2903718604,1066
2903719738,1740
2903722942,365
2903728252,11888
2903735072,1580
2903750564,21322
2903756774,2977
2903758412,9797
2903758718,2294
2903760770,33666
2903767394,834
2903774536,2608
2903778694,1028
2903778892,8489
2903904600,875
2903907696,6144
2903912178,410
2903936728,837
2903943166,4313
2903945344,910
2903977272,1126
2904103952,296
2904107624,54
2904109064,1187
2904113204,188
2904114014,520
2904115238,242
2904117776,197
2904138504,1100
2904147306,303
2904150924,261
2904165468,2475
2904165486,103
2904173888,137
2904177902,120
2904181286,207
2904309010,680
2904311878,10718
2904312970,365
2904320746,457
2904320846,5781
2904321041,2086
2904326441,3639
2904326542,454
2904341006,75
2904342644,6794
2904342968,2417
2904344858,2186
2904353066,3521
2904353147,818
2904353341,10873
2904354308,396
2904362116,8558
2904363133,9910
2904366656,87
2904368816,2402
2904368948,147
2904369320,3443
2904375104,9568
2904378550,590
2904378752,5862
2904378954,1088
2904514302,387
2904519234,757
2904524922,160
2904528414,60
2904535684,601
2904536746,124
2904542662,2513
2904545362,518
2904571872,533
2904574554,366
2904575868,147
2904577290,68
2904581160,441
2904713780,65127
2904724292,9891
2904726290,73589
2904738090,16516
2904742050,67893
2904758142,20322
2904777308,4784
2904902332,2227
2904914950,989
2904915976,2816
2904930304,1820
2904935702,2785
2904939674,697
2904940844,3236
2904958160,322
2904967592,6522
2905114032,3954
2905136764,55073
2905142068,7027
2905145974,4098
2905149844,2854
2905155082,4026
2905306166,381
2905307336,9308
2905314122,473
2905314626,599
2905338198,729
2905340502,290
2905341150,427
2905353156,199
2905355496,866
2905356000,312
2905357620,1176
2905359744,877
2905365306,972
2905368978,215
2905504618,5618
2905507156,5968
2905516930,1054
2905539242,1607
2905542086,1235
2905547360,3520
2905553696,1777
2905555100,1161
2905574572,857
2905712196,424
2905712502,1927
2905722564,203
2905728432,82
2905743508,1242
2905745992,120
2905752868,189
2905753192,227
2905757584,249
2905758754,764
2905762732,805
2905763812,469
2905768312,150
2905768618,98
2905768996,475
2905777326,217
2905928450,835
2905935720,2305
2905936494,1145
2905942680,1451
2905948188,683
2905952886,3784
2905967304,1580
2905967412,533
2905968636,3131
2905977344,791
2905980170,1313
2906104636,489
2906115472,438
2906128270,266
2906130502,79
2906135738,589
2906136350,1491
2906136782,401
2906142104,986
2906142698,135
2906146010,157
2906149304,300
2906165198,382
2906167322,494
2906174590,1988
2906177362,282
2906300208,451
2906310720,1861
2906315490,735
2906318046,91
2906328288,4230
2906328468,302
2906358772,909
2906367430,444
2906377380,1853
2906517830,286
2906525570,776
2906527172,363
2906543202,238
2906547378,494
2906552778,571
2906555118,158
2906567664,593
2906568050,252
2906569775,3946
2906569825,4505
2906572808,675
2906577830,1682
2906704654,3839
2906707174,514
2906708830,333
2906709082,322
2906709190,101
2906709262,413
2906710846,492
2906711800,159
2906713114,258
2906714320,222
2906714968,212
2906724220,446
2906735756,265
2906742716,239
2906745128,115
2906745272,500
2906748206,726
2906761472,128
2906769374,683
2906769626,669
2906776732,380
2906777398,688
2906780710,261
2906909532,1154
2906914338,1101
2906916696,4830
2906925804,1447
2906932554,1213
2906934390,11960
2906965252,2439
2906974608,3349
2907106796,1518
2907106958,18371
2907107192,5008
2907110630,5719
2907112754,14209
2907144714,3549
2907147396,9099
2907151932,3302
2907159528,3635
2907164496,6076
2907174644,20334
2907177434,15130
2907306814,967
2907307462,695
2907307480,469
2907309100,738
2907311008,5159
2907314356,1447
2907361490,742
2907362336,3685
2907372934,844
2907502386,2232
2907506868,163
2907516282,1765
2907533328,60
2907533598,53
2907535774,1165
2907548224,388
2907580188,419
2907703598,6285
2907703600,4867
2907707270,1536
2907707272,1039
2907708704,3019
2907710908,2592
2907710910,1592
2907710912,8566
2907710914,3811
2907710916,2510
2907711818,1052
2907712648,3766
2907712652,2333
2907713465,4862
2907714542,2573
2907714544,3159
2907720809,891
2907721088,5210
2907725700,1180
2907725704,3510
2907736213,3438
2907736216,5129
2907750852,7834
2907752942,3135
2907752944,2964
2907752947,3973
2907752949,1198
2907759024,1919
2907761265,9248
2907762359,472
2907762360,1708
2907762362,2459
2907770009,169926
2907772466,2466
2907776858,1299
2907777452,3420
2907778992,5045
2907780251,4665
2907780255,4121
2907780263,4603
2907925606,505
2907930520,139
2907935810,140
2907936800,537
2907942122,461
2907942734,496
2907945380,398
2907946028,329
2907950978,75
2907972484,117
2907973834,5988
2907977470,317
2907980224,285
2908100226,143
2908105086,3312
2908110072,74
2908114392,24
2908115508,801
2908117956,90
2908118064,382
2908125455,59
2908128486,505
2908130070,186
2908136818,92
2908142752,46
2908145398,327
2908146046,530
2908167448,85
2908171350,535
2908173744,174
2908174662,446
2908177488,77
2908179486,302
2908303736,119
2908305140,1144
2908305392,190
2908306850,622
2908315004,8881
2908318388,248
2908318748,712
2908318784,300
2908323482,573
2908324148,1796
2908332860,166
2908341384,951
2908355136,692
2908367088,431
2908370018,285
2908372592,781
2908376624,262
2908379504,788
2908380368,3387
2908512538,886
2908517542,584
2908528954,2020
2908531785,906
2908537646,112
2908549502,181
2908570378,1307
2908574320,1061
2908578082,824
2908579108,704
2908704672,1257
2908705482,76
2908714410,502
2908724976,93
2908725048,317
2908731852,191
2908741798,988
2908742140,226
2908742770,75
2908748836,108
2908752706,123
2908774680,284
2908907084,526
2908907300,265
2908909964,62
2908913222,1780
2908925642,1707
2908949232,1313
2908959546,721
2908961652,3773
2909104690,1502
2909113168,189
2909120188,1199
2909127748,4264
2909133382,20390
2909134120,1301
2909150960,565
2909167844,835
2909168078,1676
2909168780,1107
2909169644,2260
2909180116,5095
2909301666,5075
2909319108,893
2909335360,1308
2909338018,439
2909342158,413
2909374698,1318
2909506490,166381
2909508686,78704
2909525282,6638
2909538054,179621
2909559564,114385
2909568438,91968
2909575598,9249
2909577506,73030
2909720602,754
2909726236,27529
2909735828,4666
2909736530,766
2909737610,46503
2909742788,219
2909744930,677
2909745416,2299
2909746064,16418
2909748692,9347
2909759906,1361
2909766008,2950
2909767340,579
2909774266,6975
2909774716,3314
2909901975,20956
2909905554,6280
2909912790,14773
2909932144,18327
2909934358,24351
2909937340,21970
2909947414,19708
2909958232,11820
2909962179,18656
2909962552,34422
2909975400,15829
2909980370,22366
2910112700,1745
2910113672,1241
2910115724,1288
2910129620,587
2910131240,1591
2910135846,5434
2910136836,494
2910138936,1708
2910145434,2653
2910149700,1429
2910159312,2226
2910163146,1095
2910168006,742
2910177110,23560
2910177524,8939
2910303988,208
2910304708,320
2910307552,51
2910312556,1250
2910315652,147
2910323158,185
2910329386,295
2910336660,98
2910342176,150
2910344732,663
2910351032,134
2910365576,89
2910367286,166
2910502494,2029
2910521556,849
2910525660,1053
2910526596,1087
2910541186,19372
2910546937,1053
2910555154,2293
2910557386,1661
2910570072,4331
2910574734,1423
2910577542,1239
2910714428,4313
2910718406,4869
2910719936,2372
2910725858,3023
2910741888,5993
2910747882,1695
2910768456,7852
2910777560,2998
2910902566,9476
2910909442,4353
2910925930,591
2910928972,292
2910932428,706
2910942806,1947
2910950582,1208
2910950690,8248
2910955784,861
2910957440,6435
2910961040,301
2910970090,1385
2910974104,1603
2910976228,1187
2911111152,3725
2911119468,493
2911132014,1384
2911139530,1684
2911144750,284
2911160950,254
2911165270,127
2911174752,1973
2911303880,14977
2911309928,3180
2911314050,15281
2911331042,2569
2911334030,4352
2911348458,1024
2911349322,13287
2911352544,632
2911359582,397
2911368492,3845
2911374770,3072
2911377884,441
2911503016,263
2911504726,440
2911508668,4706
2911509406,618
2911514446,321
2911522438,63
2911528612,255
2911535864,274
2911536854,695
2911543526,415
2911545884,2599
2911553300,73
2911556378,723
2911581304,407
2911706580,573
2911713708,9142
2911717146,482
2911723500,367
2911728306,145
2911728990,254
2911735882,556
2911747090,114
2911749340,262
2911749808,201
2911761436,1401
2911765774,404
2911779198,463
2911901236,2318
2911901237,1875
2911909613,394
2911909617,583
2911912574,468
2911921700,1051
2911921792,1328
2911921794,2459
2911922550,1919
2911922554,242
2911945240,1358
2911945246,362
2911950384,1301
2911957840,718
2911957843,1361
2911957846,1585
2911959600,1549
2911961760,1045
2911979540,1785
2912105284,1157
2912110504,445
2912113240,426
2912120062,59
2912120638,303
2912120710,94
2912133580,6456
2912135018,437
2912135900,170
2912137520,16
2912140700,1538
2912142194,224
2912143112,299
2912144642,770
2912147810,551
2912150114,13
2912151176,395
2912161508,416
2912163326,249
2912163686,138
2912172718,457
2912175436,184
2912176822,119
2912179270,247
2912305410,194
2912311962,1205
2912312808,407
2912342212,436
2912346262,850
2912348620,663
2912358790,762
2912364280,164
2912365072,7721
2912374248,327
2912507228,617
2912520206,953
2912535918,1947
2912536872,2568
2912537394,1339
2912548260,782
2912569662,244
2912723176,1114
2912742230,4457
2912746658,12342
2912748278,6574
2912763344,1067
2912769050,420
2912774788,929
2912777074,1554
2912930538,127
2912943058,89
2912945452,231
2912946082,781
2912947108,102
2912949952,1550
2912960662,152
2912968564,82
2912977578,368
2913122528,1031
2913125678,2399
2913127244,7538
2913137322,1177
2913155172,1805
2913161778,2741
2913165342,8578
2913336278,91
2913343886,1205
2913348926,0
2913354128,372
2913364406,5333
2913374392,4892
2913380674,9
2913509910,639
2913530556,670
2913543220,1237
2913549862,616
2913557638,1617
2913576642,7051
2913580080,3432
2913714464,421
2913735126,254
2913735936,2364
2913736890,445
2913746100,1276
2913749358,2559
2913768798,411
2913774806,726
2913777596,133
2913780854,145
2913903754,2416
2913918208,1513
2913944228,1442
2913949520,3496
2913959618,935
2913975256,1624
2914109568,2037
2914130988,4499
2914148170,1787
2914149880,6015
2914155190,6270
2914161526,1109
2914301234,860
2914305518,3359
2914315832,1598
2914333166,0
2914339710,587
2914341654,389
2914341816,1325
2914352094,3250
2914359132,3225
2914364460,17
2914378478,1121
2914504744,744
2914505032,328
2914509586,2217
2914518622,2460
2914524346,4147
2914525696,1402
2914528126,4650
2914546118,4213
2914551590,18012
2914552310,619
2914566692,3025
2914567610,14081
2914575616,1079
2914578568,3141
2914702350,578
2914728504,574
2914729008,226
2914733022,535
2914733634,301
2914735036,262
2914735954,1103
2914736908,742
2914742824,337
2914749376,362
2914752724,634
2914758808,13968
2914774824,292
2914777614,357
2914779342,503
2914905338,532
2914905698,70
2914906058,158
2914912232,29
2914916768,316
2914923608,4
2914927640,8
2914932032,476
2914936692,390
2914937358,12
2914937412,172
2914938756,67
2914949754,268
2914951068,423
2914955802,0
2914957854,1888
2914972844,3748
2914980944,112
2915104762,1156
2915117128,4219
2915135972,1049
2915136926,1305
2915143256,2160
2915177632,3513
2915303412,133
2915303647,1106
2915303648,331
2915305428,927
2915308380,319
2915318568,177
2915335990,322
2915336548,756
2915342446,582
2915343922,85
2915352652,282
2915353498,144
2915357764,346
2915359078,135
2915361544,1075
2915369680,306
2915373114,647
2915378634,1200
2915507858,876
2915510090,163
2915516012,178
2915516354,2166
2915527622,202
2915531150,3213
2915532608,328
2915543382,6130
2915543400,713
2915556450,253
2915556846,352
2915576372,384
2915706886,413
2915708092,1276
2915712826,10891
2915713870,1388
2915765036,1498
2915765288,843
2915765360,1807
2915774842,860
2915906184,205
2915907642,859
2915912214,863
2915920098,750
2915921646,637
2915924454,1992
2915929350,1521
2915931362,770
2915933274,509
2915933670,442
2915939926,465
2915940538,1619
2915944012,515
2915959636,2480
2915966458,26084
2915968402,2873
2915977650,813
2916101918,2357
2916115346,1325
2916118514,659
2916119558,11454
2916142248,598
2916147432,382
2916148296,4119
2916162930,17164
2916164442,5416
2916169716,1720
2916302278,444
2916309604,5411
2916310594,1181
2916317704,6581
2916330682,796
2916335090,564
2916356972,907
2916359780,918
2916365594,59
2916369392,850
2916511512,18497
2916523230,1460
2916525450,14307
2916529026,2115
2916538513,6800
2916541240,749
2916546298,930
2916546874,30334
2916556598,10587
2916557242,5798
2916559924,1688
2916568073,13284
2916576606,1224
2916578874,2598
2916710900,940
2916715058,1054
2916720972,1086
2916720995,838
2916724598,266
2916736008,772
2916736944,340
2916737430,1670
2916745164,739
2916749736,3615
2916752894,534
2916753018,4719
2916753073,559
2916753366,3225
2916768640,1353
2916768696,3484
2916768874,348
2916769236,4011
2916774860,374
2916778842,1130
2916778846,771
2916780602,616
2916917740,41906
2916942266,4529
2916957872,163
2916963254,114
2916972448,2435
2916974878,4747
2917121952,247
2917128522,228
2917136026,102
2917142284,55
2917142842,325
2917147126,61
2917161580,143
2917167466,363
2917174896,2571
2917180242,393
2917181340,154
2917312610,840
2917314482,2466
2917336566,471
2917365378,983
2917365612,1406
2917366080,2259
2917369410,2003
2917510378,1554
2917513276,151
2917514824,166
2917536044,493
2917549250,912
2917553318,5379
2917559654,3964
2917565630,329
2917565684,2661
2917567898,385
2917569122,7711
2917574914,660
2917710756,513
2917717398,1052
2917724310,5678
2917728666,806
2917739314,767
2917754956,1206
2917758844,4720
2917761688,8403
2917906094,512
2917911530,1097
2917936062,400
2917941726,754
2917943598,2676
2917978100,571
2918117866,132
2918119810,4917
2918124544,449
2918126704,373
2918130448,827
2918137448,350
2918137664,314
2918138144,0
2918157728,256
2918159456,254
2918167570,352
2918172970,603
2918174950,422
2918175778,378
2918177668,629
2918178712,452
2918307232,63853
2918316681,25182
2918318244,26384
2918326120,25144
2918330812,21238
2918340047,30539
2918343026,22122
2918354080,30473
2918362112,26342
2918365130,19104
2918369434,21513
2918378316,24884
2918378448,57686
2918381555,20071
2918501504,1390
2918510108,1553
2918512628,137
2918513024,119
2918515580,963
2918518100,350
2918520008,684
2918536080,444
2918549142,334
2918555208,249
2918555406,1923
2918558862,288
2918563092,499
2918569356,395
2918572124,72
2918577686,187
2918603790,1725
2918636098,3266
2918664185,9749
2918665396,1193
2918674968,2638
2918705590,1508
2918735378,2757
2918742302,2254
2918746154,2516
2918756864,3184
2918757098,12864
2918760608,9521
2918764316,32395
2918900406,34926
2918907066,37971
2918913605,43607
2918914590,38597
2918916048,37302
2918917290,37727
2918924004,33263
2918924796,33887
2918928792,34422
2918929818,34988
2918936962,37258
2918939682,33077
2918941456,35996
2918941825,38705
2918946590,37485
2918947450,41348
2918947918,33996
2918948989,36328
2918952814,30173
2918953360,32935
2918953448,27150
2918953880,36966
2918960363,38342
2918964208,29631
2918969284,35714
2918972794,38647
2918975210,30442
2918979801,34686
2919502062,728
2919506202,480
2919510702,2689
2919514500,423
2919522096,594
2919528216,467
2919542320,610
2919546334,14893
2919547702,327
2919565504,232
2919565522,1788
2919713294,90
2919723194,607
2919727532,297
2919735054,184
2919742338,986
2919759672,977
2919765648,897
2919930574,333
2919936980,2546
2919937466,143
2919948314,111
2919950618,6
2919965828,306
2919973060,213
2919973492,207
2919974986,450
2919975958,371
2920115778,257
2920138234,10510
2920149916,3811
2920150006,1347
2920161598,16623
2920163047,1059
2920165864,1964
2920172088,1903
2920174410,459
2920303484,807
2920305752,831
2920319000,151
2920322294,1565
2920349628,696
2920349772,86
2920352274,208
2920369734,154
2920370144,715
2920380530,1964
2920505122,618
2920505968,819
2920514518,1325
2920536134,337
2920536985,156
2920541528,199
2920553264,121
2920565666,2086
2920572520,162
2920573222,163
2920711980,4679
2920720260,2813
2920721592,209
2920742356,14846
2920752040,1012
2920757548,3605
2920761616,1306
2920900892,700
2920911836,1598
2920924478,1620
2920924482,525
2920928558,766
2920933940,843
2920942878,646
2920945182,723
2920957458,2156
2920957749,2010
2920957751,1589
2920958988,229
2920963761,4956
2920963763,2476
2920963764,2728
2920963766,3174
2920963770,387
2920971736,848
2920975004,693
2920977722,2152
2920979954,1229
2921107678,288
2921109280,187
2921114536,293
2921120386,176
2921136152,254
2921142374,162
2921150024,125
2921156918,1243
2921158430,30
2921158880,2724
2921172538,270
2921175022,105
2921303808,916
2921305446,801
2921307984,21818
2921312286,729
2921336584,5717
2921354632,9568
2921366350,7420
2921371818,9560
2921507246,927
2921509766,3199
2921511548,945
2921511854,668
2921515022,1133
2921517848,196
2921518334,310
2921536170,1777
2921544660,1266
2921550042,647
2921555820,251
2921557476,335
2921557890,4871
2921563290,2292
2921566026,406
2921567520,5408
2921575292,530
2921702872,633
2921702926,339
2921706598,301
2921712646,9372
2921714644,575
2921715166,275
2921718820,654
2921719972,317
2921720242,1152
2921730592,202
2921731672,176
2921739818,194
2921747630,174
2921749484,686
2921750348,628
2921755226,248
2921761634,124
2921776318,631
2921776678,765
2921777740,2241
2921908362,414
2921910954,920
2921913402,7045
2921931888,11639
2921953024,8549
2921957692,1074
2921968702,7536
2922104078,1031
2922104320,693
2922108254,10223
2922116066,2611
2922130394,595
2922137484,837
2922138882,882
2922142392,1642
2922161814,1619
2922175040,2530
2922176894,807
2922304816,4183
2922306112,442
2922312304,79
2922316966,371
2922336987,98
2922343616,1135
2922344120,1926
2922348404,557
2922364334,1552
2922379972,519
2922504820,5983
2922519506,3124
2922521037,3156
2922524256,2475
2922525014,3054
2922528576,2419
2922531312,3809
2922532122,1427
2922536188,917
2922546393,4291
2922546396,4080
2922552436,1254
2922553349,1956
2922575058,739
2922577758,1816
2922700694,101
2922724616,1170
2922729188,130
2922747828,131
2922768348,111
2922775076,291
2922907264,1133
2922909154,673
2922914086,1180
2922921628,138
2922926614,1664
2922930664,1256
2922949556,552
2922950420,5764
2922958556,3931
2922975094,985
2922975634,486
2922980728,1203
2951065000,288512
3000190273,725
3000190651,348
3000190924,8303
3000192079,337
3000390756,6554
3000390850,124
3000391617,4555
3000392436,1658
3000590588,2457
3000591176,2959
3000591638,1533
3000793570,3753
3000793591,3915
3000990976,846
3000991323,1786
3000991827,2774
3000992772,4342
3000992793,1368
3001190052,477
3001191050,831
3001390231,2025
3001390525,1910
3001391029,1900
3001391533,72243
3001391554,3687
3001392373,181
3001393423,2660
3001590294,2413
3001591197,2368
3001591386,1125
3001792310,10890
3001792415,371
3001793087,287
3001793160,413
3001991218,36
3001992992,1458
3002191491,7831
3002192782,996
3002390063,8081
3002393728,1516
3002590168,2276
3002592730,484
3002790903,493
3002791512,577
3002791596,824
3002792037,9026
3002792898,343
3002793927,424
3002990147,6439
3002990672,10017
3002990735,10533
3002991118,32
3002991449,111
3002991890,50051
3002991911,5845
3002991932,3775
3002991964,6080
3002993171,2340
3002993801,15472
3003190189,31383
3003190305,2706
3003190420,72045
3003191344,5509
3003192226,6270
3003193528,3970
3003193780,2140
3003194017,51
3003392478,809
3003393192,285
3003590336,9431
3003590777,4106
3003591460,100
3003792016,466
3003792940,433
3003990945,1587
3003992625,1875
3004191428,857
3004191701,11848
3004192814,2591
3004192919,610
3004193906,249
3004390399,9319
3004393822,3455
3004591407,426
3004591785,785
3004593318,860
3004791123,29117
3004794000,3444
3004990105,594
3004991722,62478
3004992100,7493
3004993990,2899
3005190567,1563
3005191848,389
3005391071,7310
3005392058,10484
3005393612,3381
3005590630,957
3005592487,713
3005791680,1118
3005792184,4060
3005793045,2115
3005793633,1690
3005793717,240
3005992247,529
3005993843,1478
3006190042,1344
3006193444,2330
3006193759,1285
3006391128,1005
3006391304,7846
3006392142,15169
3006392331,92997
3006393003,3655
3006591953,2033
3006592289,366
3006592877,2753
3006791365,1341
3006792131,14530
3006793066,1839
3006794019,0
3006993948,133
3006993969,314
3007191186,189
3007192205,3188
3007193223,267
3007193864,577
3007390357,97
3007390378,671
3007390714,3712
3007393675,1555
3007590441,740
3007590987,582
3007592583,493
3007790126,1226
3007790861,5378
3007791743,449
3007993465,276
3007993486,974
3008190819,1866
3008191575,22538
3008193339,17942
3008193380,1232
3008193696,3149
3008391113,1621
3008391974,748
3008392982,1138
3008393108,7728
3008591008,1872
3008591239,8654
3008790084,365
3008791155,2045
3008792457,2705
3008792491,433
3008792856,2617
3008991134,2013
3008992688,4411
3008993507,6861
3009191260,76
3009192268,593
3009192709,2556
3009193738,444
3009390483,33919
3009390485,1333
3009390487,533
3009590021,2069
3009590693,3943
3009592510,505
3009592604,2665
3009792499,897
3009793213,2823
3009990609,3159
3009990966,1179
3009991092,2015
3010193014,3963
3010193402,1098
3010392520,354
3010393255,378
3010591281,1019
3010591470,4836
3010591764,623
3010592562,343
3010593276,698
3010791659,1512
3010791869,544
3010992667,137
3010993885,1056
3011190315,116286
3011191806,4059
3011191995,23203
3011192426,649
3011192541,11107
3011193024,4982
3011193297,8671
3100102900,678
3100105210,58
3100110810,233
3100112805,959
3100120855,150
3100121415,25008
3100122360,288
3100124985,897
3100125195,994
3100128385,200
3100128490,61
3100142390,577
3100145470,60
3100150545,272
3100151315,92
3100152155,358
3100154150,167
3100303320,105
3100305245,24
3100307170,205
3100308045,47
3100309480,403
3100311160,65
3100311895,36
3100314415,57
3100314765,228
3100315185,227
3100315255,31
3100317740,186
3100318055,665
3100319665,25
3100327155,84
3100328525,772
3100333775,1515
3100333810,203
3100335420,457
3100337245,89
3100342530,128
3100344875,164
3100346730,45
3100348935,320
3100350440,171
3100353135,53
3100590085,484
3100791850,742
3100990355,197
3100990765,132
3100992690,93
3101190145,675
3101190310,199
3101190465,824
3101190762,232
3101192147,105
3101192168,802
3101192215,598
3101192987,997
3101193026,924
3101390857,9182
3101390992,1532
3101503197,397
3101506435,133
3101507380,31
3101507520,357
3101529785,152
3101529995,10
3101532935,67
3101533215,5
3101546310,536
3101790007,1697
3101790010,444
3101791555,139
3101792175,325
3101793005,264
3101992468,1843
3101992478,1480
3101992488,1807
3101992498,2725
3101992508,1689
3101992518,2154
3101992528,3285
3101992538,1170
3101992545,1768
3101992553,4483
3101992559,2178
3101992564,2814
3101992568,3642
3101992573,3208
3101992578,494
3101992583,1268
3101992588,407
3101992593,1382
3101992598,802
3101992603,2063
3101992608,714
3101992612,954
3101992616,809
3101992618,1982
3101992622,1549
3101992624,1038
3101992626,601
3101992628,1530
3101992629,740
3102101955,236
3102103845,196
3102111125,374
3102112560,708
3102116200,1096
3102128595,186
3102135490,1552
3102135525,155
3102138925,32
3102140500,19
3102141585,18
3102145330,59
3102147570,419
3102148515,1690
3102300765,895
3102305805,421
3102308290,122
3102312315,3017
3102317460,261
3102328280,328
3102335280,437
3102336120,159
3102339240,182
3102339555,79
3102340815,347
3102340850,485
3102341250,490
3102343860,530
3102345540,161
3102347605,129
3102349495,251
3102349600,130
3102590110,497
3102590470,487
3102590820,1951
3102590850,1254
3102590890,764
3102591245,519
3102591735,801
3102591865,1999
3102592045,261
3102592065,368
3102592398,6731
3102592400,3340
3102592850,867
3102592965,1100
3102593120,1121
3102593205,2078
3102593383,1407
3102593385,164
3102593455,1452
3102791329,1621
3102792470,270
3102792480,492
3102792490,286
3102792500,213
3102792510,407
3102792520,72
3102792530,77
3102792540,49
3102792546,520
3102792550,195
3102792555,91
3102792560,84
3102792565,99
3102792570,103
3102792575,204
3102792580,37
3102792585,805
3102792590,56
3102792595,136
3102792600,110
3102792605,215
3102792610,1296
3102792696,877
3102990487,388
3102991500,890
3102991505,381
3102991510,1320
3102993365,692
3103190125,40
3103190530,88
3103190550,312
3103190615,72
3103191135,53
3103191165,91
3103191575,93
3103191590,174
3103191610,48
3103191655,82
3103191870,289
3103191960,438
3103192040,138
3103192095,65
3103192810,73
3103193278,2633
3103193280,633
3103193400,74
3103193535,102
3103391265,470
3103391805,761
3103392465,588
3103392946,6419
3103392947,164
3103392948,77
3103392949,241
3103392950,161
3103393270,652
3103509375,802
3103514485,610
3103514660,44
3103516480,458
3103519105,390
3103521380,1069
3103524040,191
3103526525,427
3103526840,126
3103528630,118
3103528980,119
3103529820,61
3103530765,45
3103544000,92
3103544770,7
3103546590,84
3103547955,1323
3103547990,129
3103790005,736
3103790560,80
3103791190,161
3103791755,680
3103791920,180
3103791975,129
3103792725,449
3103792780,99
3103792868,6578
3103792870,532
3103792920,62
3103793070,786
3103793520,169
3103903022,751
3103903670,864
3103905063,249
3103905280,129
3103909515,200
3103911685,128
3103915010,109
3103918125,104
3103919735,129
3103927190,194
3103928665,167
3103932690,229
3103933845,77
3103942985,232
3103944910,345
3103952575,3471
3103953450,1461
3103953485,136
3104100835,313
3104101570,632
3104102130,1091
3104104685,195
3104106610,3502
3104106645,520
3104109620,180
3104110215,124
3104110530,0
3104111930,51
3104112630,779
3104113575,114
3104114170,0
3104114835,85
3104114940,120
3104118160,136
3104119770,8
3104121590,4
3104125370,669
3104127120,126
3104129365,102
3104132025,76
3104133495,163
3104142880,18
3104143720,627
3104146450,0
3104149180,104
3104150685,282
3104151805,72
3104152365,121
3104152715,6
3104153625,298
3104390590,1883
3104390640,378
3104390642,2675
3104390910,341
3104391475,371
3104392235,881
3104392825,918
3104393018,13907
3104592472,847
3104592482,1306
3104592492,1262
3104592502,1075
3104592512,1161
3104592522,422
3104592532,359
3104592542,305
3104592547,93
3104592557,1053
3104592562,257
3104790595,261
3104790598,3937
3104790600,151
3104790955,144
3104790990,270
3104791100,176
3104791130,527
3104791169,3452
3104791170,286
3104791195,428
3104791570,189
3104791728,10862
3104791730,753
3104792285,1400
3104792385,526
3104792745,364
3104793540,476
3104990250,601
3104990495,632
3104993150,614
3105109130,78
3105110285,368
3105111965,28
3105115745,543
3105117915,192
3105122955,227
3105128700,170
3105134125,540
3105137665,150
3105139695,727
3105139730,457
3105145365,184
3105146415,584
3105151105,1297
3105310775,353
3105311720,188
3105315045,396
3105316235,297
3105317670,27567
3105323060,1471
3105328735,364
3105330450,108
3105334335,1204
3105334720,1152
3105338645,424
3105339275,1828
3105339485,51
3105341410,214
3105344280,725
3105349670,243
3105351910,766
3105590505,42257
3105590735,6472
3105590875,2610
3105591000,1577
3105591535,26728
3105591880,4573
3105591990,0
3105592237,488837
3105592395,3257
3105593240,10920
3105593360,3505
3105790205,522
3105790210,636
3105790215,202
3105791272,277
3105792283,99
3105903915,54
3105904335,59
3105906925,447
3105908955,107
3105916395,1362
3105917495,162
3105918440,1278
3105918965,385
3105919490,211
3105920715,229
3105926945,133
3105930205,509
3105932515,39
3105946765,479
3105952190,87
3106101605,148
3106102270,106
3106114145,186
3106117530,946
3106119805,140
3106127225,104
3106130135,136
3106130625,57
3106134790,300
3106143335,535
3106149355,105
3106151420,83
3106390025,167
3106390520,20
3106390628,769
3106390630,86
3106390770,14
3106390803,318
3106390960,507
3106391060,65
3106391200,49
3106391310,0
3106391465,25
3106391650,30
3106391695,57
3106391760,20
3106391810,24
3106392030,55
3106392050,5
3106392190,22
3106392240,56
3106392255,6
3106392435,104
3106392815,17
3106392930,37
3106392935,13
3106393115,43
3106393375,8
3106393428,13
3106393585,39
3106590075,1154
3106590175,81
3106590177,547
3106590445,1304
3106590845,193
3106591375,106
3106591450,355
3106591455,7
3106592100,130
3106592290,565
3106593525,126
3106700275,824
3106703110,190
3106703390,12225
3106705420,229
3106705682,1777
3106709305,551
3106715290,122
3106716865,245
3106719175,188
3106719840,186
3106720890,308
3106722395,893
3106722850,668
3106722990,159
3106724250,66
3106727015,188
3106727260,142
3106728805,317
3106731920,484
3106733915,438
3106737980,294
3106741620,315
3106742040,368
3106744945,202
3106745260,250
3106990285,513
3106991790,54
3106991860,756
3106992270,438
3107190400,32
3107190422,848
3107190755,110
3107190930,60
3107191390,0
3107191620,83
3107191980,53
3107192775,305
3107192785,4
3107193515,223
3107390235,514
3107390335,73
3107390805,95
3107390870,38
3107390895,743
3107390900,53
3107391315,235
3107391395,10
3107391765,75
3107392755,198
3107393225,0
3107393245,2
3107393435,4
3107590090,128
3107591495,273
3107593480,225
3107791235,565
3107792873,693
3107793028,563
3107793530,381
3107900660,848
3107907800,88
3107908325,462
3107913400,1159
3107919595,52884
3107921135,210
3107924390,251
3107925930,353
3107930870,95
3107931290,642
3107940080,266
3107945785,831
3107945960,966
3107951455,1585
3107953695,1896
3108192473,236
3108192483,814
3108192493,1004
3108192503,3976
3108192513,901
3108192523,1472
3108192533,530
3108192543,531
3108300520,6
3108300975,1154
3108301010,247
3108301640,64
3108314695,16
3108315780,140
3108316515,9
3108333180,122
3108337455,372
3108340220,50
3108341165,85
3108341200,39
3108343580,223
3108343895,208
3108346555,68
3108349390,12
3108351490,32
3108590050,28
3108590255,44
3108590570,22
3108590675,3
3108590950,51
3108591105,7
3108591175,42
3108591290,126
3108591320,0
3108591335,358
3108591400,38
3108591440,19
3108591460,36
3108593160,10
3108593195,44
3108593295,15
3108790240,81
3108790260,82
3108790575,16
3108790625,697
3108790745,5
3108790840,27
3108791030,7
3108791210,30
3108791815,40
3108792295,319
3108792410,30
3108792425,5
3108792740,149
3108792750,106
3108793090,30
3108793130,436
3108793215,398
3108793255,64
3108793275,47
3108793380,0
3108901675,24
3108902585,1824
3108903880,21
3108908710,535
3108909550,96
3108909830,0
3108910320,124
3108912700,59
3108914030,0
3108915850,118
3108916305,449
3108916620,113
3108917390,16
3108919280,32
3108919980,624
3108920155,92
3108922885,7
3108924110,430
3108924145,16
3108924810,0
3108925965,113
3108929890,42
3108937105,3570
3108938015,71
3108939520,89
3108941935,72
3108943440,24
3108943615,6
3108944175,13
3108944525,50
3108944805,166
3108945120,68
3108946975,24
3108947535,794
3108948025,1
3108950475,271
3108953170,58
3108953940,90
3109192055,647
3109390535,116
3109390580,95
3109390650,586
3109390655,40
3109390855,255
3109390945,180
3109391050,320
3109391565,47
3109391875,346
3109392460,118
3109392830,842
3109392833,2758
3109392835,583
3109393050,192
3109393345,56
3109590055,80
3109590405,85
3109590620,258
3109590915,203
3109590935,252
3109590938,3888
3109590940,239
3109591115,129
3109591540,289
3109591770,88
3109591955,69
3109592110,163
3109592405,363
3109592450,533
3109592730,170
3109592760,234
3109593350,118
3109791365,93
3109791775,159
3109791930,31
3109792075,941
3109793055,518
3109793095,1086
3109793177,1882
3109793210,314
3109793315,120
3109793420,117
3109990708,586
3109990712,1055
3109990716,978
3109990720,1089
3109990722,1008
3109990724,1241
3109990726,756
3110190385,927
3110191820,294
3110191840,450
3110192218,4777
3110192325,849
3110192807,753
3110193470,169
3110390635,176
3110391065,208
3110391997,324
3110392130,114
3110590060,247
3110590425,339
3110590727,437
3110591595,1055
3110591600,1170
3110700310,70
3110705455,959
3110705735,20
3110708465,95
3110709585,94
3110710075,161
3110711230,1222
3110711265,168
3110711440,902
3110713330,53
3110713645,48
3110714205,163
3110717425,88
3110721170,92
3110722255,96
3110722465,459
3110724600,56
3110727330,817
3110728875,147
3110732165,131
3110732970,130
3110734405,397
3110734765,229
3110738855,210
3110740745,132
3110746100,104
3110746240,98
3110749740,96
3110750055,245
3110750405,740
3110751210,53
3110751525,44
3110752260,44
3110990410,672
3110990480,1322
3110990685,1526
3110990860,1595
3110991215,1541
3110991405,782
3110991675,578
3110991776,294856
3110991777,780
3110991795,756
3110991965,977
3110991985,310
3110992080,1815
3110992140,661
3110992210,983
3110992230,277
3110992305,887
3110992765,500
3110992855,4553
3110993000,1947
3110993100,1470
3110993110,1441
3110993370,4502
3110993445,239
3110993575,1726
3111190345,1209
3111191275,1353
3111191385,2018
3111191445,198
3111191935,854
3111191945,276
3111192180,22831
3111192265,1967
3111192790,249
3111192900,617
3111193145,1656
3111193330,574
3111391825,773
3111591580,182
3111591905,87
3111593175,309
3111790585,48
3111791280,54
3111791710,84
3111793220,188
3111793475,30
3111793550,71
3111990140,1354
3111990905,81
3111990965,127
3111991240,108
3111991250,100
3111991410,807
3111991560,154
3111991900,187
3111991902,2079
3111991942,378
3111992103,883
3111992133,26054
3111992135,811
3111992865,85
3111992925,65
3111993203,616
3111993260,273
3111993300,657
3111993340,713
3112108500,47
3112108535,3061
3112108815,513
3112109235,671
3112129015,590
3112129400,614
3112131360,191
3112131955,181
3112140150,249
3112140272,57
3112145435,567
3112150720,983
3112390365,281
3112390775,1303
3112390780,1277
3112391120,93
3112391345,0
3112392150,331
3112392710,31
3112393405,854
3112393415,364
3112503460,51
3112508115,60
3112510845,61
3112510915,13
3112514240,52
3112517810,1346
3112517845,135
3112518475,860
3112518510,179
3112529540,79
3112540185,102
3112545715,28
3112548970,299
3112552470,59
3112790102,3470
3112790180,181
3112790225,280
3112790380,502
3112790740,297
3112791155,196
3112791658,264
3112792085,112
3112792345,978
3112793355,766
3112990155,212
3112990865,199
3112991305,261
3112992070,784
3112993060,256
3112993142,1879
3112993320,496
3113190201,472
3113190230,176
3113190680,379
3113191020,253
3113191380,512
3113191895,384
3113192063,7369
3113192146,592
3113192174,1453
3113192187,126
3113192250,121
3113192280,185
3113192770,87
3113192970,215
3113192998,314
3113193016,583
3113193163,2295
3113193565,725
3113392475,901
3113392485,646
3113392495,418
3113392505,262
3113392515,303
3113590709,981
3113590713,891
3113590717,949
3113792476,273
3113792486,204
3113792496,149
3113792506,196
3113792516,446
3113792526,650
3113792536,218
3113792544,609
3113792548,718
3113792558,1519
3113792563,1221
3113792567,1456
3113792572,1350
3113990030,192
3113990275,209
3113990540,175
3113990545,102
3113990790,258
3113991015,248
3113991830,109
3113992000,23
3113992160,158
3113992358,1956
3113992360,486
3113992378,1281
3113992445,719
3113992697,0
3113992955,201
3113992975,815
3113992985,175
3113993190,120
3113993500,98
3114105070,769
3114107275,224
3114107450,639
3114110110,24488
3114110145,3313
3114111335,322
3114119630,227
3114119945,864
3114123515,373
3114124775,143
3114129225,794
3114129435,182
3114132620,50
3114134230,2
3114135630,401
3114142950,632
3114144665,830
3114145015,209
3114151140,169
3114153730,85
3114390822,632
3114392172,888
3114392977,1219
3114392997,1038
3114393452,620
3114393457,828
3114590040,215
3114590160,73
3114590305,24
3114590330,31
3114590555,10
3114590645,36
3114590750,16
3114590825,218
3114591040,1
3114591110,56
3114591225,20
3114591520,762
3114591705,103
3114591882,7314
3114592010,11
3114592200,22
3114592340,275
3114592715,359
3114593235,13
3114593310,352
3114593505,646
3114790070,181
3114790120,157
3114790810,243
3114790973,4077
3114790975,134
3114791025,92
3114791230,274
3114791483,775
3114791485,128
3114791550,158
3114791750,494
3114792090,58
3114792220,195
3114792455,150
3114792805,202
3114792845,170
3114793040,102
3114793440,161
3114990135,897
3114990280,9
3114990360,38
3114990475,32
3114991185,4
3114991325,10
3114991625,69
3114991645,69
3114991700,0
3114991845,28
3114992105,93
3114992350,34
3114992895,22
3114993200,14
3115190100,108
3115190245,466
3115190395,226
3115190608,7527
3115190610,546
3115190705,518
3115190729,828
3115191033,1155
3115191035,120
3115191780,119
3115192025,98
3115192165,48
3115192225,189
3115192415,139
3115192990,276
3115193155,230
3115193230,21
3115193488,1936
3115193490,100
3115390190,64510
3115390197,5432
3115390198,1687
3115390199,2310
3115390200,935
3115390970,4765
3115391010,4752
3115391012,4441
3115391145,3562
3115391431,0
3115391433,418
3115391681,2076
3115391682,863
3115391685,16563
3115391950,5456
3115392310,25244
3115392313,11388
3115392314,1851
3115392381,1182
3115392382,1065
3115392732,2346
3115392733,1389
3115392734,2183
3115392735,1102
3115392736,1288
3115392737,1270
3115392738,14293
3115392739,13423
3115393065,1595
3115502340,3354
3115505770,11
3115508430,627
3115508850,612
3115509060,361
3115509410,1074
3115513540,266
3115514870,175
3115520085,268
3115526665,616
3115530555,519
3115530590,937
3115530695,293
3115532900,394
3115534195,103
3115534755,879
3115535315,978
3115539625,1292
3115541392,1545
3115541900,448
3115545750,299
3115547255,174
3115549810,2563
3115550965,4929
3115551000,331
3115790460,654
3115790703,1672
3115790830,576
3115790980,809
3115791005,1703
3115791045,800
3115791093,8550
3115791095,1519
3115791425,658
3115791635,804
3115792013,1962
3115792015,400
3115792800,73
3115792883,14376
3115793460,1287
3115992632,350
3115992634,454
3115992636,748
3115992638,23
3115992642,1166
3115992644,205
3115992646,290
3115992648,847
3115992650,658
3115992655,387
3115992660,476
3115992661,100
3115992664,696
3115992672,160
3115992675,3069
3115992680,334
3115992907,7678
3116190795,100
3116191167,1721
3116191355,980
3116192005,269
3116192185,246
3116192808,877
3116193015,25
3116193017,518
3116193425,151
3116193555,127
3116390097,416
3116390482,224
3116391327,750
3116392167,698
3116392777,504
3116392992,375
3116590320,482
3116592910,597
3116593465,92
3116790402,147
3116790728,97
3116790767,121
3116790867,145
3116791447,476
3116792377,697
3116792862,132
3116792863,2077
3116793107,1788
3116793238,116
3116990018,366
3116990390,425
3116990498,608
3116990660,624
3116990690,974
3116991357,1577
3116991358,84
3116991359,243
3117193187,564
3117301377,90
3117305122,756
3117306907,71
3117312402,327
3117317022,256
3117331832,54
3117337017,995
3117338767,1623
3117338907,231
3117348672,83
3117353295,2141
3117501885,395
3117512385,17
3117515640,164
3117515990,123
3117516130,71
3117518545,46
3117523760,21
3117527085,69
3117531850,0
3117534475,191
3117534860,352
3117537315,2398
3117546485,75
3117550755,74
3117554010,70
3117705350,7914
3117749125,4458
3117749126,3195
3117749129,1348
3117749130,1460
3117749131,2731
3117990350,357
3117990490,441
3117990670,439
3117991085,215
3117991300,479
3117991470,687
3117991490,4395
3117991725,107
3117991835,268
3117992440,44
3117992945,187
3117993125,2168
3117993495,57
3118190711,747
3118190715,651
3118190719,650
3118190721,611
3118190723,701
3118390130,586
3118390925,261
3118590080,68
3118590115,679
3118590170,158
3118590340,575
3118590370,173
3118591350,456
3118591370,1156
3118591720,282
3118591800,163
3118591890,759
3118592035,409
3118592115,341
3118593105,322
3118593180,196
3118593325,258
3118593410,150
3118593582,8141
3200194154,0
3200194238,62
3200194308,25743
3200394182,270343
3200394504,2059205
3200594364,32139
3200594378,8885
3200594658,707
3200594826,2645
3200594952,5247
3200794126,2100
3200794266,42504
3200794476,1415
3200794490,3
3200794602,129
3200794616,908
3200794882,2433
3200794896,4555
3200994420,481
3200994770,547
3201194098,752
3201194294,833
3201394406,1357
3201394546,949
3201394798,145
3201394910,14838
3201594042,493
3201594070,5277
3201794014,1056
3201794112,1150
3201794672,2199
3201994224,18675
3201994322,24564
3201994777,7521
3201994784,1850
3201994924,9070
3202194434,3405
3202194588,140
3202194868,997
3202394028,1835
3202394084,387
3202394252,175
3202394350,844
3202394644,47465
3202394701,0
3202394728,1626
3202394812,2012
3202394938,0
3202794448,1848
3202794518,4639
3202994196,1413
3202994854,2727
3203194440,137
3203194462,9403
3203194635,66162
3203194686,1441
3203194703,88317
3203194709,88121
3203194712,64862
3203194794,60970
3203194804,24096
3203194840,11048
3203194871,67392
3203194874,15251
3203394056,347
3203394168,53
3203394280,5177
3203394532,393
3203394560,1080
3203394742,1685
3251094140,58384
3300101060,5994
3300103220,4994
3300104740,7392
3300110660,955
3300128740,7830
3300128980,4026
3300140180,17085
3300147140,6758
3300151540,2509
3300167300,3053
3300177060,4063
3300300420,790
3300303700,3281
3300307940,567
3300311780,430
3300314660,10141
3300323380,501
3300323620,1912
3300327700,1494
3300332500,229
3300334500,49
3300338260,897
3300345060,2680
3300349380,5126
3300358740,4521
3300367780,1757
3300376100,2884
3300377620,2569
3300378180,5405
3300386420,6571
3300500820,1551
3300512260,3622
3300519140,1688
3300526500,2278
3300529220,716
3300534420,885
3300536660,3997
3300538500,5448
3300539300,22939
3300545460,2207
3300545700,855
3300550580,648
3300564420,1314
3300564580,6497
3300565700,299
3300573700,1072
3300574900,687
3300575300,1052
3300575700,7398
3300577380,2005
3300578420,3690
3300582660,2237
3300585540,4212
3300702420,0
3300704100,0
3300704260,0
3300705140,9383
3300708420,22
3300710100,659
3300711220,0
3300713220,371
3300713780,1988
3300713940,683
3300716100,0
3300716660,0
3300716820,916
3300718340,0
3300718420,7
3300719300,299
3300725140,314
3300725180,0
3300730260,2682
3300731780,26
3300732420,0
3300738820,1013
3300739940,0
3300740420,3216
3300743620,0
3300746020,0
3300747860,1334
3300748260,5
3300756100,1815
3300757860,0
3300761620,8
3300761780,683
3300763860,420
3300767860,45
3300768500,0
3300768980,530
3300773060,419
3300773380,960
3300774180,950
3300774500,0
3300776580,0
3300780740,7
3300784420,2516
3300900580,1983
3300902020,2183
3300903940,1097
3300905060,386
3300905460,2537
3300907540,1169
3300907700,3273
3300908660,3407
3300908980,3811
3300918740,410
3300922020,356
3300923860,51
3300924340,4475
3300927300,1060
3300930820,1354
3300932180,507
3300933860,11685
3300934820,4611
3300935220,883
3300936900,1917
3300940660,420
3300941300,14999
3300941860,1461
3300942020,1583
3300942580,6040
3300942820,0
3300944100,464
3300944260,1710
3300948980,786
3300958340,320
3300958500,1295
3300961060,868
3300962660,6601
3300965940,1458
3300974740,658
3300976740,2799
3300978740,942
3300979380,290
3300980500,1057
3300987060,1214
3301101300,11861
3301101700,2692
3301104500,23746
3301104900,1588
3301108100,5736
3301117780,1938
3301127140,1398
3301129860,18513
3301131540,1730
3301131940,2084
3301133700,1791
3301136180,5980
3301137140,8603
3301137940,25557
3301142260,8499
3301144580,1616
3301145140,115643
3301146260,1451
3301147540,28164
3301148020,16337
3301149140,2636
3301150260,91294
3301150740,6165
3301151940,5310
3301159940,14449
3301160580,6408
3301168820,442
3301176260,1363
3301179780,9170
3301185220,3960
3301185940,254
3301300660,4743
3301301460,2135
3301306260,4044
3301306500,8335
3301306980,1565
3301309860,2353
3301312420,2745
3301314200,44375
3301316980,1451
3301319460,3097
3301324900,4939
3301327380,8799
3301335540,6197
3301335860,908
3301337300,15057
3301337540,6037
3301343380,5692
3301350900,2027
3301352100,4433
3301354260,4971
3301360020,7438
3301361940,4105
3301366980,1609
3301375460,2239
3301378580,2959
3301380020,2227
3301384900,1487
3301500000,0
3301502340,7267
3301502820,6119
3301507220,4641
3301509300,4134
3301512100,5300
3301517140,4531
3301517460,4932
3301517940,34116
3301521380,2311
3301524660,7430
3301525380,16151
3301527940,4831
3301531700,4106
3301532900,9102
3301533060,16426
3301533460,2328
3301539780,2009
3301540100,6275
3301543220,26685
3301550980,827
3301551380,2023
3301551620,939
3301552340,9463
3301552900,4836
3301554580,4543
3301556820,4688
3301557460,5357
3301562500,7861
3301562900,22545
3301564020,10900
3301566180,5611
3301566660,30964
3301567620,6628
3301568260,8427
3301571140,984
3301574340,7754
3301585780,16038
3301703460,9489
3301718820,33364
3301719700,15080
3301726020,6795
3301741460,4576
3301744820,2203
3301747700,1595
3301748660,4538
3301751220,2748
3301765140,33144
3301765540,2626
3301769940,12111
3301773860,4306
3301900260,851
3301911380,4889
3301912900,13078
3301915060,1816
3301916340,798
3301930500,1042
3301931220,3465
3301940900,805
3301941700,953
3301952580,6375
3301962340,2522
3301972740,1122
3301975060,3416
3301977940,1375
3301978980,1208
3400100000,0
3400100100,9170
3400102080,38632
3400107810,7674
3400108680,4520
3400108710,7103
3400115160,662
3400120290,48073
3400120350,4400
3400121870,1565
3400123940,1773
3400125560,37996
3400129280,28204
3400129430,14840
3400140530,6992
3400141370,901
3400143890,5234
3400149410,5832
3400152950,8456
3400159640,20712
3400160600,1076
3400168430,10515
3400175620,9265
3400180330,2675
3400300700,6865
3400301090,1588
3400305170,28450
3400306490,9360
3400310480,6378
3400313570,25781
3400313810,8606
3400315820,9174
3400317530,4911
3400318400,18279
3400319510,10313
3400320020,14759
3400321300,21412
3400321450,7305
3400321480,29638
3400321510,5362
3400322470,35610
3400322560,15099
3400324420,40067
3400324990,11084
3400325770,32783
3400326640,12154
3400328680,46057
3400330150,4954
3400330420,12115
3400330540,3363
3400331920,10144
3400332310,4270
3400340020,9336
3400340680,10996
3400341100,26082
3400342090,22463
3400342750,25491
3400344880,10093
3400346110,7019
3400347610,8901
3400347700,3126
3400351660,16995
3400352320,16461
3400353430,4829
3400353610,5724
3400353850,12768
3400354870,6008
3400354990,8235
3400355770,20290
3400355950,26568
3400356130,9406
3400361680,14805
3400362910,11498
3400362940,13235
3400363000,26308
3400363360,12091
3400363690,10058
3400363990,5869
3400364170,459
3400365280,18894
3400365340,14419
3400365400,3389
3400368970,2770
3400372360,41876
3400372420,15319
3400372480,136
3400375140,8439
3400376400,10164
3400376490,11889
3400377135,9323
3400380270,11283
3400382300,6152
3400382570,10218
3400383050,17050
3400503370,988
3400505740,2514
3400506670,4026
3400506700,12120
3400508920,9993
3400508950,24127
3400512670,9150
3400512940,17415
3400517080,4872
3400517440,18148
3400518790,6352
3400520050,9003
3400522110,48179
3400523250,649
3400523850,12935
3400529010,6065
3400542060,12882
3400543290,8974
3400543740,20076
3400545120,24812
3400545210,4297
3400547880,21548
3400548900,10056
3400549020,46026
3400551510,7231
3400553070,8011
3400555800,7485
3400557480,1312
3400557510,27030
3400563510,8055
3400563660,2770
3400566810,6497
3400568610,10372
3400569990,3257
3400572060,6854
3400577150,489
3400578200,9198
3400581440,32103
3400582420,1486
3400582960,448
3400702200,8730
3400702230,1001
3400703250,7076
3400704750,11737
3400705440,7539
3400705470,5963
3400708170,1780
3400710000,71496
3400712280,76725
3400712550,1409
3400713420,5410
3400714260,14205
3400726070,2435
3400726760,66282
3400726820,11509
3400728740,15469
3400728770,12595
3400728800,7516
3400732220,855
3400739210,2044
3400739420,3200
3400740440,21719
3400742630,4354
3400745510,3905
3400748750,4669
3400753880,3947
3400757660,37275
3400758770,10802
3400765160,8355
3400768340,5581
3400771220,7018
3400772240,4
3400776220,31191
3400777630,10451
3400781740,40090
3400782450,2920
3400900000,0
3400902320,1488
3400910270,2767
3400910330,138
3400917560,6205
3400941610,21956
3400945810,20277
3400953490,3602
3400954360,11261
3400966390,2000
3400971010,893
3400974810,12525
3400978530,1011
3400980210,588
3400981170,5130
3400981200,3077
3400981890,2023
3401100000,0
3401107600,27001
3401114710,4674
3401116900,3160
3401118220,1638
3401122350,5422
3401128170,731
3401133120,4386
3401139450,3087
3401144580,5350
3401146680,27511
3401167020,228
3401171160,1312
3401174870,7799
3401176070,61006
3401304695,38065
3401306260,53793
3401309250,9003
3401311200,13475
3401313045,34281
3401319390,70090
3401321840,2361
3401322385,7824
3401326610,7943
3401334450,60867
3401340890,31488
3401343800,25613
3401346380,22145
3401347500,40341
3401351000,310178
3401352620,6656
3401353680,30012
3401364590,6268
3401369274,18474
3401375815,14545
3401378510,10995
3401379800,48585
3401513360,8921
3401517710,32263
3401519180,12187
3401521060,4450
3401524840,16490
3401526340,23717
3401528185,4984
3401530180,13790
3401541160,6055
3401543440,15404
3401547250,37648
3401549680,3044
3401551390,1844
3401557150,6248
3401559070,8856
3401569030,3428
3401571850,2733
3401577180,49220
3401578110,2261
3401578800,22416
3401580120,4310
3401582120,10042
3401582180,3117
3401582840,13526
3401703580,71553
3401719360,2497
3401728650,11754
3401730210,20369
3401732250,58668
3401736000,294078
3401736510,40614
3401752470,61250
3401766570,21778
3401774630,66463
3401777930,17295
3401779610,52004
3401900550,4824
3401905650,3760
3401906370,841
3401909280,930
3401913720,2789
3401913750,13350
3401917170,4577
3401918820,3940
3401923700,4896
3401924870,3283
3401925350,1752
3401926550,1916
3401929460,1020
3401931320,3580
3401932460,5204
3401937065,3835
3401938610,4153
3401939630,1675
3401939660,6234
3401946260,1166
3401961920,24361
3401962250,16278
3401970980,446
3401972510,5893
3401974420,6430
3401978230,3027
3402119780,30062
3402122185,35604
3402129310,92506
3402131620,5920
3402133150,1823
3402133180,17595
3402139510,32313
3402157600,2827
3402160900,30756
3402163850,15641
3402174000,90338
3402180240,30479
3402310750,25496
3402315550,4012
3402318490,7911
3402319000,49945
3402320230,108164
3402330840,2459
3402331470,15121
3402334890,5770
3402345690,15144
3402345900,14645
3402346620,7059
3402347280,49032
3402351210,56345
3402352560,44375
3402354705,68406
3402358200,55855
3402359010,61297
3402359280,24167
3402365790,45838
3402368550,9989
3402368790,47137
3402369390,24473
3402369420,16124
3402369810,8171
3402382000,104355
3402500000,0
3402500070,19332
3402500730,376
3402500760,1702
3402501960,15295
3402502110,4410
3402502440,2030
3402504930,5869
3402506970,4158
3402507750,4956
3402514560,9953
3402516660,686
3402519840,13575
3402521570,1989
3402522440,6170
3402522950,1449
3402525200,12507
3402525230,35651
3402530690,20470
3402531500,4518
3402532640,17436
3402533300,53926
3402534200,939
3402536480,9719
3402536810,7171
3402537560,1619
3402540770,6105
3402541010,185
3402541310,32530
3402542990,40693
3402543050,5922
3402544070,41648
3402544520,9710
3402545990,66883
3402546560,10385
3402547130,3207
3402549890,28265
3402549920,4606
3402554270,27896
3402554570,6195
3402562430,12862
3402564410,996
3402565130,7241
3402566240,1718
3402566330,1980
3402567350,4179
3402567365,1156
3402570110,2779
3402570140,4861
3402573020,19361
3402574540,5707
3402574900,7250
3402576460,26541
3402579310,8586
3402706610,8854
3402706640,4423
3402709040,8133
3402712100,9407
3402712130,11102
3402712580,1512
3402712610,7748
3402717650,17205
3402718070,18563
3402719210,11152
3402723910,13564
3402729550,14769
3402729700,3896
3402734980,20587
3402737110,10013
3402740290,10957
3402741362,8652
3402742510,16447
3402745330,4973
3402745360,6018
3402746860,4048
3402747670,22876
3402748090,23424
3402748210,6315
3402748300,20453
3402748480,4585
3402748690,5935
3402749080,29149
3402750130,3659
3402756460,56397
3402758110,15641
3402761890,26604
3402763300,4112
3402764050,6613
3402764080,26189
3402764980,23211
3402775890,1759
3402777240,18265
3402780390,7318
3402900000,0
3402903050,25165
3402903130,500
3402903520,1205
3402903940,1055
3402904180,11088
3402905305,44634
3402907420,75482
3402918670,1647
3402930390,487
3402934530,1720
3402934680,59980
3402937380,29508
3402937770,2681
3402938550,139019
3402939390,1865
3402940560,21285
3402941250,3143
3402943140,45880
3402943380,481
3402954300,9014
3402954450,1599
3402958590,2306
3402959790,8659
3402959880,19334
3402959910,4855
3402966450,2478
3402966480,1793
3402967110,957
3402969510,3716
3402970320,29834
3402971640,1195
3402973125,98143
3402974210,3654
3403106340,7716
3403113690,89379
3403129070,8980
3403130570,19628
3403140620,14790
3403153040,8778
3403156550,70002
3403157000,158735
3403160090,11047
3403161170,6319
3403163150,11657
3403173140,10959
3403176730,11206
3403177840,53756
3403179460,24705
3403182423,13355
3403300880,3299
3403310610,8665
3403321240,1176
3403321330,841
3403341640,1714
3403343200,1913
3403354810,1839
3403357750,4882
3403357870,12754
3403358530,4220
3403359130,8854
3403361470,2615
3403365490,5322
3403375110,3466
3403382720,3715
3403504450,8283
3403505560,28114
3403505590,7916
3403506790,12219
3403507180,15140
3403507720,46268
3403522890,948
3403524900,68907
3403527510,7028
3403531890,44091
3403543620,10921
3403546590,655
3403547580,23841
3403553280,22809
3403557300,2571
3403561980,8368
3403564320,819
3403568460,13410
3403568730,4867
3403576940,16186
3403577600,6485
3403701330,728
3403701360,5801
3403707300,814
3403709160,8119
3403724810,5322
3403724930,4968
3403725140,3281
3403727420,3657
3403729220,3308
3403729490,4912
3403729850,8322
3403732910,14565
3403737440,2344
3403747430,3833
3403751930,8369
3403754660,2160
3403765700,1928
3403769690,20077
3403770380,3552
3403770890,4052
3403771670,2145
3403775740,22605
3403776640,4
3403776790,10941
3403905320,13426
3403913150,15622
3403915640,24074
3403921000,137302
3403922860,7799
3403925800,4885
3403931980,22349
3403936690,8401
3403940350,44192
3403948510,7049
3403951810,13727
3403959190,55236
3403961530,30109
3403964620,22646
3403964650,14093
3403966060,24843
3403970020,17171
3403971430,22705
3403974480,61071
3403979040,31111
3403981650,1479
3404100670,5427
3404101030,2436
3404104990,2538
3404106160,5741
3404124960,2992
3404125320,2137
3404128260,5512
3404128710,10140
3404129820,1423
3404130090,2517
3404133060,1818
3404133930,5536
3404137320,2919
3404140110,2680
3404141490,9321
3404143320,7778
3404155530,2665
3404158350,15299
3404159820,3266
3404177270,7334
3404177300,6691
3404180570,4679
3500190060,635995
3500191095,20640
3500191590,3073
3500193735,14222
3500392460,1772
3500392580,1971
3500590960,3327
3500591410,2671
3500592190,100
3500592280,2945
3500592670,47938
3500593090,1233
3500593240,6003
3500691320,130
3500691380,20016
3500691710,3616
3500693900,3083
3500790600,2850
3500792520,7128
3500793270,2344
3500990390,517
3500990720,46216
3500992010,905
3501191110,1349
3501193750,227
3501390090,27505
3501391050,44075
3501391260,6785
3501391440,4645
3501391740,109947
3501393060,29681
3501393840,1628
3501590150,18944
3501590480,39751
3501591800,89
3501591920,2321
3501790210,2574
3501791560,1444
3501792070,1118
3501792400,1471
3501792782,2665
3501793000,16153
3501793600,2350
3501990990,446
3501992910,3402
3501993660,533
3502192220,647
3502193150,94
3502392250,3747
3502393180,294
3502591230,3206
3502591470,51323
3502591620,2413
3502591950,15382
3502593360,1409
3502790450,3104
3502790510,1218
3502790780,416
3502791500,949
3502792700,14537
3502891860,13719
3502893810,5716
3502990900,3682
3502990930,21929
3503190840,5446
3503191350,23678
3503192170,10084
3503192535,24079
3503193870,7144
3503392100,3249
3503393720,900
3503590030,42853
3503592040,3590
3503593120,17555
3503593570,4818
3503791530,324
3503791830,998
3503792730,348
3503793540,6894
3503990570,3033
3503990810,1384
3503991020,1704
3503991682,3626
3503992295,6434
3503992610,3650
3503992790,8424
3503993210,8001
3503993390,2834
3503993630,320
3503993795,660
3504191080,1763
3504191140,1826
3504192430,15339
3504390870,4880
3504391654,5019
3504392655,136756
3504392944,6949
3504590180,23983
3504590360,15063
3504591290,54822
3504592150,6357
3504592160,1954
3504592180,3765
3504592970,14998
3504790750,378
3504791770,18663
3504792310,5814
3504793420,299
3504793690,1696
3504992820,94706
3504992850,19249
3504992880,42150
3505193480,8929
3505193510,2571
3505390630,49
3505391980,1805
3505393040,14346
3505590120,4108
3505592340,1952
3505592370,1929
3505592490,5572
3505593300,17178
3505593330,2720
3505593450,1084
3505791200,13273
3505792135,2217
3505990660,877
3505990690,3136
3506190240,18928
3506191890,59530
3600101000,100492
3600106211,2679
3600106354,35139
3600116694,7240
3600116749,18159
3600117343,85997
3600130532,2970
3600131104,37260
3600140002,2559
3600150672,9127
3600161181,1901
3600178674,10287
3600179851,3208
3600301209,6221
3600301319,405
3600301429,644
3600301451,1619
3600302011,2407
3600302154,1509
3600302187,1067
3600305573,1797
3600306717,149
3600307201,1967
3600311253,888
3600312243,2316
3600313475,700
3600315990,1007
3600319367,3105
3600327705,1635
3600328563,1492
3600329905,614
3600330994,539
3600336112,2055
3600337297,756
3600350375,995
3600354523,0
3600364166,1185
3600365772,1495
3600378201,384
3600379103,6978
3600379202,361
3600382095,1616
3600382623,1253
3600508510,1404779
3600704429,2405
3600706607,47151
3600706618,4533
3600715110,10787
3600717046,4797
3600717772,4916
3600720588,5001
3600725604,6304
3600739837,5387
3600742653,2658
3600744611,5089
3600749396,1683
3600765112,2130
3600775319,2773
3600776056,55078
3600777255,30978
3600782535,5708
3600901297,7410
3600901308,447
3600902759,1834
3600912661,1303
3600913035,140
3600916903,616
3600917684,2073
3600919840,1829
3600922678,996
3600924031,1181
3600925340,1437
3600927342,2764
3600927441,2483
3600930257,1629
3600934946,2187
3600936123,758
3600937825,751
3600941982,1459
3600942840,1700
3600943896,642
3600944237,2290
3600945161,691
3600949462,1592
3600949880,2053
3600954523,0
3600954716,13738
3600954727,1664
3600955783,798
3600957298,1578
3600957331,2048
3600959509,3442
3600960587,2156
3600960950,22
3600964749,5846
3600964760,536
3600969870,273
3600984055,3779
3601100000,0
3601103078,26285
3601103166,2593
3601110297,4269
3601112969,2542
3601117849,1874
3601126231,2463
3601128673,1643
3601137660,2019
3601141740,1811
3601143071,1805
3601146602,1753
3601148131,1271
3601148307,3110
3601151198,1147
3601155871,3511
3601165816,1497
3601166278,789
3601166443,3264
3601170376,2352
3601171146,3192
3601172037,886
3601173770,1651
3601177024,1468
3601177420,1907
3601300000,0
3601302605,859
3601311451,7452
3601312639,3417
3601313035,0
3601313860,1501
3601314069,3965
3601314072,0
3601315198,1060
3601316595,2165
3601321105,12549
3601321116,1169
3601323976,4073
3601323998,8659
3601324053,1554
3601327606,976
3601328838,1668
3601332050,6882
3601332248,2344
3601338264,28188
3601339507,1865
3601347592,937
3601352155,1881
3601358926,2059
3601358981,12795
3601359421,3924
3601361885,2269
3601366916,2529
3601366960,1390
3601371476,1948
3601377530,992
3601379950,4474
3601502781,1428
3601504132,816
3601506475,7592
3601512947,2518
3601515077,2361
3601524229,26257
3601524240,6662
3601524636,1912
3601535705,18854
3601569617,9150
3601576892,1328
3601577310,3269
3601700353,2733
3601704044,3017
3601717486,849
3601718619,1392
3601728739,274
3601730422,5161
3601731148,2696
3601742411,283
3601744127,946
3601749957,2639
3601753297,1357
3601753979,6782
3601753990,3521
3601755717,909
3601755959,3546
3601757507,563
3601758288,576
3601758772,1395
3601759817,856
3601766894,3909
3601768055,1525
3601768110,1392
3601901583,2490
3601903221,3156
3601905485,5439
3601906761,1315
3601913750,5667
3601914113,4071
3601916397,574
3601919653,3307
3601923921,1992
3601948252,3439
3601957375,6710
3601958574,19830
3601958585,11830
3601965211,3822
3601965717,4851
3602102099,1389
3602103287,1676
3602112056,1791
3602114014,4060
3602116045,6054
3602116177,2067
3602118102,3313
3602128068,1667
3602128772,1681
3602128871,5267
3602130565,4425
3602134748,1795
3602135969,5865
3602139573,8229
3602142917,3616
3602150452,2271
3602171443,2642
3602171850,2009
3602173077,1283
3602315748,998
3602318388,17450
3602318421,8279
3602319499,738
3602327496,911
3602332160,980
3602335287,6178
3602341300,718
3602345403,2042
3602359773,1150
3602365915,1082
3602368264,899
3602373220,451
3602375550,1077
3602377596,2525
3602381963,768
3602502132,1129
3602507597,683
3602516793,1713
3602519763,2946
3602520137,5153
3602520357,1285
3602527232,2359
3602531698,1245
3602531951,2769
3602532281,1568
3602540068,1627
3602545964,1143
3602546624,1467
3602547031,3292
3602564001,2272
3602567345,5492
3602570629,1935
3602574111,1187
3602578047,5222
3602701693,3857
3602705100,14834
3602705452,14069
3602716408,4072
3602720819,8393
3602721996,29772
3602725978,22924
3602737209,21240
3602740299,16384
3602747207,2301
3602751891,2974
3602756825,8044
3602758156,2243
3602758695,9794
3602759641,31958
3602759652,45636
3602760905,11108
3602761357,7610
3602770662,3692
3602776166,4567
3602778157,28252
3602778388,4496
3602900000,0
3602901099,9871
3602902000,130546
3602903199,13882
3602907454,7948
3602907894,2224
3602911000,276854
3602913035,1837
3602915011,88989
3602915825,33097
3602916870,3145
3602917200,4643
3602917585,8269
3602923415,7546
3602924130,11687
3602924801,15183
3602929828,21488
3602931654,60234
3602935122,3266
3602940189,19753
3602941146,45148
3602945601,5148
3602950716,8681
3602951803,3503
3602955277,29779
3602965277,2703
3602974166,15030
3602975000,71850
3602975011,0
3602977871,3015
3602980918,45303
3603115330,2492
3603119246,1984
3603123833,1149
3603124768,710
3603138396,2354
3603139067,710
3603142114,1156
3603147669,836
3603148428,4483
3603150144,490
3603151935,7540
3603153077,208
3603164529,1555
3603165629,1897
3603173891,4705
3603180775,1550
3603182271,1903
3603182315,1251
3603304319,2019
3603305716,1167
3603307278,1117
3603307839,511
3603308213,1351
3603311165,1284
3603313992,1984
3603317871,1501
3603320610,1134
3603320973,226
3603326737,1410
3603327243,1251
3603332314,5222
3603344721,11673
3603347933,2895
3603364727,3661
3603365178,511
3603375676,5104
3603378795,794
3603381215,1881
3603506882,563
3603508433,5099
3603512573,983
3603524603,1509
3603529443,14962
3603538781,8111
3603538792,6452
3603546217,6108
3603551407,2594
3603555101,1796
3603557353,3541
3603571784,769
3603700474,1831
3603701165,2572
3603704715,15097
3603704726,6656
3603706057,3081
3603706266,1754
3603711572,2139
3603719719,2988
3603723756,2210
3603742037,7571
3603754166,3106
3603756792,2089
3603757078,4218
3603770607,2251
3603775011,224
3603902803,701
3603902913,3936
3603911649,6700
3603913013,11321
3603918729,7776
3603921204,2641
3603930620,3761
3603931379,337
3603936178,3042
3603938638,1099
3603942202,763
3603949935,3199
3603959751,701
3603982480,1432
3604102572,264
3604105958,271
3604135496,587
3604137374,1268
3604137495,227
3604140794,863
3604143412,875
3604148340,63
3604179059,671
3604317431,1508
3604319686,888
3604324933,1801
3604327199,6931
3604328750,12134
3604334132,9534
3604342664,1418
3604342741,4550
3604342752,1418
3604344974,3058
3604350584,1740
3604353968,930
3604354507,980
3604364254,2272
3604364837,1933
3604365695,3280
3604370794,685
3604378278,1294
3604378927,1529
3604382568,1874
3604500000,0
3604500210,4928
3604501176,3713
3604502297,1777
3604510242,5797
3604512364,2532
3604513717,4530
3604516100,4693
3604524086,3339
3604534055,1698
3604535782,3257
3604542015,25266
3604543544,878
3604543863,2066
3604555398,2778
3604556209,3304
3604557562,1557
3604563341,1466
3604564265,3009
3604573528,2621
3604578608,24375
3604578619,5557
3604582348,5677
3604583162,222
3604710022,2631580
3604919081,3209
3604920214,2630
3604920555,1383
3604930796,1004
3604932358,478
3604942125,913
3604942213,1661
3604943731,4875
3604943995,1159
3604945854,1189
3604948032,130
3604950001,2783
3604955497,134
3604957925,285
3604975693,1065
3604978729,1976
3604981094,1733
3605103364,6982
3605111715,4137
3605117618,1869
3605128629,10338
3605131016,2528
3605141883,1859
3605142334,4118
3605142961,7505
3605148956,4360
3605151869,5242
3605154089,2671
3605155508,689
3605159179,961
3605170101,1479
3605170475,2503
3605181006,1093
3605184022,3164
3605308587,2150
3605313156,6693
3605320401,1279
3605323305,4144
3605325593,1719
3605328695,603
3605331720,6350
3605341674,1422
3605341905,8658
3605342422,1749
3605344435,2730
3605349770,1765
3605354837,10171
3605367785,1240
3605371399,1965
3605371993,14690
3605500000,0
3605508246,36834
3605515462,28982
3605515957,6810
3605522870,6218
3605528442,29008
3605530290,95395
3605531797,8652
3605534099,48065
3605537726,50657
3605546558,9019
3605554474,20208
3605556561,16111
3605557144,38965
3605557221,46961
3605558365,30543
3605561808,5534
3605563000,208772
3605564144,3464
3605572455,13472
3605578971,45226
3605581402,4857
3605702066,18166
3605702077,5578
3605712122,3658
3605713816,1394
3605726308,2690
3605729047,2555
3605747614,4181
3605747834,3560
3605756099,3200
3605763561,1963
3605764650,2583
3605929113,28112
3605934000,790202
3605943335,34756
3605953000,237012
3605956000,299509
3606144919,1629477
3606300000,0
3606311803,5732
3606332490,3828
3606342158,15788
3606343082,20610
3606343093,20516
3606350232,9239
3606351033,7797
3606351055,47987
3606353682,30198
3606357111,7034
3606359267,6474
3606364034,7478
3606368330,3060
3606375011,0
3606375748,642
3606381380,18549
3606382370,5789
3606502253,2611
3606503155,1851
3606503309,633
3606507366,4465
3606508180,1310
3606511858,4714
3606519928,3933
3606526297,1117
3606526385,3702
3606526627,1693
3606539804,9786
3606541762,6074
3606545535,8676
3606545755,2163
3606550309,22015
3606556330,4261
3606561126,1666
3606563418,31795
3606565134,2431
3606571212,828
3606575280,4257
3606576540,64217
3606577123,8219
3606577178,5884
3606577486,5184
3606579862,1839
3606580533,5892
3606581754,17908
3606711913,25270
3606715704,31133
3606716067,59995
3606720478,25589
3606723800,5440
3606724878,2063
3606728519,16831
3606740266,4878
3606744039,23086
3606745029,33328
3606745491,6018
3606754958,22573
3606754980,338
3606755651,2545
3606759036,7047
3606764815,32840
3606767521,7090
3606770057,1795
3606773000,146384
3606775638,2649
3606776760,14237
3606908378,2081
3606912100,1631
3606912144,10514
3606912155,11270
3606921699,3637
3606925406,14643
3606928640,12512
3606928651,3471
3606929531,4093
3606935551,3906
3606944864,9333
3606949440,2606
3606957529,6624
3606961544,3331
3606966289,2622
3606968660,1624
3606977387,15989
3606979356,2738
3607107003,18635
3607115308,12668
3607118300,12755
3607118916,9088
3607119961,7452
3607129553,14468
3607130631,4676
3607131907,5500
3607134550,12823
3607147042,30289
3607147713,4661
3607147999,21586
3607148153,23265
3607148857,6465
3607150034,28519
3607150045,31915
3607150848,27877
3607156185,38916
3607159388,8652
3607175781,3763
3607177992,31023
3607178366,31859
3607178839,7537
3607182755,12224
3607300000,0
3607301044,7206
3607304572,1910
3607312496,2808
3607315880,3322
3607327958,3216
3607339188,2591
3607349286,4754
3607361742,6514
3607366751,4858
3607383448,2429
3607500000,0
3607501055,1899
3607501649,1286
3607507674,545
3607517904,4772
3607527815,11272
3607529729,6497
3607532028,4493
3607532688,9345
3607546822,5276
3607547691,1754
3607550342,2951
3607555453,914
3607555574,17033
3607555585,8369
3607556154,3456
3607556352,2418
3607560873,386
3607561533,5716
3607565079,3806
3607565618,7938
3607565992,6603
3607577662,5642
3607580500,4060
3607582073,1522
3607711209,1050
3607711528,1743
3607715253,1089
3607719895,328
3607723613,2130
3607724845,913
3607732589,2143
3607741531,2274
3607745920,1498
3607746910,1797
3607747240,2790
3607748494,1899
3607750485,1203
3607754881,15045
3607754892,4994
3607755629,2718
3607755695,3627
3607758343,1233
3607758420,1016
3607761467,1949
3607763638,630
3607770310,952
3607776012,4076
3607779972,862
3607783129,2149
3607912529,33837
3607939331,12896
3607956748,11560
3607957584,9879
3607960147,11755
3607968924,18180
3608160323,2323052
3608306189,1960
3608310275,12524
3608322117,16687
3608329674,1859
3608335463,6671
3608349517,4511
3608352100,13297
3608357441,1310
3608358398,5474
3608358805,4327
3608361148,9287
3608365013,8326
3608365486,7359
3608365541,12933
3608371102,2774
3608375484,51033
3608570915,494956
3608715968,86937
3608732765,39107
3608755211,48605
3608760510,152401
3608771674,14833
3608907938,2592
3608912342,11551
3608915792,80
3608916287,768
3608917409,1395
3608920038,2067
3608920335,955
3608923646,1327
3608925791,1284
3608927100,1869
3608929608,6486
3608931841,1683
3608934176,1146
3608935595,1000
3608941564,1623
3608942631,4235
3608943588,3013
3608944391,752
3608944490,1767
3608946030,12319
3608948582,2567
3608951330,4402
3608954485,9455
3608955563,4025
3608956374,1658
3608957716,311
3608957771,2521
3608958266,833
3608959575,14819
3608963858,785
3608964221,2091
3608971410,3826
3608977739,2021
3609104220,12433
3609113926,4337
3609116353,37991
3609118223,6572
3609119807,843
3609123591,1337
3609128112,3538
3609130444,8039
3609131269,2074
3609131489,26245
3609144743,17398
3609146360,5124
3609147537,19036
3609148318,16631
3609153737,5219
3609159949,1971
3609165244,5850
3609165255,28631
3609171333,9396
3609178531,8163
3609182403,17456
3609321006,6083
3609329366,29372
3609351264,23591
3609359861,1860
3609363935,30616
3609365508,68847
3609506893,305
3609510154,773
3609512452,1489
3609516639,6292
3609517651,750
3609524724,1794
3609527826,1192
3609528981,1348
3609538440,1226
3609546855,3134
3609561599,2209
3609565596,3111
3609566542,2055
3609566641,1656
3609572070,976
3609583195,1739
3609712914,1370
3609713112,528
3609720676,3660
3609733073,4850
3609748186,2566
3609755156,1196
3609760763,1637
3609775924,1755
3609918663,2004
3609925505,3607
3609928640,0
3609938858,1196
3609943225,1825
3609955827,2094
3609963440,3110
3609966333,8982
3609975902,1054
3609976958,1724
3609978564,7324
3610100287,2501
3610103342,2340
3610104770,11350
3610107740,695
3610111880,1049
3610111946,3117
3610112265,3243
3610112991,2082
3610116738,2375
3610118256,10643
3610118267,5829
3610119675,1908
3610124647,7965
3610127551,794
3610130741,699
3610132567,512
3610135661,1781
3610135672,8152
3610135683,3962
3610135837,1254
3610138319,1308
3610142576,1622
3610159718,1716
3610159982,1072
3610160653,1151
3610173836,1097
3610175440,1018
3610175737,1402
3610176496,1951
3610178861,3698
3610178883,1033
3610181105,520
3610181457,1195
3610182843,1554
3610304000,218262
3610310000,489810
3610322194,28701
3610337000,204059
3610338000,339106
3610359106,742
3610361984,35980
3610366839,3355
3610367059,450
3610368000,116097
3610368473,69679
3610369463,23905
3610506310,4054
3610511759,3030
3610516661,1489
3610520104,2261
3610525241,14581
3610526528,789
3610527573,1189
3610534473,2234
3610542235,10358
3610543786,2068
3610544809,12728
3610549847,3380
3610563176,3307
3610573627,16714
3610575759,1539
3610704671,8461
3610706145,1263
3610712221,5051
3610749913,3559
3610751121,2741
3610755893,18729
3610761511,795
3610770178,2917
3610773968,4348
3610912606,3280
3610919620,3359
3610920962,13604
3610924548,3310
3610930972,5612
3610938077,32814
3610938088,20968
3610941234,11789
3610950254,4992
3610975990,4809
3611120247,587
3611124691,9561
3611128255,5645
3611132116,153
3611137143,6163
3611139727,23911
3611139738,945
3611142994,11154
3611145458,5724
3611145722,8819
3611150562,15330
3611154749,4254
3611158552,10406
3611163011,7362
3611163737,5744
3611165299,19223
3611166597,2789
3611166674,13365
3611175935,12675
3611178828,12533
3611183052,6258
3611307234,2034
3611315319,3074
3611329333,14609
3611331335,703
3611335639,1700
3611338715,1786
3611340519,3496
3611340662,3080
3611360356,29201
3611371641,903
3611373814,977
3611378300,3954
3611502561,3636
3611511836,1912
3611520885,551
3611522656,2317
3611526715,5311
3611526781,5964
3611530037,6182
3611530686,4850
3611531885,1145
3611532457,1895
3611533040,1751
3611538143,1695
3611539650,12896
3611560092,540
3611564782,2611
3611581578,3261
3611581633,4005
3611700000,0
3611702440,13601
3611711473,1759
3611728013,4369
3611737165,2240
3611743973,5594
3611744160,9243
3611745645,4523
3611755013,10491
3611756198,7354
3611763605,2126
3611765343,1482
3611768220,8080
3611778102,9273
3611782040,6823
3611782689,3971
3611905320,16722
3611918410,41794
3611921820,33974
3611930367,93990
3611932413,29961
3611942136,12089
3611944842,31236
3611948895,10737
3611949011,44769
3611949121,72427
3611950078,18022
3611950617,82769
3611951693,12228
3611953517,5148
3611955541,39276
3611956979,25625
3611957012,12949
3611959685,5012
3611964309,16428
3611964320,48734
3611965442,18010
3611968308,21264
3611981677,60666
3611984000,209978
3611984077,35869
3612102418,4210
3612103012,6109
3612105936,3220
3612112782,2710
3612118696,1409
3612121369,1231
3612127980,1839
3612128596,400
3612138341,2049
3612146877,1336
3612155222,1273
3612157254,4836
3612157826,812
3612166773,2216
3612178344,5288
3612181325,815
3612304594,1794
3612306002,2948
3612338044,1028
3612338583,4278
3612347020,1407
3612347504,6823
3612359597,1871
3612370816,3381
3612375055,996
3700193292,5271
3700193328,4717
3700193368,32177
3700193444,5307
3700193476,3554
3700193520,27152
3700193556,4500
3700193608,6935
3700193656,10388
3700193684,22510
3700193704,5172
3700193712,42774
3700193732,6436
3700391020,3252
3700391364,1848
3700391848,1139
3700392068,1793
3700392908,4815
3700393168,1453
3700393228,10954
3700394086,11158
3700590640,1362
3700590808,139
3700591204,4043
3700591232,2138
3700592508,1069
3700592564,1054
3700593960,1369
3700790064,1545
3700790452,1298
3700791356,1262
3700791732,4865
3700791808,3166
3700792140,2323
3700793876,7650
3700793996,180
3700990648,767
3700990696,1320
3700990820,777
3700991004,525
3700991282,605
3700991448,539
3700991540,895
3700991568,139
3700991652,4739
3700991740,296
3700992316,858
3700992364,1033
3700992376,3484
3700992456,1378
3700992504,3097
3700992512,1082
3700992544,129
3700993892,1498
3700993956,3789
3701190052,1057
3701190148,4223
3701190212,452
3701190510,9
3701190812,369
3701191018,1643
3701191154,287
3701191442,382
3701191558,311
3701191582,2457
3701191826,712
3701192090,327
3701192110,530
3701192262,1020
3701192263,1191
3701192502,1244
3701192538,656
3701192586,389
3701192708,421
3701390168,4126
3701390664,9899
3701391896,8595
3701392436,5779
3701392664,2575
3701393904,13525
3701590712,2681
3701591580,397
3701592044,533
3701592096,2140
3701592768,1767
3701593008,1204
3701593988,1247
3701594064,6265
3701594104,936
3701790004,832
3701790244,3940
3701790296,5212
3701790392,1693
3701790528,1644
3701790604,882
3701790724,1895
3701790860,640
3701791000,6017
3701791180,646
3701791508,1995
3701791720,1386
3701793784,509
3701793964,1643
3701793992,632
3701991884,30848
3701992324,17620
3701992900,36719
3701992992,19986
3701993252,44842
3701993868,2553
3702190086,94535
3702190088,19316
3702190108,10881
3702190284,13134
3702190380,1333
3702191056,9903
3702191116,6004
3702191176,8213
3702191604,4194
3702191776,23009
3702191816,16546
3702191932,11576
3702192648,14797
3702192832,1322
3702193180,18833
3702193840,20764
3702390912,6744
3702391572,17244
3702391676,322
3702391832,2079
3702391912,8499
3702391920,2947
3702391928,2948
3702392136,27643
3702392592,6333
3702392952,10227
3702392996,441
3702393832,1229
3702393836,1139
3702593284,35545
3702593356,48593
3702593380,22182
3702593436,51415
3702593488,4235
3702593532,2132
3702593572,1457
3702593604,6096
3702593644,4375
3702593688,9231
3702593696,31038
3702593716,19834
3702791244,168
3702791556,12664
3702791672,1574
3702791700,1390
3702791780,20542
3702791852,3221
3702791916,17351
3702791924,13109
3702792180,504
3702792304,6830
3702792452,1945
3702794052,0
3702794116,1238
3702990784,4099
3702992920,2519
3702993044,4309
3703190092,610
3703190180,8493
3703190588,101
3703190888,261
3703191396,1060
3703191400,1538
3703192000,413
3703192040,595
3703192120,25336
3703192272,9864
3703192560,0
3703192884,318
3703193000,363
3703193088,118
3703193156,2608
3703193968,17470
3703390056,2276
3703390880,2034
3703391492,1392
3703391756,1210
3703391888,2134
3703392080,1844
3703392468,4118
3703393137,3881
3703394120,3515
3703590140,5207
3703590476,9014
3703590556,8219
3703590700,27338
3703591468,65473
3703591636,5201
3703592152,11911
3703592284,31210
3703790024,2717
3703790136,13938
3703790172,4024
3703790504,1172
3703790592,8019
3703791352,2850
3703791368,3578
3703791428,1834
3703791472,3479
3703792012,13546
3703792240,5117
3703792352,1163
3703794016,18714
3703990188,799
3703991544,2030
3703992192,11535
3703992336,5522
3703992932,2584
3703993852,7092
3704193276,6951
3704193348,4249
3704193400,944
3704193456,1692
3704390360,1560
3704391436,4541
3704391466,1762
3704392944,1952
3704393192,567
3704393792,1228
3704590686,100991
3704790316,2497
3704790320,1862
3704790436,1579
3704790608,2849
3704790612,4000
3704791044,1249
3704791764,3730
3704792624,4630
3704793072,4268
3704793216,2731
3704793872,2170
3704793928,1482
3704793944,940
3704794000,11584
3704794020,4569
3704993256,8476
3704993308,8415
3704993360,3387
3704993460,4298
3704993508,22862
3704993552,16703
3704993592,35922
3704993628,2549
3705190192,1320
3705190288,2486
3705190532,27256
3705190572,13527
3705190832,63808
3705190968,14156
3705191296,11725
3705191964,25291
3705192460,17882
3705192724,62752
3705192892,98342
3705390816,8828
3705391188,1771
3705392176,10877
3705392552,9125
3705590096,20687
3705590824,1163
3705590964,73
3705591424,2083
3705591702,1493
3705592196,12376
3705790008,15341
3705790032,614
3705790076,12808
3705790328,5085
3705790756,9843
3705790780,9286
3705791028,6977
3705791392,1674
3705791440,3318
3705791628,1276
3705791796,32025
3705792064,12476
3705792644,5335
3705792956,5490
3705793232,42369
3705793796,8475
3705794112,562
3705990472,2537
3705990668,4071
3705991080,12567
3705991192,1920
3705991660,5966
3705992100,10965
3705992896,6096
3706190020,2905
3706190864,2757
3706191060,3587
3706191240,1962
3706191600,9246
3706191688,5348
3706191820,7277
3706191960,2529
3706192728,1977
3706192752,2830
3706192972,1778
3706193900,4814
3706194092,2325
3706390516,6721
3706390932,119762
3706391760,19851
3706391972,8652
3706392344,54869
3706393764,122498
3706593300,14076
3706593344,1348
3706593404,690
3706593424,858
3706593484,1277
3706593544,1128
3706593588,1964
3706593620,1650
3706593652,1890
3706593680,2945
3706593708,1080
3706593724,16746
3706593728,1278
3706593744,1806
3706790012,14581
3706790216,6692
3706790236,10711
3706790376,3874
3706790684,19547
3706791696,31430
3706791792,18904
3706792061,1969
3706792062,3094
3706792388,4949
3706792396,51
3706792808,6839
3706793036,3115
3706793864,12184
3706794068,252037
3706990590,2844
3706990866,5076
3706990926,8609
3706991170,10196
3706991258,1327
3706991414,9792
3706991438,2479
3706991906,8803
3706992822,2789
3706994150,22471
3707190644,16549
3707190844,16849
3707190872,24582
3707191216,94953
3707192692,32074
3707193048,49874
3707391220,1586
3707391376,1514
3707391420,1921
3707391520,2317
3707391560,914
3707392092,1092
3707392660,1032
3707590636,6008
3707593108,1190
3707594124,874
3707790356,15006
3707790936,16417
3707791108,8123
3707792348,1246
3707792424,7953
3707792800,1682
3707792844,2608
3707793212,5898
3707793884,1944
3707990440,1668
3707990520,639
3707991532,3989
3707991648,1885
3707992392,4325
3707992416,1521
3707992928,1555
3707993020,3129
3707993076,1775
3708190396,10680
3708190600,9235
3708190672,7371
3708190896,24010
3708191096,10967
3708191184,9456
3708191228,93026
3708191304,3772
3708191484,84006
3708191640,13451
3708191656,10937
3708191952,6258
3708192104,11981
3708192124,208172
3708192360,13975
3708192716,18749
3708193176,9376
3708193908,2518
3708390368,4556
3708390468,875
3708390752,362
3708391036,4750
3708391088,1728
3708391372,2096
3708391876,3114
3708392432,399
3708392704,21152
3708392756,334
3708392864,3082
3708393932,5227
3708590060,24307
3708590104,11785
3708590152,19721
3708590292,14123
3708590416,3052
3708590920,6318
3708591348,12144
3708591444,6918
3708591668,13747
3708591812,4927
3708592220,8312
3708593124,4404
3708593844,9392
3708790196,13093
3708790552,57
3708790568,226
3708790704,6462
3708790800,2088
3708790956,1196
3708791104,1396
3708791592,1734
3708791608,6209
3708791680,2707
3708792488,5358
3708793920,21260
3708793972,876
3708990304,12170
3708990680,7263
3708990796,4899
3708990972,5092
3708991316,5115
3708991456,52163
3708991536,17147
3708992076,14635
3709190016,7659
3709191412,1112
3709191968,850
3709192188,5585
3709192784,1801
3709194076,2901
3709390036,437
3709390068,4257
3709390312,1487
3709391148,0
3709391948,28631
3709392600,4129
3709392604,13071
3709393136,1823
3709590856,936
3709591048,796
3709591724,1337
3709591728,0
3709592372,723
3709593184,800
3709790160,8443
3709790240,8154
3709790616,12582
3709790708,42800
3709790744,6743
3709790770,4255
3709790884,46231
3709790944,1888
3709791076,10437
3709792244,2083
3709792400,1960
3709792912,2530
3709792924,9915
3709793104,32164
3709793788,4279
3709793824,2080
3709990156,1431
3709990484,640
3709990500,926
3709990540,2000
3709990848,10605
3709990900,1866
3709991320,1165
3709991384,1868
3709992148,237
3709992596,5741
3709992684,1939
3709992856,2155
3709992868,2394
3709993204,7305
3709993924,3499
3710190144,8981
3710190232,1848
3710190256,5064
3710190336,7935
3710190676,42361
3710190688,29692
3710190992,8989
3710191584,7526
3710192024,3091
3710192048,3488
3710192408,12862
3710192500,5712
3710192528,19698
3710192888,13178
3710192980,20790
3710194008,34437
3710194056,8611
3710393304,1714
3710393352,2444
3710393396,1913
3710393420,877
3710393496,781
3710393512,550
3710393560,1023
3710593280,10687
3710593336,16593
3710593372,5026
3710593428,2321
3710593472,6791
3710593548,18730
3710593580,5668
3710790760,2439
3710791072,6075
3710791588,2509
3710791704,19690
3710792144,5508
3710792224,4676
3710792520,3510
3710792820,794
3710793060,1251
3710793760,2881
3710793856,2934
3710794096,2652
3710990560,34293
3710991552,9796
3710991596,21659
3710991824,21473
3710992300,5495
3711190348,464
3711190828,3696
3711190940,3487
3711191236,2665
3711191476,3232
3711191984,18633
3711192112,2356
3711192216,4145
3711192312,2714
3711192384,3425
3711390448,523
3711390524,2664
3711390792,3442
3711391024,2776
3711391124,674
3711391156,15889
3711391480,3659
3711392072,2837
3711392204,881
3711392974,4123
3711393164,473
3711593290,2653
3711593298,864
3711593340,997
3711593376,5549
3711593416,3738
3711593500,1765
3711593528,1586
3711593568,1617
3711593624,625
3711593654,746
3711593660,1434
3711593706,293
3711790176,1680
3711790836,1564
3711791268,950
3711791332,1335
3711791388,863
3711791644,2811
3711792556,394
3711792712,2964
3711794024,1223
3711794040,7860
3711993268,903844
3711993320,5014
3711993392,21863
3711993492,11947
3711993516,24088
3711993564,5665
3711993600,10923
3711993636,30236
3711993668,32249
3711993700,14590
3711993720,7086
3711993736,38293
3711993740,11055
3711993748,37828
3712190128,2211
3712190352,277
3712190488,457
3712191140,540
3712191285,7901
3712191408,967
3712192548,82
3712192632,485
3712193012,2072
3712390272,5194
3712390628,649
3712390988,2755
3712391856,849
3712392160,2592
3712392412,555
3712392464,1599
3712392748,1404
3712393100,3347
3712393772,5184
3712393848,1879
3712593264,8505
3712593316,3058
3712593388,5862
3712593448,2722
3712593468,756
3712593524,3841
3712593578,24622
3712593616,20121
3712593648,30219
3712593672,5170
3712790124,4828
3712790544,1532
3712790776,4271
3712790916,4188
3712791100,2365
3712791336,2878
3712791616,2748
3712791976,5831
3712792212,10055
3712792328,2607
3712792356,7330
3712792636,3689
3712792740,16353
3712793068,3454
3712793144,24087
3712990508,22516
3712991092,31511
3712991404,44052
3712992008,16345
3712994044,120805
3713191212,5354
3713191620,1102
3713191708,2912
3713192368,1310
3713192536,451
3713192676,2403
3713192696,1023
3713192880,1022
3713194004,1354
3713390482,34332
3713391502,27
3713391632,69640
3713392672,28039
3713393160,29208
3713393188,23248
3713393976,23412
3713590268,6604
3713590580,5652
3713590620,95474
3713590632,13051
3713591040,8531
3713591496,17098
3713591860,3268
3713793260,2777
3713793312,3009
3713793364,1972
3713793412,2103
3713793464,2529
3713990996,9943
3713992164,8359
3713992260,2637
3713992292,9343
3713992576,9016
3713992804,1536
3714190444,8747
3714190496,175
3714190548,1985
3714190728,2345
3714191272,2075
3714191516,1813
3714191900,1808
3714192744,8864
3714193248,34407
3714193804,3331
3714390220,1146
3714390248,4053
3714391464,2304
3714392248,3044
3714392448,2697
3714590040,2586
3714590464,2012
3714590852,1249
3714591120,8286
3714591512,2799
3714592168,2679
3714592404,2952
3714592764,15679
3714594100,1300
3714790080,6863
3714790112,7856
3714790224,8523
3714790252,1957
3714790512,2186
3714790652,5210
3714791064,3456
3714791084,5804
3714791152,1504
3714791328,53409
3714791340,4902
3714791344,14356
3714792428,7532
3714793196,1256
3714794072,52379
3714990740,6590
3714990772,2214
3714991302,2832
3714992816,1819
3714993776,4039
3714993980,2397
3715190084,26634
3715190116,5381
3715190388,1262
3715190584,9722
3715190716,2900
3715190732,7330
3715190748,3070
3715191172,9644
3715191276,6889
3715191784,4247
3715191800,5196
3715192252,815
3715192268,6742
3715192532,495
3715192580,6868
3715192620,10132
3715192668,3817
3715193208,5815
3715193768,26514
3715193808,2875
3715390200,3997
3715390280,315
3715391988,13154
3715392084,2971
3715392736,15101
3715393116,197
3715394088,6609
3715590028,1776
3715590120,4580
3715590372,3709
3715590460,2135
3715590960,2561
3715591052,4449
3715591200,1451
3715591936,1680
3715591940,22283
3715592016,5013
3715592420,1389
3715592444,4021
3715592472,11588
3715592484,3639
3715592608,2935
3715592640,5141
3715592656,3056
3715592760,2057
3715592780,4364
3715592796,8522
3715592904,1195
3715592984,5663
3715593004,968
3715593120,847
3715593236,1595
3715593812,2061
3715593952,2520
3715593962,750
3715594080,4954
3715791564,7217
3715791752,20294
3715791956,7813
3715792020,6725
3715792232,7544
3715792568,1574
3715792652,18992
3715792772,4429
3715792960,3447
3715793936,9352
3715794032,4744
3715990100,12892
3715990660,27730
3715990692,3396
3715991160,14331
3715991256,11481
3715991840,11688
3715991880,15238
3715992128,3919
3715992172,2189
3715992584,10582
3715992812,31267
3715992860,1581
3715993112,1651
3715993828,1930
3716190480,1385
3716190656,2980
3716190720,8022
3716190768,13683
3716190924,518
3716191224,2790
3716191252,748
3716191308,2722
3716191488,7925
3716191892,3671
3716192132,1593
3716192776,12567
3716193172,4598
3716193816,1728
3716390228,1935
3716390904,3051
3716391164,2110
3716391380,2554
3716391460,1762
3716391528,3152
3716391836,1725
3716391844,5912
3716391944,658
3716392088,4036
3716392288,1855
3716392308,11921
3716392516,1839
3716392524,4264
3716393032,6814
3716393052,1972
3716393224,888
3716393780,1663
3716393939,1359
3716591748,3337
3716593080,4207
3716593132,19440
3716594036,6606
3716790048,2689
3716790264,5580
3716790596,5216
3716791032,2431
3716791196,13888
3716791416,6947
3716792296,14378
3716792680,3135
3716793028,8360
3716793800,2027
3716990208,3043
3716990260,2094
3716990876,1277
3716992028,5917
3716992480,1813
3716992588,2525
3716992852,4966
3716993016,2526
3716994108,20978
3717190412,2276
3717190908,8810
3717190984,3438
3717191016,6066
3717191168,3046
3717191904,1415
3717191996,2734
3717192156,22745
3717192496,4491
3717192732,2251
3717192936,2031
3717192948,1068
3717193064,2027
3717193128,6317
3717193948,2710
3717390624,11820
3717391144,56
3717392208,2137
3717590344,3545
3717590364,11376
3717590564,3857
3717590928,5293
3717590948,3476
3717591248,861
3717591504,2393
3717591864,2890
3717790044,208
3717790736,2277
3717791360,125
3717792872,799
3717793040,14
3717990432,10707
3717991264,17554
3717991624,15285
3717991736,2551
3717992004,9727
3717992108,56969
3717992280,3742
3717992836,68598
3717993860,65825
3718190868,2051
3718191452,19596
3718191712,5635
3718192050,3180
3718192824,6666
3718193752,1107
3718193916,652
3718194028,3435
3718390164,23539
3718390420,13819
3718390536,80220
3718390576,63273
3718391524,57736
3718391548,64247
3718391772,43758
3718391868,18824
3718391992,32874
3718392036,19179
3718392056,65085
3718392228,84993
3718392264,11020
3718392440,28878
3718392612,132465
3718392788,73607
3718392792,85867
3718393200,56126
3718393880,103540
3718393984,119603
3718591112,1895
3718591132,326
3718591432,1371
3718591684,707
3718592340,1635
3718592688,1355
3718592700,1579
3718592828,1775
3718592940,1212
3718592964,1057
3718592976,2066
3718593896,3817
3718791768,2066
3718792540,6221
3718792876,1746
3718792968,779
3718990132,982
3718990204,1355
3718990300,2674
3718990308,4865
3718990332,10719
3718990404,3461
3718990788,3387
3718991008,726
3718991744,2399
3718992032,2605
3718992276,14511
3718992320,567
3718992916,1067
3718993152,2229
3718993912,3576
3719190384,20825
3719190428,7905
3719191136,10160
3719191260,20770
3719191280,4043
3719191300,1938
3719191576,6275
3719192200,3376
3719192256,16216
3719192492,3164
3719192848,7233
3719193138,16747
3719390072,938
3719390184,343
3719390324,1779
3719390408,769
3719390976,6536
3719391012,926
3719391664,433
3719391788,1672
3719391908,409
3719392116,2688
3719392184,5853
3719392236,1368
3719392332,8184
3719392628,10671
3719392720,5912
3719393024,1688
3719393092,457
3719393756,3025
3719393820,928
3719393888,814
3719394012,10542
3719590276,3909
3719590840,3783
3719591208,3497
3719592380,5983
3719592840,1142
3719593084,3419
3719593096,2078
3719593220,9033
3719593244,5188
3719594048,41258
3719790340,4286
3719790892,2567
3719790952,2882
3719791128,5262
3719792302,1332
3719792314,1507
3719792321,4792
3719792322,6340
3719793030,1853
3719793034,2247
3719793041,1364
3719793042,3142
3719990400,577
3719990456,4435
3719990492,1609
3719990804,3727
3719990980,796
3719991312,648
3719991612,1829
3719992476,496
3719992572,1659
3719992616,628
3719993056,2393
3800105700,31
3800110300,22
3800110340,35
3800113100,0
3800113270,71
3800113500,0
3800114620,12
3800118100,18
3800120700,38
3800121495,175
3800130340,16
3800136540,23
3800137700,1250
3800137740,136
3800138420,35
3800146500,0
3800149780,6
3800159620,26
3800165900,125
3800165940,59
3800171380,0
3800174140,13
3800178220,10
3800184480,19
3800187140,25
3800301780,103
3800302300,11
3800303580,43
3800304340,0
3800307100,15
3800309420,10
3800317300,50
3800318340,62
3800318380,104
3800321820,58
3800322460,96
3800323500,144
3800326380,174
3800330060,24
3800332340,45
3800333020,137
3800333380,120
3800337180,44
3800338300,187
3800341500,77
3800343980,80
3800345460,23
3800347140,185
3800350340,19
3800350900,123
3800351700,155
3800353340,18
3800355820,50
3800357140,79
3800357180,49
3800357420,17
3800358780,57
3800359660,231
3800359700,96
3800362460,114
3800362540,10
3800364020,6
3800365380,96
3800367620,26
3800367660,37
3800368140,34
3800370380,103
3800372820,20
3800372940,84
3800373500,8
3800374900,68
3800375100,12
3800376020,62
3800377300,6
3800378700,22
3800379340,0
3800380980,70
3800381080,589
3800381180,6541
3800384220,20
3800386620,159
3800500980,27
3800503180,22
3800503860,20
3800505620,6
3800509460,21
3800509740,31
3800511260,33
3800521620,32
3800522780,48
3800524780,78
3800524820,7
3800527750,1263
3800537660,69
3800539860,12
3800540180,0
3800540220,0
3800540260,2
3800543260,18
3800543300,37
3800543900,4
3800544420,388
3800544425,8
3800545580,503
3800545620,24
3800547620,172
3800548980,12
3800549620,474
3800553060,55
3800553220,191
3800553580,943
3800557580,40
3800558180,34
3800559020,39
3800559060,64
3800563200,23
3800566660,49
3800566820,38
3800567300,43
3800574380,56
3800580380,9
3800580420,88
3800583580,83
3800583620,108
3800584540,20
3800584620,55
3800587420,537
3800587860,6
3800587900,16
3800751900,198
3800757710,588
3800774070,238
3800902100,38
3800902660,15
3800902700,41
3800906020,29
3800907540,79
3800908460,2205
3800909060,36
3800913061,0
3800913780,18
3800915980,0
3800917540,0
3800917780,73
3800922620,10
3800923780,136
3800923980,46
3800929180,37
3800935220,92
3800936060,91
3800938380,0
3800938540,69
3800941300,92
3800943500,21
3800944700,52
3800944900,216
3800944940,89
3800946260,31
3800948060,0
3800951420,56
3800954900,13
3800955940,42
3800956020,67
3800958700,0
3800958860,0
3800960180,50
3800960380,10
3800961180,0
3800962300,80
3800966100,21
3800966540,4
3800967740,777
3800971060,35
3800971340,62
3800971820,30
3800972500,41
3800974020,38
3800975500,9
3800976260,20
3800977740,125
3800983980,21
3800984340,52
3800985020,435
3800985260,56
3800985421,10
3800985860,570
3800986380,238
3800986500,0
3801100540,0
3801102140,0
3801108700,1499
3801108740,193
3801108820,51
3801110380,33
3801126540,17
3801129540,28
3801129580,48
3801129740,0
3801131300,19
3801131940,0
3801132460,0
3801134260,11
3801135780,0
3801143700,0
3801144740,20
3801150740,8
3801153140,0
3801155580,72
3801166300,184
3801166340,4
3801171500,387
3801171540,66
3801175460,26
3801176140,35
3801177060,10
3801177900,90
3801184650,53
3801185780,52
3801305380,83
3801308500,355
3801308540,38
3801312502,0
3801314300,29
3801314500,31
3801315460,67
3801315500,113
3801317740,2
3801319660,2
3801325940,8
3801326700,16
3801326940,6
3801327460,6
3801329380,98
3801335540,52
3801341280,51
3801341660,25
3801344020,4
3801345420,0
3801346540,167
3801348420,143
3801353180,51
3801357715,7
3801358140,34
3801363740,129
3801363780,49
3801364140,301
3801366580,45
3801368340,26
3801372740,24
3801373900,35
3801378780,18
3801381020,84
3801381500,42
3801383420,15
3801502780,3490
3801507200,75556
3801508780,81
3801511045,2572
3801511940,9
3801514060,45
3801514380,18
3801516860,152
3801516900,16
3801520540,109
3801521860,121
3801524940,54
3801526860,2
3801528100,40
3801530100,39
3801530140,2836
3801530900,193
3801532740,7
3801535670,44
3801536460,4348
3801536660,9
3801546640,4381
3801546710,4474
3801547500,3
3801547860,121
3801548620,80
3801549380,79
3801552220,246
3801553620,186
3801554460,157
3801555540,161
3801560580,144
3801562160,9
3801565980,85
3801566635,38
3801567420,4
3801571223,18
3801572900,3
3801575940,151
3801577780,36
3801578300,98
3801578580,8
3801579820,14
3801585980,18
3801586540,3
3801586580,115
3801586780,207
3801586820,20
3801700500,103
3801701420,18
3801701940,135
3801701980,68
3801703020,584
3801703300,392
3801703340,44
3801704020,14
3801704060,67
3801704900,0
3801705900,40
3801706260,138
3801709320,60
3801710420,180
3801710460,92
3801712700,2953
3801712740,37
3801714780,58
3801716100,61
3801718180,245
3801718220,213
3801720220,3
3801721100,61
3801722860,65
3801724140,57
3801724260,5
3801724660,80
3801725020,98
3801725700,131627
3801725740,0
3801728720,169
3801729220,125
3801729260,120
3801730260,131
3801732300,119
3801733820,156
3801735580,61
3801735940,819
3801735980,289
3801737900,89
3801738060,97
3801738900,4588
3801739140,49
3801739460,292
3801739500,64
3801742780,996
3801742980,121
3801743780,10
3801745980,248
3801746020,47
3801750540,92
3801750580,1352
3801750620,250
3801757020,45
3801757620,490
3801758120,70
3801760480,491
3801760500,165
3801760540,100
3801763100,452
3801763580,86
3801764320,43
3801765620,171
3801765860,1009
3801766040,1032
3801766460,42
3801767260,45
3801769020,50
3801775340,276
3801779300,96
3801779340,304
3801782740,207
3801783500,116
3801783940,42
3801784780,40094
3801785220,150
3801786980,42
3801901660,38
3801901740,39
3801904660,4
3801906940,28
3801909900,10
3801911460,15
3801911580,14
3801911700,5
3801917580,34
3801920460,52
3801921460,0
3801921500,9
3801922980,141
3801928540,189
3801930780,3
3801931620,9
3801933580,75
3801935060,4
3801935860,42
3801936420,15
3801937220,55
3801938820,0
3801939660,33
3801944780,1782
3801944820,4
3801946940,15
3801947380,36
3801947660,6
3801950100,34
3801953020,43
3801953500,0
3801954060,8
3801954500,0
3801954820,37
3801955020,257
3801955740,22
3801955780,0
3801958020,21
3801958060,17
3801959980,153
3801960100,115
3801960140,38
3801961740,29
3801970780,15
3801971620,6
3801974100,29
3801974300,46
3801976380,19
3801979540,36
3801982940,2
3801983820,49
3801985060,0
3802100300,77
3802101020,1
3802101060,46
3802105500,178
3802114540,95
3802119700,143
3802122740,25
3802123220,1033
3802123260,246
3802123540,73
3802126980,30
3802128780,65
3802129900,0
3802132500,21
3802134500,0
3802139220,76
3802140540,0
3802142300,18
3802142340,139
3802142500,21
3802148140,3
3802148260,41
3802148460,22
3802150500,48
3802153820,18
3802158220,107
3802158740,1858
3802163820,43
3802163860,25
3802163980,28
3802166940,40
3802175140,0
3802181100,101
3802181460,141
3802185700,0
3802187620,121
3802187940,48
3802187980,4
3802301300,3
3802301860,33
3802301900,34
3802307900,6
3802307940,97
3802308340,77
3802310780,0
3802314900,0
3802315020,3
3802316940,1065
3802317940,19
3802319500,0
3802323140,9
3802326140,7
3802326340,17
3802327820,41
3802328220,100
3802328340,6
3802329420,0
3802331580,0
3802336300,8
3802336500,0
3802346740,37
3802347780,114
3802352260,5
3802357220,163
3802360700,142
3802363340,0
3802373420,42
3802373700,18
3802376300,0
3802379660,110
3802380260,0
3802380900,0
3802384660,11
3802387660,0
3802519820,109
3802520940,329
3802527330,392
3802534340,389
3802534350,396
3802542700,985
3802542705,701
3802574105,739
3802711140,63
3802713820,66
3802715420,0
3802715540,79
3802721980,42
3802728420,88
3802729700,20
3802732020,60
3802738180,42
3802744100,56
3802755100,70
3802756620,1260
3802756660,38
3802760740,16
3802763220,8
3802768180,85
3802772140,23
3802772580,198
3802777140,11
3802778860,82
3802908900,13
3802911780,26
3802934180,78
3802936700,206
3802946980,904
3802957730,828
3802974120,665
3802976500,534
3803107140,0
3803108420,2
3803110020,33
3803112340,2168
3803112380,278
3803121700,28
3803124900,138
3803126820,14
3803130660,63
3803130700,68
3803131740,61
3803136260,3
3803145180,37
3803147900,146
3803149260,66
3803149300,37
3803149500,27
3803152100,78
3803157380,23
3803167900,26
3803168300,62
3803187700,0
3803305420,899
3803305460,266
3803310660,39
3803318900,38
3803321665,0
3803323100,0
3803323860,12
3803329340,10
3803331420,97
3803337340,15
3803347700,182
3803357865,0
3803361340,10
3803369580,21
3803371740,7
3803371780,57
3803374180,0
3803500820,24
3803501620,595
3803502020,130
3803503420,188
3803503940,159
3803506100,41
3803507860,235
3803509300,929
3803513860,75
3803523180,37
3803523700,100
3803524060,346
3803525260,280
3803525540,203
3803526020,237
3803530180,322
3803530220,87
3803531700,77
3803532060,59042
3803532100,590
3803536940,371
3803539980,27
3803540020,85
3803540940,99
3803544060,149
3803545020,1240
3803545060,63
3803546180,125
3803546820,22
3803547580,83
3803548100,24
3803550420,368
3803551980,2221
3803552620,209
3803554300,124
3803556780,24
3803556820,59
3803558300,1046
3803558340,74
3803558900,132
3803563300,78
3803563380,14
3803566260,116
3803569540,472
3803576420,55
3803578660,1138
3803580060,155
3803580740,143
3803583140,352
3803583740,111
3803585140,47
3803712460,316
3803721670,525
3803723020,585
3803723580,67
3803726580,11
3803728300,48
3803739060,10
3803745140,72
3803745820,13
3803745860,30
3803753300,45
3803756420,181
3803764580,7
3803765140,26
3803767340,21
3803785000,310
3803786900,2
3803900420,67
3803904540,75
3803905180,44
3803907020,168
3803909660,43
3803909940,26
3803914340,9
3803915900,918
3803915940,78
3803920060,56
3803933260,80
3803935020,77
3803937100,22
3803942820,28
3803945900,55
3803948820,71
3803962580,0
3803967980,6
3803968460,16
3803977340,57
3803980580,156
3803983660,132
3803986300,61
3804100220,16
3804103460,6
3804104220,64
3804105680,2
3804107380,5
3804109580,9
3804111820,35
3804111980,0
3804112780,33
3804113282,12
3804113980,0
3804114220,0
3804125780,56
3804136220,0
3804137940,9
3804142100,39
3804142420,22
3804143620,83
3804149660,67
3804152540,12
3804154620,742
3804154660,101
3804156180,564
3804156220,79
3804159100,8
3804166020,181
3804166740,101
3804169820,7
3804173860,32
3804175860,13
3804176740,11
3804178460,98
3804182620,2
3804183060,23
3804301580,42
3804303700,0
3804304300,3
3804310180,39
3804310740,30
3804313900,0
3804314420,38
3804317020,18
3804317220,85
3804318260,72
3804325100,45
3804328620,0
3804331780,7
3804336580,43
3804342580,0
3804344180,34
3804346320,0
3804350260,70
3804352420,226
3804358260,8
3804361220,13
3804361980,0
3804362060,65
3804362100,10
3804363140,0
3804364940,0
3804366220,9
3804367180,50
3804367220,7
3804372860,55
3804375780,757
3804376060,0
3804377940,6
3804377980,295
3804378020,21
3804380140,70
3804380180,56
3804381140,47
3804381820,71
3804383100,0
3804384260,23
3804384980,0
3804386100,0
3804387460,62
3804500660,169
3804504180,94
3804506300,50
3804507420,10
3804507980,29
3804518420,137
3804519580,66
3804522140,666
3804530420,122
3804530540,42
3804530820,17
3804531100,161
3804532420,59
3804532540,19
3804533460,84
3804537300,65
3804541180,42
3804542140,118
3804543580,474
3804544540,658
3804547180,28
3804550780,176
3804552860,87
3804557300,63
3804557340,84
3804560420,24
3804561380,68
3804563500,0
3804564220,61
3804565260,0
3804565540,44
3804568060,9
3804569220,38
3804569420,47
3804570660,9
3804572460,20
3804577380,12
3804581900,116
3804583380,28
3804586340,122
3804721675,221
3804726500,0
3804728380,46
3804728860,284
3804730620,101
3804733940,20
3804734060,0
3804740620,14
3804745740,8
3804755420,765
3804765700,28
3804771580,25
3804785065,307
3804902220,309
3804902260,62
3804904460,3
3804904500,21
3804904780,25
3804906180,1
3804906580,0
3804907300,89
3804909860,30
3804916260,10
3804918540,68
3804918620,68
3804918660,150
3804919020,8
3804920300,300
3804921679,116
3804922580,57
3804925620,0
3804930300,28
3804932660,278
3804932700,47
3804933700,33
3804937260,21
3804941380,62
3804941420,5
3804942660,0
3804943460,35
3804943820,18
3804943860,21
3804944660,34
3804945380,261
3804945500,58
3804947260,15
3804951660,106
3804954980,0
3804956540,64
3804957500,42
3804957727,81
3804958100,83
3804958660,103
3804959180,30
3804959300,97
3804964420,38
3804966780,93
3804968310,60
3804968660,15
3804970340,40
3804971180,8
3804975020,34
3804976700,100
3804979420,467
3804980860,102
3804981620,1083
3804981660,227
3804982220,10
3804982380,43
3804982420,26
3804982580,0
3804986420,22
3805103540,599
3805121683,349
3805145740,58
3805158265,329
3805167940,13
3805174505,129
3805181700,75
3805187020,849
3805188180,96
3805301140,343
3805301180,255
3805302600,69
3805303220,201
3805303260,0
3805308020,69
3805313290,2608
3805313540,0
3805321687,0
3805323820,126
3805327332,1180
3805331900,133
3805336340,14
3805341580,25
3805358045,1314
3805365220,9
3805367140,0
3805373380,221
3805374110,399
3805374510,419
3805379520,238
3805380460,185
3805383860,6039
3805387820,474
3805502180,36
3805502340,116
3805503820,0
3805505980,227
3805507500,79
3805511180,68
3805511220,0
3805511420,40
3805515140,66
3805516700,0
3805518580,22
3805519860,54
3805519980,0
3805521690,180
3805527334,559
3805529460,1397
3805529660,85
3805532940,16
3805538940,6
3805544220,85
3805547820,191
3805547940,82
3805549180,171
3805549860,34
3805551380,358
3805551820,33
3805552340,66
3805552380,19
3805557720,625
3805560260,101
3805566980,187
3805568260,58
3805568420,16
3805569140,4
3805570060,168
3805573780,83
3805574200,823
3805579940,500
3805579980,32
3805580660,699
3805580670,293
3805582060,33
3805583700,1507
3805585070,99
3805586580,492
3805586940,113
3805706660,3040
3805721710,987
3805727336,88
3805731180,258
3805736780,2453
3805762260,144
3805775420,470
3805785075,697
3805788140,200
3805901700,183
3805912080,29
3805921720,3092
3805926660,222
3805930860,701
3805936860,677
3805949900,24522
3805949920,2837
3805956700,780
3805985080,734
3806101380,113
3806103900,0
3806104700,78
3806106700,89
3806106800,81
3806109780,171
3806110860,8
3806114460,0
3806116220,6
3806116540,122
3806116980,0
3806118460,28
3806122500,117
3806126060,50
3806139180,79
3806139740,230
3806140500,0
3806142620,15
3806143220,88
3806146340,40
3806148220,0
3806148340,30
3806148860,0
3806149140,36
3806150180,32
3806153700,67
3806154860,15
3806155300,18
3806156740,2721
3806158820,0
3806159940,117
3806160060,37
3806160620,129
3806160660,0
3806160940,922
3806160980,87
3806162980,350
3806163020,49
3806164100,45
3806164180,152
3806164900,23
3806165420,0
3806165740,43
3806168540,156
3806168580,0
3806172220,58
3806173020,0
3806173060,123
3806173980,55
3806174515,130
3806174860,39
3806175380,2097
3806175740,0
3806181420,296
3806184020,0
3806185085,276
3806185540,63
3806185580,26
3806300580,7
3806302380,157
3806306220,129
3806313260,27
3806314180,7
3806317660,43
3806318300,104
3806319780,70
3806324500,6
3806326220,40
3806327020,0
3806334780,11
3806339820,32
3806344300,784
3806344340,35
3806345540,96
3806346140,35
3806349580,365
3806352140,0
3806352640,83
3806352740,277
3806355460,25
3806355860,90
3806359580,54
3806359900,26
3806361460,62
3806361860,120
3806361900,10
3806368820,8
3806368900,17
3806370820,29
3806379180,124
3806383340,114
3806386140,29
3806513180,562
3806521730,693
3806585110,584
3806700700,200
3806700900,193
3806705260,56
3806705300,48
3806705580,136
3806712060,28
3806712180,95
3806712940,1426
3806712980,426
3806717060,103
3806717100,67
3806720340,763
3806720380,2
3806723900,37
3806725980,68
3806729140,35
3806734620,39
3806734660,44
3806741020,21
3806744580,48
3806746660,25
3806747460,108
3806752780,47
3806754740,100
3806755620,398
3806755660,26
3806760820,41
3806761580,625
3806761620,30
3806770020,62
3806770260,306
3806770300,106
3806778620,113
3806782980,865
3806783020,40
3806901320,43
3806902620,40
3806904580,52
3806904620,0
3806913300,8
3806923300,15
3806923940,38
3806934140,149
3806940700,186
3806952580,155
3806955900,63
3806958080,391
3806966060,0
3806968860,2481
3806968980,27
3806974305,25
3806979220,84
3806979780,0
3806980100,80
3806985460,65
3806987180,26
3807105140,68
3807109700,43
3807112900,14
3807113380,64
3807116340,4
3807116580,114
3807116660,1556
3807118740,25
3807119420,7308
3807120620,13
3807122340,240
3807125660,25
3807128580,25
3807132260,116
3807134820,65
3807134860,21
3807135300,17
3807138020,83
3807138840,14
3807143100,9
3807145300,21
3807145340,9
3807146620,43
3807153260,233
3807154420,0
3807155980,45
3807156380,19
3807157260,18
3807157722,434
3807157780,42
3807159140,5
3807159460,105
3807160340,54
3807161500,21
3807163680,261
3807164740,11
3807168780,5
3807174280,82
3807175580,50
3807175980,171
3807176860,20
3807179580,30
3807184180,53
3807301460,133
3807301540,31
3807304420,63
3807306820,265
3807312580,157
3807315060,30
3807323340,33
3807323380,57
3807324260,980
3807327580,106
3807327620,157
3807333180,28
3807335180,11
3807340300,273
3807340340,35
3807346380,128
3807347100,2259
3807354180,128
3807357900,45
3807360460,0
3807364500,60
3807368380,70
3807370460,136
3807371460,0
3807372180,89
3807372300,100
3807374940,105
3807377540,76
3807379860,88
3807509100,16
3807511620,6
3807514260,75
3807515380,107
3807522100,28
3807524460,83
3807525140,27
3807530580,461
3807532580,3
3807532780,43
3807533740,0
3807534580,0
3807534700,40
3807539620,64
3807540380,13
3807547420,39
3807548020,18
3807549460,46
3807553780,634
3807555180,0
3807562900,104
3807564460,2
3807564820,120
3807567380,45
3807568020,0
3807572540,244
3807575180,0
3807579140,35
3807581300,17
3807585500,34
3807700100,232
3807700140,401
3807702540,115
3807704940,42
3807704980,111
3807705060,262
3807705860,145
3807709020,88
3807709340,117
3807713220,324
3807714100,255
3807715180,272
3807715220,147
3807717980,100
3807719380,57
3807719540,100
3807720740,141
3807721220,47
3807721260,430
3807721300,113
3807723620,90
3807725300,292
3807725340,76
3807728500,30
3807729060,44
3807732620,154
3807732900,37
3807733140,162
3807734900,804
3807737140,76
3807738660,100
3807739700,70
3807744500,155
3807746420,133
3807746460,719
3807750380,37
3807754220,175
3807754260,135
3807754340,34
3807755340,41
3807772620,90
3807776940,202
3807782140,16
3807782660,8010
3807782780,272
3807782820,431
3807782900,67
3807784700,29
3807787740,509
3807787780,95
3807921020,818
3807921750,525
3807943340,12
3807955220,8
3807958125,3127
3807967780,363
3807967820,1039
3807969980,286
3807972260,481
3807974320,237
3807974340,23
3807980010,5005
3808108620,52
3808108980,34
3808113020,30
3808115100,110
3808119180,36
3808120820,92
3808127260,617
3808127300,26
3808134020,859
3808134300,123
3808135420,119
3808136140,86
3808137500,10
3808140460,22
3808142860,61
3808150660,5
3808152940,648
3808152980,79
3808165340,123
3808169340,103
3808169380,35
3808170740,18
3808172780,32
3808174460,18
3808178140,23
3808178500,53
3808181780,39
3808182340,93
3808184100,52
3808185740,33
3808186060,173
3808306340,70
3808308300,25
3808319100,11
3808322220,56
3808325420,2
3808331500,85
3808337980,17
3808346700,21
3808349020,327
3808349060,79
3808351060,80
3808351100,118
3808351350,14
3808356265,66
3808358130,154
3808364715,33
3808368470,12
3808374330,76
3808374600,29
3808376540,28
3808527860,107
3808527870,1953
3808552300,17
3808558135,1123
3808571660,198
3808573820,105
3808574520,237
3808702060,6
3808710220,9
3808712420,18
3808712620,39
3808713140,62
3808713312,14
3808715740,41
3808716620,74
3808718520,37
3808735620,0
3808739300,0
3808739420,16
3808750860,100
3808753100,9
3808754140,6
3808754700,47
3808757728,80
3808758275,60
3808761260,13
3808765060,26
3808766620,0
3808770420,51
3808772100,6
3808785125,27
3808785620,9
3808787340,16
3808905820,685
3808919620,25357
3808919625,3274
3808919630,908
3808921760,700
3808930460,230
3808966500,768
3808974185,503
3808978180,179
3808985130,698
3809105660,104
3809109620,45
3809112220,53
3809115340,20
3809121740,53
3809122060,24
3809124340,71
3809126420,329
3809126460,15
3809128140,7
3809131140,122
3809133420,135
3809138860,339
3809139340,8
3809148580,52
3809152020,31
3809156060,60
3809164660,42
3809167100,9
3809171940,101
3809171980,27
3809172420,50
3809184940,55
3809186460,52
3809301260,6
3809303500,59
3809307740,362
3809307780,15
3809310060,130
3809310100,79
3809313660,18
3809313940,42
3809314660,107
3809315700,0
3809316020,51
3809316140,62
3809316380,29
3809316420,9
3809317460,124
3809318700,22
3809321140,66
3809322420,141
3809322940,84
3809326740,63
3809328700,117
3809329860,25
3809329940,0
3809330380,5
3809332860,4
3809333660,177
3809337820,65
3809338620,336
3809340100,5
3809340580,15787
3809340780,198
3809342180,233
3809342220,12
3809345940,39
3809347060,50
3809348300,0
3809348740,7
3809350300,52
3809351020,19
3809351860,255
3809352820,563
3809353980,99
3809354020,92
3809354100,73
3809356100,50
3809357060,34
3809358280,0
3809360780,8
3809361940,15
3809362620,61
3809362660,92
3809362740,37
3809362940,34
3809368100,32
3809368740,4
3809370180,26
3809371860,65
3809371900,58
3809373340,33
3809374700,46
3809374740,177
3809376180,47
3809376620,98
3809376660,37
3809376780,32
3809377620,67
3809381260,13
3809382540,27
3809383260,61
3809384300,184
3809386700,129
3809386740,93
3809387380,172
3809387580,69
3809388060,66
3809503100,1
3809503660,0
3809506620,0
3809507180,85
3809511860,1164
3809511900,90
3809515860,26
3809516820,30
3809518140,69
3809522540,81
3809530020,0
3809531980,14
3809535140,5
3809539100,21
3809544980,1
3809551620,4
3809553900,15
3809554940,45
3809556140,58
3809559380,0
3809561140,7
3809561780,6
3809562420,48
3809567500,102
3809567540,17
3809570780,4
3809572980,35
3809573660,0
3809573940,22
3809574980,18
3809578260,8
3809580340,21
3809582020,7
3809582300,6
3809588220,69
3809705940,160
3809707060,44
3809707660,85
3809707820,64
3809708140,39
3809711340,360
3809711380,129
3809711540,225
3809714740,54
3809722820,105
3809723740,0
3809724740,165
3809728980,44
3809729020,137
3809729300,142
3809732300,0
3809733340,101
3809736100,608
3809737460,47
3809738100,1704
3809738140,84
3809741860,140
3809746860,44
3809751500,1976
3809751540,134
3809754380,119
3809757540,0
3809758540,93
3809763900,549
3809766260,233
3809768500,89
3809775700,92
3809782180,134
3809787100,70
3809900260,114
3809900340,121
3809900380,18
3809902860,22
3809902900,79
3809914700,129
3809915820,11
3809919460,22
3809920900,124
3809922020,26
3809922260,196
3809925180,16
3809925860,94
3809926100,135
3809927060,212
3809927100,87
3809927140,48
3809930940,179
3809931060,47
3809931820,4102
3809931860,213
3809935740,171
3809938780,228
3809942260,206
3809942900,33
3809944620,155
3809944860,109
3809945260,5
3809951140,90
3809951780,47
3809953540,718
3809958380,45
3809958980,194
3809959540,63
3809960900,1458
3809961820,13
3809962780,91
3809964270,50
3809964860,52
3809968940,55
3809969620,61
3809970940,17
3809972380,49
3809973220,79
3809978820,71
3809981860,3
3809981980,11
3809983180,214
3809983220,113
3810100740,800
3810102420,51
3810104140,18
3810106460,415
3810106500,101
3810109380,117
3810110940,1067
3810110980,240
3810111100,60
3810111740,285
3810112100,40
3810112260,184
3810112300,40
3810119140,17
3810119300,163
3810119340,158
3810119900,74
3810120020,94
3810123660,62
3810124980,109
3810125060,0
3810128020,39
3810128460,121
3810129620,48
3810132980,7
3810133100,14
3810135700,2189
3810137860,11
3810138260,107
3810140140,50
3810142020,1002
3810142060,212
3810143020,344
3810147020,21
3810148500,109
3810149420,155
3810149820,84
3810149940,38
3810150700,98
3810151220,33
3810151460,77
3810153380,47791
3810155700,2196
3810156500,122
3810156580,911
3810159740,23
3810161060,0
3810165820,5
3810166420,40
3810167860,69
3810169060,37
3810169460,100
3810169500,52
3810170100,6
3810170860,39
3810170980,353
3810171020,241
3810172075,19
3810174580,42
3810175060,2
3810176980,727
3810177180,1721
3810177220,395
3810178100,2730
3810179100,11
3810179260,30
3810181380,0
3810183780,2302
3810186180,155
3810306380,59
3810306980,26
3810308580,90
3810309260,27
3810310700,1
3810312820,17
3810312860,60
3810313740,13
3810317140,13
3810318860,24
3810325500,15
3810326180,433
3810327900,217
3810328060,83
3810329980,15
3810334100,28
3810334460,3
3810334540,55
3810335900,1679
3810336380,51
3810337060,46
3810338220,32
3810339580,35
3810340820,38
3810348660,0
3810350060,85
3810358580,75
3810360020,51
3810363620,0
3810364700,15
3810369100,0
3810369660,0
3810373140,6
3810374080,57
3810374540,15
3810377660,114
3810377700,9
3810381060,10
3810384380,106
3810384740,126
3810385100,73
3810385120,20
3810387540,68
3810500940,47
3810503620,12
3810505020,12
3810506860,0
3810506900,0
3810507460,93
3810508100,13
3810508260,5
3810509820,47
3810510540,104
3810510620,0
3810513460,16
3810514860,73
3810516440,33
3810520580,0
3810520660,55
3810521660,0
3810523420,0
3810524540,124
3810524580,19
3810525900,83
3810531262,86
3810531460,13
3810533500,408
3810533540,9
3810535340,19
3810536620,12
3810536900,65
3810538340,0
3810541260,577
3810546900,53
3810550980,56
3810553660,1199
3810553940,0
3810555920,46
3810556302,3
3810559260,26
3810559860,0
3810562140,572
3810563260,77
3810565020,0
3810565580,714
3810567460,0
3810568700,95
3810570900,132
3810571300,144
3810574260,0
3810574780,27
3810574820,166
3810576340,727
3810576460,75
3810578940,1657
3810578980,49
3810579500,590
3810579740,217
3810580220,80
3810580620,0
3810582100,66
3810584580,75
3810585340,34
3810586020,260
3810586220,28056
3810586260,2430
3810586860,4
3900108350,1365
3900109722,1565
3900128196,1152
3900131668,331
3900138486,504
3900143036,2224
3900147026,1972
3900148888,3791
3900151268,456
3900158366,819
3900171052,2384
3900174069,1887
3900176768,5234
3900182012,1215
3900185890,2641
3900301602,1843
3900301756,14492
3900302988,2793
3900304206,9302
3900337646,3096
3900343554,35010
3900347656,6676
3900351282,2122
3900361742,3349
3900366614,5830
3900371955,12488
3900373982,3015
3900375199,1332
3900502568,18911
3900515672,2035
3900531682,3756
3900533236,2465
3900537660,3938
3900541272,578
3900550050,2048
3900550610,1616
3900551086,2564
3900551688,2751
3900558562,2538
3900561756,1817
3900568966,540
3900575357,2657
3900577532,1426
3900579758,2616
3900700000,0
3900702064,2536
3900702652,19465
3900703156,2433
3900713890,1129
3900716560,873
3900718350,12357
3900721672,584
3900722344,627
3900729624,10078
3900733642,2557
3900734300,1042
3900738514,5299
3900740404,1585
3900742742,1173
3900751296,2208
3900752066,2488
3900754964,1459
3900756700,2741
3900758870,3062
3900762568,1245
3900763772,1972
3900766796,2065
3900768224,1697
3900770646,9663
3900772053,1487
3900777686,1022
3900782040,524
3900785372,1161
3900785988,2635
3900901112,2776
3900901770,1128
3900902750,29639
3900905942,352
3900911220,1888
3900912336,1818
3900922414,3316
3900942420,2841
3900944590,1325
3900968238,1683
3900977420,4051
3900977546,2584
3900981777,1542
3900986982,6794
3901115448,797
3901122722,14527
3901129848,3710
3901130954,867
3901137674,3995
3901144618,1260
3901152472,1954
3901155986,1705
3901165018,1076
3901169694,11085
3901169806,259
3901178204,1363
3901181074,1973
3901182054,1554
3901316602,4146
3901327566,2635
3901330968,2966
3901340600,372
3901348580,5335
3901361378,12555
3901364962,8039
3901366628,14523
3901372736,1388
3901372970,1119
3901378218,2200
3901380864,5664
3901381088,551
3901382068,458
3901384602,1449
3901386996,2073
3901510758,687
3901515224,2939
3901523072,1591
3901528210,1088
3901531696,3607
3901536834,2491
3901537688,1344
3901538528,1562
3901542910,2927
3901561770,4677
3901562596,4112
3901563212,5677
3901571066,1312
3901574559,4725
3901578232,2744
3901581102,2362
3901725970,44828
3901725984,22928
3901733012,63468
3901733250,8225
3901742672,17166
3901743050,44633
3901746340,8650
3901749840,47668
3901750162,3562
3901752080,5413
3901759241,24210
3901766096,2704
3901768616,8874
3901769498,6768
3901777322,13583
3901782082,4441
3901783150,65755
3901903030,1401
3901909400,7304
3901912896,4427
3901923226,448
3901928126,1304
3901933782,2082
3901942434,1405
3901945038,726
3901951324,2116
3901958576,1151
3901961784,767
3901968420,1501
3901978260,879
3901981116,1148
3902100212,1371
3902118126,1506
3902130982,3638
3902133796,734
3902137702,2539
3902139228,3138
3902146760,2766
3902169078,2796
3902169820,2514
3902178274,1949
3902179086,14154
3902182096,1699
3902306054,17966
3902329862,7568
3902331703,2683
3902333586,3622
3902346354,2522
3902346788,10944
3902351912,12572
3902362610,3716
3902363226,3120
3902374118,58190
3902374119,12255
3902504157,28055
3902528224,3650
3902531010,16310
3902537716,3166
3902545108,2549
3902549322,44487
3902550176,6467
3902551338,7674
3902557960,5259
3902562540,15295
3902574825,5740
3902576155,9277
3902578288,50264
3902581130,2566
3902582110,4674
3902585302,5748
3902700226,2404
3902713974,2824
3902715238,2130
3902731710,2509
3902738542,1280
3902743064,651
3902747670,5516
3902766642,3524
3902778302,3147
3902779772,3016
3902781144,1558
3902782124,409
3902785792,12620
3902785820,424
3902910562,3513
3902912910,5767
3902923730,9783
3902924906,4338
3902925998,9895
3902928238,840
3902933264,3414
3902940824,3976
3902944226,3817
3902946368,2861
3902949784,3278
3902961798,16117
3902969512,7677
3902969848,5055
3902978890,9585
3902981158,1843
3902982138,980
3902982740,3063
3902982852,3131
3902986912,1771
3903100240,581
3903104864,623
3903106152,1336
3903115266,538
3903118868,11068
3903119218,1836
3903128252,1131
3903137730,1326
3903138556,1637
3903139634,1942
3903141132,4297
3903143960,802
3903150274,1436
3903151352,272
3903154376,342
3903159248,1417
3903161812,291
3903162624,626
3903176953,409
3903177896,1664
3903180220,411
3903181172,875
3903184714,1884
3903302890,1050
3903310030,11594
3903310044,756
3903313708,572
3903319134,1436
3903319330,4470
3903319932,290
3903329176,10339
3903335980,1417
3903337744,482
3903338570,1262
3903343078,1528
3903345500,687
3903364010,1571
3903370366,618
3903376463,178
3903376967,851
3903379786,749
3903384644,1861
3903500000,0
3903504416,15984
3903504500,13865
3903504878,12931
3903504920,10847
3903505550,701
3903505690,18218
3903508336,1452
3903508364,13692
3903509064,19771
3903509246,11158
3903509274,1501
3903509288,18284
3903513372,4264
3903516000,366097
3903516014,44497
3903519806,581
3903523380,13534
3903525704,48823
3903526446,17018
3903529428,29269
3903529498,2207
3903530632,758
3903535252,8623
3903535255,632
3903536918,688
3903537240,7534
3903541664,50007
3903543918,243
3903545556,13801
3903547306,23258
3903548468,3321
3903548482,20022
3903549644,15786
3903552052,3456
3903554250,1919
3903556882,31924
3903556924,1059
3903557008,30972
3903557750,3518
3903558408,14523
3903558422,8639
3903558604,3485
3903561000,79870
3903561028,20581
3903561686,6840
3903566894,10626
3903568056,21490
3903571416,11603
3903571682,28922
3903572928,23943
3903573264,21534
3903575098,45983
3903578932,13394
3903579268,1925
3903580738,2010
3903580990,13545
3903583622,34104
3903586394,641
3903700254,3322
3903701294,1067
3903709414,1915
3903710576,1435
3903728266,1551
3903732354,17093
3903733810,1886
3903737758,2663
3903743092,808
3903750960,541
3903751366,1669
3903753732,2417
3903761168,1607
3903766656,836
3903777980,4214
3903779380,1398
3903780248,674
3903781186,1632
3903782152,4455
3903787010,411
3903900268,640
3903921322,13281
3903921420,2008
3903926614,547
3903935112,4910
3903935196,1744
3903947852,766
3903950190,1671
3903956014,5979
3903966670,2986
3903976772,2233
3903981200,1578
3904102582,1593
3904105774,5745
3904105788,9975
3904109428,889
3904118010,7960
3904118140,11930
3904121448,2774
3904121469,40871
3904129694,26510
3904133516,4879
3904140362,2578
3904143106,33773
3904147908,382
3904158618,39987
3904159262,951
3904164178,2474
3904165312,1629
3904170842,3979
3904171976,946
3904175620,7992
3904176617,568
3904177336,2449
3904177560,2463
3904181242,4322
3904183349,9215
3904300000,0
3904305228,0
3904305802,3402
3904327482,2793
3904332578,1237
3904337030,10573
3904339662,128
3904347572,5481
3904350148,3562
3904359276,964
3904361714,12446
3904370380,24606
3904379716,4592
3904379730,4797
3904501637,2720
3904505956,5096
3904506950,10759
3904515686,4125
3904518000,11161
3904532060,5836
3904535812,4896
3904541740,41151
3904543120,8395
3904546382,1516
3904563240,6267
3904566684,2611
3904569120,4040
3904580206,48117
3904580570,6763
3904718154,906
3904731724,483
3904738388,822
3904738598,2594
3904746396,931
3904747684,791
3904759486,1889
3904761826,1365
3904778316,3592
3904781718,14439
3904782166,1064
3904906278,13114
3904906922,9991
3904909442,3809
3904916112,4325
3904918000,888365
3904928280,11249
3904931304,8647
3904933026,9443
3904937772,47984
3904938612,15404
3904946410,26314
3904947474,850
3904950064,37863
3904957344,38358
3904961840,3853
3904962974,12904
3904963254,6661
3904964570,17140
3904971787,17018
3904977714,30584
3904979002,36293
3904981242,43472
3904983342,29388
3904984742,20019
3905101728,1856
3905114072,1121
3905116126,9553
3905122442,1686
3905128294,661
3905129036,3134
3905129876,6508
3905130940,1860
3905162638,1448
3905168896,1756
3905175861,8471
3905187024,4186
3905300422,1885
3905313946,1089
3905315462,1612
3905329218,4706
3905331738,5376
3905332074,110
3905332760,1276
3905333824,649
3905336848,1983
3905352094,1337
3905357974,990
3905361854,1340
3905365228,2038
3905374120,3437
3905380584,1240
3905502904,6588
3905503590,12924
3905510464,4378
3905513554,5249
3905513561,4502
3905513988,9965
3905515168,3108
3905532914,4692
3905536918,151
3905536946,3655
3905549700,2743
3905549714,4535
3905551842,1737
3905553340,7093
3905554292,5246
3905559948,4450
3905569232,5402
3905573684,3956
3905576628,2328
3905577574,2779
3905704220,39644
3905704724,56722
3905705102,7394
3905710856,1254
3905712798,5994
3905721000,0
3905738626,1112
3905740040,636
3905749336,4986
3905754810,2664
3905768630,881
3905772473,3776
3905774223,2510
3905775201,9672
3905786772,25689
3905786786,6754
3905900282,1769
3905911003,13806
3905912938,1555
3905937786,5020
3905938640,73
3905940838,280
3905943134,943
3905944716,446
3905946424,1508
3905950568,1113
3905951380,1050
3905959290,557
3905966698,1904
3905973986,1073
3905979156,2476
3905981256,426
3905983664,2021
3905984616,689
3905985708,1514
3906101672,3826
3906101980,43867
3906102428,981
3906107300,13455
3906114128,8660
3906115000,311224
3906116616,59077
3906116882,4247
3906119470,6103
3906121266,5384
3906121504,28682
3906125186,2466
3906125802,2651
3906125942,1566
3906125970,0
3906127706,20025
3906130380,1974
3906130786,3782
3906131752,60068
3906132158,3702
3906133852,14749
3906143722,3124
3906144366,3498
3906145108,9653
3906146312,9484
3906147600,3474
3906149364,15904
3906150176,30
3906151716,10855
3906152752,6919
3906155678,2685
3906156322,9555
3906157386,19114
3906165732,10502
3906169470,3983
3906171892,11477
3906172522,4860
3906174104,11033
3906174121,35635
3906175973,19530
3906176028,15621
3906176428,2295
3906176582,6052
3906184938,6385
3906186366,3894
3906186730,8723
3906301308,2778
3906301644,936
3906302400,1675
3906306362,832
3906306838,1211
3906312392,1477
3906321462,1288
3906323086,1290
3906327048,40287
3906337800,577
3906343148,7124
3906346438,977
3906347698,3189
3906358632,889
3906363268,2187
3906364066,660
3906378330,2255
3906379408,947
3906381284,4287
3906506866,1706
3906509848,1865
3906513316,363
3906522736,1940
3906531024,370
3906532837,1295
3906537814,2340
3906543162,6988
3906545598,473
3906545920,1239
3906547712,1841
3906563282,8023
3906568784,833
3906576198,585
3906581298,614
3906702358,227
3906702764,464
3906710814,3345
3906728308,470
3906728812,777
3906729890,601
3906731766,1748
3906751394,1072
3906751940,586
3906756084,1549
3906757456,156
3906768994,1092
3906772361,1111
3906774724,433
3906781312,675
3906904052,2255
3906920016,1822
3906927342,1276
3906928700,968
3906933866,1705
3906943176,2117
3906947726,1329
3906951408,1210
3906953564,9729
3906963296,2103
3906966502,407
3906967062,797
3906981326,1849
3907109736,1279
3907115476,1743
3907118168,1104
3907122204,2581
3907126026,3648
3907132970,433
3907137828,1072
3907143190,10276
3907146452,6466
3907148034,944
3907155048,2364
3907159500,4856
3907161588,1574
3907169862,334
3907178344,1879
3907181340,1556
3907184826,1408
3907305578,973
3907326488,11724
3907330842,1319
3907331780,3222
3907342056,840
3907347740,2463
3907361868,2549
3907370142,1087
3907374405,1373
3907380780,1219
3907381354,1030
3907505830,4586
3907515280,4336
3907533460,5988
3907540194,2112
3907540852,1178
3907548692,3228
3907551422,1462
3907559514,4554
3907564584,3061
3907566712,1080
3907567286,2328
3907570156,4682
3907580626,4026
3907581368,1797
3907705228,3602
3907709148,1494
3907715364,2053
3907726040,1098
3907727216,978
3907732102,1396
3907732368,1366
3907732382,1096
3907734258,965
3907745514,797
3907754712,2528
3907754922,3212
3907757302,17095
3907757316,3446
3907757358,719
3907762246,1156
3907766810,792
3907767006,2582
3907767300,1398
3907772193,367
3907777158,1233
3907780472,2782
3907785232,6164
3907907090,1091
3907916336,1963
3907928322,2451
3907933040,409
3907937842,6231
3907937856,776
3907938654,3496
3907943204,1846
3907943442,2625
3907946466,2586
3907950624,739
3907970856,2185
3907981382,800
3907982712,5452
3908109750,492
3908119484,7725
3908137534,10111
3908140866,4260
3908152990,2254
3908168644,521
3908169876,2749
3908170086,1431
3908172767,2953
3908174122,1838
3908174608,18124
3908174615,4035
3908180878,3780
3908182180,1869
3908182698,2376
3908305844,1843
3908309470,1599
3908310590,1266
3908315504,1025
3908316140,2847
3908316686,2530
3908328658,2652
3908333880,754
3908335462,3845
3908336526,6011
3908337870,890
3908338668,957
3908343218,1955
3908349658,1439
3908350204,1829
3908350330,1395
3908351436,2033
3908352108,1109
3908352290,3002
3908353102,17052
3908362652,2009
3908363310,1896
3908378358,2617
3908382194,587
3908500000,0
3908518196,19211
3908523618,17493
3908540642,6911
3908540670,639
3908541398,206
3908542812,3184
3908546494,18445
3908549056,47171
3908549098,7111
3908559416,20548
3908559430,20447
3908561896,8835
3908576834,573
3908580402,600
3908585036,12659
3908585484,24046
3908585512,9975
3908585638,14162
3908700562,778
3908721084,632
3908724822,2552
3908726782,8305
3908733054,2050
3908742154,2329
3908748174,694
3908761910,6349
3908768280,8561
3908776031,281
3908778372,8216
3908778974,14088
3908781396,237
3908786002,1747
3908905494,1240
3908907944,2124
3908910366,1733
3908924332,1340
3908925690,19377
3908926530,1126
3908928336,1901
3908931416,10376
3908933299,3111
3908933894,8694
3908934188,1803
3908934748,10644
3908936316,1040
3908939102,2622
3908943232,2763
3908943456,4915
3908946116,1740
3908946508,3384
3908948132,2389
3908951450,7908
3908954040,50783
3908954054,1853
3908955580,3192
3908961112,18223
3908961924,1797
3908966396,851
3908969456,2578
3908978400,9246
3908981410,3084
3909107118,257
3909107552,1331
3909133908,2918
3909138682,3055
3909141286,12709
3909143246,3946
3909145682,1349
3909149378,2723
3909151464,1720
3909161938,772
3909163324,1414
3909166740,2621
3909169134,1878
3909174780,4523
3909178414,407
3909181424,3407
3909188042,1059
3909300000,0
3909301798,12906
3909301812,6522
3909303352,25317
3909303464,25752
3909308770,735
3909309568,8010
3909311010,1471
3909312140,7115
3909316910,8017
3909324220,5921
3909325256,53035
3909325270,3245
3909331150,5657
3909331164,2810
3909334972,1800
3909336876,1451
3909341244,6825
3909344856,65395
3909355446,2019
3909356966,36627
3909357834,8329
3909361532,2296
3909362960,1563
3909367776,823
3909372060,4380
3909372067,3947
3909372088,8966
3909382656,6195
3909533376,110
3909533418,1253
3909539116,2894
3909548342,13715
3909551156,14897
3909558730,19799
3909559010,4798
3909564836,3397
3909566516,1553
3909567752,6017
3909573990,1245
3909574123,27052
3909575903,2833
3909576025,50835
3909577000,267463
3909581438,3073
3909581872,7084
3909711234,2689
3909720142,4417
3909721154,981
3909726068,1714
3909738696,7489
3909744674,10484
3909751478,1430
3909757708,466
3909759528,694
3909762666,475
3909763338,3328
3909765480,840
3909772960,3088
3909774784,709
3909778428,5619
3909903198,35755
3909904668,6709
3909905858,1936
3909907468,39870
3909911066,7784
3909911374,16832
3909916476,1085
3909925088,1934
3909925998,1038
3909931038,3086
3909931794,3386
3909937884,2101
3909945178,1088
3909950638,3542
3909955118,1550
3909961798,0
3909963968,14573
3909971220,4146
3909972740,4066
3909974124,6756
3909975126,9923
3909988000,59331
3910106348,867
3910107958,356
3910115196,2845
3910131178,690
3910131192,1051
3910131962,1726
3910147768,43566
3910151730,2091
3910163352,4910
3910164794,2143
3910166754,1936
3910170240,865
3910171073,158
3910177742,581
3910180514,1235
3910309680,35246
3910309708,11349
3910311276,101
3910313750,2509
3910314254,638
3910330660,437
3910331374,4593
3910332676,3093
3910334104,1934
3910335644,8103
3910336078,1514
3910341174,6128
3910344072,3264
3910344240,5815
3910344604,2783
3910348804,9291
3910348808,25950
3910351856,13290
3910367356,29
3910371488,2116
3910371801,6027
3910373992,628
3910373999,1783
3910380304,24492
3910380318,4406
3910383426,2652
3910383468,1211
3910387052,4278
3910504906,1570
3910514016,2508
3910516924,689
3910542336,769
3910542868,728
3910558282,1555
3910558646,844
3910569372,2633
3910569904,1095
3910570114,5402
3910570996,1067
3910575847,3036
3910706586,885
3910710604,6634
3910712952,1012
3910722708,1827
3910728350,2539
3910730058,2303
3910731430,4235
3910736344,756
3910738724,13786
3910743260,1070
3910747782,3346
3910765781,1857
3910778442,1325
3910781452,851
3910782206,58
3910906110,4835
3910909498,976
3910918224,31873
3910924836,1857
3910927412,719
3910936610,5714
3910944968,1464
3910951492,16358
3910954138,6484
3910955594,3539
3910962848,20646
3910974097,2268
3910974475,2313
3910978456,9731
3910978470,100
3910981466,1419
3911100296,683
3911105606,408
3911106124,330
3911112966,3409
3911128357,292
3911131808,430
3911137898,632
3911142448,519
3911146928,987
3911157988,727
3911161952,328
3911169918,854
3911171349,401
3911175497,614
3911175686,1346
3911175945,286
3911181480,475
3911182208,506
3911310618,8261
3911315518,8835
3911315644,13277
3911321000,136579
3911325396,13356
3911329904,8764
3911333922,21751
3911336610,37741
3911337912,6071
3911338738,5901
3911340040,56570
3911349392,52159
3911352010,6536
3911357764,9458
3911361966,5842
3911367468,24435
3911377504,23041
3911378625,6889
3911379492,15053
3911381494,62601
3911382222,0
3911383090,12976
3911506964,920
3911508910,281
3911512980,369
3911521182,567
3911536092,1226
3911546984,1448
3911547040,156
3911547796,1106
3911548930,1401
3911552122,2667
3911561602,425
3911578484,640
3911586016,1880
3911587066,565
3911705508,3286
3911711248,951
3911712098,3119
3911714030,1908
3911718294,2943
3911728378,2014
3911729162,0
3911730128,5965
3911733600,2605
3911743680,2042
3911756224,2102
3911761980,2767
3911762260,1334
3911773061,1163
3911777602,925
3911781508,1244
3911783454,1036
3911900310,665
3911907398,622
3911909757,1311
3911912406,1735
3911915532,1235
3911926502,8698
3911933936,1647
3911935238,551
3911936372,3197
3911937926,2343
3911938752,1788
3911943470,2344
3911946536,591
3911948916,275
3911951506,554
3911953438,4909
3911955608,5213
3911961994,2749
3911966600,642
3911969932,861
3911970170,917
3911974125,5477
3911978498,4237
3911981522,4192
3911982236,4918
3911988084,24740
3912104682,700
3912109162,113
3912110142,835
3912112994,1009
3912124878,159
3912125438,764
3912137940,326
3912138766,162
3912147810,561
3912156028,2218
3912158310,5837
3912171352,479
3912171826,361
3912174728,314
3912182250,444
3912301322,3738
3912304304,1113
3912305620,2259
3912312266,1899
3912312588,3671
3912315546,4762
3912320058,4894
3912325578,1251
3912333726,2902
3912364080,1541
3912364150,5970
3912365046,727
3912369946,5267
3912503002,1380
3912505634,935
3912507370,579
3912509512,2485
3912512308,2994
3912519176,1409
3912525298,453
3912533950,1664
3912537954,1593
3912542000,842
3912561266,3840
3912581536,617
3912704584,2408
3912715658,1051
3912716350,896
3912733964,5135
3912736386,2587
3912737968,2772
3912746550,1352
3912751198,714
3912751520,1152
3912762680,6689
3912763366,704
3912765760,4383
3912770226,1051
3912776659,4641
3912915070,14142
3912915077,2571
3912920156,3270
3912921168,1738
3912933978,9264
3912937982,823
3912946564,1669
3912951534,1347
3912953256,1252
3912962008,1453
3912962484,1662
3912970184,2790
3912970870,11626
3912980598,3008
3912981550,3053
3912982264,463
3913104710,1477
3913105648,1202
3913111122,1069
3913137996,1141
3913147824,1051
3913150078,1196
3913155622,1608
3913161392,2527
3913161434,7348
3913162022,698
3913170884,747
3913171171,3368
3913175637,1828
3913178512,1784
3913302862,2577
3913303086,17581
3913308840,11413
3913313610,1965
3913321210,2870
3913324584,2390
3913328392,6320
3913328742,2675
3913329442,2752
3913335658,1201
3913335672,2020
3913339872,27116
3913347180,661
3913347194,4604
3913351058,1017
3913353858,3110
3913359668,2794
3913359822,1442
3913365452,5314
3913365592,11274
3913365606,9076
3913368392,8658
3913371731,5275
3913375014,17661
3913375189,6005
3913375196,328
3913376106,237
3913385946,2020
3913385960,1600
3913522106,430
3913524234,8339
3913529484,3895
3913531486,4204
3913533992,4278
3913537590,773
3913538010,1506
3913538780,3212
3913541846,3706
3913551548,2345
3913572964,3802
3913577994,2653
3913581564,1622
3913706880,889
3913732228,1308
3913738024,807
3913738976,2060
3913743288,1706
3913751562,2367
3913751660,1969
3913758996,8007
3913759612,1143
3913762036,839
3913763380,3758
3913767174,2494
3913775206,1214
3913778526,2945
3913779450,2808
3913907230,980
3913910646,1241
3913912420,1657
3913928406,1513
3913938038,3676
3913938794,4927
3913946578,11109
3913947138,47663
3913950092,6114
3913951576,2742
3913962050,1374
3913963814,1919
3913970394,874
3913971830,8991
3913974128,11104
3913977616,7102
3913981578,6591
3913982628,2527
3913986618,2995
3914110016,1808
3914116630,1941
3914118238,4678
3914121224,1544
3914128420,1080
3914131822,5192
3914134006,1255
3914136890,6106
3914138808,1393
3914143302,2585
3914159542,1070
3914161308,1827
3914170898,27439
3914174129,2592
3914178008,3395
3914178540,12587
3914303730,6017
3914305228,4585
3914316308,6331
3914328826,15835
3914331990,3450
3914332256,594
3914338052,1481
3914346592,3572
3914366460,1209
3914367188,1174
3914370408,3566
3914371087,1281
3914377162,2139
3914381592,2149
3914386506,3306
3914387080,2089
3914506992,2673
3914509764,1402
3914515560,3471
3914531836,4076
3914534020,4186
3914538815,2536
3914546606,3854
3914552150,1662
3914554166,2470
3914555902,1998
3914564206,9638
3914564304,17728
3914565522,961
3914569092,2846
3914578554,2583
3914579170,3543
3914579828,1818
3914581606,5182
3914700324,1403
3914706432,1756
3914707006,1408
3914716154,4040
3914724346,1702
3914728014,9072
3914732256,576
3914736400,2703
3914738066,1517
3914743316,1937
3914745052,2613
3914763394,1137
3914765942,745
3914771024,1700
3914771355,1278
3914776632,1535
3914776778,17818
3914779674,1830
3914916168,20133
3914919834,2847
3914922050,3381
3914928434,3475
3914931850,987
3914938080,2349
3914944884,2597
3914946172,3364
3914958660,831
3914962064,1255
3914969960,2048
3914977854,1239
3914979464,2031
3914981620,1392
3915101420,21473
3915106180,5508
3915112000,69755
3915112014,12357
3915138094,43306
3915141314,30348
3915142168,13547
3915143022,4927
3915145094,9602
3915147936,4257
3915148244,32338
3915155944,9318
3915158926,5481
3915159850,5689
3915162078,28233
3915162694,3828
3915162988,53423
3915170436,3566
3915175208,6507
3915177910,5814
3915181634,4436
3915301000,189247
3915303828,24844
3915304248,9993
3915307776,1382
3915307790,1381
3915316182,1216
3915318658,18349
3915319036,10194
3915319778,50909
3915326166,7711
3915331860,27393
3915336651,23039
3915341454,2914
3915345976,12152
3915351058,2789
3915353312,5000
3915354562,13843
3915356448,3543
3915356490,5585
3915357260,11524
3915366152,5387
3915366544,6414
3915369428,10815
3915372494,2515
3915374130,14122
3915374944,34240
3915376106,18098
3915378050,19410
3915378064,3855
3915504444,5888
3915507160,1452
3915508056,2276
3915508938,2693
3915509190,8404
3915513470,9344
3915518812,7080
3915526684,2950
3915528098,2359
3915532046,718
3915532732,945
3915534230,2000
3915536554,18993
3915536596,12891
3915539298,1942
3915540502,1662
3915543344,21409
3915544912,3332
3915545934,3136
3915548678,2039
3915549210,3411
3915555636,8585
3915558674,235
3915573397,3730
3915579856,1324
3915580052,4056
3915580892,38912
3915580906,4669
3915582446,24494
3915588000,0
3915702918,1175
3915709988,2198
3915715574,2242
3915722456,13053
3915722470,4380
3915726082,1831
3915728462,4795
3915731066,5132
3915738836,603
3915742182,5855
3915750232,9682
3915755216,17520
3915759304,4704
3915762092,299
3915769106,966
3915769974,1166
3915770443,2923
3915775217,4425
3915778568,1358
3915780920,827
3915781060,2759
3915781648,712
3915782292,2780
3915787094,1000
3915901336,2597
3915915112,3760
3915920170,2586
3915922484,2546
3915938108,959
3915939046,10270
3915942490,2096
3915943358,2232
3915950288,1704
3915959864,29129
3915976194,1503
3915978582,1538
3915981242,4348
3915981662,802
3915987122,1254
3916134034,1284
3916135756,723
3916138122,438
3916138990,733
3916143372,1298
3916163408,10899
3916166978,3324
3916177756,2011
3916178596,786
3916181676,5096
3916185750,1431
3916187136,803
3916309526,446
3916316210,1618
3916323100,652
3916324892,3222
3916334048,625
3916338136,1248
3916340880,681
3916346620,562
3916366768,1514
3916375854,859
3916380192,608
3916385204,595
3916515700,37399
3916521238,42241
3916528490,32364
3916533068,31938
3916533474,5132
3916542364,21501
3916545108,995
3916548188,35509
3916548216,1356
3916569988,5423
3916577868,17832
3916578610,6437
3916581690,2874
3916582306,9007
3916700338,1271
3916703072,356
3916703898,2549
3916705424,6654
3916705438,3862
3916721098,1439
3916722918,2535
3916726096,983
3916726810,973
3916731276,1282
3916737268,159
3916742196,1042
3916743386,168
3916745360,471
3916747628,13203
3916747642,4223
3916753452,4316
3916755356,2171
3916759626,996
3916770002,1035
3916780934,3889
3916781774,3516
3916781844,1224
3916782838,661
3916904276,4761
3916911276,5114
3916914044,3031
3916914240,9816
3916916224,3173
3916918322,4464
3916924136,6955
3916928504,4235
3916931878,12264
3916950666,2953
3916957260,0
3916959556,3487
3916962995,3070
3916967356,6015
3916970198,4500
3916975231,7158
3916982320,4008
3916986548,26971
3916986562,4613
3917108140,2581
3917108630,1536
3917109792,8631
3917113008,2914
3917127530,1575
3917138864,1818
3917146634,917
3917150302,621
3917151772,3905
3917157162,1594
3917162834,1024
3917164920,2585
3917169638,2622
3917174131,3009
3917175819,1387
3917307020,2519
3917307972,29983
3917313015,1001
3917328014,910
3917328756,2650
3917331220,1593
3917334986,4094
3917338164,833
3917341328,11245
3917343400,1751
3917349812,5638
3917350680,1000
3917351744,4189
3917357190,5193
3917362106,1554
3917362148,25181
3917362162,13678
3917363002,974
3917364122,1776
3917368686,6323
3917377630,4117
3917381704,2222
3917382544,1202
3917383986,2438
3917502190,1182
3917519190,7505
3917519246,4567
3917524360,877
3917538178,404
3917548006,392
3917550106,855
3917562904,946
3917566782,1117
3917566992,468
3917570016,660
3917575987,1222
3917578141,1403
4000193250,8466
4000193263,3826
4000193588,2513
4000193796,4770
4000390429,734
4000390546,2045
4000391313,2229
4000392015,688
4000590481,8371
4000592028,2084
4000593666,3924
4000792041,2384
4000792860,2644
4000990455,575
4000991014,14459
4000991066,1403
4000992756,5711
4001190416,1360
4001191170,1620
4001192392,1716
4001193575,3874
4001390624,5815
4001390793,35462
4001390819,1221
4001392054,3282
4001392873,1533
4001392938,940
4001590117,8657
4001590143,1888
4001590247,7692
4001590442,2911
4001590728,2354
4001591131,1197
4001591456,1748
4001790832,135302
4001791040,31375
4001793523,889
4001793679,1419
4001990156,38205
4001990169,2919
4001991274,2677
4001991287,1294
4001993861,3460
4002190845,5791
4002191443,6407
4002192080,5495
4002192899,5978
4002193289,24271
4002391144,2756
4002391430,8602
4002393692,2939
4002590286,1616
4002591560,602
4002790858,23050
4002791677,2411
4002791976,7600
4002791989,121068
4002792093,145918
4002990871,3668
4002993705,1652
4003191136,11468
4003191651,65909
4003192119,8485
4003192249,6221
4003192951,18250
4003193133,11492
4003393146,948
4003393315,1252
4003393536,3285
4003592106,2916
4003593471,8976
4003593484,2410
4003790338,6681
4003790351,2647
4003790767,2787
4003791534,3878
4003791573,12770
4003792743,40669
4003792808,3398
4003990390,911
4003990611,10614
4003990715,761
4003993328,1635
4003993614,14338
4004190637,5576
4004191209,21478
4004191495,9287
4004191508,4938
4004392769,1510
4004393308,1226
4004393458,1624
4004592132,961
4004592262,1533
4004593003,1189
4004791053,55231
4004792184,3632
4004793016,3283
4004991027,3104
4004991690,4754
4004991807,1942
4004992483,13172
4004993276,2888
4005190046,3457
4005190104,8214
4005190572,20444
4005191859,2536
4005192704,3440
4005193393,18515
4005391625,693
4005391820,1411
4005393159,1399
4005393510,628
4005591196,1871
4005591768,3353
4005592275,265
4005791183,318
4005791391,2088
4005990377,1532
4005991638,1671
4006191547,1861
4006191755,2503
4006193224,4138
4006193718,3181
4006391378,8410
4006393029,2384
4006393822,2595
4006590065,20547
4006590078,295
4006590884,2204
4006593731,1632
4006792665,1435
4006793042,1415
4006793601,2530
4006990897,2972
4006993354,4727
4006993744,2579
4007190260,7099
4007190325,679
4007191521,1067
4007191950,3427
4007192561,27569
4007193367,3784
4007391326,4583
4007391586,7797
4007392379,3050
4007591365,4012
4007591716,843
4007591898,1308
4007592691,465
4007592847,1755
4007792652,2101
4007793055,2386
4007793848,5031
4007990182,2101
4007990403,3666
4007991300,8585
4007992470,5753
4007992548,4800
4007992587,9350
4007993068,548
4007993211,7092
4007993302,2181
4007993874,4977
4008190507,8351
4008191833,8199
4008192145,4219
4008192288,4114
4008192600,4284
4008193653,5052
4008390689,3175
4008390910,4645
4008391222,42694
4008392197,1424
4008590923,8018
4008593757,2243
4008790929,1121
4008791946,23325
4008792626,20827
4008990364,10861
4008991469,9605
4008992203,2329
4008992956,2370
4008993419,4290
4008993900,1408
4009190520,10942
4009191079,5641
4009191248,924
4009191352,1893
4009390936,3023
4009391105,4605
4009592210,8707
4009593081,7085
4009790026,6005
4009790949,6834
4009791703,6441
4009792613,20324
4009990962,8453
4009993770,5300
4010190312,797
4010191261,3487
4010191924,52858
4010191937,3808
4010192574,2204
4010193562,2266
4010193627,1024
4010390234,795
4010390975,3398
4010392522,6704
4010591664,1397
4010591942,838
4010592353,5318
4010592912,1882
4010790299,1683
4010792405,5806
4010792457,1780
4010793640,2009
4010992420,24877
4010992422,175600
4010992424,156797
4010992426,448925
4011190221,6904
4011191339,9906
4011191885,4245
4011192431,15844
4011390195,3197
4011391092,1664
4011391404,5279
4011391742,2569
4011392301,1431
4011392496,6673
4011392964,25184
4011590039,4392
4011591846,18780
4011592633,3736
4011593913,3433
4011790598,11258
4011792509,4537
4011990702,12109
4011993237,68658
4011993926,2205
4012191255,4175
4012191599,1852
4012191729,25852
4012192067,4467
4012192314,2291
4012192639,4924
4012390013,23657
4012392158,4849
4012392327,5198
4012392886,608
4012392977,2530
4012393172,1393
4012591794,1525
4012592821,68822
4012593549,3116
4012790130,5544
4012791118,2597
4012792223,2649
4012990559,1957
4012990988,845
4012993094,557
4013190468,29668
4013190533,4906
4013190585,48741
4013191482,6980
4013192444,8315
4013391612,2451
4013392782,11873
4013392795,2210
4013393835,6960
4013591911,10479
4013592678,9737
4013592717,8928
4013592730,3866
4013593445,6850
4013790650,4981
4013790780,28738
4013791781,7890
4013793432,1942
4013991235,15346
4013991417,3677
4013993783,1751
4014190741,352
4014191001,1273
4014191157,4339
4014193341,946
4014392236,17179
4014393107,28043
4014393380,635572
4014590676,66741
4014593120,3180
4014593497,16688
4014790208,45236
4014790663,2223
4014792366,5867
4014990494,3048
4014992171,1247
4014992340,4010
4014992990,336
4014993185,2174
4015190091,6673
4015193198,1525
4015193809,398
4015391872,2740
4015393887,17418
4100190204,10849
4100190969,810
4100191258,1502
4100191326,757
4100191377,786
4100193555,2136
4100390680,72616
4100392142,11075
4100392176,4675
4100393009,4615
4100393077,3322
4100590272,7509
4100590442,19827
4100590595,5228
4100591088,17472
4100591955,14287
4100592023,10408
4100592040,5333
4100592261,280103
4100592618,6112
4100592788,23379
4100593536,27619
4100593587,6698
4100790153,29330
4100791445,1223
4100791598,1950
4100792839,8860
4100990544,6672
4100991190,2451
4100992601,4465
4100992703,25158
4100992805,10915
4100993332,3832
4101190221,6633
4101190629,31816
4101190646,7868
4101191003,5929
4101192074,5294
4101192159,6136
4101192567,1151
4101390765,5092
4101392550,3219
4101392592,17966
4101590051,253
4101590357,9964
4101591207,5473
4101591275,4754
4101592533,2937
4101790306,116655
4101792635,47311
4101792958,33156
4101793247,9212
4101991054,2772
4101991547,4093
4101991853,5748
4101992057,14075
4101992244,5798
4101992652,6003
4101992686,41272
4101993060,4076
4101993153,17551
4101993179,10684
4102190102,929
4102190612,1042
4102391462,4758
4102391683,920
4102392584,1086
4102392856,445
4102590391,5465
4102590901,526
4102590918,1508
4102790476,1378
4102790850,1099
4102791343,13668
4102792380,5333
4102792431,2427
4102990119,31851
4102990408,2618
4102990952,11155
4102991836,142374
4102992278,7591
4102992771,4992
4102992873,7596
4102993026,2345
4102993094,12123
4103190136,1204
4103190782,9841
4103191224,771
4103191751,10795
4103193383,2592
4103390493,8729
4103391241,64607
4103392295,6988
4103393485,5185
4103393519,2670
4103590527,4288
4103590731,3294
4103591564,3033
4103591581,52249
4103591651,1629
4103591785,1803
4103591870,2219
4103593594,1732
4103791632,5582
4103792924,1880
4103793145,580
4103793417,225
4103990187,13008
4103990578,2644
4103990697,19843
4103990748,9790
4103990943,2611
4103991105,278602
4103991147,14220
4103991513,13975
4103991700,5537
4103991719,4892
4103991802,5127
4103991889,2190
4103992346,4638
4103992482,5514
4103993300,1616
4104190884,4965
4104191020,948
4104191674,13624
4104192133,13779
4104192907,2958
4104193230,5279
4104193349,9411
4104390068,57856
4104390374,4373
4104390986,2386
4104391292,7769
4104391666,30357
4104391904,6764
4104392822,6544
4104393162,14657
4104590017,1248
4104590340,3811
4104590833,1658
4104591479,591
4104591530,144
4104591768,783
4104592329,3888
4104592397,14304
4104592414,987
4104593315,4252
4104593442,288
4104790994,2214
4104791360,10795
4104791428,13066
4104792006,4871
4104792720,1349
4104792737,249763
4104792941,15977
4104793128,16383
4104793570,34826
4104990323,9311
4104991309,2067
4104991411,922
4105190663,3876
4105191249,151360
4105192518,499141
4105192520,144199
4105192975,2901
4105390799,23272
4105391122,3600
4105391972,24483
4105392754,35231
4105393502,3076
4105591989,966
4105593434,972
4105790238,5469
4105790255,3000
4105792091,3938
4105792108,2983
4105793213,12106
4105990170,2112
4105991334,39858
4105991929,10975
4105992448,19647
4105992465,2038
4105993264,1679
4105993270,2840
4105993451,791
4106190714,2510
4106191037,3091
4106191615,16950
4106193111,160
4106193281,3433
4106391071,3544
4106391139,139
4106391394,236
4106391496,1861
4106393366,1773
4106590085,410
4106590935,4012
4106593196,21767
4106593400,363
4106790289,446028
4106790510,5821
4106790561,8764
4106791156,45804
4106792210,5890
4106792678,91640
4106991173,701
4106991938,784
4107190459,8784
4107190816,9135
4107191734,37028
4107192125,41738
4107192890,12049
4200100116,940
4200102928,841
4200105536,631
4200105880,2619
4200106296,1070
4200107560,2232
4200110456,2587
4200111472,3992
4200115632,7964
4200117640,7116
4200120792,1523
4200124560,569
4200127320,4722
4200127704,1055
4200128936,2879
4200128960,8254
4200132144,2749
4200132200,2397
4200134424,852
4200136424,2309
4200141672,2670
4200143056,1204
4200143944,4850
4200146376,3114
4200148608,3751
4200151640,3830
4200151776,4709
4200153920,1675
4200157472,5985
4200163616,5873
4200174680,4892
4200178160,2294
4200178264,3102
4200187136,865
4200300724,1747
4200303320,2843
4200303608,4674
4200303928,21057
4200303932,1987
4200305216,1468
4200305312,8128
4200305504,1919
4200305520,304
4200306064,32881
4200307000,1439
4200307976,3167
4200307992,2039
4200308008,1629
4200308064,1194
4200308416,9866
4200308624,4686
4200311336,7978
4200311680,8209
4200312496,768
4200313392,1661
4200313608,3087
4200313704,6044
4200315216,8972
4200316144,5417
4200316848,5961
4200317048,2141
4200319576,8063
4200319856,1643
4200320432,5149
4200321024,1389
4200321444,2002
4200321712,2121
4200322520,3077
4200322576,1587
4200322992,1371
4200323000,12690
4200323616,2465
4200324160,3364
4200325400,2197
4200325904,6698
4200326592,6286
4200326896,3009
4200327120,5246
4200327552,15235
4200327608,1040
4200329432,4368
4200329592,199
4200329732,585
4200331256,4833
4200332328,18185
4200332624,3075
4200332832,9949
4200333312,99
4200333592,1234
4200335424,2874
4200336808,7309
4200337000,3299
4200337955,12317
4200339312,8549
4200339624,704
4200342368,1530
4200342392,1096
4200343064,2320
4200343408,922
4200345900,29100
4200346072,437
4200346256,17380
4200346264,5786
4200347696,10226
4200349920,3299
4200350528,28295
4200350784,26902
4200351696,33370
4200351744,3319
4200352320,10548
4200353136,1085
4200354816,4219
4200355016,16107
4200355488,9845
4200355840,1489
4200356088,6702
4200356384,9109
4200356392,7228
4200359032,40242
4200359152,655
4200360272,15224
4200360712,3032
4200361000,304759
4200361328,8399
4200361536,26723
4200362320,3620
4200363408,1793
4200364240,3180
4200364528,11844
4200365352,15534
4200366264,32939
4200366320,534
4200368388,17270
4200369376,3823
4200369400,690
4200369416,672
4200369584,27538
4200369776,3119
4200372160,18460
4200372400,13706
4200372568,312
4200372960,3319
4200372968,1436
4200374648,6294
4200375816,8418
4200376104,4249
4200376560,464
4200377272,29
4200377912,5007
4200379274,20863
4200380032,2524
4200380040,1533
4200380600,563
4200382800,12228
4200382848,344
4200383200,1905
4200383512,19190
4200384144,6533
4200384440,1140
4200384512,14811
4200384704,7468
4200385184,6212
4200385188,14027
4200385496,1761
4200502720,1488
4200502752,385
4200503480,160
4200505992,1058
4200507416,868
4200508152,757
4200510344,482
4200510680,290
4200516728,2692
4200518400,521
4200521160,3776
4200522832,310
4200526512,2813
4200526520,409
4200527784,1708
4200529184,2243
4200535936,97
4200539968,4564
4200540040,3902
4200540056,2104
4200542280,1985
4200546456,991
4200546632,1233
4200546976,4116
4200547064,402
4200554728,1156
4200554856,2661
4200557976,634
4200558160,2747
4200559440,292
4200560280,296
4200561576,2068
4200563560,1608
4200563712,851
4200566720,1019
4200571968,1015
4200571976,382
4200572000,2681
4200574992,1456
4200579528,634
4200581176,703
4200581720,1508
4200583024,1774
4200583248,1284
4200586560,499
4200700820,9079
4200702288,6890
4200703736,3843
4200704688,4374
4200704792,8850
4200706240,1843
4200708632,789
4200708680,8770
4200712016,11691
4200713488,8005
4200715872,2195
4200718192,299
4200718200,1843
4200718264,3033
4200721752,585
4200721968,151
4200722264,9005
4200723304,621
4200725152,271
4200727312,101
4200727336,3843
4200727712,1488
4200728824,341
4200729392,88
4200730920,2060
4200732392,3313
4200732680,3149
4200735488,75
4200735576,80
4200735640,13371
4200736776,2117
4200736944,1618
4200740400,759
4200747432,697
4200749184,2293
4200750320,5519
4200753288,5567
4200753592,320
4200754072,7069
4200755400,5456
4200756432,3324
4200758375,3083
4200758384,711
4200762352,519
4200762888,1315
4200763224,2755
4200765392,3422
4200765400,2740
4200770376,159
4200771952,2648
4200772216,408
4200779856,1309
4200783472,1332
4200784444,1138
4200904944,2851
4200904952,5098
4200907024,967
4200908880,1541
4200914584,58
4200915032,1047
4200917664,1372
4200921736,1647
4200921788,2896
4200924304,2052
4200932840,977
4200935648,162
4200935656,1953
4200936640,850
4200938576,776
4200939658,1413
4200939720,1183
4200943072,1228
4200943416,317
4200944448,1646
4200946928,527
4200946944,315
4200950424,1299
4200952648,2107
4200953928,225
4200958492,385
4200961496,128
4200963312,138
4200967256,101
4200968072,791
4200968152,342
4200971544,1904
4200971888,792
4200972656,2193
4200983920,3066
4200983972,1535
4200986128,346
4200986136,1285
4201100364,16
4201100588,1743
4201102120,3863
4201102328,13440
4201103984,1161
4201104896,914
4201105816,6705
4201105848,802
4201106008,4092
4201106504,5116
4201107960,4287
4201108344,4624
4201110696,4338
4201112104,342
4201112344,4192
4201114984,5136
4201117720,15702
4201119312,1399
4201119664,3744
4201120680,3130
4201124384,25608
4201126280,4064
4201131352,3434
4201132120,4456
4201133600,1778
4201134016,3048
4201137824,2348
4201139256,3009
4201140656,4180
4201141768,4284
4201142352,2166
4201142688,197
4201144584,5613
4201144840,4843
4201144928,6507
4201145752,466
4201146680,9208
4201147440,1741
4201148128,7884
4201150272,2922
4201151760,3244
4201152200,22127
4201153916,75
4201155088,1081
4201156672,3849
4201156856,2830
4201158784,2021
4201159448,2485
4201160176,1568
4201163624,95242
4201164592,3665
4201165320,7642
4201165336,2261
4201165544,3662
4201166728,4015
4201167304,1851
4201170248,5492
4201170464,1394
4201170880,4281
4201172208,7795
4201172824,28601
4201176712,3631
4201177104,2215
4201177752,3562
4201178280,3952
4201178752,1909
4201179328,1609
4201181184,4512
4201182296,2786
4201183928,4562
4201185720,2518
4201186056,2904
4201186880,11172
4201300852,6597
4201302184,43196
4201302680,6412
4201305384,1691
4201306872,4726
4201311760,625
4201320248,1147
4201327600,7395
4201327720,2968
4201331000,3736
4201335224,5558
4201336496,1362
4201338592,926
4201344328,12318
4201347872,1741
4201354024,157
4201355592,2490
4201365256,2335
4201371624,3316
4201376160,2452
4201377808,99
4201378168,5377
4201378176,1937
4201385272,1073
4201386144,1643
4201500572,123
4201500596,983
4201503056,141
4201503360,911
4201503392,3243
4201503400,5161
4201510240,188
4201510248,536
4201511160,1531
4201511168,2145
4201515376,968
4201527344,763
4201530464,942
4201534088,668
4201542824,293
4201542856,642
4201543792,1304
4201550432,621
4201550440,1037
4201553152,358
4201555448,983
4201557176,1188
4201557448,253
4201560184,695
4201564696,2254
4201565944,547
4201565952,1010
4201568096,5431
4201570208,1256
4201571312,1467
4201572096,933
4201572592,1069
4201573008,1303
4201573632,771
4201574032,490
4201575944,237
4201576408,760
4201577168,2791
4201577176,1109
4201577584,1408
4201577592,1567
4201577936,1052
4201578232,1051
4201580984,903
4201582144,952
4201582656,662
4201585544,1086
4201585672,768
4201586656,653
4201586664,1254
4201586912,1397
4201704976,7518
4201705616,62818
4201708592,1235
4201708760,9902
4201708768,54173
4201709816,20852
4201712504,4346
4201719784,8341
4201719792,18008
4201720104,2164
4201720480,1047
4201721760,5817
4201725112,34552
4201733224,2136
4201734952,16749
4201736192,925
4201737304,914
4201741392,1657
4201741416,1543
4201744968,33485
4201745112,20555
4201749120,45861
4201749384,10231
4201751144,9752
4201753296,2821
4201753304,12319
4201753712,2622
4201754184,2224
4201754192,19828
4201754576,3368
4201754688,39920
4201758936,2513
4201759384,9216
4201761616,14154
4201763048,9319
4201764536,14087
4201764584,1209
4201764856,860
4201769248,4542
4201770744,1288
4201771752,8685
4201773016,5193
4201776304,2082
4201776784,3827
4201777704,772
4201777744,2358
4201779128,8855
4201779296,15209
4201780952,33470
4201781048,25972
4201781144,14829
4201783960,5446
4201786624,3283
4201786920,2609
4201900300,15282
4201900860,505
4201908096,1092
4201909528,354
4201910000,8070
4201910464,13212
4201910472,16988
4201910800,458
4201912024,7818
4201912992,987
4201913152,60
4201913440,876
4201913936,2243
4201914048,2649
4201914320,2878
4201915480,1373
4201915808,687
4201915816,4184
4201916920,34094
4201919456,1596
4201920904,916
4201922128,272
4201924248,2074
4201924832,179
4201924840,1921
4201926904,3304
4201927352,2590
4201932688,1232
4201932896,901
4201937344,5521
4201937848,5126
4201938768,194
4201941208,3207
4201947448,1033
4201947672,1285
4201948688,1201
4201949056,7236
4201952176,2025
4201955992,2739
4201957984,534
4201958792,4923
4201959672,186
4201962224,196
4201962752,1157
4201968056,1202
4201969309,2884
4201971184,3495
4201971192,8059
4201975184,4422
4201979504,550
4201979904,937
4201981192,1368
4201983376,327
4201984064,197
4201985784,3325
4201986536,1303
4201987272,3827
4202100308,5691
4202100868,2765
4202103296,161
4202104272,1992
4202106736,1708
4202109400,674
4202110880,5763
4202111456,914
4202111616,101
4202113192,506
4202113384,99
4202114056,1696
4202115552,1956
4202117136,1475
4202117144,2802
4202117496,2343
4202117976,277
4202118000,1281
4202118432,298
4202120952,1373
4202120992,1006
4202121896,2158
4202122144,3321
4202122712,165
4202122808,954
4202125680,1517
4202127360,265
4202128328,1435
4202128336,1397
4202128720,2507
4202133080,880
4202137352,4173
4202138288,18087
4202143248,792
4202144664,594
4202144704,1420
4202145160,2207
4202149104,793
4202152360,698
4202152616,2598
4202155000,3494
4202158432,1809
4202162048,2495
4202162056,3393
4202163608,1612
4202164544,12082
4202167920,682
4202168104,791
4202172168,749
4202172344,2059
4202174432,2705
4202175136,523
4202175144,1715
4202175520,1874
4202177808,179
4202179360,5081
4202180288,390
4202181200,980
4202182688,1272
4202183584,4855
4202184080,706
4202184448,856
4202185528,394
4202319976,45
4202323600,1975
4202329008,117
4202331632,82
4202345432,170
4202362064,131
4202370336,1907
4202504048,1040
4202504816,730
4202507880,968
4202521664,2778
4202521816,457
4202527368,4396
4202538200,4540
4202539608,1862
4202541464,4156
4202541888,380
4202542400,330
4202542472,5268
4202545128,3076
4202546640,4296
4202553088,3344
4202557504,829
4202557696,5622
4202558304,445
4202558968,10157
4202575248,3137
4202577160,4514
4202581856,2551
4202582080,506
4202705256,6009
4202705608,8876
4202707424,2713
4202710272,407
4202712376,1547
4202715136,10540
4202717800,507
4202725624,19079
4202731472,2142
4202731960,1892
4202731992,2823
4202732792,5947
4202735960,653
4202735968,766
4202736504,1516
4202743080,1875
4202747456,1199
4202749360,1688
4202749368,1105
4202749768,777
4202758440,15791
4202758800,1082
4202760008,2748
4202762280,552
4202762360,3581
4202766736,3637
4202771600,702
4202771608,1694
4202772832,8053
4202773808,41050
4202776168,812
4202778288,1300
4202778616,238
4202780552,4672
4202786544,603
4202903384,1272
4202903656,1084
4202906544,4098
4202910824,14742
4202912744,6320
4202914712,13353
4202919752,8255
4202920824,10753
4202920864,10148
4202920920,5608
4202921008,7209
4202921104,7824
4202921192,18441
4202921480,7714
4202921576,1715
4202921624,9068
4202921696,8519
4202921928,11067
4202922000,7608
4202922056,14774
4202923032,1762
4202923440,1458
4202927376,4448
4202934448,1316
4202935528,1941
4202935536,8401
4202939344,8968
4202939352,6243
4202944440,3201
4202944456,2566
4202944480,8980
4202945040,5660
4202946792,3435
4202950232,442
4202953608,11449
4202953784,1240
4202953816,5844
4202954936,8442
4202957480,5825
4202958032,3937
4202958808,5744
4202959136,3887
4202960120,19452
4202961800,4469
4202967080,4371
4202968288,8864
4202972072,1928
4202972088,2808
4202972920,3657
4202976568,3179
4202977344,31922
4202979208,2586
4202979352,13010
4202979480,19394
4202979544,8002
4202980616,3768
4202981160,2613
4202982544,14681
4202982576,7669
4202982664,8980
4202982704,20666
4202982936,2625
4202983080,23553
4202983104,2798
4202983464,777
4202983664,2103
4202983712,2823
4202983832,4038
4202983968,2633
4202984104,11254
4202984160,6841
4202984192,20249
4202985352,11366
4203103248,915
4203104696,1491
4203108112,73
4203110792,117
4203113800,4192
4203113808,3602
4203120840,1041
4203123040,1522
4203123568,5
4203125272,1792
4203127112,277
4203133216,501
4203134456,526
4203140272,1082
4203140288,1102
4203143192,581
4203143344,1962
4203146464,972
4203149536,416
4203150464,1314
4203153248,957
4203157536,1807
4203159456,950
4203160648,392
4203162144,1366
4203163728,974
4203164552,420
4203164904,1100
4203167384,267
4203167432,921
4203170368,520
4203171176,731
4203174728,598
4203176928,1079
4203181208,1614
4203304888,1672
4203305192,544
4203306288,1022
4203307008,512
4203307432,1750
4203308032,2820
4203308120,1931
4203308744,326
4203310280,161
4203310288,1144
4203313200,503
4203313240,788
4203314064,5873
4203314656,354
4203316040,2564
4203316656,388
4203317840,2472
4203318456,3743
4203320136,7402
4203325136,72
4203325632,652
4203329224,526
4203329632,204
4203330152,401
4203330272,1568
4203330280,429
4203331376,406
4203331752,1022
4203335928,857
4203336512,1475
4203337192,451
4203338432,529
4203338784,762
4203340296,639
4203341952,7395
4203346568,308
4203351056,2750
4203353336,63
4203354344,42
4203357232,1325
4203358816,1130
4203360192,1911
4203360288,102
4203363360,389
4203367792,11710
4203377568,201
4203378296,774
4203380640,293
4203383736,323
4203386440,3957
4203502032,271
4203503632,1171
4203503912,2237
4203504984,678
4203504992,900
4203511640,1211
4203512640,1058
4203514960,153
4203516976,835
4203520408,1021
4203521328,15
4203526296,1322
4203528296,516
4203530928,2182
4203531680,28
4203541112,2628
4203542544,176
4203544128,8447
4203544336,754
4203544400,391
4203549760,1364
4203555744,391
4203560360,3416
4203562152,1478
4203564200,1045
4203572448,409
4203581728,1253
4203583240,26
4203586448,2422
4203703264,0
4203704704,1001
4203705680,485
4203705688,1344
4203705888,10317
4203707128,13024
4203708472,828
4203708480,3000
4203711736,1536
4203711744,891
4203712312,1
4203714184,1185
4203715880,815
4203726056,1361
4203727384,524
4203731392,1846
4203733760,2396
4203737360,655
4203744208,1304
4203746472,1783
4203746688,1410
4203749256,2149
4203749944,943
4203750704,1129
4203751792,1605
4203754880,1866
4203756896,1097
4203756912,421
4203760304,850
4203765240,683
4203768392,5583
4203772040,1968
4203774184,169
4203775048,1193
4203903408,676
4203904720,782
4203907032,1739
4203907120,390
4203910904,1487
4203910912,2408
4203912184,222
4203914800,1084
4203915728,1000
4203915744,526
4203915760,748
4203917848,1550
4203921096,880
4203921112,1457
4203921504,1429
4203924568,1068
4203931400,1361
4203933256,2747
4203936616,505
4203943656,1132
4203948360,12577
4203955408,1346
4203956464,1715
4203960312,451
4203963400,1789
4203964600,1285
4203965440,1198
4203965960,1935
4203967088,2716
4203967120,828
4203972472,2042
4203972688,2070
4203972704,378
4203972840,1300
4203972872,425
4203974016,853
4203975160,1245
4203975200,1499
4203976904,5189
4203977232,340
4203977616,888
4203978304,818
4203979912,199
4203979920,915
4203980000,5269
4203981736,1313
4203982944,701
4203983480,4974
4203984008,404
4203986160,131
4203986168,2732
4204111000,8169
4204111272,21852
4204115920,181
4204119144,5388
4204121680,21162
4204132296,34222
4204135672,2537
4204142648,4742
4204144832,20577
4204144904,1752
4204144984,1840
4204148376,9720
4204149072,7189
4204150472,6524
4204151592,2373
4204153344,444
4204153464,7580
4204154320,1283
4204155216,12441
4204155248,2581
4204158824,2917
4204170352,4392
4204170360,4303
4204170384,1777
4204170792,20661
4204171904,7938
4204172336,16754
4204172384,1204
4204178736,23801
4204179032,1954
4204179152,1328
4204183800,5660
4204186528,3077
4204305856,301
4204315640,2999
4204318272,1075
4204318936,24977
4204321208,6029
4204323024,1350
4204330600,745
4204332032,515
4204332040,3351
4204332800,50287
4204334664,2732
4204336232,4527
4204337368,1712
4204337864,484
4204344464,4906
4204345056,54657
4204345120,9796
4204345592,1878
4204345600,1684
4204349040,5088
4204349128,9632
4204349264,857
4204349680,2531
4204358504,1662
4204358712,3266
4204360264,264
4204363928,195
4204366560,941
4204366744,290
4204372200,7289
4204373888,6296
4204375528,27245
4204375672,27953
4204379216,4026
4204381216,2137
4204381744,1294
4204383128,11049
4204384976,1050
4204385232,1178
4204385320,1345
4204500676,4259
4204503336,16738
4204506024,9669
4204509080,8331
4204512442,3966
4204513208,33619
4204513212,4066
4204513232,2948
4204514264,6832
4204515232,8897
4204515432,2325
4204515488,18288
4204518152,10687
4204518160,9191
4204521384,2712
4204522296,2562
4204522584,4476
4204526408,6772
4204529720,7220
4204533144,50874
4204541440,11122
4204544888,3386
4204547344,2102
4204547616,24216
4204548480,5870
4204549136,16732
4204549504,1467
4204551176,2773
4204553104,14426
4204554224,15260
4204555664,5934
4204558176,2321
4204562792,6417
4204563264,33718
4204564800,30923
4204564832,7261
4204566192,1225
4204566928,935
4204569752,6002
4204573032,25038
4204575648,6550
4204576576,6927
4204576792,3980
4204577288,1733
4204578712,3057
4204578776,16895
4204579000,85486
4204579248,10853
4204586968,12181
4204705576,127
4204727088,3541
4204734464,339
4204735816,1458
4204737760,2039
4204738248,2424
4204738368,1430
4204749888,100
4204764784,3969
4204764792,2359
4204767344,12529
4204772928,191
4204900000,0
4204900628,1277
4204902336,976
4204915504,1046
4204915736,4072
4204916296,6116
4204916960,750
4204922608,5440
4204922960,181
4204923088,1587
4204924000,93850
4204924864,11247
4204927392,1653
4204929232,2962
4204929240,4828
4204930936,4456
4204931008,2051
4204932520,16671
4204940960,2895
4204941984,3775
4204942208,1775
4204946216,437
4204946224,4382
4204949548,53472
4204949936,334
4204954952,4054
4204954960,6484
4204961168,591
4204973048,3049
4204975208,7314
4204978312,1542
4204978448,2887
4204979928,2292
4204981224,4380
4204981456,1301
4204981472,3893
4204981648,341
4204981760,1512
4204982344,3179
4205105288,923
4205109432,2412
4205109434,539
4205110152,6600
4205115776,6849
4205115784,2091
4205118360,388
4205120216,999
4205120224,6529
4205124336,592
4205124536,1241
4205125456,386
4205127400,2364
4205128792,6213
4205128856,4563
4205133896,1892
4205137872,1937
4205145144,1009
4205145560,5409
4205147560,334
4205148000,3201
4205148616,4048
4205153504,582
4205154392,1417
4205155464,11592
4205156408,17
4205159464,2590
4205159520,1529
4205161864,1178
4205163904,4981
4205167640,2980
4205169336,30
4205171320,1050
4205172080,1807
4205172544,10620
4205173064,2677
4205173240,2664
4205174080,613
4205178528,9742
4205179344,1937
4205179768,353
4205181232,3787
4205184344,3332
4205304224,328
4205330808,531
4205332704,550
4205334240,340
4205335992,209
4205338016,3626
4205339760,207
4205376848,323
4205376864,601
4205502696,16018
4205512536,22319
4205525176,2358
4205530896,4222
4205530944,18532
4205531720,14819
4205532152,11466
4205542888,2491
4205545496,1954
4205548704,1725
4205548888,1663
4205550544,1632
4205550616,5754
4205557112,287
4205559600,4466
4205563200,5312
4205567400,5956
4205570352,1228
4205571912,8576
4205580992,372
4205581240,15182
4205581824,11047
4205703704,2011
4205705144,1403
4205706032,1533
4205709568,628
4205720112,1105
4205743200,1457
4205746000,1009
4205776176,1252
4205776488,952
4205776984,1736
4205778320,972
4205779644,0
4205782152,473
4205900740,542
4205911328,388
4205912032,1155
4205913896,219
4205917648,6225
4205920296,2329
4205927408,6802
4205927800,234
4205929152,236
4205930640,139
4205930952,539
4205931192,285
4205937376,451
4205937880,301
4205937888,2065
4205950400,1255
4205950992,2038
4205951064,556
4205959472,1271
4205964432,515
4205964512,736
4205973248,249
4205981248,991
4205981768,871
4205981832,3811
4205984608,632
4206100756,430
4206104288,509
4206106560,93
4206108128,954
4206108896,391
4206111208,220
4206111600,1049
4206111632,145
4206113944,1075
4206114640,62
4206117280,1244
4206120120,1178
4206120152,191
4206127416,431
4206133808,769
4206135688,495
4206136368,6897
4206137384,829
4206138608,411
4206143424,219
4206144344,730
4206147248,398
4206147544,291
4206149552,319
4206149624,459
4206151080,655
4206151984,2328
4206156808,1136
4206156928,468
4206158832,1073
4206159616,404
4206162160,1771
4206165496,386
4206167632,417
4206169456,68
4206170400,2418
4206170408,101
4206171328,4350
4206173072,594
4206173488,160
4206176312,551
4206176632,404
4206177000,837
4206178328,919
4206180560,2111
4206181104,1613
4206182352,485
4206186080,615
4206303032,103
4206303064,2753
4206304056,1062
4206306752,1144
4206306904,3215
4206309624,1747
4206310104,1604
4206310352,3467
4206311120,1416
4206312040,4364
4206313072,2525
4206313120,215
4206314520,1106
4206315560,2136
4206317024,336
4206321456,951
4206322048,2117
4206324040,366
4206329512,166
4206330416,727
4206330816,3404
4206335408,1778
4206336816,14212
4206347472,436
4206350624,1290
4206355184,1137
4206360320,1495
4206361632,174
4206363584,2769
4206367648,738
4206370040,48
4206371256,41
4206372304,1905
4206381256,1550
4206383416,1451
4206384184,2054
4206384472,15170
4206387160,1870
4206504240,216
4206504728,495
4206505200,2108
4206506344,505
4206508960,2191
4206509224,3946
4206514408,398
4206516304,378
4206522872,1339
4206525136,1148
4206528592,700
4206533448,163
4206533816,1853
4206540304,1016
4206545888,1167
4206556712,942
4206559480,1185
4206560368,1320
4206561920,270
4206562176,318
4206562920,5665
4206564376,2431
4206564960,944
4206566032,1103
4206571632,2297
4206575168,436
4206575888,895
4206576744,185
4206578336,882
4206581120,1441
4206581264,1606
4206585840,2800
4206586568,49
4206587168,1472
4206704560,756
4206718680,1682
4206725440,3310
4206725648,2863
4206731424,594
4206740752,629
4206749272,395
4206749304,914
4206749392,2126
4206750480,1719
4206762304,740
4206773504,818
4206775536,1441
4206776536,515
4206777824,920
4206777952,1169
4206780568,2788
4206902832,7404
4206905696,1589
4206906928,6662
4206911232,8789
4206911240,1092
4206913864,1656
4206913880,5073
4206914256,1302
4206916664,2266
4206918088,1415
4206919160,6023
4206920352,14181
4206923336,881
4206925560,2312
4206929504,1207
4206931016,2514
4206937896,3828
4206938096,2141
4206938160,4495
4206941504,454
4206946480,2401
4206948176,1876
4206950880,5973
4206951208,1798
4206954136,2897
4206954680,944
4206956576,8573
4206956792,5381
4206963432,1297
4206965224,2250
4206968400,4642
4206969000,76033
4206971872,9572
4206972896,2770
4206976184,6265
4206976601,893
4206976648,4081
4206979792,964
4206981668,1962
4206982360,290
4207100364,2007
4207100540,4143
4207104376,3219
4207108352,7644
4207110704,4591
4207113512,998
4207113960,6948
4207115056,3945
4207115384,10278
4207115592,3908
4207115824,3302
4207118888,3771
4207120032,2593
4207120688,7163
4207120984,10949
4207121032,8689
4207121040,3929
4207121072,6773
4207121232,26745
4207121344,17958
4207121688,4591
4207122336,2584
4207123008,3979
4207123016,11925
4207123832,13772
4207123840,10632
4207128168,3215
4207141216,57719
4207141224,18641
4207142080,5669
4207143816,9619
4207143832,4146
4207146888,5027
4207146896,44237
4207146992,21989
4207147424,2886
4207147824,5192
4207149728,8982
4207151656,8344
4207151664,10803
4207152016,3004
4207153696,5780
4207157848,5689
4207158840,10422
4207159360,5918
4207162832,7106
4207163064,2856
4207163440,12149
4207167096,3536
4207167568,11521
4207174712,3109
4207174720,4527
4207176400,1004
4207179080,8939
4207181168,19234
4207182728,7577
4207182816,9058
4207182824,8443
4207183152,17163
4207183256,17391
4207305936,881
4207323280,1127
4207323304,6911
4207323768,458
4207334248,2565
4207343824,1048
4207346648,2670
4207353064,9721
4207353184,1343
4207353368,21579
4207354352,2395
4207354768,3946
4207359488,1686
4207361104,751
4207362904,3059
4207368408,2016
4207370080,7062
4207371200,2894
4207371620,10
4207372376,712
4207376192,1056
4207378368,4926
4207380368,89
4207380880,502
4207381272,654
4207381776,2308
4207385504,2655
4207502600,4915
4207506040,5313
4207514160,1882
4207514944,27
4207516256,4623
4207521224,2664
4207533608,4070
4207537392,9317
4207538400,1893
4207542168,26536
4207549560,4384
4207551568,208
4207552488,3124
4207554720,2078
4207554928,9041
4207555160,12111
4207555176,8956
4207557720,7755
4207564560,1547
4207571928,3454
4207572288,10548
4207572296,8823
4207575680,5059
4207578376,2920
4207582752,2111
4207583312,827
4207700660,2598
4207702000,125976
4207706088,19986
4207711720,6541
4207716056,2495
4207716128,3466
4207723584,11889
4207727008,4834
4207732400,1866
4207733616,3356
4207744952,32727
4207744992,3872
4207745168,2134
4207745656,4278
4207746392,3274
4207755576,15822
4207767576,13677
4207771144,4290
4207772632,21390
4207779104,27850
4207779160,8057
4207779288,17484
4207781280,6595
4207782064,5018
4207784528,29317
4207903272,2602
4207903640,2526
4207904592,2776
4207904599,628
4207906672,1715
4207909760,269
4207910480,9827
4207915888,1526
4207915904,1303
4207916568,678
4207918048,2692
4207918056,9227
4207918868,1081
4207919616,2127
4207920424,2559
4207920512,5084
4207922672,4932
4207924392,5541
4207924400,2604
4207924752,1119
4207924888,4733
4207926880,4252
4207926928,3446
4207927424,1744
4207927744,3837
4207932416,11522
4207933000,2809
4207933376,10263
4207933408,30111
4207935192,1142
4207936152,1506
4207936296,2093
4207936432,2055
4207937400,4408
4207937792,158
4207937984,4401
4207939784,13397
4207939792,7138
4207940848,1459
4207940920,1867
4207941608,4255
4207941848,469
4207942504,3396
4207945568,2723
4207952584,10653
4207952984,1486
4207952992,1178
4207953448,305
4207953960,4464
4207955752,748
4207959054,376
4207961048,7626
4207961056,3216
4207961120,9905
4207961648,5770
4207961656,1697
4207962712,803
4207964424,3701
4207966272,2751
4207967456,4047
4207970224,638
4207971216,1021
4207975064,3961
4207975072,999
4207975832,5048
4207978384,2033
4207981080,466
4207983136,5178
4207983856,4679
4207984272,2662
4207984552,1014
4207985152,44423
4207985160,3198
4207986584,5762
4207986856,3118
4207986952,749
4208102656,885
4208103072,536
4208104424,562
4208108136,516
4208109280,96
4208111560,345
4208114336,3626
4208114872,826
4208117696,238
4208120144,1403
4208122880,1874
4208124592,2826
4208127432,789
4208128352,804
4208133944,2568
4208136160,2274
4208137408,403
4208138128,4121
4208138448,745
4208142944,988
4208143352,1934
4208145224,11491
4208145584,1568
4208146184,98
4208146208,406
4208146352,107
4208149280,1027
4208149568,460
4208150632,1564
4208150720,4706
4208150936,1178
4208152264,2720
4208152280,1071
4208152288,3551
4208154504,565
4208156608,4960
4208158848,774
4208160128,972
4208160136,716
4208160328,293
4208161640,623
4208162184,1521
4208167616,223
4208170552,437
4208172648,6211
4208175544,1113
4208179024,1685
4208181288,1884
4208181576,560
4208185312,27612
4208185984,3095
4208186456,1939
4208302576,679
4208308040,7683
4208308048,4698
4208312408,1002
4208316352,240
4208322888,566
4208322896,1454
4208326936,3956
4208332168,432
4208332232,780
4208338688,3537
4208338912,2690
4208340808,1852
4208342984,570
4208343096,1537
4208351632,674
4208355632,502
4208357312,1328
4208362088,2356
4208369304,68
4208371248,1462
4208384312,1838
4208513832,585
4208515992,1940
4208518536,458
4208518688,2044
4208521336,1899
4208524904,913
4208525360,4199
4208525912,2635
4208527688,314
4208527824,674
4208530968,1032
4208531328,5523
4208531656,7830
4208533784,3678
4208534064,16041
4208537416,1080
4208537496,172
4208537696,683
4208537904,1688
4208540760,2151
4208540928,702
4208543104,1351
4208548696,2006
4208549576,796
4208553768,199
4208554304,482
4208557304,529
4208559496,1246
4208560336,4758
4208563008,3066
4208567472,849
4208567816,762
4208567848,783
4208567856,1170
4208569720,12936
4208569800,4187
4208569936,100
4208570096,3475
4208572440,2608
4208573080,2089
4208574288,785
4208575008,825
4208583496,980
4208583976,3201
4208584376,819
4208585512,1531
4208585992,750
4208586552,733
4208703040,4028
4208708304,1375
4208709288,4150
4208710256,1744
4208718464,2942
4208718944,7238
4208730480,4597
4208738640,528
4208740016,279
4208743000,8479
4208746400,363
4208748664,2062
4208754160,229
4208756720,2041
4208778392,3670
4208781784,2316
4208904320,4038
4208913328,16654
4208915960,20715
4208918736,738
4208921872,9319
4208922904,2544
4208932176,8556
4208937424,6532
4208949080,16010
4208951912,3072
4208957856,2906
4208961728,10860
4208961928,7419
4208962632,3734
4208966280,5488
4208971344,7953
4208974880,19764
4208974888,5894
4208976960,8340
4208977776,6979
4209100156,58664
4209102264,6847
4209108568,5174
4209109696,1143
4209112968,38374
4209115192,5247
4209115848,9282
4209119672,10801
4209121200,3169
4209121600,14106
4209127280,13546
4209131088,511
4209133088,8283
4209133112,3502
4209133120,18937
4209135808,26970
4209138000,4727
4209141432,19011
4209143312,20978
4209144912,4905
4209144920,12219
4209144976,64174
4209145008,14070
4209145072,12557
4209145080,25897
4209145096,16137
4209147592,3547
4209150640,26076
4209152664,4511
4209153664,13448
4209154656,35893
4209155512,3440
4209159120,3994
4209159392,8986
4209161664,18417
4209162416,23476
4209163808,2513
4209165568,2634
4209166576,4945
4209167528,3059
4209168328,1385
4209171016,14520
4209171856,7181
4209173088,21005
4209176304,2747
4209177152,18035
4209177304,4025
4209179008,27122
4209179040,3707
4209179056,17202
4209179064,8609
4209179136,34977
4209179176,26131
4209179240,6064
4209179256,24666
4209179280,3171
4209182736,1536
4209183696,16324
4209183912,3791
4209184624,19966
4209184888,20446
4209186496,10793
4209302664,1435
4209316048,1021
4209318136,4217
4209318952,1294
4209343112,1533
4209343360,1016
4209346656,4533
4209348152,243
4209379552,2058
4209381424,263
4209383144,490
4209500948,5500
4209504032,5163
4209504432,2864
4209506088,57970
4209506096,26237
4209510400,8623
4209512656,175
4209520736,5195
4209520776,1274
4209521648,29739
4209526728,16382
4209527760,2894
4209529568,374
4209532432,11701
4209533744,6118
4209542424,10780
4209545016,2913
4209545024,7107
4209545104,11089
4209550824,9364
4209552808,6043
4209554696,10400
4209554872,3014
4209557672,22424
4209558696,3495
4209561088,6241
4209562264,546
4209566168,1362
4209574232,775
4209576144,1464
4209579184,6415
4209579192,8313
4209580800,2085
4209581296,5164
4209582832,1245
4209585256,6589
4209585592,8183
4209585664,3360
4209714536,9769
4209718696,4280
4209720928,663
4209720976,617
4209734080,366
4209737432,825
4209738456,791
4209740584,2724
4209742952,1966
4209743912,288
4209744856,1262
4209744960,1432
4209746120,314
4209747480,578
4209750016,6534
4209751496,5677
4209751504,2501
4209755456,3866
4209761832,3805
4209763328,4171
4209765112,1806
4209765472,2411
4209766752,1585
4209769600,6853
4209769608,2328
4209771688,311
4209775304,9617
4209777830,1560
4209777832,808
4209778744,2287
4209779112,769
4209781304,798
4209781616,2005
4209782680,557
4209782712,2604
4209787280,1832
4209906824,278
4209907040,1090
4209910008,1151
4209911416,5284
4209912360,2524
4209920240,1391
4209931440,970
4209936000,345
4209937440,533
4209938616,1814
4209941272,261
4209943968,850
4209943976,1183
4209947968,2681
4209949632,993
4209949720,736
4209953320,48
4209953968,1621
4209954968,845
4209956728,1750
4209958856,3136
4209966976,2288
4209968032,2615
4209972624,1305
4209972848,2113
4209976920,488
4209977960,1161
4209978184,1996
4209981640,1570
4209984368,3219
4210160000,1579706
4210307088,5584
4210318704,7629
4210319272,12931
4210330976,3545
4210340776,5253
4210342512,11105
4210348048,2539
4210349400,1198
4210349408,1548
4210357728,3309
4210362192,393
4210370496,2605
4210382928,2982
4210500108,235
4210500836,456
4210503576,606
4210506432,664
4210513760,147
4210516448,2174
4210524184,1051
4210528280,789
4210528760,682
4210532848,1092
4210533512,546
4210533568,346
4210535400,483
4210538920,241
4210557280,121
4210557288,303
4210560200,333
4210561400,116
4210562072,180
4210566416,1077
4210569736,704
4210570304,1076
4210574072,69
4210575224,139
4210575720,827
4210575952,60
4210578240,532
4210578248,615
4210582568,431
4210584360,93
4210703264,2324
4210703488,449
4210704352,860
4210707336,846
4210708200,1907
4210710488,4972
4210711608,1670
4210714600,2514
4210717152,1420
4210718576,656
4210718672,205
4210720880,2187
4210721616,829
4210721952,1783
4210722912,911
4210726944,258
4210727232,3878
4210727248,415
4210729088,687
4210729264,1110
4210730128,959
4210733584,3352
4210736072,891
4210740096,1624
4210741264,208
4210745824,2501
4210746584,3043
4210746592,3507
4210748448,448
4210749048,362
4210750088,4396
4210751488,69
4210753376,469
4210753944,975
4210754016,284
4210755192,4136
4210755472,1208
4210755624,2047
4210757184,3005
4210757752,960
4210760456,2118
4210760464,4049
4210762128,1768
4210762136,271
4210762200,2107
4210762432,13364
4210764088,678
4210765000,745
4210766760,3456
4210766944,2756
4210767224,2754
4210768304,995
4210768312,5253
4210770056,4146
4210772312,2752
4210776032,6924
4210777184,1545
4210777392,1605
4210777400,272
4210778400,1083
4210779120,550
4210780576,1004
4210781312,3134
4210781792,5277
4210782632,3291
4210783408,2885
4210783792,4451
4210900316,934
4210904736,525
4210904848,888
4210912060,2708
4210912672,1754
4210927440,2072
4210927696,814
4210937448,1593
4210945992,984
4210948960,1181
4210949016,1989
4210950488,4170
4210958864,4079
4210959504,2286
4210969216,5593
4210969616,1708
4210972856,1548
4210978408,1358
4210981320,1511
4210982464,1081
4210983808,892
4211100396,233
4211100404,1059
4211100876,786
4211105648,157
4211105776,2481
4211106640,849
4211107712,1153
4211109256,2047
4211110808,21
4211111624,79
4211112296,1105
4211115568,6654
4211115680,577
4211123168,2435
4211124680,86
4211128520,403
4211131336,810
4211135608,666
4211136888,377
4211137920,1227
4211138032,3631
4211138048,1115
4211141568,520
4211143440,1395
4211145136,470
4211148912,2103
4211149024,682
4211149416,1329
4211153168,139
4211153416,132
4211154704,336
4211156352,454
4211157544,842
4211157552,3021
4211163144,1783
4211165736,793
4211167584,587
4211169336,10
4211169448,2189
4211169680,183
4211171776,5944
4211171784,11531
4211171920,601
4211174440,2162
4211174672,354
4211175232,1941
4211179336,1131
4211179424,209
4211182128,147
4211185632,3860
4211313000,1558
4211315208,611
4211318296,565
4211320528,459
4211320648,99
4211323144,516
4211326736,355
4211326760,134
4211327096,373
4211334840,262
4211341512,272
4211341520,440
4211370560,244
4211502712,319
4211502792,478
4211503496,1441
4211508648,2618
4211509128,646
4211513504,693
4211514224,2016
4211519264,1324
4211526560,1770
4211526648,1184
4211527448,710
4211527968,162
4211529024,1270
4211530728,581
4211530736,1591
4211532080,1217
4211532568,1325
4211532720,399
4211534096,637
4211535624,291
4211537464,737
4211538168,395
4211541336,669
4211541656,695
4211542760,1842
4211543120,1137
4211543928,239
4211549152,383
4211550736,1512
4211553880,748
4211553888,1634
4211556008,527
4211556016,541
4211566776,1163
4211570776,1691
4211573440,1441
4211575568,1297
4211576496,327
4211576504,344
4211578456,225
4211707152,456
4211707160,1739
4211709072,384
4211712728,3531
4211712880,604
4211714528,676
4211716680,921
4211718552,567
4211718760,2783
4211720232,188
4211723056,35
4211723152,1588
4211725296,798
4211728264,559
4211732192,756
4211737472,1806
4211740360,784
4211741960,1729
4211742016,707
4211743128,268
4211743136,902
4211747080,2990
4211748968,1186
4211751096,641
4211752960,566
4211757224,742
4211762960,374
4211764624,2029
4211766232,164
4211766912,620
4211770344,477
4211775104,1365
4211776808,598
4211776824,851
4211778416,1007
4211780936,157
4211782160,3437
4211782968,1189
4211782976,771
4211910016,3584
4211920888,7464
4211931480,4010
4211932936,248
4211932952,1701
4211939136,3765
4211942960,1408
4211942976,5257
4211943368,1894
4211949288,3473
4211953200,781
4211978424,1607
4211982640,2862
4211984496,4402
4212100884,308
4212104136,217
4212111080,799
4212113136,1234
4212114344,817
4212114376,511
4212116080,374
4212116232,2368
4212116944,6273
4212123568,658
4212127456,5984
4212127832,1359
4212137200,1322
4212137480,828
4212150048,472
4212156024,1409
4212156456,9468
4212156480,638
4212160472,1270
4212161512,759
4212161552,981
4212161936,615
4212162544,495
4212164568,702
4212165560,1153
4212166440,460
4212167824,2188
4212169016,855
4212175000,4716
4212179472,157
4212180168,411
4212304608,132
4212309024,1630
4212313056,151
4212313776,358
4212315408,1907
4212315672,3367
4212318560,173
4212322920,632
4212323064,453
4212325304,1266
4212327736,892
4212329328,2053
4212343372,284
4212348272,1352
4212360480,2544
4212361040,1074
4212361208,2371
4212369992,1534
4212372600,388
4212372952,861
4212375024,492
4212375032,1719
4212376696,786
4212377512,254
4212381000,9240
4212381584,204
4212387224,1803
4212500988,403
4212502384,3660
4212504568,425
4212505672,2437
4212506840,535
4212510032,2107
4212510224,1412
4212510768,4864
4212511152,9675
4212511176,8258
4212511424,5339
4212511800,14925
4212512224,3235
4212512704,4202
4212512848,9027
4212514000,752
4212514568,101
4212514896,684
4212517314,1734
4212518496,672
4212519464,2255
4212519536,4527
4212520328,326
4212520808,2041
4212521144,1351
4212522016,1714
4212522800,280
4212523296,791
4212525104,4060
4212525944,341
4212531082,0
4212532440,2415
4212535696,891
4212535896,1313
4212536800,1185
4212537936,1292
4212544512,458
4212546072,1628
4212547400,585
4212549240,837
4212550408,4109
4212551104,886
4212551864,3322
4212553496,2085
4212554800,1693
4212554888,1316
4212555040,4788
4212555432,16417
4212555712,2911
4212559608,23167
4212565376,1733
4212566016,567
4212571288,4212
4212571792,2556
4212572176,2850
4212572504,9647
4212572736,1105
4212574224,291
4212578008,221
4212578432,5401
4212581328,13368
4212582512,1277
4212582616,1100
4212583000,708
4212583504,67
4212583840,1508
4212705784,2832
4212705976,279
4212709824,465
4212711056,3453
4212713096,2090
4212714352,1961
4212718104,3698
4212719864,1370
4212720576,1303
4212733200,925
4212735520,4467
4212740936,4897
4212742176,686
4212742432,2014
4212746856,680
4212751872,1742
4212757000,933
4212757736,1241
4212758480,3714
4212762600,916
4212762744,248
4212767488,4144
4212768416,434
4212772024,1855
4212773784,171
4212773968,1407
4212776424,2223
4212781712,1114
4212900332,118
4212900892,8238
4212903088,4704
4212903120,262
4212903688,1033
4212905208,2055
4212907480,411
4212915912,2412
4212918768,2610
4212918960,2614
4212918968,13472
4212919472,89
4212919480,1684
4212921304,7621
4212921976,631
4212924432,857
4212924608,2206
4212931200,14741
4212933792,41637
4212936288,297
4212936592,464
4212937208,3831
4212937784,8657
4212941680,7977
4212941834,111
4212943232,1534
4212943240,6012
4212944864,11633
4212945200,1651
4212946488,355
4212947000,3538
4212950344,6780
4212951880,4199
4212951888,10042
4212952432,20817
4212953160,448
4212953544,653
4212953736,12011
4212954104,2515
4212954776,1723
4212955128,31826
4212955136,799
4212956496,884
4212958872,679
4212958880,20456
4212966376,11411
4212967240,1247
4212967496,6035
4212968432,4363
4212969368,412
4212969392,5601
4212971424,406
4212972192,2446
4212972256,5362
4212972616,1949
4212975584,544
4212977272,3187
4212978656,21419
4212978768,2022
4212979776,5011
4212981336,6843
4212983328,1190
4212983680,2621
4212987208,218
4212987232,2926
4213108176,402
4213114360,1094
4213122112,1365
4213124408,726
4213124488,1368
4213125128,1624
4213126752,307
4213140744,423
4213142616,990
4213148528,1062
4213148856,549
4213148864,938
4213150496,1509
4213154400,696
4213154408,1066
4213154824,214
4213155232,1432
4213155736,1057
4213157408,1437
4213177784,1636
4213177792,3960
4213181344,1502
4213185680,610
4213311432,7079
4213312584,5958
4213314832,3943
4213315656,8738
4213317416,506
4213318072,4185
4213318800,807
4213319208,2629
4213319696,1940
4213319704,23280
4213321296,2471
4213321464,8523
4213321728,853
4213324936,17676
4213325408,3020
4213325416,460
4213325584,453
4213327480,5087
4213327576,480
4213329760,2108
4213330016,981
4213332056,2788
4213332448,16584
4213333624,3054
4213333728,5953
4213335704,5337
4213337488,8955
4213337640,2177
4213337944,437
4213342968,530
4213344416,1588
4213344872,3075
4213345152,7595
4213346864,2803
4213346872,19682
4213346904,3493
4213350328,2732
4213352056,1108
4213353224,15922
4213353568,5066
4213354056,1011
4213354904,9228
4213355112,2742
4213355608,2812
4213357872,4019
4213358560,5007
4213358888,17974
4213363288,335
4213363840,6516
4213369360,598
4213370568,3878
4213370576,6920
4213372992,27276
4213373096,6078
4213373168,13631
4213373192,2433
4213374104,1761
4213381056,4584
4213381352,2603
4213382200,239
4213383432,19262
4213383440,9839
4213384288,5092
4213385728,1323
4213385736,17972
4213385872,389
4213386640,1869
4213387040,1162
4213387048,44938
4213387056,30398
4213387064,247
4213387080,732
4400105140,17126
4400109280,22220
4400173760,11144
4400318640,35907
4400322240,14554
4400374300,83175
4400377720,6647
4400378440,31173
4400500000,0
4400536820,5534
4400542400,3584
4400545460,16832
4400549960,24874
4400557880,17644
4400570880,16189
4400711800,16427
4400714140,22701
4400719180,83250
4400720080,36820
4400722960,47281
4400727460,4523
4400730340,10221
4400737720,29835
4400741500,22864
4400751760,34293
4400752480,12708
4400754640,75893
4400759000,191767
4400764220,10517
4400766200,22233
4400780780,43521
4400914500,8051
4400925300,7195
4400935380,8420
4400948340,14494
4400950500,777
4400951580,27859
4400961160,8142
4400967460,32073
4400977000,23333
4500190013,9876
4500190091,4187
4500190455,2675
4500190897,3395
4500190910,4287
4500390026,67404
4500390028,5911
4500390208,9547
4500391651,3743
4500392223,5317
4500392379,12391
4500392418,57133
4500392977,2236
4500393562,4962
4500393744,5516
4500590052,3554
4500591092,3230
4500592197,282
4500593367,595
4500790065,88674
4500790221,14482
4500791560,9030
4500791638,5806
4500792626,21028
4500792723,34338
4500793224,5449
4500793412,4484
4500793718,27187
4500990130,5657
4500990871,5266
4500991014,1058
4500992483,1061
4501190143,9386
4501190286,2931
4501191794,2966
4501193731,5238
4501390195,50633
4501390312,76366
4501391540,38667
4501392927,25796
4501393107,3827
4501590351,10317
4501590754,3837
4501590806,6862
4501591274,160110
4501592210,35271
4501592951,6846
4501593614,23559
4501790481,2461
4501791196,837
4501792938,5994
4501793030,4890
4501990570,35704
4501990988,1613
4501991664,40381
4501991703,22013
4501991761,4634
4501992080,5404
4501992301,106037
4501992424,104619
4501992771,14941
4501993549,2703
4501993646,82215
4502190273,9621
4502191235,35599
4502192132,7856
4502193042,3571
4502390611,17417
4502390637,2839
4502391179,5697
4502391326,4215
4502392821,2014
4502590585,13226
4502590624,6453
4502591677,4710
4502592067,2444
4502592275,2850
4502592535,8721
4502592574,5380
4502790039,2120
4502792145,12265
4502792158,2470
4502792600,2320
4502793055,2719
4502793263,5676
4502793484,3416
4502990767,6168
4502991352,2390
4502991508,5759
4502992002,1675
4502993172,1875
4502993601,20916
4503190858,24444
4503191469,16903
4503191820,4298
4503191846,3038
4503192431,11023
4503193185,2852
4503390884,9313
4503391417,4866
4503391833,3578
4503391911,7131
4503391976,2974
4503591456,5599
4503592782,2432
4503592860,7010
4503592912,4952
4503593276,147208
4503790975,7903
4503791729,4799
4503792691,575
4503793191,10969
4503793445,3230
4503992237,1798
4503992873,6237
4503993757,3370
4503993770,9145
4504190780,3702
4504190845,16027
4504191131,73726
4504191716,6122
4504191807,11477
4504192470,3408
4504192548,17199
4504193068,2356
4504193406,3100
4504390078,7038
4504391248,19480
4504392665,2733
4504392678,3838
4504393014,3572
4504393538,28150
4504591209,14558
4504591365,305831
4504591391,29525
4504591534,19253
4504592652,23900
4504593133,68612
4504593160,4828
4504593380,44789
4504593393,9866
4504593432,17151
4504593796,9853
4504791378,49843
4504791781,1712
4504792392,7489
4504793471,1906
4504793627,8539
4504990416,893
4504991066,4901
4504991222,1707
4504991430,8450
4504993809,2303
4505190117,13843
4505190715,51852
4505190728,107381
4505191146,3116
4505191963,46230
4505192028,10737
4505192041,17285
4505192327,132572
4505391313,5385
4505391443,9784
4505392834,16997
4505590247,2875
4505590377,3044
4505590468,17153
4505590472,5533
4505591027,34394
4505592288,3334
4505593692,1981
4505791482,5535
4505791755,7885
4505791859,40156
4505793419,4227
4505793523,46672
4505990663,13852
4505990819,5907
4505991300,18512
4505991690,2221
4505991924,21353
4505992730,6821
4506190104,3208
4506190260,8702
4506192054,1240
4506192899,1562
4506193251,1454
4506390169,9819
4506390546,19051
4506391261,23447
4506391625,35211
4506391937,108591
4506392613,29152
4506393354,16247
4506393653,63369
4506592119,4994
4506592262,2814
4506592561,1952
4506790403,2386
4506790520,1493
4506792171,15635
4506792314,9150
4506990234,13810
4506990299,2282
4506990676,2027
4506992093,5029
4506993588,2827
4507190559,1024
4507192366,18118
4507192704,4195
4507192756,11630
4507193705,3468
4507392015,2152
4507392249,2339
4507392457,11045
4507392964,6530
4507393081,27843
4507393575,22242
4507393666,8318
4507590364,3638
4507590390,1923
4507590741,2281
4507591040,3434
4507591079,5412
4507591547,3930
4507592340,3818
4507592405,3354
4507592444,2516
4507592496,37876
4507592509,7679
4507593035,5839
4507593211,1553
4507790533,12004
4507790650,24008
4507790936,42065
4507790949,10686
4507791950,13403
4507792435,3432
4507792639,17793
4507793146,11238
4507990325,44380
4507990494,6370
4507990702,173579
4507990923,78882
4507990962,4934
4507991175,10265
4507991573,5161
4507991586,13636
4507992717,84910
4508190170,4638
4508192440,3011
4508192847,2960
4508192990,8522
4508390338,34989
4508390598,6703
4508390793,3930
4508391053,4326
4508391105,14812
4508391118,7084
4508391287,8596
4508391404,17751
4508391612,25055
4508391872,8593
4508392184,5982
4508392522,5270
4508392587,12418
4508392795,20964
4508393198,131036
4508393640,28173
4508393783,12170
4508592743,11832
4508592808,2994
4508593095,24446
4508593120,1988
4508593289,46834
4508593302,6107
4508593315,2150
4508593328,3604
4508593341,4770
4508790507,1607
4508790832,936
4508791742,3275
4508791989,2570
4508793497,16051
4508793679,2446
4508990442,1947
4508991339,2323
4508991495,4103
4508991601,1369
4508991768,11352
4508991898,3997
4508992353,2699
4508993458,2492
4509190689,46203
4509191183,90380
4509191521,5497
4509192106,4676
4509192886,120705
4509193822,26212
4600302740,124
4600304300,64
4600307260,22
4600310900,40
4600313820,0
4600314960,43
4600317180,50
4600320100,8
4600321420,40
4600323300,57
4600330020,39
4600334780,83
4600348180,59
4600348660,97
4600350020,603
4600350060,295
4600350620,33
4600350700,16
4600361700,284
4600364220,68
4600368900,52
4600371180,469
4600371220,96
4600500860,108
4600501300,103
4600503500,33
4600503700,100
4600504460,35
4600506380,47
4600507420,15
4600507460,53
4600508780,29
4600509980,46
4600510620,186
4600510660,152
4600512900,249
4600513060,268
4600515060,334
4600515740,47
4600520460,250
4600522380,32
4600525580,34
4600527660,51
4600529500,91
4600531060,14385
4600531780,2
4600532020,121
4600533500,85
4600535140,163
4600536740,156
4600538180,76
4600542340,60
4600544500,17
4600548780,61
4600551020,71
4600554420,83
4600557500,0
4600563300,200
4600565980,285
4600566860,88
4600567500,20
4600570140,184
4600570180,51
4600571460,49
4600572540,692
4600572580,75
4600573020,122
4600717710,974
4600741100,947
4600770270,1424
4600902900,704
4600945550,401
4600945790,491
4600957940,851
4600959846,331
4600959950,676
4600960660,2038
4600962820,369
4600964860,1183
4601100380,129
4601101260,150
4601102100,84
4601102180,0
4601102780,1444
4601102820,134
4601103460,224
4601107580,23948
4601107620,617
4601107740,290
4601108820,66
4601118700,977
4601118740,80
4601120140,82
4601135380,192
4601135580,156
4601135620,149
4601141780,1452
4601146340,109
4601146440,246
4601147860,246
4601148540,131
4601151900,60
4601154460,177
4601158460,195
4601158900,215
4601161620,345
4601163980,249
4601167700,2408
4601167740,124
4601170940,484
4601172260,190
4601300100,28189
4601300140,548
4601300980,14
4601303780,49
4601303940,446
4601306700,93
4601309180,89
4601309860,13
4601312100,106
4601312140,291
4601313420,161
4601313460,41
4601317820,47
4601317900,146
4601322820,28
4601322860,160
4601322900,39
4601323500,91
4601323780,20
4601324020,245
4601325820,270
4601326340,1691
4601326380,98
4601327980,182
4601328020,0
4601328100,52
4601328660,130
4601335860,249
4601336780,20
4601337260,1598
4601342020,121
4601344980,80
4601345540,0
4601347100,107
4601347420,118
4601347740,44
4601348260,61
4601351380,21
4601351720,474
4601352460,40
4601353180,348
4601354500,52
4601354980,93
4601357660,17
4601358380,91
4601359840,30
4601362020,62
4601366660,4
4601368740,512
4601368780,282
4601370380,11
4601370540,93
4601370580,56
4601370620,54
4601501340,118
4601507780,93
4601511220,2588
4601511260,307
4601512780,107
4601517500,53
4601525300,14
4601528700,51
4601533980,457
4601534020,106
4601539700,58
4601546740,17
4601549860,4
4601550580,22
4601551180,15
4601552220,300
4601552260,48
4601553660,117
4601554540,46
4601559540,58
4601563780,205
4601564940,105
4601568220,89
4601570500,193
4601571700,80
4601571900,32
4601714830,1666
4601719300,6
4601745510,97
4601759850,39
4601904380,5804
4601917720,765
4601923140,134
4601944860,378
4601945180,109
4601964980,0
4601965940,73
4601970290,3413
4602102340,3
4602128340,560
4602144020,90
4602145520,341
4602151260,270
4602159760,329
4602307940,341
4602310102,16
4602310340,22
4602311940,347
4602315420,120
4602315460,86
4602322020,254
4602323980,158
4602324900,167
4602326700,31
4602328740,484
4602330380,208
4602332220,74
4602333660,38
4602335100,901
4602335340,61
4602336020,23
4602336100,501
4602338620,333
4602343580,91
4602349460,275
4602349820,158
4602350260,1161
4602350300,596
4602353220,45
4602353900,51
4602354340,121
4602356500,185
4602358740,94
4602368020,1529
4602368060,221
4602371500,589
4602502500,0
4602505900,83
4602506660,78
4602512180,1359
4602513180,203
4602514140,10
4602515500,36
4602515580,178
4602518020,28
4602519220,84
4602522060,116
4602522540,21
4602523460,78
4602523540,37
4602526580,46
4602534820,51
4602537300,29
4602538220,5
4602541460,0
4602542060,53
4602544060,0
4602544620,96
4602550340,161
4602553260,82
4602553300,173
4602554580,52
4602556020,101
4602560980,56
4602563380,80
4602567220,49
4602568820,16
4602568980,105
4602571940,433
4602572660,18
4602705100,89
4602720580,535
4602723580,317
4602724660,268
4602731940,213
4602741740,273
4602745860,126
4602750740,99
4602751580,314
4602755020,161
4602760260,207
4602761340,98
4602766700,11878
4602766740,242
4602768100,399
4602916500,186
4602918060,79
4602919020,345
4602921820,317
4602923180,245
4602924180,50
4602924980,111
4602928140,237
4602928180,79
4602933300,227
4602934340,175
4602934380,360
4602934860,851
4602936420,80
4602948980,1064
4602949340,65
4602953100,196
4602954620,112
4602958420,445
4602959940,183
4602968420,66
4602969300,23044
4602969460,250
4603115100,41
4603117745,2293
4603136332,7
4603139940,80
4603140020,683
4603143860,76
4603150660,3
4603151700,12
4603154860,57
4603155700,15
4603168180,144
4603169260,29
4603170310,366
4603308340,131
4603315140,2341
4603317750,1869
4603320340,61
4603328300,353
4603351940,206
4603370320,3931
4603503020,161
4603503300,56
4603505220,299
4603505980,81
4603520060,346
4603537820,199
4603543100,15649
4603543140,1591
4603544100,442
4603544140,198
4603549220,154
4603552100,498
4603555740,185
4603563660,75
4603565020,18
4603701500,31
4603701540,140
4603707300,275
4603707340,35
4603708860,2
4603708900,0
4603711180,85
4603718540,48
4603721140,28
4603726220,53
4603726260,186
4603728780,23
4603729860,24
4603731460,71
4603733860,70
4603734300,229
4603736860,10
4603739580,40
4603743900,28
4603746140,52
4603746260,19
4603749540,161
4603752660,54
4603753020,18
4603756380,147
4603756940,65
4603758020,17
4603764100,78
4603765060,55
4603766020,99
4603769340,337
4603769380,653
4603769740,280
4603769780,1896
4603770820,74
4603773220,54
4603901140,46
4603901180,63
4603901780,45
4603902580,142
4603906060,65
4603906940,82
4603906980,54
4603912540,1327
4603912580,218
4603923860,246
4603924700,23
4603924820,101
4603924860,98
4603925540,141
4603927740,173
4603928380,235
4603928620,88
4603939060,173
4603945300,280
4603951420,98
4603955780,41
4603957740,351
4603963740,238
4604117620,966
4604132140,214
4604145545,2520
4604159842,726
4604163620,779
4604302260,675
4604304540,97
4604311620,145
4604312220,70
4604313980,699
4604316060,183
4604317740,47
4604323620,66
4604325340,133
4604329700,97
4604331500,70
4604331820,117
4604333060,35
4604337380,5
4604366060,133
4604368500,183
4604369020,73
4604500340,0
4604504340,19
4604506540,475
4604506580,23
4604507980,22
4604512620,92
4604512820,0
4604513020,0
4604514060,834
4604514260,17
4604522500,146
4604524420,12
4604524740,29
4604527060,110
4604529260,50
4604530140,289
4604530180,0
4604530700,32
4604530960,5
4604531860,1048
4604531900,23
4604533700,53
4604536900,0
4604540140,8
4604543200,9
4604543460,51
4604545500,50
4604546460,20
4604549020,54
4604551500,32
4604554660,19
4604555820,316
4604556300,37
4604557540,71
4604565100,88
4604566820,14
4604702060,58
4604718300,860
4604730220,3548
4604745560,2084
4604746500,198
4604752180,5
4604759955,505
4604901940,9
4604908020,8
4604911020,6
4604911500,61
4604912260,33
4604914580,122
4604916340,55
4604918900,154
4604919380,9
4604919700,0
4604920660,46
4604921260,670
4604922980,26
4604929180,170
4604932080,0
4604934700,48
4604944420,60
4604946980,25
4604947060,5
4604947460,91
4604947500,17
4604949780,0
4604952310,0
4604955540,37
4604957620,65
4604958180,22
4604958540,73
4604959960,50
4604962940,74
4604965140,109
4604970100,42
4604973340,39
4605100260,45
4605100580,740
4605100620,4
4605105500,426
4605105540,706
4605106100,145
4605121180,59
4605124100,129
4605125740,296
4605133940,76
4605134540,80
4605139500,53
4605140180,110
4605141220,19
4605141580,84
4605141940,286
4605142260,3525
4605147780,200
4605154220,88
4605161740,74
4605161780,66
4605161980,58
4605164180,33
4605164700,29
4605164740,31
4605166900,201
4605306220,286
4605308700,708
4605315300,102
4605316700,40
4605317800,96
4605318260,73
4605320380,119
4605320420,98
4605326180,1379
4605328420,73
4605332940,57
4605335740,0
4605345582,279
4605350780,250
4605357860,8
4605359854,36
4605361460,96
4605370370,316
4605517810,520
4605542140,135
4605549300,571
4605570375,496
4605707020,57
4605708060,727
4605710500,804
4605710540,193
4605712860,298
4605716140,95
4605716740,93
4605719980,831
4605720020,306
4605721860,139
4605723660,199
4605726780,291
4605727820,444
4605727860,167
4605727940,199
4605735460,889
4605745340,390
4605747300,84
4605748060,167
4605900780,29
4605901100,0
4605903820,0
4605908540,30
4605909220,18
4605909940,0
4605910700,90
4605913540,72
4605921900,0
4605924340,30
4605924500,82
4605925100,55
4605925980,6
4605929060,0
4605929660,33
4605930860,39
4605937780,26
4605938260,0
4605942180,43
4605942460,1363
4605942500,99
4605943300,4
4605945795,218
4605946580,127
4605947220,63
4605948340,133
4605948700,0
4605950220,16
4605950820,10
4605953940,38
4605953980,24
4605955100,0
4605955420,90
4605956220,23
4605957180,172
4605957220,62
4605960780,0
4605960820,55
4605970140,8
4605970860,46
4605973260,36
4606100820,692
4606105260,94
4606118340,59
4606119420,539
4606120740,56
4606121060,31
4606123220,84
4606126940,454
4606132420,268
4606150140,194
4606150380,174
4606156060,200
4606160860,79
4606163020,60
4606169540,224
4606172780,264
4606308140,278
4606309260,41
4606345585,502
4606359865,327
4606506180,216
4606514835,62
4606527420,72
4606545590,283
4606549600,13948
4606552620,101
4606570390,2982
4606709700,29
4606712460,34
4606714780,80
4606716620,104
4606720300,45
4606722420,211
4606723020,1565
4606724140,33
4606725420,104
4606733340,55
4606733420,191
4606734420,141
4606736940,218
4606741980,653
4606742660,202
4606743260,150
4606746300,43
4606746900,63
4606748460,1874
4606750420,3
4606758340,161
4606758860,115
4606761420,40
4606762500,57
4606762620,92
4606764020,574
4606766140,198
4606772420,258
4606772460,111
4606911150,444
4606914840,24
4606928980,596
4606945595,113
4606966180,14
4606971740,0
4607104620,114
4607114220,66
4607125520,0
4607131620,77
4607131660,45
4607133180,372
4607145565,144
4607145800,56
4607159856,396
4607159962,1526
4607168340,6
4607170700,0
4607301020,317
4607301060,58
4607301580,19
4607305940,35
4607311580,20
4607314820,15
4607314940,49
4607315260,22
4607322700,184
4607327140,4
4607335780,28
4607338340,19
4607340980,8
4607341820,9
4607350460,37
4607367460,161
4607370220,727
4607370260,60
4607508180,20
4607511152,68
4607517020,20
4607517060,48
4607517380,6
4607525500,61
4607534220,0
4607544220,6
4607544260,599
4607544380,0
4607545597,85
4607546640,22
4607554820,0
4607558060,18
4607567540,14
4607570460,13
4607571780,21
4607573420,3
4607702180,920
4607703060,162
4607703100,227
4607703340,172
4607703420,16
4607716220,147
4607716260,943
4607716300,384
4607719860,105
4607719940,19
4607727700,284
4607728460,10
4607732020,268
4607732060,66
4607735500,596
4607736580,109
4607740500,53
4607741260,175
4607746780,75
4607760220,256
4607760940,161
4607771540,96
4607903180,81
4607907040,63
4607911700,641
4607912380,5
4607913660,56
4607921220,130
4607922780,216
4607928260,844
4607935660,676
4607936500,152
4607940220,6094
4607946060,40
4607946100,62
4607947580,24
4607952860,538
4607957020,276
4607962180,159
4607969580,30
4607970020,138
4607970060,589
4607972140,158
4608111140,140
4608115700,1209
4608136220,3006
4608145600,6506
4608157300,347
4608159870,2183
4608160020,12930
4608171580,912
4608304980,491
4608307660,216
4608309500,3033
4608309540,514
4608315620,1006
4608315900,2025
4608315940,203
4608318140,111
4608320780,102
4608320820,193
4608325620,490
4608327260,8519
4608328860,389
4608330740,382
4608336060,498
4608336380,2468
4608337500,255
4608339620,325
4608345900,164
4608349260,677
4608350500,428
4608359020,38536
4608360580,1791
4608363100,6786
4608372820,1036
4608503220,26
4608505740,0
4608511154,111
4608517845,212
4608531740,11
4608533580,296
4608539190,1517
4608546180,548
4608546220,51
4608551780,0
4608551820,313
4608554020,211
4608554260,16
4608567660,158
4608570398,254
4608704820,59
4608707180,451
4608707220,238
4608707540,232
4608709300,711
4608709340,107
4608719460,61
4608725660,204
4608725940,260
4608732580,72
4608743500,483
4608743540,223
4608748740,58
4608752900,111
4608754740,205
4608757340,1216
4608757380,199
4608760060,103
4608761060,407
4608762420,216
4608765340,135
4608909820,16
4608911155,443
4608920180,778
4608929340,0
4608929540,22
4608936460,381
4608938860,14
4608967940,10
4608967980,0
4608969700,262
4608970400,212
4608970740,7
4609107380,988
4609108220,164
4609115660,21
4609117300,13
4609118180,221
4609118220,187
4609122180,75
4609126740,26
4609128540,38
4609134500,59
4609134940,83
4609135220,40
4609135820,481
4609139100,86
4609139980,79
4609142540,334
4609144780,61
4609145020,58
4609145380,36
4609150900,89
4609153620,142
4609159220,122
4609161540,137
4609166540,455
4609166580,136
4609167100,52
4609169500,59
4609170420,60
4609170980,8
4609172300,34
4609304400,2460
4609306620,4726
4609315255,51
4609317580,0
4609319100,0
4609320980,297
4609330420,95
4609335540,163
4609345605,313
4609349500,981
4609359610,0
4609359965,11236
4609362100,7086
4609362155,3022
4609365380,0
4609365660,0
4609367262,116
4609503140,19
4609505820,50
4609509060,0
4609510780,221
4609511160,626
4609513100,23
4609520860,22
4609543980,28
4609545040,0
4609545460,172
4609552060,0
4609553540,28
4609555180,0
4609555660,53
4609555900,0
4609556780,5
4609562460,50
4609571340,606
4609572620,40
4609700300,23
4609704100,16
4609704500,41
4609709420,159
4609709460,122
4609710220,78
4609710260,28
4609712700,117
4609712980,100
4609725060,73
4609726020,27
4609728060,181
4609730460,943
4609730500,195
4609742740,26
4609753860,0
4609755380,34
4609756460,32
4609766780,84
4609767340,21
4609903380,1502
4609904860,737
4609906820,536
4609906840,10996
4609908260,246
4609908660,416
4609912660,178
4609913380,736
4609914740,1268
4609915980,3905
4609916020,704
4609918380,288
4609923820,1176
4609925180,393
4609927540,3478
4609927580,569
4609928900,148
4609930900,732
4609930940,348
4609938380,179
4609939780,567
4609940660,2481
4609948220,309
4609953740,215
4609958580,65
4609959020,162933
4609960300,3143
4609962540,861
4609962980,340
4609966260,996
4609966300,223
4609968460,1130
4609969620,936
4609969940,555
4610100940,11
4610106020,61
4610112060,251
4610113220,948
4610113260,334
4610118460,194
4610118500,344
4610119740,93
4610121540,2392
4610121580,422
4610123060,77
4610126500,144
4610132620,183
4610138500,51
4610139660,236
4610155260,14
4610160460,33
4610163940,341
4610165420,193
4610168660,52
4610168700,23
4610203860,89
4610217858,5615
4610270415,7787
4610302520,36
4610306620,8176
4610310380,0
4610310820,77
4610311165,14967
4610313620,0
4610314700,6
4610315350,0
4610317730,543
4610320900,109
4610321660,0
4610328300,0
4610329100,834
4610331100,52
4610331420,29
4610333820,336
4610335280,7
4610335300,60
4610335420,47
4610344070,4760
4610345060,509
4610345574,37
4610347980,8
4610349140,0
4610352500,48
4610352540,7
4610352720,22
4610352980,77946
4610352987,2356
4610357820,53
4610358660,0
4610362340,63
4610368380,622
4610369140,70
4610369180,26
4610370475,1706
4610500220,7
4610501660,15
4610503740,28
4610504225,21
4610505620,406
4610505660,59
4610508580,0
4610510300,10
4610510420,46
4610511168,18
4610511340,83
4610511420,10
4610512300,0
4610516460,38
4610517260,16
4610519620,5
4610521700,69
4610522460,80
4610522940,0
4610524580,33
4610525220,51
4610526620,3
4610530060,15
4610532960,0
4610536340,1208
4610537020,0
4610537580,164
4610538100,0
4610538700,34
4610540420,0
4610541060,11
4610541140,0
4610541660,10
4610543660,29
4610545575,135
4610545612,0
4610550940,0
4610552700,42
4610555500,12
4610557900,1
4610558700,11
4610559880,211
4610562073,46
4610563860,43
4610565860,3
4610567900,4
4610569960,22
4610571060,0
4610571100,2
4610572020,0
4610711190,184
4610717880,213
4610724260,1260
4610730300,329
4610736260,76
4610763700,57
4610770590,269
4610900500,128
4610901220,34
4610904220,118
4610906420,31
4610908100,152
4610912020,107
4610913940,87
4610917140,40
4610917780,43
4610919780,55
4610923700,83
4610924060,475
4610924780,1162
4610925700,177
4610927020,248
4610927500,50
4610934980,283
4610936140,245
4610936300,47
4610937100,188
4610937980,314
4610938780,291
4610942820,129
4610944820,269
4610945940,61
4610947140,8
4610947660,73
4610947700,113
4610948940,145
4610956340,428
4610959260,2670
4610959300,573
4610960620,104
4610960740,150
4610962220,359
4610962260,27
4610967180,244
4610971380,12
4610971420,117
4610971980,381
4611100420,40
4611102380,148
4611104780,23
4611108940,169
4611116540,15
4611118780,121
4611121940,61
4611132300,99
4611136620,171
4611136660,102
4611138460,194
4611147020,7
4611153140,12
4611158820,97
4611164820,75
4611165460,89
4611168860,18
4611172700,759
4611172740,184
4611501700,260
4611502540,204
4611502700,34
4611504420,60
4611504580,33
4611504900,0
4611504940,43
4611507060,83
4611508300,39
4611509740,192
4611512940,51
4611513700,128
4611513740,92
4611513900,83
4611514420,101
4611516820,209
4611520260,97
4611522580,128
4611522620,28
4611523740,144
4611525780,16
4611526460,31
4611527180,7
4611527380,42
4611532660,119
4611535020,39
4611535980,90
4611537660,274
4611538140,16
4611541860,199
4611541900,67
4611545740,153
4611545780,127
4611546860,0
4611551620,25
4611553460,1989
4611553500,462
4611554380,3
4611560420,50
4611562300,10
4611563260,22
4611563420,129
4611564300,175
4611564340,14
4611564540,61
4611564580,24
4611565500,66
4611722260,2410
4611739198,4
4611745727,327
4611759945,274
4611900460,81
4611917950,325
4611947180,644
4611970630,476
4612117955,2617
4612142940,1539
4612157140,593
4612170635,4495
4612303620,0
4612304140,15
4612305700,85
4612307900,52
4612308420,21
4612310180,214
4612313300,338
4612313340,100
4612313780,72
4612315020,13
4612316780,18
4612318860,21
4612323880,0
4612326140,14
4612329780,0
4612330820,0
4612331260,40
4612332100,0
4612332980,93
4612333780,0
4612334060,78
4612335060,41
4612335700,286
4612337700,17
4612338580,20
4612338740,0
4612340100,83
4612342420,0
4612345100,76
4612348140,9
4612349940,11
4612350980,56
4612351100,126
4612351980,11
4612352820,29
4612356100,20
4612356260,0
4612361380,74
4612361500,45
4612361660,153
4612362140,75
4612363060,77
4612366220,8
4612369660,65
4612371860,39
4612372060,140
4612372180,2905
4612372380,20
4612372860,8
4612372942,43
4612507700,141
4612511060,903
4612511100,282
4612511380,421
4612511900,141
4612515380,207
4612515540,76
4612516860,21
4612516900,84
4612524220,145
4612529820,292
4612530980,394
4612531020,71
4612531940,243
4612540860,981
4612540900,113
4612542100,248
4612543380,233
4612543420,136
4612545980,222
4612548380,1280
4612548420,380
4612556180,232
4612557420,41
4612561140,319
4612562580,145
4612564500,173
4612567020,958
4612700700,989
4612700740,142
4612704980,1869
4612705380,4917
4612705460,237
4612707860,254
4612711980,191
4612718620,2537
4612718660,91
4612719500,140
4612732700,554
4612732740,1088
4612745700,3045
4612751540,155
4612754760,175
4612759140,112
4612760140,270
4612767580,315
4612900540,104
4612917960,374
4612924620,95
4612932460,78
4612939260,1
4612943180,2932
4612958140,702
4612970640,985
4613523900,519
4613523940,224
4613531940,0
4613532380,302
4613536540,91
4613540820,151
4613541540,104
4613542980,200
4613543020,111
4613559858,768
4613564460,127
4613565780,68
4613565820,831
4613567780,139
4613567820,309
4613568540,290
4613570650,3640
4613573060,15540
4613717420,557
4613717425,141
4613717620,492
4613745810,266
4613759975,921
4700190002,9173
4700190192,10175
4700190382,11161
4700190572,9089
4700190762,9927
4700190952,9200
4700191142,9654
4700191332,10774
4700390004,6241
4700390194,5613
4700390384,5108
4700390574,4940
4700390764,5616
4700390954,6323
4700391144,5677
4700391334,6593
4700391524,6126
4700590006,2685
4700590196,3052
4700590386,2847
4700590576,2842
4700590766,2188
4700590956,2392
4700790008,3097
4700790198,2000
4700790388,2480
4700790578,3000
4700790768,1837
4700790958,2618
4700990010,12938
4700990200,14596
4700990390,12966
4700990580,19128
4700990770,13636
4700990960,14457
4700991150,12657
4700991340,13464
4700991530,12167
4700991720,13324
4701190012,15771
4701190202,16676
4701190392,16178
4701190582,15086
4701190772,14169
4701190962,16410
4701191152,16775
4701390014,7947
4701390204,7437
4701390394,9013
4701390584,8846
4701390774,6518
4701590016,2686
4701590206,3454
4701590396,2529
4701590586,3375
4701590776,2774
4701790018,4194
4701790208,2485
4701790398,2283
4701790588,2722
4701790778,4344
4701790968,2848
4701791158,2433
4701791348,3065
4701791538,4267
4701990020,7078
4701990210,6447
4701990400,6747
4701990590,6803
4701990780,7860
4701990970,7143
4701991160,8030
4701991350,6604
4702190022,7634
4702190212,5898
4702190402,7578
4702190592,7801
4702190782,7225
4702190972,5693
4702390024,2934
4702390214,3547
4702390404,3023
4702390594,2476
4702390784,3065
4702390974,2566
4702590026,5650
4702590216,5333
4702590406,4527
4702590596,3529
4702590786,1327
4702590976,3889
4702591166,4158
4702591356,3364
4702591546,689
4702790028,1369
4702790218,1393
4702790408,2008
4702790598,1373
4702790788,1527
4702990030,5249
4702990220,6887
4702990410,5230
4702990600,5262
4702990790,5439
4702990980,4823
4702991170,3923
4703190032,2585
4703190222,4088
4703190412,3082
4703190602,3189
4703190792,2990
4703190982,2736
4703191172,2839
4703191362,3427
4703191552,2979
4703191742,2883
4703191932,2145
4703192122,2403
4703192312,2324
4703192502,2764
4703192692,2381
4703192882,3356
4703193072,2524
4703193262,2575
4703193452,2368
4703193642,3159
4703193832,2913
4703390034,1246
4703390224,1268
4703390414,769
4703390604,713
4703390794,939
4703390984,1550
4703391174,1274
4703391364,1493
4703391554,1511
4703391744,851
4703391934,1176
4703392124,1154
4703590036,6001
4703590226,7455
4703590416,7213
4703590606,7265
4703590796,7354
4703590986,6329
4703591176,6961
4703591366,6253
4703591556,8722
4703790038,17393
4703790228,22410
4703790418,19771
4703790608,20882
4703790798,17251
4703790988,19145
4703791178,21305
4703791368,18900
4703791558,19285
4703791748,18259
4703791938,19245
4703792128,19383
4703792318,17194
4703792508,22599
4703792698,19228
4703792888,18658
4703793078,21096
4703793268,16683
4703793458,29689
4703793648,17306
4703793838,20996
4703794028,21108
4703794218,18477
4703794408,18165
4703794598,20581
4703794940,18376
4703795130,18065
4703795320,22072
4703795510,21671
4703795700,18101
4703795890,28023
4703796080,25980
4703796270,30715
4703796460,17945
4703796650,19431
4703990040,831
4703990230,1097
4703990420,1419
4703990610,1610
4703990800,1178
4703990990,1138
4703991180,1561
4703991370,1418
4703991560,1327
4704190042,2426
4704190232,2778
4704190422,3572
4704190612,3016
4704190802,3384
4704190992,2563
4704191182,3220
4704390044,5088
4704390234,5242
4704390424,4455
4704390614,4028
4704390804,4680
4704390994,4919
4704391184,4136
4704391374,3876
4704391564,4504
4704391754,4854
4704391944,4582
4704392134,5619
4704590046,3704
4704590236,3703
4704590426,4239
4704590616,3711
4704590806,3190
4704590996,2683
4704591186,3760
4704591376,2988
4704591566,4606
4704591756,3924
4704790048,4517
4704790238,3157
4704790428,5975
4704790618,9677
4704790808,7860
4704790998,3961
4704791188,2979
4704791378,5141
4704990050,3828
4704990240,3665
4704990430,3403
4704990620,4473
4704990810,3940
4705190052,6211
4705190242,5558
4705190432,5049
4705190622,4748
4705190812,4429
4705191002,5360
4705191192,6432
4705191382,6203
4705390054,9507
4705390244,2065
4705390434,2058
4705390624,1162
4705390814,2395
4705391004,1767
4705391194,1979
4705391384,1634
4705391574,2145
4705391764,3203
4705391954,4108
4705392144,2036
4705392334,1499
4705392524,2157
4705392714,2622
4705392904,3326
4705393094,2149
4705393284,1532
4705393474,3525
4705590056,4130
4705590246,4507
4705590436,4301
4705590626,4980
4705590816,3753
4705591006,4321
4705591196,4628
4705790058,4483
4705790248,5322
4705790438,5480
4705790628,4210
4705790818,4771
4705990060,10174
4705990250,12138
4705990440,9560
4705990630,9790
4705990820,9382
4705991010,10607
4705991200,9977
4706190062,4630
4706190252,4887
4706190442,4302
4706390064,4533
4706390254,4285
4706390444,5420
4706390634,4387
4706390824,4773
4706391014,5244
4706391204,4628
4706391394,4432
4706391584,4639
4706391774,4779
4706391964,4370
4706392154,4083
4706392344,4564
4706392534,5532
4706590066,37714
4706590256,36806
4706590446,41720
4706590636,36703
4706590826,38180
4706591016,40411
4706591206,49087
4706591396,45073
4706591586,50498
4706790068,821
4706790258,1451
4706790448,567
4706790638,432
4706790828,734
4706791018,1215
4706791208,1632
4706990070,5753
4706990260,1994
4706990450,4791
4706990640,1413
4706990830,4956
4706991020,1866
4706991210,2811
4706991400,1849
4707190072,2921
4707190262,3143
4707190452,2548
4707190642,3325
4707190832,2434
4707191022,3126
4707191212,2024
4707191402,2623
4707191592,2557
4707191782,2548
4707390074,8342
4707390264,9115
4707390454,7396
4707390644,9462
4707390834,8284
4707391024,7452
4707391214,7913
4707590076,1724
4707590266,1629
4707590456,1388
4707590646,1711
4707590836,1555
4707591026,2047
4707591216,1269
4707591406,1888
4707591596,2425
4707591786,1839
4707790078,3979
4707790268,3183
4707790458,4305
4707790648,4417
4707790838,3343
4707791028,4377
4707791218,4376
4707990080,6735
4707990270,6702
4707990460,5913
4707990650,6319
4707990840,6743
4708190082,4014
4708190272,4318
4708190462,3418
4708190652,3293
4708190842,3354
4708191032,3535
4708191222,3504
4708390084,1257
4708390274,1416
4708390464,1040
4708390654,1331
4708390844,1168
4708391034,959
4708391224,1182
4708590086,2954
4708590276,2772
4708590466,2532
4708590656,2605
4708590846,2512
4708591036,2624
4708591226,3215
4708790088,2003
4708790278,1765
4708790468,2054
4708790658,2502
4708790848,1916
4708791038,1789
4708990090,6401
4708990280,5369
4708990470,7898
4708990660,5529
4708990850,6087
4708991040,5744
4708991230,5406
4708991420,5470
4708991610,5027
4708991800,3933
4709190092,3960
4709190282,1460
4709190472,2794
4709190662,2671
4709190852,3554
4709191042,1215
4709191232,2542
4709390094,50475
4709390284,54453
4709390474,51022
4709390664,54766
4709390854,58087
4709391044,66252
4709391234,53317
4709391424,52460
4709391614,53316
4709590096,2202
4709590286,2030
4709590476,2347
4709790098,3322
4709790288,3658
4709790478,3519
4709790668,2624
4709790858,2567
4709791048,2635
4709791238,3387
4709791428,3072
4709990100,2750
4709990290,1974
4709990480,2220
4709990670,2375
4709990860,2632
4709991050,2023
4709991240,3168
4709991430,2862
4709991620,2235
4709991810,3470
4709992000,2645
4709992190,1843
4709992380,2527
4709992570,3233
4709992760,2192
4709992950,2499
4709993140,2210
4709993330,2527
4710190102,2079
4710190292,1451
4710190482,1577
4710190672,1177
4710190862,1571
4710191052,869
4710191242,1590
4710191432,988
4710191622,1690
4710390104,4145
4710390294,3959
4710390484,4479
4710390674,5578
4710390864,3774
4710391054,4996
4710391244,4091
4710391434,4924
4710590106,11996
4710590296,12386
4710590486,5867
4710590676,4442
4710590866,11991
4710591056,5187
4710591246,6711
4710790108,9552
4710790298,11979
4710790488,12333
4710790678,11039
4710790868,9981
4710990110,3907
4710990300,3987
4710990490,3218
4710990680,3887
4710990870,3244
4710991060,3437
4710991250,4290
4711190112,1824
4711190302,3166
4711190492,2869
4711190682,2675
4711190872,2038
4711191062,2818
4711191252,3314
4711191442,2428
4711191632,2286
4711191822,2822
4711390114,7394
4711390304,11851
4711390494,8325
4711390684,11113
4711390874,10908
4711391064,7159
4711391254,7458
4711391444,8306
4711391634,13546
4711391824,13235
4711590116,5123
4711590306,5688
4711590496,6654
4711590686,5674
4711590876,6111
4711790118,4272
4711790308,4726
4711790498,2828
4711790688,3867
4711790878,4887
4711791068,4257
4711791258,3494
4711791448,3957
4711791638,3761
4711990120,8845
4711990310,9401
4711990500,7811
4711990690,9006
4711990880,10896
4711991070,11040
4711991260,7329
4711991450,8229
4711991640,8630
4711991830,7632
4711992020,18972
4712190122,2792
4712190312,3147
4712190502,3300
4712190692,1911
4712190882,2193
4712390124,14016
4712390314,13468
4712390504,14260
4712390694,5951
4712590126,14601
4712590316,11177
4712590506,11143
4712590695,10004
4712590886,9743
4712591076,7120
4712591266,8183
4712591456,10406
4712591646,13157
4712591836,13650
4712592026,7765
4712592216,10516
4712592406,9806
4712592596,11233
4712592786,11912
4712592976,7703
4712593166,9607
4712593356,15119
4712593546,22022
4712593736,10371
4712593926,8915
4712790128,1078
4712790318,1199
4712790508,967
4712790698,1409
4712790888,2021
4712990130,3685
4712990320,3621
4712990510,3484
4712990700,4169
4712990890,3262
4712991080,3140
4713190132,4392
4713190322,4615
4713190512,3817
4713190702,4197
4713190892,3846
4713191082,4448
4713191272,5138
4713390134,4174
4713390324,4858
4713390514,3995
4713390704,4927
4713390894,5111
4713590136,1620
4713590326,1877
4713590516,875
4713590706,1236
4713590896,1270
4713591086,1819
4713790138,1741
4713790328,973
4713790518,1131
4713790708,1234
4713990140,6138
4713990330,6724
4713990520,5036
4714190142,8078
4714190332,6730
4714190522,6655
4714190712,6035
4714190902,6312
4714191092,6703
4714191282,7146
4714191472,8121
4714191662,5948
4714191852,7576
4714192042,6272
4714192232,6982
4714390144,3588
4714390334,4313
4714390524,3505
4714390714,3510
4714390904,3377
4714391094,3760
4714391284,4154
4714391474,4308
4714391664,3477
4714590146,10528
4714590336,10531
4714590526,3403
4714590716,7021
4714590906,3396
4714591096,13122
4714591286,7207
4714790148,6859
4714790338,7533
4714790528,6330
4714790718,5216
4714790908,5865
4714791098,5965
4714791288,5484
4714791478,6798
4714791668,6818
4714791858,6191
4714792048,6016
4714792238,6464
4714990150,16684
4714990340,14959
4714990530,15683
4714990720,15215
4714990910,15676
4714991100,19578
4714991290,20891
4714991480,20781
4714991670,20223
4714991860,13818
4714992050,16859
4714992240,16115
4714992430,16826
4714992620,16218
4714992810,15054
4714993000,19696
4714993190,12838
4714993380,13484
4714993570,16731
4714993760,29085
4714993950,14232
4715190152,3170
4715190342,2767
4715190532,3317
4715190722,2627
4715190912,2949
4715191102,3442
4715191292,3841
4715390154,1920
4715390344,1673
4715390534,2197
4715390724,1249
4715390914,1494
4715391104,2339
4715391294,2009
4715391484,2060
4715391674,1868
4715590156,8960
4715590346,6409
4715590536,7018
4715590726,12005
4715590916,11034
4715591106,8458
4715591296,8061
4715591486,13513
4715591676,8943
4715591866,8904
4715592056,6347
4715790158,70920
4715790348,80802
4715790538,76313
4715790728,79445
4715790918,70033
4715791108,67562
4715791298,66311
4715791488,62459
4715791678,59877
4715791868,70445
4715792058,70647
4715792248,67731
4715792438,76628
4715990160,2384
4715990350,2366
4715990540,2658
4715990730,2196
4715990920,2707
4715991110,2327
4715991300,3359
4715991490,2392
4716190162,2301
4716190352,1379
4716190542,2008
4716190732,2106
4716190922,1887
4716191112,2586
4716191302,1760
4716390164,6581
4716390354,19421
4716390544,7105
4716390734,19449
4716390924,15376
4716391114,19965
4716391304,13053
4716391494,12993
4716391684,13199
4716391874,13473
4716392064,20009
4716590166,14048
4716590356,16490
4716590546,15520
4716590736,24240
4716590926,16531
4716591116,20485
4716591306,23934
4716591496,15846
4716591686,13973
4716591876,13085
4716592066,14390
4716592256,15882
4716790168,6469
4716790358,7062
4716790548,6248
4716790738,9694
4716790928,6838
4716791118,6490
4716791308,5597
4716791498,6725
4716791688,6430
4716990170,1195
4716990360,3943
4716990550,642
4716990740,1232
4716990930,947
4716991120,1179
4716991310,991
4716991500,465
4716991690,617
4716991880,746
4717190172,4993
4717190362,6317
4717190552,6446
4717390174,4363
4717390364,2149
4717390554,2740
4717390744,2430
4717390934,2701
4717391124,3301
4717391314,2747
4717590176,1044
4717590366,1324
4717590556,1116
4717590746,1885
4717590936,1068
4717790178,3103
4717790368,4285
4717790558,3021
4717790748,3901
4717790938,3097
4717791128,3651
4717791318,2560
4717791508,3661
4717791698,4052
4717791888,3906
4717792078,4123
4717792268,2806
4717990180,16985
4717990370,16331
4717990560,16520
4717990750,18283
4717990940,11543
4717991130,15140
4717991320,16252
4717991510,9668
4717991700,10747
4717991890,4792
4718190182,2470
4718190372,2581
4718190562,1891
4718190752,2111
4718190942,2636
4718191132,2584
4718191322,1895
4718390184,3384
4718390374,3739
4718390564,3639
4718390754,3650
4718390944,4660
4718391134,3497
4718391324,3270
4718391514,3470
4718391704,3707
4718590186,3325
4718590376,3791
4718590566,3905
4718590756,3612
4718590946,4249
4718591136,4018
4718591326,5260
4718790188,21051
4718790378,25734
4718790568,25105
4718790758,22890
4718790948,34342
4718791138,16915
4718791328,18387
4718791518,16920
4718791708,21962
4718791898,17323
4718792088,16596
4718792278,23126
4718990190,4666
4718990380,5231
4718990570,7555
4718990760,7360
4718990950,7868
4718991140,5167
4718991330,5654
4718991520,5536
4718991710,5236
4718991900,5752
4718992090,9024
4718992280,4961
4718992470,7091
4718992660,8683
4718992850,4038
4718993040,7545
4718993230,5006
4718993420,4894
4718993610,7855
4718993800,6481
4718993990,4942
4718994180,5731
4718994370,7167
4718994560,5481
4718994750,9881
4800190650,1294
4800191205,8640
4800191390,5345
4800192615,12627
4800192945,30533
4800390085,14904
4800390090,3706
4800591045,9035
4800591855,12453
4800592325,51236
4800593090,11936
4800594315,2615
4800791420,5544
4800793295,19332
4800990130,3291
4800991815,5576
4801190740,599
4801190745,1223
4801390595,337
4801390695,2981
4801391955,7006
4801393070,17879
4801393120,22805
4801590250,9817
4801591873,3542
4801593490,15303
4801594070,2508
4801792685,6681
4801793670,232
4801990195,19538
4801992500,2483
4802190210,32627
4802190655,40000
4802191200,22957
4802193600,10998
4802393525,2948
4802393535,537
4802590240,27242
4802593025,1630
4802593585,2211
4802790255,30258
4802791110,7319
4802791365,12579
4802792030,203306
4802792835,15704
4802793310,5103
4802793630,11786
4802793680,9119
4802793855,91723
4802993407,682779
4802993408,49794
4802993409,391917
4802993411,288341
4802993412,352210
4802993413,51512
4802993414,250788
4803190330,7190
4803191950,5256
4803391425,330
4803391430,383
4803590760,7719
4803590890,923
4803591890,818
4803592530,6732
4803593990,2495
4803790950,1958
4803790980,5081
4803791830,5135
4803792476,9819
4803792725,10692
4803793875,59430
4803990055,237502
4803990094,60337
4803990410,33269
4803990415,60147
4804190495,126251
4804192790,20737
4804193635,78368
4804194150,16955
4804390040,9167
4804392390,336
4804593175,411
4804593575,890
4804791245,476
4804791280,6467
4804990200,6953
4804990335,3256
4804990485,25873
4804992485,2265
4805190570,8676
4805190825,1532
4805192890,4294
4805193610,4355
4805390275,5431
4805390450,2728
4805390545,17777
4805392395,26716
4805592245,31133
4805592330,9001
4805592440,8535
4805791975,1082
4805793085,1000
4805793105,14060
4805793480,3726
4805990180,2531
4805990765,9723
4805990910,1987
4806190480,222540
4806191115,19333
4806191720,150930
4806192295,26195
4806193245,7122
4806392170,1542
4806393050,11256
4806592965,3340
4806594195,2461
4806790160,13156
4806790320,2758
4806791850,5177
4806792215,4989
4806792405,2488
4806991059,5305
4806991732,2039
4807190075,7690
4807192620,37209
4807194245,6599
4807390045,3319
4807391910,23511
4807392670,7859
4807392745,4000
4807393370,11678
4807394135,1519
4807590700,6740
4807592777,3
4807790245,2145
4807790560,1671
4807791780,6679
4807992650,1886
4807994200,664
4808190460,1677
4808193265,1676
4808390780,4817
4808392865,527
4808393450,1812
4808393830,677
4808590100,59251
4808590350,6757
4808590665,84141
4808591295,12430
4808592360,326128
4808592720,23550
4808593065,615063
4808593150,36017
4808793400,110
4808794130,2478
4808990800,9593
4808991095,4322
4808991470,2000
4808994120,5091
4809190627,69375
4809192730,114451
4809390810,7375
4809390985,4716
4809391665,1859
4809591160,2211
4809591255,1117
4809790580,6713
4809791435,17768
4809791440,7951
4809792680,5250
4809793995,5364
4809990845,39542
4809991270,1979
4809991315,898
4809991370,16520
4809991480,20596
4809992885,2342
4809993157,2001
4809993965,870
4810192930,1316
4810192935,52
4810390880,2098
4810390885,2512
4810591120,2633
4810594160,189
4810790905,2106
4810792290,1237
4810793185,1698
4810994010,2168
4810994015,27
4811190955,6492
4811193885,806
4811392792,1602180
4811393682,1018999
4811592105,10705
4811592110,325
4811592115,411
4811592120,496
4811592125,197
4811791785,17715
4811791790,745
4811990840,3552
4811992985,1886
4812190637,145717
4812191010,120060
4812191970,102868
4812192186,284966
4812193035,184554
4812193425,26383
4812193892,115013
4812390925,9801
4812394170,2520
4812394295,4128
4812394305,3567
4812591050,536
4812593705,1211
4812790140,818
4812790310,597
4812790635,6965
4812990730,2702
4812991760,555
4813190260,1876
4813191405,2571
4813193215,273
4813193420,5022
4813390725,5338
4813391135,5733
4813391590,2074
4813393190,3112
4813393250,1754
4813592875,127337
4813594173,37317
4813793300,1051
4813793305,239
4813991250,33378
4813991310,16045
4813991895,5080
4813992490,8733
4813992570,36044
4813994090,113880
4814191215,509340
4814191220,242841
4814191225,14338
4814191230,104260
4814391085,5413
4814391087,2064
4814392645,4121
4814393735,32196
4814590710,3020
4814592300,2162
4814592425,7404
4814593000,1180
4814593210,891
4814593330,2634
4814790375,14289
4814791070,1617
4814791150,3801
4814791825,3426
4814792075,779
4814792175,9144
4814793200,4270
4814991305,2112
4814991320,4770
4814992080,7444
4814992085,4034
4814993345,1926
4814993475,4756
4815192350,289
4815193275,1772
4815193340,1594
4815391335,3062
4815392250,2154
4815590915,783
4815593890,208
4815791415,239148
4815792715,15063
4815792915,4290
4815793337,129181
4815793715,174936
4815793780,331149
4815992675,7919
4815994250,2713
4816190555,1834
4816191275,7795
4816193850,7964
4816194290,2456
4816391055,5239
4816392635,2406
4816392980,10937
4816593485,3655
4816593520,18577
4816790370,2951
4816791445,54391
4816792100,28093
4816793880,273555
4816993108,2640
4816993118,2478
4817191395,19204
4817191725,4253
4817193757,4067
4817391455,307
4817391460,761
4817591555,4440
4817591560,627
4817594115,2074
4817790868,1724
4817791565,9539
4817791733,2846
4817792760,3736
4817793595,806
4817794060,1200
4817992172,2776
4817992365,886
4817992955,17383
4818191125,104908
4818192840,25042
4818193685,13387
4818391520,7908
4818392020,10189
4818392093,5137
4818392193,8927
4818392270,86604
4818392275,6715
4818590080,9422
4818592710,21918
4818792793,9137
4818793470,103409
4818793500,58043
4818793643,3700
4818793687,9353
4818990005,2739
4818991675,2719
4818993020,930
4818993060,25743
4819191260,94
4819192095,131
4819192510,2188
4819193960,407
4819391690,5565
4819391800,2841
4819591660,1834
4819593695,3285
4819790705,765
4819791580,192
4819793160,2544
4819992055,14605
4819992332,16067
4819993460,3389
4819993570,17409
4819993625,6172
4820190225,83024
4820191835,3522223
4820192795,77953
4820192845,914753
4820192975,142377
4820193645,97973
4820391685,24970
4820391715,6476
4820392430,25551
4820394085,13158
4820590690,459
4820590956,4756
4820791735,3355
4820793285,602
4820793360,1096
4820793390,120
4820794125,248
4820991075,58887
4820992065,132671
4820993430,77080
4821190605,2712
4821190615,522
4821390155,25393
4821390652,39079
4821390687,13713
4821392150,6677
4821591155,35992
4821591170,204197
4821591710,2553
4821592340,286972
4821592600,182319
4821593155,1419
4821593650,140344
4821593785,38181
4821790355,4460
4821791810,14202
4821791845,2773
4821791900,4674
4821792380,1589
4821794210,9630
4821990115,1432
4821992180,16237
4821993320,1909
4821993800,1785
4822191605,54161
4822191610,11733
4822390930,4822
4822392815,3303
4822393030,4730
4822393522,3391
4822393790,21538
4822590900,10578
4822591635,4564
4822592000,1112
4822592310,4571
4822593100,1226
4822790300,27580
4822790305,2244
4822790770,2466
4822990990,388
4822991360,1784
4822993565,1231
4823190565,15134
4823190660,4734
4823190820,11592
4823191640,43331
4823192260,6579
4823193170,25310
4823194270,2292
4823390385,18364
4823393750,1820
4823592540,35
4823592545,1374
4823790500,1393
4823791905,6164
4823792995,1325
4823991175,8738
4823991450,2990
4823992165,2331
4823994005,1093
4824190520,10158
4824191920,16565
4824192040,6004
4824391355,1776
4824393985,89
4824590230,113201
4824592070,11279
4824592770,10854
4824593097,116433
4824593385,2111
4824792820,4709
4824793660,18
4824990035,27413
4824992910,8378
4824993140,3059
4825190050,50877
4825190535,73822
4825190750,54078
4825191540,8574
4825191625,8246
4825390110,3537
4825391695,2358
4825391745,10674
4825392320,600
4825393720,3135
4825591285,1489
4825591510,550
4825591980,4469
4825591995,6823
4825593365,1637
4825790653,10852
4825790875,14486
4825791350,85938
4825791985,16804
4825793865,29005
4825793870,15519
4825990360,43119
4825990815,5448
4826193465,145
4826391925,276
4826391930,458
4826590675,4442
4826591875,11919
4826592015,37128
4826791960,1474
4826791965,2915
4826991670,211
4827190400,3157
4827392035,28104
4827393260,2475
4827590265,364
4827591585,137
4827592045,1131
4827592695,1675
4827790285,1297
4827790345,4352
4827791020,2482
4827791840,890
4827792970,30827
4827793130,4682
4827793355,1497
4827793795,4642
4827991105,1339
4827992220,6782
4827992900,2342
4827993775,2365
4828190015,1276
4828192130,19903
4828192255,1536
4828390870,5167
4828391240,1672
4828591680,7444
4828592655,2365
4828593560,3851
4828594300,6892
4828791505,10281
4828792190,5496
4828792205,2194
4828990510,4444
4828990680,5294
4828992427,2114
4828992775,3149
4828992870,1262
4829190755,47683
4829190945,3332
4829191705,5440
4829192195,46925
4829390835,936
4829391650,5736
4829392050,821
4829392550,10063
4829393015,1694
4829393135,1033
4829393900,2000
4829590380,1866
4829591345,418
4829591805,634
4829791500,7630
4829793905,3990
4829992230,12008
4829992235,10416
4830192525,33
4830391865,4177
4830392315,299211
4830393540,6650
4830393590,8846
4830592880,947
4830593820,4105
4830594230,700
4830790405,6335
4830792505,578
4830793280,601
4830990175,4539
4830990715,6395
4830990895,5940
4830991210,6641
4830992355,11940
4830992435,5811
4830992631,12866
4830994055,204951
4830994140,6984
4831193920,700
4831392370,7573
4831392575,3313
4831392860,2762
4831591937,4110
4831592092,5627
4831793725,3503
4831793835,1715
4831992445,3073
4831992450,882
4832190220,23235
4832192465,3860
4832192940,5960
4832193915,3274
4832391100,57341
4832393165,741
4832590645,18175
4832591030,19527
4832591040,1181
4832591820,14664
4832792515,186
4832792520,1769
4832992560,147836
4832992566,26965
4833190505,1172
4833190540,1173
4833190590,6915
4833190960,1266
4833191485,3388
4833193290,8686
4833193895,2967
4833391550,2655
4833392690,1856
4833590795,6594
4833592285,1097
4833594155,1327
4833790390,11502
4833792610,2187
4833792765,5070
4833793395,2287
4833992375,74579
4833992625,90629
4833993655,472149
4833994220,47075
4834191090,18673
4834193805,2700
4834390940,7707
4834392705,4369
4834592454,1061
4834592822,122
4834790720,4937
4834790935,5329
4834791465,2785
4834792700,52111
4834990340,5442
4834990865,37288
4834990965,3919
4834992005,3674
4834993225,4388
4835190530,1928
4835190575,2582
4835191035,2073
4835192750,5510
4835390325,414
4835393325,2124
4835393810,11916
4835590315,6216
4835590850,303969
4835590855,14360
4835591080,2769
4835593095,14181
4835593270,11460
4835793005,9094
4835793010,692
4835990017,147
4835994018,2102
4836190440,19078
4836192480,11162
4836192905,28269
4836194050,26798
4836391595,2351
4836392595,20619
4836392950,3859
4836393770,2466
4836590235,2844
4836590640,10613
4836590970,4075
4836591475,2397
4836592265,2797
4836793701,52144
4836794095,51872
4836794100,15981
4836794105,45171
4836991300,4550
4836991410,5181
4837191375,13135
4837191870,593
4837191885,1168
4837390860,5994
4837392226,46806
4837590065,109771
4837590610,6204
4837792400,2633
4837793145,3297
4837991235,7417
4837993075,5358
4838190070,127254
4838190625,18816
4838390290,3232
4838590600,2802
4838790105,2381
4838790365,2529
4838790735,4004
4838791025,1904
4838792385,793
4838990190,681
4838992990,11983
4839190170,768
4839193220,3421
4839194275,2518
4839392555,832
4839590430,1920
4839590585,962
4839591385,6281
4839591750,8004
4839792800,39674
4839792855,41579
4839793665,42364
4839990185,4820
4839992585,1228
4839993350,533
4839994265,3293
4840191775,22674
4840192025,9090
4840192135,2970
4840192660,2755
4840192925,5151
4840193040,2283
4840193148,2426
4840193840,5493
4840391765,4681
4840392580,2107
4840393045,3235
4840590455,2446
4840593415,5428
4840790775,4907
4840793080,5374
4840793555,18160
4840990125,19550
4840992470,7494
4840993103,23328
4840993580,14676
4840993815,5133
4841193231,1263
4841193439,4433
4841391185,925
4841391190,1456
4841591339,1093
4841591795,824
4841593605,14571
4841790030,2802
4841792640,373
4841990020,2862
4841990670,9394
4841993550,2925
4841993860,5369
4841993925,3605
4842193759,1441
4842193883,854
4842390515,40205
4842392210,25108
4842393950,11676
4842393970,104623
4842393975,20794
4842394205,33299
4842394260,6035
4842591535,9691
4842792090,12659
4842793239,34485
4842793315,18923
4842990420,8012
4842990425,1339
4843193745,1468
4843390145,203
4843390150,1024
4843593615,3216
4843593620,61
4843791700,797
4843792060,991
4843793955,5149
4843990135,565814
4843991380,981966
4843992805,619610
4844190010,130683
4844191945,9610
4844192535,5570
4844391140,188
4844394175,647
4844590470,10711
4844592495,918
4844793910,856
4844794280,783
4844990830,5614
4844992665,20995
4844993825,2098
4844994235,2656
4845191145,5236
4845193405,82544
4845194180,31797
4845390165,922674
4845392807,194031
4845392857,126830
4845393688,86480
4845590120,2452
4845591530,2138
4845591655,3416
4845593945,6040
4845790785,2915
4845793710,4811
4845794075,2315
4845794285,10197
4845990280,4211
4845990295,5445
4845991515,13907
4845991525,9628
4845992920,9376
4846192345,1933
4846193195,1258
4846393375,2183
4846393980,22698
4846590995,47183
4846591000,290
4846591005,268
4846790270,9098
4846790620,13263
4846790654,8280
4846791165,5769
4846791620,9151
4846794000,6028
4846794225,11060
4846994035,74288
4846994040,6146
4846994045,10979
4847191860,54828
4847192755,8036
4847193255,17345
4847390465,24033
4847391770,10090
4847393137,27429
4847590205,340
4847591615,623
4847592605,10181
4847790435,23860
4847790550,3536
4847791490,3502
4847794080,5749
4847992145,143321
4847992146,42599
4847992147,83374
4848190368,3791
4848191112,5024
4848191180,17839
4848192305,2293
4848194185,12847
4848393545,2064
4848394190,2798
4848590525,12087
4848591195,3262
4848591880,8110
4848594215,106537
4848791290,525
4848791730,459
4848792240,874
4848794030,10758
4848992155,1632
4848992335,2727
4848993205,12619
4848993435,890
4848993495,2271
4849190657,182962
4849191325,22096
4849191630,3477
4849191915,21144
4849193343,339811
4849193845,103198
4849391330,31196
4849392160,13293
4849393125,3793
4849393755,4499
4849592010,6034
4849594240,1420
4849790060,2956
4849790395,24699
4849790445,24868
4849790975,22482
4849990025,5131
4849991740,9240
4849992590,11232
4849993180,12761
4849994255,8597
4850191015,5806
4850193055,1765
4850391600,12505
4850391935,946
4850392735,1108
4850392895,3470
4850593455,629
4850594310,13212
4850790215,994
4850790920,7131
4850792140,1287
4900190086,4339
4900191892,2934
4900390258,31613
4900391419,3422
4900393440,25590
4900393827,621
4900590635,105
4900591505,12899
4900591677,7318
4900591763,95053
4900593096,17031
4900593784,7640
4900790645,1336
4900791333,3698
4900792666,15483
4900990688,31
4900993870,752
4901192236,242012
4901193182,128912
4901390559,3958
4901392279,0
4901392881,16227
4901393225,0
4901590301,6890
4901590731,2326
4901591161,830
4901790702,0
4901790903,1294
4901792537,2292
4901793483,1633
4901991935,9754
4901993356,0
4901993526,0
4902190129,1385
4902190344,56591
4902192623,4276
4902390946,891
4902392193,11585
4902393913,110
4902591591,6444
4902592494,1726
4902790516,8218
4902790989,5053
4902791075,44
4902992064,10880
4902992107,1922
4903190387,1176
4903191849,518
4903391032,1337
4903392752,1294
4903590172,108751
4903590473,4260
4903590774,8794
4903591806,34963
4903593010,1039755
4903790215,4669
4903790280,3318
4903792021,4003
4903792408,2493
4903990860,11188
4903991204,5582
4903992150,12949
4904191978,5414
4904192838,12023
4904192967,4648
4904390430,6864
4904391548,8411
4904392580,27695
4904590602,1862
4904592902,1143
4904593397,76342
4904793569,5513
4904793655,31543
4904990043,155208
4904991118,7094
4904991634,163409
4904992709,226594
4904993268,92496
4904993311,60599
4905191300,15327
4905191308,5094
4905191312,12684
4905192301,3498
4905193139,0
4905193612,39
4905390817,2506
4905391462,34580
4905392924,159345
4905591247,255
4905591720,2329
4905792308,22346
4905792322,238649
4905792365,8653
5000100325,1175
5000108575,1235
5000109025,3778
5000116000,1208
5000126300,2661
5000128600,142
5000129575,414
5000131525,435
5000139325,1026
5000140075,1394
5000144350,9175
5000145550,1999
5000148700,1792
5000153725,1294
5000153950,690
5000159650,508
5000162575,1200
5000165050,1269
5000170075,1939
5000174650,2565
5000176075,452
5000183275,781
5000183800,532
5000301450,2598
5000304825,15249
5000317725,2092
5000327962,0
5000339025,225
5000342850,4486
5000355000,434
5000357025,3265
5000358600,807
5000361000,676
5000362875,435
5000363175,129
5000363550,3607
5000369775,963
5000371425,1269
5000385075,752
5000385675,282
5000502875,1855
5000510450,1317
5000517125,2360
5000530550,967
5000531825,2965
5000537900,756
5000541725,5590
5000547725,727
5000554400,887
5000561525,1059
5000562200,7368
5000564075,573
5000569925,228
5000571575,790
5000575700,1037
5000577125,1279
5000583500,717
5000706550,1163
5000710300,19
5000710675,44675
5000713300,3916
5000714875,17648
5000724175,11516
5000724400,10803
5000733475,4718
5000734600,1853
5000736700,5114
5000745250,10769
5000759275,4159
5000762050,812
5000764300,7969
5000766175,20756
5000773975,3141
5000780350,2290
5000784475,10144
5000785150,8293
5000902125,9
5000902162,0
5000906325,234
5000908725,1167
5000910075,109
5000911800,810
5000915250,1145
5000921250,225
5000925975,68
5000929125,67
5000930775,371
5000939700,108
5000939775,0
5000941425,1267
5000942475,241
5000952750,108
5000975175,53
5000976337,0
5000976562,0
5001102500,1109
5001105425,1745
5001124050,2804
5001124925,5226
5001125225,1938
5001126500,1196
5001127100,1590
5001127700,4890
5001133025,3528
5001145850,1047
5001159125,2467
5001161675,6954
5001161750,7057
5001164600,2267
5001171725,6820
5001300860,1832
5001329275,2192
5001335875,577
5001350650,1263
5001367000,1586
5001504375,422
5001511500,3767
5001523500,1351
5001523725,964
5001535050,3000
5001537075,3450
5001546675,5722
5001570525,5285
5001577425,680
5001585375,1507
5001707375,2827
5001707600,1026
5001709325,1486
5001713525,1223
5001715700,1539
5001725675,1066
5001748175,2169
5001753425,957
5001758075,4843
5001770675,1372
5001772400,2813
5001773075,999
5001773675,1253
5001774950,842
5001776750,1056
5001779975,711
5001784175,3579
5001900475,934
5001903550,2815
5001909850,1144
5001913150,936
5001916150,917
5001916300,1352
5001917350,4537
5001928075,1051
5001930175,633
5001933775,790
5001935575,1384
5001936325,471
5001940525,1070
5001946450,827
5001948850,4394
5001948925,1601
5001973525,1749
5001980200,536
5001981700,465
5002105200,784
5002107750,4120
5002111950,4453
5002114350,1318
5002114500,2460
5002116825,1133
5002125375,2724
5002134450,831
5002135425,381
5002137685,785
5002144125,1113
5002144800,747
5002147200,1415
5002147425,304
5002154250,1480
5002155450,391
5002155600,2892
5002156875,3010
5002157250,1794
5002161225,15712
5002161300,3927
5002165275,1237
5002171050,679
5002172925,827
5002175925,2286
5002177950,1148
5002180875,234
5002182300,2240
5002303175,8412
5002303250,8005
5002305650,2880
5002311125,1579
5002311350,1713
5002318550,1548
5002321925,2612
5002325825,1342
5002343600,1863
5002344500,1943
5002346000,8014
5002346225,1532
5002350275,5920
5002355825,1314
5002360625,942
5002375325,1918
5002376525,1585
5002376975,5405
5002385525,659
5002386125,831
5002501900,431
5002507900,12122
5002509475,531
5002517875,1466
5002518325,2090
5002528900,666
5002530925,2461
5002531150,847
5002536175,882
5002540225,1873
5002543375,1362
5002548400,1456
5002557700,2622
5002560250,4807
5002565762,0
5002570750,532
5002573300,1538
5002574800,2709
5002576225,820
5002581400,2999
5002583950,1368
5002584700,1747
5002584850,594
5002701300,616
5002702575,361
5002702725,1211
5002705800,1736
5002708275,980
5002712250,1242
5002713675,2992
5002732275,10736
5002732425,3460
5002741275,1990
5002752900,3640
5002756050,533
5002756350,908
5002758375,699
5002760100,1389
5002760850,2752
5002763775,1577
5002769550,9084
5002770375,791
5002777500,2856
5002782000,685
5002783050,1171
5002784925,3554
5002785975,3027
5100191196,3648
5100191346,3162
5100191496,2754
5100191646,4089
5100191796,4013
5100191946,3845
5100192096,3371
5100192246,3912
5100192396,4541
5100393983,19514
5100395311,19991
5100395319,19455
5100395567,18677
5100395607,18043
5100396359,19239
5100590424,2257
5100590877,1961
5100590878,1767
5100591016,2398
5100593527,1835
5100594015,2583
5100595635,2058
5100791199,3106
5100791349,2503
5100791499,2229
5100791649,2857
5100791799,2767
5100991200,6799
5100991350,5928
5100991500,6782
5100991650,6048
5100991800,5928
5101190054,2999
5101190985,4069
5101193524,3402
5101195083,2850
5101196459,3290
5101390072,236254
5101590272,10086
5101594671,11222
5101594911,10946
5101594999,10454
5101595335,11517
5101595791,10918
5101596271,12890
5101790672,1074
5101794695,613
5101796167,614
5101796239,896
5101796399,903
5101991209,10767
5101991359,10596
5101991509,12713
5101991659,13407
5101991805,12245
5101991950,11221
5101992102,9945
5102191210,1414
5102191360,1592
5102191510,2133
5102191660,1060
5102390048,7884
5102390384,6371
5102390528,6542
5102393575,6468
5102396159,6739
5102594639,3000
5102595151,2674
5102595255,2297
5102595983,4293
5102596103,3577
5102793679,2540
5102793951,3014
5102794151,2844
5102794903,2747
5102795167,2306
5102795415,2935
5102795775,3029
5102991212,2242
5102991362,2459
5102991512,2739
5102991665,2056
5102991810,2519
5102991956,3029
5102992106,1932
5103190032,7867
5103190504,8566
5103190968,7258
5103195503,7518
5103195858,8663
5103196015,6728
5103196087,8712
5103390440,5080
5103394423,10954
5103394583,5187
5103395119,5789
5103395271,5088
5103593551,4755
5103594175,5211
5103595071,3739
5103595087,7219
5103596007,8233
5103691215,2494
5103691365,2090
5103691515,2043
5103790128,2668
5103790712,1728
5103794431,1568
5103794687,666
5103795351,2129
5103796223,2663
5104190248,77400
5104190896,72364
5104191088,72900
5104194575,82548
5104194679,72657
5104390256,3320
5104390544,2811
5104394703,3085
5104395495,2947
5104396367,3053
5104591024,996
5104591032,597
5104594823,1313
5104595135,1297
5104595703,653
5104790640,8400
5104790680,8287
5104793447,8389
5104794079,7108
5104795535,7968
5104795895,6889
5104796303,7356
5104991220,1892
5104991370,2134
5104991520,1747
5104991670,1997
5104991820,2048
5105190880,3058
5105193495,3105
5105194135,2075
5105195575,3134
5105196407,2361
5105391222,5097
5105391372,6652
5105391522,5711
5105391672,4680
5105391822,6051
5105790720,2924
5105794879,2492
5105795751,2712
5105796027,2495
5105990464,125302
5105993391,128130
5105993633,128060
5105993943,129501
5105994543,121925
5105994783,126560
5105995191,132006
5105995847,128686
5105995999,127667
5106190688,13450
5106190704,15841
5106194215,14705
5106194511,14548
5106195599,16033
5106390576,2881
5106390992,3171
5106393959,3330
5106394303,3837
5106394343,2374
5106590952,4674
5106591056,5833
5106593607,5186
5106594983,6753
5106595327,5646
5106790320,8286
5106790392,6929
5106790432,8091
5106793703,9154
5106795431,7286
5106795743,6633
5106796151,8751
5106990120,15144
5106993663,14076
5106994967,17338
5106995250,14629
5106995647,15904
5106995927,17917
5107190728,5566
5107193431,5665
5107196287,5326
5107390008,9182
5107393735,7347
5107395047,7362
5107396231,6944
5107396471,8691
5107591232,5099
5107591382,5298
5107591532,5015
5107591682,5142
5107591832,5856
5107793479,5011
5107794959,4118
5107795199,3105
5107796423,3053
5107994690,5386
5107994719,4796
5107995487,5540
5107995863,5433
5108191234,2650
5108191384,1227
5108191534,2307
5108191684,5091
5108391236,3668
5108391386,4313
5108391536,4418
5108391686,3796
5108391836,4871
5108391986,4183
5108392136,4296
5108392286,4094
5108590096,16509
5108590200,15783
5108590824,15952
5108590920,16182
5108593887,16368
5108594631,15802
5108595759,16283
5108790496,67040
5108793511,64583
5108796079,76108
5108796119,67425
5108796175,60588
5108990288,7194
5108990944,8714
5108993919,7621
5108993975,9284
5108995263,7824
5108995295,9343
5109190368,536
5109194743,1191
5109195935,569
5109390616,6656
5109393839,6134
5109394839,10723
5109395727,8394
5109396431,8067
5109590224,16017
5109594063,15500
5109595159,14497
5109595375,16484
5109595911,18515
5109790552,855
5109794863,1430
5109795527,1437
5109795631,1367
5109795903,1606
5109991080,6176
5109994031,8405
5109994039,7816
5109995687,5499
5110190016,9098
5110194479,3438
5110196327,6057
5110391241,2313
5110391391,2275
5110391541,2380
5110391691,1706
5110391841,2262
5110591247,3672
5110591397,4702
5110591547,6066
5110591697,3915
5110591847,3545
5110790022,42875
5110790076,43258
5110790400,93941
5110790488,54131
5110790656,44431
5110793415,66173
5110794247,44440
5110795887,43749
5110991040,4603
5110993767,8763
5110993999,7001
5110994375,4710
5110994711,5596
5110994759,4435
5110995015,4872
5111190192,1798
5111190512,1892
5111193927,1614
5111194383,1135
5111194647,3079
5111195111,975
5111195279,1523
5111394335,5859
5111395223,3280
5111395383,4905
5111590808,1971
5111595055,3397
5111596335,3172
5111791253,3149
5111791403,1984
5111791553,4068
5111791703,3563
5111791853,3280
5111792003,4061
5111792153,3360
5111792303,3492
5111792453,3559
5111994023,1889
5111995079,5341
5111995559,3617
5112192713,15690
5112192813,15942
5112192913,12113
5112193013,13937
5112193113,14048
5112193213,14051
5112193313,13320
5112590732,3860
5112593427,3398
5112594883,2127
5112595755,2535
5112596283,2812
5112791257,3963
5112791407,5266
5112791557,5176
5112791707,2624
5112791857,8076
5113191258,2146
5113191408,1855
5113191558,1996
5113191708,2341
5113191858,2153
5113192008,1568
5113391259,1982
5113391409,3167
5113391559,1624
5113391709,3005
5113391859,2410
5113591260,3228
5113591410,3395
5113591560,3477
5113591710,2450
5113591860,3047
5113791261,5151
5113791411,6183
5113791561,6248
5113791711,11866
5113791861,8374
5113991262,4885
5113991412,4350
5113991562,5282
5113991712,3978
5113991862,5232
5114190408,3297
5114191096,3610
5114194591,3628
5114195039,4129
5114195735,2848
5114390152,7504
5114390592,8829
5114390800,9536
5114391104,7912
5114395879,8290
5114396127,8892
5114396319,8893
5114591265,6982
5114591415,5295
5114591565,5732
5114591715,6731
5114591865,6815
5114792553,4063
5114792563,2666
5114792573,2784
5114792583,2766
5114792593,2280
5114792603,2779
5114792613,2319
5114792623,2339
5114990328,3539
5114990352,24700
5114990472,1963
5114995343,8616
5114996063,4328
5115390480,71165
5115390928,71203
5115393671,70422
5115394807,66218
5115394943,67627
5115395133,72675
5115396455,69570
5115590904,6700
5115593399,6939
5115593967,7533
5115594551,6967
5115595391,5548
5115793823,1086
5115794007,1901
5115795063,1315
5115795967,1355
5115796199,1770
5115991271,1069
5115991421,2837
5115991571,2161
5115991721,1248
5115991871,1780
5116190648,19930
5116190664,19560
5116193911,20446
5116196183,18736
5116196439,18351
5116390568,3739
5116394143,4001
5116394799,4423
5116395799,4852
5116396215,5516
5116590080,22543
5116590736,16709
5116594287,9582
5116595095,15765
5116595951,21001
5116790632,6048
5116794191,13630
5116794831,5860
5116991276,3777
5116991426,3529
5116991576,3427
5116991726,3267
5116991876,3885
5116992026,3594
5117191277,6816
5117191427,6644
5117191577,7088
5117191727,8078
5117191877,7411
5117192027,8888
5117390104,4521
5117390832,5125
5117394895,3421
5117394991,3795
5117395479,3617
5117395511,4514
5117395551,4427
5117590240,3178
5117590458,1939
5117590608,2438
5117593407,2451
5117593639,3334
5117594103,2878
5117594855,1746
5117790168,20795
5117790232,21492
5117790760,18874
5117791008,21049
5117794231,23396
5117794311,22147
5117795543,18850
5117990064,24526
5117993535,25185
5117993683,23653
5117993687,22675
5117993783,22181
5117993863,22450
5117995407,22796
5118190136,809
5118190624,1223
5118190848,1621
5118191136,1416
5118196023,1480
5118391000,907
5118393895,1361
5118394871,2274
5118395975,1390
5118396207,1938
5118396263,2895
5118593439,8072
5118594887,7200
5118594927,7267
5118595767,8579
5118596295,8506
5118793599,8073
5118793831,10503
5118794919,7842
5118795663,9155
5118795807,5958
5119193855,7111
5119194087,7322
5119194463,9290
5119194727,8447
5119196047,7045
5119196143,6742
5119196415,7969
5119390976,5025
5119394751,3206
5119396255,10595
5119591288,7846
5119591438,9129
5119591588,9700
5119591738,8773
5119790304,4507
5119793471,4851
5119793615,4654
5119794183,4303
5119795823,4976
5119796343,4897
5119991290,18163
5119991440,12317
5119991590,15415
5119991740,11586
5119991890,13524
5151090020,156976
5152090484,16849
5153090556,6593
5154090780,45437
5155090812,252583
5157090948,18352
5158091020,5680
5159091108,42214
5159593491,5547
5160093507,25026
5161093531,14710
5162093643,8250
5163093651,28873
5164093675,6726
5165093827,137557
5166093859,51392
5167093915,22959
5167894275,7525
5168094403,79497
5168394474,42976
5168594476,16798
5169094537,13658
5170094851,184216
5171094875,233596
5172094931,3577
5173095035,33537
5173595115,12639
5174095123,97190
5175095211,16726
5176095291,229359
5177095363,98355
5177595547,25618
5179095875,25948
5180095987,98796
5181096187,456349
5182096275,22841
5183096395,15798
5184096427,27913
5300191632,2041
5300192496,15997
5300192800,2762
5300390096,4187
5300390592,18280
5300590192,6713
5300591336,0
5300592224,15146
5300592768,190066
5300593088,980
5300790448,11718
5300790544,7443
5300791040,2544
5300791600,7291
5300791840,4381
5300791904,4293
5300793280,75
5300793712,42427
5300990032,11679
5300990576,2929
5300990816,3709
5300991168,6125
5300992592,31902
5300992960,21469
5301190128,74751
5301190416,65060
5301191520,17220
5301192448,75870
5301192784,16214
5301193600,259053
5301193888,8791
5301390864,3566
5301393264,448
5301590464,14710
5301591440,7290
5301591664,67343
5301592182,1989
5301592864,6152
5301593856,14876
5301790320,6531
5301790944,35035
5301793696,2800
5301990704,1736
5301990832,1545
5301990920,1213
5301992752,2893
5302190752,9649
5302191424,1477
5302192512,62416
5302192528,25360
5302392576,1803
5302393040,550
5302590784,1574
5302591072,20238
5302591200,2779
5302591248,2567
5302591296,1909
5302591944,15408
5302592032,41347
5302592720,11323
5302593680,3891
5302593792,763
5302790016,33718
5302791024,7418
5302791360,1528
5302791824,4280
5302791856,1733
5302792008,6546
5302792136,508
5302792208,568
5302792288,2463
5302792296,9089
5302792704,1175
5302793739,6267
5302793840,1760
5302990400,17303
5302990528,13597
5302992256,40629
5302993168,15307
5303190898,18317
5303192274,11518
5303192690,3123
5303193728,619
5303391056,72413
5303391140,190912
5303391392,86565
5303392928,1157909
5303392931,641782
5303393078,54844
5303393392,72812
5303393616,9934
5303590120,24631
5303590288,118465
5303591488,11742
5303592608,75365
5303592624,47678
5303790624,7914
5303791008,21801
5303791504,5225
5303791890,6715
5303792188,5517
5303990836,4748
5303991264,7915
5303991346,1064
5303993744,9157
5303993896,527
5304190208,2464
5304190352,3716
5304190512,34523
5304191088,4267
5304191648,4563
5304191984,4882
5304192016,3407
5304192048,5096
5304192120,6339
5304192146,3311
5304193448,4606
5304193816,7980
5304390848,5605
5304392304,2951
5304393760,2933
5304590162,10033
5304591456,4161
5304592976,21218
5304593008,691
5304593444,9089
5304593528,16292
5304593734,6498
5304790304,4667
5304790720,5852
5304790736,2372
5304790912,668
5304791968,6678
5304792320,4239
5304792416,7499
5304792480,7395
5304793454,4055
5304991656,11230
5304992128,2226
5304992736,8622
5304993776,1916
5305191376,2027
5305192160,12023
5305390336,32621
5305390976,6396
5305391184,36009
5305391232,56064
5305391280,101751
5305391480,16045
5305392064,3727
5305392672,181938
5305392880,15587
5305393376,480181
5305591696,3463
5305592432,5761
5305592914,9254
5305790064,23359
5305790144,4196
5305790272,6831
5305790384,14633
5305790608,1995
5305790768,3970
5305790936,5452
5305791536,3227
5305791560,3458
5305791776,2957
5305792096,37922
5305792944,15572
5305793360,3135
5305793544,4621
5305990424,4689
5305992179,5272
5305992216,33
5305993312,2408
5306190080,34383
5306190839,3053
5306190992,279494
5306191120,197291
5306191312,17226
5306191584,26979
5306191872,58447
5306191936,79445
5306192000,33751
5306193056,44508
5306193248,43086
5306193320,16414
5306193506,10353
5306390048,17102
5306390056,4063
5306390552,27963
5306390640,11879
5306390880,36441
5306391616,19381
5306392080,6975
5306392816,3450
5306393200,408130
5306393224,10211
5306393584,3461
5306590560,5758
5306590688,12623
5306591368,1906
5306591472,7643
5306591680,12374
5306593216,1924
5306593232,5839
5306792352,192885
5306792368,40871
5306792384,21886
5306793440,43425
5306990478,2192
5306991328,1023
5306992640,1008
5306992992,435
5307190368,4227
5307191104,1649
5307193488,2751
5307193648,2652
5307193664,50882
5307390176,123895
5307390224,22791
5307390960,8593
5307391152,38453
5307391744,957
5307391760,5034
5307391792,20219
5307392560,1288
5307393328,9273
5307590656,4952
5307591192,1885
5307591552,839
5307592656,34584
5307592832,1832
5307592848,845
5307593424,855
5307593536,1211
5307791808,3574
5307792192,11334
5307792240,8489
5307793184,3391
5307793344,52963
5307793472,25867
5307793904,151534
5400192328,5882
5400192892,5099
5400193588,4443
5400390006,14226
5400392322,12775
5400392526,24204
5400392754,27269
5400393171,25992
5400393388,25048
5400590762,6649
5400590796,6155
5400590832,8222
5400790968,2775
5400792346,3272
5400792922,3057
5400793597,3104
5400991104,7761
5400993552,7361
5400993564,6683
5401190764,31868
5401190798,29754
5401190834,31117
5401390766,1032
5401390800,1499
5401390836,1258
5401390873,974
5401390885,1285
5401590891,2713
5401590893,2626
5401590895,2496
5401790138,2403
5401792094,1226
5401792374,1832
5401792466,2250
5401992280,14068
5401992472,17548
5401993396,7903
5402190408,1245
5402190534,2906
5402190758,1619
5402191236,1518
5402391296,3957
5402392208,3825
5402393216,3201
5402590449,12209
5402590972,10793
5402593601,9384
5402790204,4222
5402790360,2931
5402791248,4608
5402792184,1114
5402792676,3798
5402792820,4425
5402792988,2367
5402990312,10056
5402990540,8839
5402991308,9536
5403190372,3036
5403191968,2624
5403192232,2403
5403192382,3188
5403192928,2992
5403390975,12798
5403392352,10214
5403392368,11328
5403392923,11450
5403392932,9664
5403392952,9530
5403590976,9016
5403592353,8346
5403593605,10343
5403790504,13985
5403791548,12425
5403791740,13047
5403792160,10139
5403792760,9664
5403990768,45321
5403990804,43751
5403990840,43957
5403990876,43508
5404190676,5290
5404191176,5414
5404191480,6036
5404390770,6663
5404390806,6857
5404390842,6382
5404590453,8563
5404590979,12734
5404593608,10121
5404790168,4111
5404790240,5625
5404792345,3890
5404792712,4317
5404992154,18724
5404992418,22236
5404993594,14949
5405190780,10647
5405190816,9245
5405190852,9973
5405390048,721
5405390612,3357
5405390648,1558
5405390660,2276
5405391260,2458
5405391512,2851
5405391860,4993
5405392652,3826
5405393264,795
5405393432,2208
5405590900,16131
5405590912,22681
5405590924,19751
5405790784,9505
5405790820,8884
5405790856,8465
5405990141,2978
5405991770,3572
5405991848,3324
5405992064,2751
5405993012,3135
5405993162,3360
5405993696,3422
5406190456,31949
5406190983,46550
5406193612,28664
5406390457,3502
5406390984,4041
5406393613,4843
5406590786,4826
5406590822,6502
5406590858,6098
5406790132,7169
5406791344,1410
5406791500,3186
5406791716,943
5406791752,2734
5406793072,5317
5406793660,3518
5406990788,15769
5406990824,11510
5406990862,14303
5407190462,1795
5407190987,1849
5407193615,2399
5407390892,1724
5407390894,1522
5407390896,1927
5407390898,2348
5407590464,2348
5407592354,2809
5407592925,2627
5407791096,5119
5407791100,6318
5407791134,5969
5407792742,10804
5407793102,5950
5407990790,17414
5407990826,19357
5407990863,20406
5408190792,20068
5408190828,24139
5408190864,28988
5408390156,4921
5408390936,1135
5408391668,2864
5408391824,12466
5408392148,600
5408392220,949
5408392292,1364
5408392640,1814
5408393420,1463
5408590552,2852
5408591380,1514
5408592244,964
5408593336,2956
5408790906,4932
5408790918,4483
5408790930,4371
5408990216,4540
5408991440,3424
5408992316,3765
5409190993,4925
5409193175,5182
5409193621,6380
5409390192,2954
5409390624,434
5409390744,718
5409390948,833
5409391056,789
5409391896,116
5409392688,810
5409590469,2064
5409592334,2196
5409592898,1839
5409593592,1965
5409791102,8026
5409792745,7951
5409793105,7735
5409990324,8272
5409990492,7628
5409993036,5821
5409993372,8632
5409993624,7811
5410190471,2493
5410192360,2706
5410192926,2945
5410390794,4609
5410390830,4336
5410390867,5133
5410590473,1276
5410592344,1610
5410592958,2167
5410790588,6311
5410791560,1645
5410791980,10828
5410792424,28181
5410792856,4614
5410793024,1173
5410793180,12090
5410793384,4154
5410793444,1237
5410793672,13174
5410990795,7185
5410990831,6562
5410990868,6882
5500100275,2050
5500100300,1347
5500107300,1279
5500116075,335
5500119575,1579
5500122000,967
5500127950,813
5500137625,938
5500143425,275
5500144250,327
5500153725,418
5500156525,1394
5500156750,851
5500165450,1375
5500165825,1209
5500167425,158
5500169275,3184
5500176350,1306
5500177800,1318
5500188150,0
5500300000,0
5500300550,492
5500303225,7902
5500303250,654
5500311525,465
5500314550,366
5500329250,594
5500329875,403
5500337775,423
5500342562,321
5500349200,577
5500350700,681
5500354400,608
5500361600,160
5500371350,1146
5500372825,143
5500386850,1145
5500501325,641
5500501350,753
5500502775,722
5500504875,3681
5500504900,891
5500505650,789
5500512250,1686
5500513500,904
5500514325,2177
5500514350,1670
5500515600,1009
5500517875,858
5500518025,2282
5500518050,830
5500518575,359
5500518600,638
5500520650,865
5500520750,712
5500533225,284
5500541600,857
5500548825,1000
5500548950,779
5500556350,52
5500558950,964
5500565150,423
5500565175,483
5500565200,1520
5500567350,9030
5500567375,2823
5500574125,678
5500576550,979
5500576600,2549
5500578450,729
5500581075,884
5500581100,797
5500582375,499
5500700000,0
5500703225,0
5500704725,881
5500704750,854
5500705350,565
5500705375,709
5500705475,615
5500706200,345
5500711675,859
5500715750,183
5500719662,265
5500720887,560
5500722925,811
5500730175,584
5500736300,555
5500737200,1294
5500739025,584
5500739425,360
5500744275,261
5500749900,93
5500749925,322
5500755375,420
5500760275,225
5500760775,477
5500762700,235
5500764512,345
5500770300,1413
5500780750,308
5500783525,1884
5500783550,568
5500901150,13975
5500903425,17314
5500906350,16442
5500919700,2558
5500919775,25301
5500922225,1672
5500929550,1034
5500931000,106253
5500931025,2019
5500935150,10610
5500935325,1518
5500935950,21087
5500936425,1493
5500942900,6637
5500943090,9248
5500954300,1798
5500956575,1479
5500963075,2772
5500965675,3738
5500968875,1787
5500972200,3640
5500977975,12985
5500989150,2927
5500989175,2605
5501101225,788
5501101250,291
5501106675,425
5501111025,725
5501111062,902
5501112500,241
5501116025,516
5501117737,437
5501120575,479
5501126850,835
5501129225,355
5501129375,448
5501144300,173
5501150075,403
5501152175,450
5501153450,343
5501153600,2872
5501153625,457
5501153850,262
5501155450,606
5501155950,381
5501155975,470
5501184325,534
5501301900,409
5501308025,221
5501318750,662
5501319925,535
5501330450,1340
5501330475,1090
5501337650,1047
5501340975,657
5501344325,381
5501350650,1119
5501359075,998
5501369325,281
5501370225,504
5501371450,654
5501372225,655
5501374175,713
5501374200,1091
5501378775,768
5501380375,926
5501381500,462
5501384975,488
5501385025,575
5501385850,477
5501388900,863
5501502375,10896
5501509725,3299
5501509750,1631
5501510350,1310
5501514000,798
5501514475,4049
5501514500,1058
5501532790,13658
5501532800,0
5501534575,988
5501538800,0
5501539525,323
5501550825,3136
5501556800,3075
5501556825,1812
5501564675,221
5501566275,680
5501573525,3252
5501577400,771
5501577425,1167
5501589000,818
5501702175,2505
5501703075,962
5501703725,795
5501707525,503
5501708225,3673
5501708250,1246
5501709075,566
5501711750,1449
5501714575,14782
5501715350,943
5501716125,1041
5501716800,839
5501717100,1307
5501719625,1105
5501721600,3252
5501722300,1979
5501722750,1052
5501724375,528
5501729700,703
5501732125,169
5501736000,936
5501740900,6346
5501741525,7285
5501741550,1125
5501756350,479
5501769975,499
5501771275,886
5501773875,1024
5501776625,3760
5501779875,1316
5501786537,2762
5501788875,982
5501900100,1512
5501905750,963
5501911425,118
5501916150,1216
5501916175,816
5501918125,442
5501920025,224
5501920450,879
5501922250,607
5501926775,138
5501927775,1330
5501930275,735
5501930425,345
5501931275,826
5501931575,1100
5501933900,400
5501934200,308
5501935050,876
5501935125,632
5501943700,440
5501945700,971
5501946075,1363
5501946100,705
5501946625,987
5501950175,1152
5501950275,317
5501951125,597
5501955800,2230
5501960825,920
5501963000,1296
5501967025,806
5501972450,220
5501973350,933
5501973550,238
5501976625,0
5501979625,1590
5501979650,831
5501981825,660
5501981850,156
5501983350,675
5501983575,232
5501985925,726
5501988275,520
5501988300,1017
5501989125,714
5501989425,976
5502102800,946
5502102825,807
5502111900,1408
5502112200,795
5502116450,5488
5502116475,556
5502117325,558
5502119375,2467
5502120775,160
5502125150,1678
5502126725,798
5502126875,875
5502128000,297
5502132375,733
5502143125,870
5502143775,1570
5502145350,3204
5502145375,3289
5502146050,1042
5502149150,760
5502157025,597
5502160687,755
5502160925,2781
5502161100,1672
5502164100,10236
5502164900,2678
5502166150,436
5502166175,1005
5502168100,1141
5502172250,906
5502176225,337
5502186100,2229
5502188150,2421
5502189300,676
5502189325,2101
5502306225,82
5502309550,947
5502315075,1088
5502319850,145
5502321900,398
5502321925,616
5502325725,194
5502327700,596
5502328450,523
5502332500,291
5502346675,105
5502349275,488
5502354900,164
5502365050,5491
5502365075,953
5502372275,535
5502372500,1075
5502374550,579
5502377175,148
5502382100,592
5502384725,591
5502384750,441
5502500875,1986
5502506300,2083
5502507025,1122
5502507800,1736
5502507825,428
5502508350,1508
5502508475,795
5502508500,931
5502509775,4374
5502510075,902
5502511150,3181
5502512225,1560
5502514650,1012
5502517175,8513
5502517200,3729
5502517775,4107
5502517800,1648
5502518700,1067
5502518725,1567
5502519250,2541
5502519275,1770
5502519350,11501
5502521100,1505
5502521125,4784
5502522575,150
5502525950,32619
5502546850,9160
5502548000,278001
5502548750,1329
5502549575,3778
5502550225,1694
5502550250,927
5502550475,1256
5502551575,22301
5502551600,6807
5502553675,8527
5502554100,1046
5502554725,7736
5502560200,11547
5502560225,3040
5502562050,676
5502563375,3033
5502565575,575
5502568725,201
5502569850,1808
5502570400,1669
5502573750,2149
5502575850,2179
5502575875,2859
5502577675,13033
5502578600,37570
5502578625,2007
5502582525,979
5502582600,15232
5502582625,2578
5502582750,1385
5502584350,15687
5502586125,4213
5502587725,9452
5502589450,1121
5502703200,2667
5502705900,16565
5502705925,4041
5502710450,595
5502711275,799
5502711850,902
5502714300,855
5502715900,354
5502715925,725
5502716450,0
5502723000,1119
5502724000,1202
5502727000,1780
5502727025,2487
5502733000,0
5502734000,1035
5502735750,3814
5502736100,1821
5502736625,1008
5502736650,1566
5502737150,909
5502738675,2625
5502738900,1067
5502743050,1474
5502743650,1046
5502745475,2675
5502745500,1021
5502745950,312
5502745975,1075
5502750200,5228
5502756075,536
5502759000,1035
5502764375,806
5502766150,1206
5502766900,895
5502769962,1965
5502773575,547
5502779375,1378
5502779425,1009
5502780525,1406
5502783975,8218
5502784425,7628
5502785650,1346
5502787225,0
5502904325,1409
5502910700,1112
5502915025,421
5502922850,343
5502922875,1548
5502924150,412
5502926625,558
5502926650,974
5502928300,1318
5502928950,1008
5502937750,979
5502943925,2195
5502955500,1676
5502972600,2836
5502974225,1044
5502977875,9806
5502977900,949
5502981525,1054
5502983600,803
5503100000,0
5503101825,1202
5503106775,622
5503110575,545
5503115825,199
5503118425,245
5503129925,784
5503133350,1170
5503134425,454
5503141725,963
5503141800,720
5503148725,678
5503159100,1198
5503159800,462
5503161250,1464
5503163975,626
5503174575,649
5503174600,979
5503178275,897
5503178650,26677
5503178660,653
5503178675,2107
5503183512,935
5503309050,1083
5503316275,1370
5503316300,1238
5503320675,271
5503321150,1624
5503322375,785
5503323325,1096
5503323350,1825
5503330300,394
5503333400,642
5503339975,532
5503346175,693
5503351025,16539
5503351050,3422
5503356775,634
5503360725,522
5503362125,321
5503366550,2042
5503367800,313
5503368700,1012
5503371425,651
5503373300,450
5503373375,858
5503375750,1760
5503376650,865
5503378975,2648
5503379775,547
5503385975,538
5503386575,316
5503387375,536
5503501550,8878
5503503825,1341
5503509500,2388
5503510625,1848
5503515200,880
5503520800,681
5503522300,68343
5503524825,414
5503524850,500
5503525125,1493
5503541525,0
5503544350,1177
5503546275,925
5503560750,394
5503563400,3839
5503572675,3300
5503581550,2624
5503583612,7593
5503587400,498
5503703875,859
5503716550,512
5503725575,259
5503725675,212
5503726200,1822
5503735600,527
5503745625,170
5503779975,285
5503901525,1064
5503903150,1744
5503903750,2292
5503909300,913
5503911600,1759
5503912075,1261
5503912325,1973
5503922475,732
5503922500,1109
5503923150,1436
5503924050,2751
5503925075,350
5503926275,44494
5503926300,3713
5503926450,1295
5503927975,2763
5503939300,0
5503942125,1681
5503949650,1055
5503951450,599
5503954650,642
5503958000,5392
5503958900,1182
5503958925,675
5503960425,1820
5503968175,7772
5503968200,1370
5503969525,853
5503969550,696
5503970500,454
5503976250,824
5503979125,4609
5503984425,3546
5503984450,1318
5504101625,238
5504102625,471
5504102950,518
5504107950,260
5504113125,89
5504117425,1365
5504117450,589
5504127600,462
5504134650,440
5504142500,1320
5504144375,1286
5504155575,1229
5504164050,32
5504169625,133
5504183025,937
5504304250,337
5504306100,792
5504308375,710
5504308400,308
5504308525,472
5504308850,3242
5504308875,510
5504313050,634
5504313075,402
5504313100,353
5504315500,456
5504317950,1780
5504320175,878
5504323400,604
5504325600,2752
5504325625,815
5504329525,411
5504332825,541
5504333500,1189
5504333525,950
5504334300,649
5504337800,1965
5504342250,3976
5504343825,507
5504344050,876
5504345025,253
5504345325,552
5504349350,580
5504352150,121
5504353950,552
5504354675,230
5504354700,280
5504354775,682
5504355200,1107
5504355225,744
5504358125,571
5504361150,672
5504361425,227
5504361450,541
5504363250,11499
5504363275,1769
5504364625,595
5504364650,686
5504374450,743
5504375075,808
5504379250,308
5504383900,675
5504384075,397
5504387800,302
5504388825,224
5504388850,191
5504389250,352
5504500325,566
5504500750,1063
5504500775,1055
5504506300,496
5504509925,3157
5504510075,506
5504510100,1223
5504510475,249
5504511725,653
5504515000,1147
5504519075,1839
5504524725,2312
5504537875,1085
5504538550,539
5504553750,10587
5504553775,1462
5504554000,1189
5504554850,468
5504556700,2172
5504556725,1456
5504576075,883
5504578875,1009
5504583625,881
5504589475,1020
5504706925,5522
5504706950,1281
5504710125,1650
5504731300,1076
5504731350,1312
5504739750,271
5504739775,1104
5504746875,451
5504748400,1176
5504749450,1275
5504749500,232
5504749525,600
5504765600,1166
5504765625,1477
5504770925,303
5504772525,367
5504902550,883
5504902575,1504
5504904025,473
5504904775,1416
5504908125,180
5504909600,1153
5504915875,379
5504915975,403
5504920350,5042
5504920375,1491
5504922525,304
5504934450,867
5504934475,837
5504935400,327
5504944625,553
5504944650,890
5504945325,3
5504951725,432
5504953100,2559
5504953125,906
5504953950,77
5504954425,617
5504955200,44
5504965700,374
5504967100,238
5504967875,594
5504967900,508
5504983150,471
5504989350,342
5505100000,0
5505101925,38
5505112525,291
5505131875,186
5505136525,1354
5505139625,580
5505140075,161
5505151200,1485
5505154075,909
5505159850,309
5505161825,184
5505171875,332
5505173400,381
5505300350,1641
5505300900,1093
5505301275,863
5505301300,713
5505305550,170
5505307900,3546
5505309900,2977
5505314800,251
5505315375,427
5505318075,460
5505327225,527
5505328250,398
5505328325,704
5505335075,422
5505335100,580
5505337275,936
5505340000,333
5505340325,530
5505348425,792
5505350750,562
5505350775,552
5505351300,527
5505352050,147
5505357775,377
5505357975,587
5505375900,538
5505379150,328
5505504125,1155
5505512225,57
5505516225,1019
5505516650,1744
5505525300,1309
5505526675,12463
5505533700,1153
5505537600,5078
5505537900,7732
5505537925,1916
5505538350,3362
5505540375,3748
5505540750,1
5505541675,6470
5505541700,2317
5505551850,1164
5505559125,3222
5505561025,2195
5505561050,1146
5505578175,663
5505578200,2029
5505578475,824
5505583925,3600
5505583950,934
5505583975,14556
5505584000,1850
5505586925,4296
5505702850,697
5505712350,762
5505715225,741
5505718225,386
5505723800,1522
5505725850,108
5505726825,438
5505728850,1950
5505736675,141
5505739575,689
5505739800,46
5505743300,1728
5505744675,684
5505744825,833
5505746525,1009
5505746600,720
5505749375,541
5505750025,4248
5505755700,1142
5505755725,1966
5505756900,2562
5505760150,562
5505763650,547
5505772625,387
5505778300,710
5505781725,215
5505788150,0
5505788500,670
5505788525,685
5505900000,0
5505909635,1381
5505909800,5207
5505928675,0
5505939225,99372
5505960975,2947
5505961175,1438
5505963300,21669
5505966125,3256
5505971163,14366
5505974625,8216
5505974650,929
5505981250,6309
5505986500,3348
5506100000,0
5506100600,841
5506101000,3228
5506112575,984
5506112850,561
5506112875,1102
5506127250,843
5506139350,2806
5506144425,828
5506146400,2737
5506146425,1572
5506154050,1509
5506162625,905
5506166700,1448
5506185775,1300
5506304550,1517
5506304575,527
5506304825,1363
5506311300,768
5506312300,4188
5506325325,1902
5506331150,2169
5506332275,2668
5506335350,4528
5506335450,11372
5506340775,51356
5506350400,1514
5506359925,19348
5506359950,5798
5506368900,745
5506373125,4724
5506383650,671
5506386275,5330
5506502650,877
5506502675,419
5506506425,949
5506506450,995
5506506825,1054
5506506850,445
5506508100,330
5506508125,554
5506517950,227
5506518875,2409
5506518900,890
5506523262,594
5506525475,366
5506530575,305
5506530600,473
5506533500,15
5506539125,489
5506542175,313
5506554025,124
5506556625,435
5506572700,391
5506573825,1184
5506573850,349
5506575275,441
5506584850,472
5506586800,129
5506587275,684
5506588050,1029
5506700225,459
5506700625,597
5506702250,8069
5506702275,1384
5506723050,1176
5506724575,420
5506742425,533
5506756200,834
5506758700,882
5506761375,80
5506761525,333
5506763825,1001
5506765550,367
5506769175,1362
5506778325,173
5506781950,670
5506782825,192
5506786750,220
5506788450,738
5506907500,684
5506909225,2029
5506917125,976
5506932650,301
5506932875,872
5506939675,842
5506951250,9356
5506951275,2873
5506962950,1734
5506968825,884
5506970325,788
5506972100,836
5506972300,1454
5506974250,364
5506974725,168
5506980125,3395
5506980150,560
5506987425,310
5507100000,0
5507113237,1512
5507113750,431
5507115400,1676
5507116950,1167
5507122275,667
5507127125,627
5507127275,1072
5507128975,1236
5507139000,254
5507139525,3620
5507140425,2151
5507143850,1355
5507148500,34620
5507148525,1263
5507148575,1953
5507148875,745
5507149250,370
5507150625,1495
5507153325,1450
5507153350,1429
5507157200,2309
5507166875,1099
5507168925,1180
5507171025,907
5507172075,1817
5507181300,369
5507181325,11231
5507181350,1666
5507182200,873
5507186775,862
5507300100,512
5507303550,1055
5507306875,784
5507306975,918
5507307000,603
5507307125,978
5507307600,10
5507309650,677
5507312975,1020
5507315425,1595
5507316150,691
5507318950,1221
5507320450,0
5507322025,1246
5507322425,1088
5507322550,1409
5507323075,135
5507323100,682
5507324025,1023
5507325650,92
5507327150,537
5507327450,514
5507331450,525
5507331800,342
5507332150,626
5507332200,828
5507332900,391
5507333175,542
5507334225,511
5507335500,883
5507336325,832
5507338300,878
5507340150,1584
5507340550,8395
5507346975,2117
5507348225,2602
5507349075,1107
5507349100,1422
5507349675,726
5507354500,4498
5507354525,2536
5507357600,1047
5507363500,699
5507366950,1059
5507367250,959
5507367320,7289
5507367950,820
5507368075,1446
5507369725,5600
5507372150,2120
5507375400,1686
5507375425,1679
5507377150,2572
5507377750,1438
5507379350,1984
5507381850,222
5507384475,39996
5507384500,2229
5507386025,15749
5507386050,780
5507387025,894
5507501675,675
5507503525,475
5507505800,901
5507506000,704
5507516250,942
5507517725,993
5507521000,712
5507529775,515
5507531725,1865
5507541075,1104
5507549300,11115
5507551537,926
5507557325,1464
5507557350,1079
5507561775,869
5507562175,3398
5507562200,4027
5507564275,1798
5507564750,379
5507564775,1722
5507573975,528
5507577000,3552
5507583050,651
5507584525,531
5507584550,1121
5507711050,1228
5507717900,451
5507720525,647
5507724075,458
5507732775,723
5507750350,699
5507753875,1404
5507753900,1376
5507754600,546
5507756125,470
5507756150,726
5507757225,452
5507760875,527
5507760900,968
5507760962,1560
5507773600,733
5507775925,810
5507785575,1231
5507785600,737
5507850975,4252
5507900000,0
5507905450,4214
5507910375,12564
5507917975,17853
5507927075,6683
5507927300,35886
5507929400,13656
5507931125,14594
5507931175,37345
5507932075,7689
5507953000,566973
5507958800,37325
5507968325,1632
5507970650,9004
5507973725,13627
5507975125,20442
5507984675,48529
5507985300,59612
5507985875,4038
5507986700,14665
5508100475,816
5508102025,1669
5508111625,1208
5508112950,1281
5508115550,775
5508129450,655
5508130325,487
5508131225,629
5508137950,790
5508139150,379
5508140925,379
5508141000,1922
5508143475,1142
5508144450,955
5508144975,1653
5508150800,89
5508156950,158
5508158575,662
5508158850,321
5508158875,663
5508160075,0
5508164425,846
5508167850,406
5508168900,0
5508172325,51
5508173150,659
5508175325,9950
5508175350,3225
5508180075,9532
5508180100,1466
5508183450,438
5508185125,707
5508185150,430
5508187525,532
5508187550,1174
5508189275,159
5508300000,0
5508300175,2070
5508304275,348
5508309375,1207
5508309425,706
5508314125,3282
5508320475,298
5508329050,1209
5508329075,907
5508335925,702
5508342075,787
5508343325,483
5508343350,662
5508345175,1069
5508345275,5687
5508349000,542
5508354200,1087
5508354630,923
5508359350,4625
5508359375,1574
5508359400,3001
5508359425,1634
5508361900,1417
5508365675,0
5508368400,776
5508376450,834
5508377300,1640
5508378725,411
5508380325,1020
5508381475,688
5508513025,1043
5508517625,2210
5508524125,404
5508533575,1246
5508541887,1135
5508545150,338
5508546650,115
5508553225,5074
5508553662,336
5508556425,2866
5508557450,1511
5508561625,2844
5508562600,76
5508562925,2739
5508567200,8316
5508572125,353
5508576975,653
5508578075,2165
5508579700,2316
5508588625,869
5508588950,1558
5508702375,62862
5508705575,307
5508707725,1262
5508707750,1324
5508708975,1116
5508710750,6784
5508713600,3643
5508714750,1144
5508716500,3622
5508718525,2891
5508719200,580
5508723425,3226
5508726982,0
5508727650,6223
5508730075,24168
5508731525,12987
5508732790,0
5508735825,1066
5508735850,3256
5508735950,0
5508738800,17706
5508738825,1574
5508739650,7447
5508743875,921
5508744950,11754
5508748250,740
5508748775,494
5508756925,2034
5508757375,332
5508760000,4560
5508760400,1139
5508772725,3570
5508772750,1041
5508773625,825
5508782400,1833
5508789150,395
5508900000,0
5508905450,115
5508906150,2488
5508906175,1537
5508913375,12605
5508913400,6195
5508927550,2448
5508927575,1931
5508930000,12445
5508930025,4375
5508951150,25270
5508956450,62
5508964450,12645
5508964475,1591
5508971700,4267
5508971725,1693
5508979475,3299
5509100800,855
5509121225,1731
5509121250,781
5509127175,345
5509144075,761
5509161925,736
5509161950,685
5509177475,74
5509177500,200
5509184025,863
5509184100,400
5509305325,327
5509315575,2531
5509320150,451
5509323525,3349
5509323550,1399
5509323700,629
5509323775,685
5509329150,1178
5509333050,818
5509337350,234
5509348175,85
5509348200,438
5509349775,1064
5509359025,2452
5509363600,541
5509365375,4503
5509368275,12365
5509368300,2631
5509368775,411
5509371150,563
5509376100,823
5509376300,1262
5509380550,1697
5509380700,1495
5509381600,653
5509500950,2992
5509501725,2959
5509502350,1194
5509504475,754
5509504500,1509
5509505825,968
5509507700,1777
5509508750,704
5509513850,806
5509514837,543
5509515100,370
5509515125,1012
5509515250,957
5509515275,1010
5509520850,1028
5509524450,1535
5509525350,1929
5509527500,1140
5509528350,1707
5509528725,1239
5509538400,623
5509541900,1024
5509544475,2029
5509545775,279
5509546200,1124
5509546225,818
5509546900,397
5509552075,861
5509552100,1360
5509560450,2849
5509560475,3087
5509570550,2423
5509570575,947
5509577050,777
5509581075,76
5509586350,748
5509700725,876
5509701400,441
5509701425,471
5509701750,1113
5509701775,1564
5509701800,341
5509706475,626
5509710925,1154
5509712725,1197
5509719975,1157
5509722450,1054
5509730350,1883
5509736350,5255
5509738650,311
5509742225,1760
5509744800,1107
5509751875,0
5509756000,190
5509756850,664
5509761325,626
5509762825,1086
5509763525,13884
5509763550,1299
5509769575,460
5509772850,2023
5509777200,25785
5509777537,3012
5509786975,1493
5509913175,170
5509913200,349
5509922950,563
5509923200,949
5509923975,299
5509925775,950
5509926050,474
5509928750,219
5509931925,239
5509932675,188
5509934725,414
5509939175,112
5509939200,394
5509940175,265
5509941150,1040
5509959525,890
5509961200,2318
5509962450,1602
5509965325,521
5509965350,432
5509975525,319
5509989100,1385
5510100000,0
5510111200,10987
5510111225,6420
5510111950,25257
5510120625,4232
5510123725,526
5510154875,27953
5510157700,203
5510158600,7863
5510166000,77633
5510166350,3945
5510168550,3764
5510177925,6772
5510181775,5036
5510183825,5692
5510183850,6475
5510187700,1531
5510189550,3243
5510300675,372
5510308175,514
5510308600,116
5510310950,1583
5510313300,267
5510319000,648
5510321400,582
5510326475,359
5510333925,585
5510337500,645
5510345575,734
5510349600,519
5510360350,424
5510367575,1341
5510367625,5109
5510367775,617
5510368675,760
5510378825,588
5510382900,369
5510385675,641
5510387250,378
5510389625,54
5510504100,634
5510506500,36534
5510506525,7799
5510509175,897
5510509925,40
5510513625,1088
5510515625,2041
5510515650,1041
5510522575,5864
5510524550,5782
5510526400,908
5510528075,3636
5510532700,2550
5510537825,66030
5510537850,3678
5510538450,638
5510542575,839
5510544125,1338
5510548150,864
5510552200,5706
5510552225,3103
5510556325,1377
5510560250,1473
5510563675,907
5510564225,961
5510568600,2986
5510576325,633
5510581050,2768
5510581650,2235
5510703600,571
5510707175,478
5510707225,124
5510710500,900
5510713550,15
5510716775,70
5510720000,482
5510726100,1136
5510729475,89
5510730375,692
5510731775,540
5510733275,322
5510733300,104
5510736125,158
5510736925,44
5510740850,3227
5510742950,254
5510749625,586
5510755175,206
5510767600,169
5510770275,556
5510773175,220
5510774975,142
5510777775,321
5510777850,508
5510779575,659
5510780225,123
5510780950,189
5510783675,440
5510786450,161
5510787125,20
5510787175,522
5510787450,151
5510904400,4342
5510904425,1216
5510911775,848
5510918300,690
5510919325,223
5510922400,1243
5510923925,797
5510924275,718
5510926525,638
5510929600,805
5510929625,1260
5510932325,1960
5510932350,2604
5510936250,14959
5510936275,8757
5510939825,1603
5510957100,10539
5510958050,3819
5510963425,561
5510967650,4201
5510968275,4354
5510968475,1858
5510970200,523
5510970825,4292
5510974675,3208
5510974700,4405
5510975950,1093
5510976300,28
5510976675,927
5510976825,674
5510976850,3766
5510980800,5563
5510983400,1935
5510987475,200
5510989025,1424
5511104625,12769
5511104650,1607
5511105600,631
5511113300,0
5511119550,1664
5511119675,2684
5511124675,1650
5511124900,1164
5511127350,694
5511127675,617
5511131250,961
5511135625,730
5511137225,271
5511137250,623
5511141300,3482
5511142825,326
5511142850,1367
5511144225,263
5511145400,252
5511151325,570
5511151350,1075
5511158025,716
5511163125,780
5511165100,4382
5511165125,992
5511166800,10168
5511166825,1259
5511168975,323
5511171650,3483
5511176025,1397
5511176050,1667
5511178525,1163
5511180825,775
5511183700,1221
5511185325,1577
5511185625,601
5511187775,893
5511188150,126
5511188775,1086
5511305200,2839
5511317225,118
5511317250,278
5511320825,230
5511322625,442
5511324700,193
5511333450,2555
5511333475,3854
5511336450,902
5511343400,1436
5511350300,166
5511351425,93
5511359600,249
5511366050,234
5511366075,535
5511369750,1160
5511371500,1077
5511375450,538
5511385100,257
5511387975,285
5511388000,1035
5511501375,590
5511501975,1639
5511502075,245
5511502100,483
5511505000,808
5511506275,1936
5511507600,633
5511507625,782
5511508725,1535
5511509025,316
5511513325,466
5511522975,169
5511524775,438
5511528825,291
5511530400,1058
5511531500,852
5511531675,570
5511533075,811
5511534025,913
5511536700,557
5511543675,1171
5511548900,869
5511549400,0
5511550000,457
5511554250,459
5511555675,384
5511561700,749
5511565675,268
5511566750,881
5511567675,1781
5511572550,561
5511572925,9522
5511579825,762
5511583725,2017
5511584225,1017
5511585275,3243
5511588325,1027
5511588350,779
5511700000,0
5511700450,419
5511712825,620
5511713475,2402
5511723275,1092
5511729350,435
5511731100,2268
5511734050,2086
5511735375,2010
5511736025,3223
5511740275,2175
5511744150,2939
5511746575,1551
5511753375,1667
5511754475,673
5511760100,3058
5511763700,8890
5511763725,3052
5511766200,1575
5511767150,1970
5511770350,410
5511772350,1729
5511772975,49645
5511773000,8281
5511773025,8547
5511773050,1859
5511773425,1470
5511783100,506
5511787500,3439
5511903900,432
5511910400,873
5511914200,634
5511915450,247
5511919225,747
5511926425,410
5511929175,388
5511929837,524
5511931600,617
5511931750,230
5511932300,659
5511935525,928
5511938627,290
5511944900,981
5511946150,110
5511946925,442
5511948925,303
5511950425,4431
5511950450,2503
5511953550,284
5511962100,188
5511967275,888
5511967300,739
5511969400,460
5511977100,575
5511978950,306
5511985450,835
5512100925,710
5512102500,3806
5512102525,1662
5512108075,1254
5512111325,456
5512111975,912
5512114525,216
5512120300,503
5512123175,747
5512124400,601
5512124425,1300
5512128150,1822
5512128200,1742
5512132050,970
5512136800,1462
5512144500,707
5512160575,1687
5512162650,1178
5512162675,368
5512165500,868
5512177825,1064
5512178500,984
5512180475,1864
5512180500,1929
5512181875,472
5512186725,1555
5512306900,1348
5512314150,304
5512314675,1022
5512315675,1126
5512316875,701
5512316900,857
5512319850,358
5512326550,733
5512327400,1011
5512328625,273
5512328650,812
5512331625,925
5512332225,1114
5512332725,920
5512334825,1353
5512334850,784
5512337975,1353
5512339475,687
5512340875,575
5512343900,326
5512360075,422
5512366450,381
5512376725,389
5512377075,575
5512377550,823
5512381675,922
5512382900,182
5512382925,4471
5512382950,1698
5512385050,893
5512385475,2432
5512386525,568
5512386900,711
5512502450,3505
5512508950,1483
5512515850,1179
5512516750,1294
5512521625,1528
5512540687,3644
5512542325,856
5512544525,2738
5512548462,768
5512562425,1364
5512563625,458
5512565425,611
5512570725,2067
5512583750,1610
5512587600,542
5512708265,4780
5512708275,2325
5512711200,0
5512718825,1126
5512718850,1962
5512719450,8689
5512719475,5216
5512722100,4978
5512722125,4000
5512723300,10221
5512726350,1737
5512728550,5440
5512728675,2942
5512740950,1843
5512741050,2565
5512741450,8521
5512744750,2710
5512746725,3640
5512755050,214
5512767725,1680
5512772875,1592
5512772900,942
5512776175,1875
5512778100,3886
5512780875,2626
5512783250,2759
5512783275,1717
5512786925,11511
5512786950,1179
5512787200,2981
5512904950,480
5512905125,1048
5512905225,677
5512905875,708
5512907550,451
5512907575,660
5512910150,341
5512912925,365
5512914425,302
5512917850,277
5512924600,1233
5512928025,81
5512931825,233
5512945650,668
5512947025,607
5512953250,678
5512953275,1086
5512971637,424
5512973200,1459
5512975625,2278
5512975650,722
5512975800,578
5512977350,227
5512977650,457
5512980450,814
5513100425,3435
5513105050,2766
5513124225,3818
5513125375,3579
5513128875,20962
5513128900,246
5513133000,15821
5513133025,3355
5513137675,8003
5513137700,3966
5513139300,4461
5513139325,997
5513153000,0
5513156450,1225
5513163875,3970
5513167475,11755
5513174400,6307
5513180575,4579
5513184900,2199
5513185350,32030
5513185375,4405
5513307200,1291
5513310025,41273
5513310050,6459
5513311475,1859
5513314225,742
5513319400,7202
5513319425,8079
5513320550,2479
5513321425,2054
5513321450,3507
5513323575,6459
5513328487,7193
5513333100,9972
5513340750,258
5513342450,1482
5513344847,10736
5513351000,39539
5513351375,3550
5513351400,8278
5513353000,0
5513355050,8201
5513355075,7792
5513355275,25406
5513355550,1354
5513356375,40270
5513358400,2385
5513359250,19080
5513359275,8832
5513359300,669
5513360700,3644
5513362240,16211
5513362250,8196
5513378375,5114
5513378750,12066
5513382575,7481
5513383175,2902
5513384250,71233
5513384275,8514
5513505625,682
5513507250,134
5513512000,1638
5513515725,4580
5513519025,2627
5513521200,679
5513523850,284
5513525400,3658
5513527800,650
5513527850,908
5513532925,436
5513533850,668
5513537025,1286
5513537050,962
5513542650,1304
5513543075,1518
5513544575,1515
5513545300,1537
5513548350,1337
5513549400,1238
5513549975,895
5513555025,2799
5513556925,5692
5513559475,189
5513569900,1391
5513570900,712
5513571975,379
5513572000,1247
5513581700,695
5513584375,6283
5513584400,1036
5513586400,1789
5513586425,553
5513589375,268
5513703925,960
5513706925,40
5513708300,993
5513716375,549
5513716400,659
5513718475,1258
5513719300,698
5513732450,471
5513732475,665
5513743500,1540
5513745425,457
5513749425,1983
5513754825,1099
5513759225,369
5513763150,1094
5513763175,584
5513764975,965
5513766625,1938
5513767550,1000
5513769425,583
5513771825,884
5513776400,1541
5513783425,592
5513784625,1817
5513784650,1226
5513787075,903
5513901025,6850
5513902375,1265
5513908000,2371
5513915150,4466
5513926982,19131
5513950825,15137
5513955750,27336
5513955775,3660
5513955850,1067
5513956100,645
5513959875,3642
5513959900,2238
5513960500,66729
5513960525,2425
5513964875,1495
5513970125,1442
5513982175,1428
5513982875,2281
5513987650,1757
5513987900,2511
5513987925,2625
5513988475,1268
5514103025,290
5514103050,970
5514103775,837
5514103800,797
5514107650,822
5514112275,512
5514112775,347
5514117525,208
5514120075,327
5514130125,7598
5514132575,801
5514134250,775
5514134675,160
5514144550,1721
5514149675,17974
5514149700,725
5514151875,419
5514151900,625
5514155875,2420
5514163100,823
5514164175,1881
5514164200,1331
5514167000,278
5514167500,1618
5514168625,703
5514170000,466
5514170025,974
5514171600,5071
5514172575,881
5514173475,674
5514173900,1059
5514182650,496
5514188200,18722
5514188575,699
5600191100,268
5600192090,35488
5600192695,285
5600193135,2208
5600390688,3623
5600392393,5363
5600393142,2842
5600591210,29290
5600591265,17950
5600791650,1526
5600792640,9820
5600792860,3117
5600990990,9289
5600991375,4473
5601191760,1403
5601192200,3339
5601193190,2713
5601391045,1605
5601391842,5
5601392035,11351
5601393080,756
5601393742,25816
5601591430,1481
5601592585,649
5601593465,10475
5601793355,370
5601793410,4108
5601793744,142
5601990495,7634
5601991870,1052
5602190715,75945
5602190770,13928
5602190825,7713
5602192420,3474
5602390055,14726
5602391925,4581
5602391980,1179
5602590550,52483
5602590605,5792
5602590660,13782
5602591705,7920
5602791128,956
5602793603,1412
5602990935,17322
5602992145,1315
5602992530,11594
5602993850,218
5603190880,521
5603191320,712
5603191595,1695
5603193630,5684
5603392915,22776
5603392970,6106
5603393025,3173
5603590330,2258
5603590385,440
5603592475,6140
5603791485,10293
5603791540,3385
5603792750,27322
5603792805,124
5603793575,418
5603990110,502
5603991815,22426
5603993905,468
5604190440,5989
5604191155,14655
5604393300,788
5604393795,6915
5604592255,5581
5604593520,1245
7200100401,4664
7200113645,950
7200130458,877
7200132049,133
7200132608,563
7200132780,1295
7200139273,630
7200145422,110
7200160773,535
7200163955,568
7200163998,1117
7200174963,1956
7200181714,905
7200185584,976
7200185627,1082
7200187949,1048
7200188250,551
7200300000,0
7200300659,1347
7200304185,2907
7200304400,1904
7200314591,908
7200317085,1863
7200321772,1007
7200327233,1374
7200330931,720
7200331318,1798
7200331963,3560
7200337596,2909
7200340907,2467
7200349421,2275
7200349550,2010
7200351098,2330
7200356215,2412
7200361719,4559
7200370921,1408
7200500000,0
7200500530,1552
7200500788,2435
7200503626,1838
7200508313,5716
7200510592,3491
7200510635,4197
7200511237,9889
7200516225,241
7200516268,2340
7200520955,8659
7200532694,2747
7200549292,1498
7200549335,2117
7200554108,4325
7200557935,1526
7200585842,1566
7200700917,1413
7200704529,2205
7200706894,2003
7200710506,1768
7200737682,1668
7200739230,2432
7200755441,3140
7200755527,82
7200780467,2581
7200780811,6322
7200901261,3867
7200901605,175
7200904271,2356
7200913344,1674
7200922890,749
7200945895,7143
7200960042,2853
7200962536,1932
7200971867,3887
7201100000,0
7201102637,786
7201102723,0
7201102766,1446
7201110248,418
7201113989,2006
7201114462,3587
7201114978,292
7201115021,416
7201117128,354
7201118031,159
7201120439,445
7201123148,1437
7201127276,1177
7201133253,1224
7201135661,542
7201151141,4004
7201153463,802
7201157591,927
7201161934,2321
7201162665,1194
7201167567,1308
7201170147,0
7201170534,249
7201300000,0
7201303411,6801
7201303540,3362
7201304056,969
7201311323,180
7201314505,875
7201323750,3198
7201323836,4399
7201327061,1270
7201327835,8608
7201330329,2451
7201333511,20599
7201333554,6668
7201334199,1071
7201336865,5238
7201353549,4267
7201370190,657
7201373759,7954
7201378704,5473
7201381757,2427
7201500000,0
7201502809,4252
7201503970,786
7201531748,4773
7201558408,3023
7201562192,1628
7201588164,879
7201700000,0
7201705389,196
7201729039,14713
7201730415,3748
7201758580,3837
7201905604,5203
7201905733,2981
7201912097,2313
7201934500,2920
7201934887,2496
7201958795,4920
7201967309,3664
7201967997,4557
7202106636,3338
7202109130,12277
7202117171,27952
7202123191,1985
7202131619,7123
7202131662,1405
7202134156,38270
7202139402,21392
7202153162,34348
7202156774,1826
7202157763,28246
7202178790,4307
7202300000,0
7202304787,2325
7202308012,5525
7202309818,987
7202331017,4201
7202346067,3389
7202346153,5246
7202353377,15472
7202354409,7112
7202360601,2619
7202504615,19449
7202507152,2418
7202508356,7602
7202510377,18585
7202512140,12654
7202512226,24799
7202570577,6174
7202575651,1772
7202577371,1494
7202582918,17041
7202583950,13598
7202700000,0
7202700100,1547
7202711968,2942
7202712011,3050
7202717859,1410
7202718375,2063
7202752990,4043
7202761633,1856
7202765116,6370
7202765847,1353
7202766707,2784
7202779349,258
7202788336,2614
7202788508,2444
7202912850,20354
7202912871,4085
7202922202,1289
7202933812,5868
7202946669,4299
7202983047,5921
7203100000,0
7203105819,2624
7203109150,24352
7203109947,2845
7203112699,14776
7203113086,10716
7203114333,1012
7203114763,2255
7203115709,1556
7203151571,23518
7203173286,45522
7203175479,14235
7203177973,1389
7203183735,7404
7203315236,2656
7203358451,19811
7203507238,2237
7203515537,13546
7203515752,591
7203516913,887
7203522718,146
7203522761,36
7203528093,206
7203531834,1794
7203537854,84
7203537897,272
7203541638,138
7203552087,577
7203552130,1022
7203554452,4062
7203560300,248
7203560644,61
7203561676,283
7203567051,1173
7203569459,6178
7203580854,359
7203582746,3385
7203585498,3632
7203700000,0
7203715967,2980
7203717644,1527
7203723019,149
7203732178,8
7203748260,3239
7203767825,1201
7203769846,587
7203774490,1304
7203917730,1304
7203917816,1736
7203920568,1884
7203929684,2078
7203934285,1937
7203937338,3919
7203961375,2223
7203964170,997
7203982961,727
7204103755,5717
7204106722,5404
7204107281,3011
7204116010,3183
7204117417,6432
7204118117,882
7204134930,1721
7204154495,817
7204168341,4036
7204169502,2582
7204169889,672
7204175006,39
7204180725,3953
7204182789,1194
7204318762,5591
7204318848,365
7204322933,3197
7204334371,1149
7204347056,3338
7204358021,2588
7204360085,4713
7204360687,340
7204366062,574
7204376253,10756
7204377801,1387
7204515666,1555
7204516397,317
7204519708,3339
7204523879,2264
7204556301,1719
7204559010,4106
7204562020,2349
7204571265,1956
7204585412,1106
7204700143,1380
7204717945,5264
7204720826,2517
7204722288,1502
7204724094,2693
7204748905,0
7204750066,2695
7204756516,1617
7204757677,4566
7204758107,5408
7204758322,1359
7204759096,2746
7204764557,2697
7204922632,401
7204928566,867
7204929426,13
7204963396,78
7204963439,28
7204976382,0
7205100000,0
7205124051,699
7205127448,4098
7205134758,23572
7205148819,5557
7205149808,0
7205171480,1884
7205309732,650
7205323406,1002
7205328007,10884
7205328695,3466
7205356344,751
7205367223,8986
7205367868,3217
7205370233,1489
7205379779,1044
7205428996,11532
7205500000,0
7205503454,18
7205512785,1446
7205514032,1266
7205518246,1475
7205526760,1067
7205531232,2394
7205554022,2584
7205581112,2605
7205700000,0
7205701691,6406
7205710549,2692
7205714075,514
7205714161,222
7205730845,1019
7205732264,12411
7205738714,6600
7205748217,3828
7205758494,597
7205764256,1009
7205900000,0
7205905905,976
7205907840,882
7205915795,7
7205920052,756
7205932350,2730
7205936220,2692
7205937252,78
7205937381,717
7205945852,287
7205948088,1161
7205948518,3437
7205960128,137
7205962708,851
7205967438,225
7205967696,1622
7205972813,143
7205980209,440
7206111280,3791
7206129469,31928
7206131490,2653
7206132565,3469
7206133726,3952
7206149593,2987
7206165073,22080
7206169717,2232
7206179048,15551
7206180510,735
7206316483,3264
7206332866,1109
7206333769,8876
7206337295,1281
7206337424,1542
7206349636,4187
7206351786,705
7206356473,8818
7206367524,547
7206369545,9899
7206500000,0
7206501347,2967
7206507066,2308
7206509216,2265
7206511624,4514
7206513688,3621
7206514677,7891
7206520525,5096
7206533339,5047
7206533382,1827
7206556086,2621
7206707453,0
7206731060,5093
7206735075,4217
7206735102,917
7206737768,1263
7206745035,3951
7206900000,0
7206903239,2709
7206909302,3278
7206912570,6233
7206912656,2392
7206915279,3058
7206919106,2040
7206935575,3473
7206948002,6157
7206949507,2048
7206950883,2962
7206966535,3538
7206969975,6226
7206981800,5986
7207100000,0
7207103669,4882
7207103712,2363
7207104805,324
7207107324,6160
7207121084,3158
7207129899,933
7207129985,2183
7207132092,1703
7207132737,3134
7207136521,6649
7207138757,2912
7207145809,1749
7207154925,5193
7207162407,1547
7207318676,1482
7207319192,1497
7207338198,0
7207338413,800
7207338542,3705
7207349937,1783
7207361461,98
7207371007,929
7207374748,555
7207385670,3358
7207388465,359
7207500000,0
7207502551,4694
7207510979,2537
7207513903,3525
7207518504,3980
7207519278,1148
7207526588,0
7207531920,4705
7207536994,3729
7207539015,3529
7207546712,731
7207570749,1903
7207570835,2293
7207573845,7280
7207582316,6102
7207710678,1904
7207716311,9511
7207716354,4633
7207732952,3840
7207732995,1041
7207739617,1895
7207745723,6595
7207749679,3456
7207784810,2956
7207784853,998
7207900000,0
7207912398,2916
7207921041,1388
7207940993,2395
7207941036,462
7207941165,1931
7207945981,885
7207958193,4350
7207959526,2017
7207959569,413
7207962579,2025
7207974318,2498
7207979091,1755
7208106378,1845
7208109517,2930
7208111022,4844
7208127319,1365
7208142541,2715
7208142584,3215
7208144777,1351
7208153721,654
7208161418,235
7208161848,4614
7208164600,3686
7208171609,401
7208302379,18
7208303110,948
7208308829,343
7208309345,557
7208317386,538
7208317472,74
7208327362,140
7208329770,1328
7208343831,317
7208350539,837
7208350582,273
7208350600,2200
7208355957,458
7208357892,404
7208366621,36
7208370663,273
7208508141,1982
7208516096,1851
7208519321,4881
7208526158,4354
7208544433,1412
7208554710,8730
7208566793,4336
7208581843,7405
7208700000,0
7208713043,5972
7208746411,2807
7208752732,5688
7208752775,6428
7208783090,83
7208783133,1790
7208900000,0
7208939316,490
7208947830,933
7208949980,2468
7208951872,7909
7208962364,3765
7208973071,1967
7209100000,0
7209104873,1678
7209104916,476
7209121342,10090
7209121471,8188
7209150195,3725
7209170319,1275
7209170362,2632
7209182230,3369
7209182273,7510
7209308872,0
7209336091,1053
7209336134,402
7209336156,270
7209351313,645
7209351399,1572
7209354753,1046
7209500000,0
7209511108,802
7209526545,3840
7209545766,547
7209552173,80
7209552216,92
7209552302,308
7209559182,1229
7209566836,1886
7209581370,1264
7209583798,351
7209700000,0
7209701820,5377
7209706464,700
7209731103,5433
7209736650,7
7209739101,607
7209745250,1071
7209745551,621
7209749378,703
7209752474,19987
7209752560,4349
7209753420,4029
7209754796,417
7209756000,534
7209767352,3595
7209768126,1988
7209770792,1799
7209770878,1190
7209771308,2703
7209772340,1315
7209772899,10865
7209774361,3538
7209900229,3138
7209913602,3313
7209916698,831
7209917257,2731
7209921858,1001
7209922331,2646
7209951184,1959
7209956387,2492
7209962622,2456
7209964643,8826
7209971953,3688
7209987648,4343
7210105260,5050
7210122374,1743
7210129598,2906
7210154538,2784
7210155140,610
7210155183,2956
7210155226,3762
7210160214,850
7210161160,1435
7210171050,443
7210176984,1636
7210183219,476
7210183993,3118
7210184638,628
7210300000,0
7210323105,1424
7210324438,1982
7210335489,3384
7210349163,1169
7210350969,1154
7210355871,1641
7210360988,3942
7210369803,4595
7210370491,3179
7210379521,584
7210500315,3382
7210503153,5386
7210515838,4279
7210515881,4047
7210530673,2796
7210546755,4415
7210556172,881
7210556817,4124
7210701433,60
7210706335,2055
7210706507,1785
7210706550,1031
7210707625,611
7210708614,3433
7210710205,294
7210719364,110
7210723234,424
7210723277,875
7210730501,2185
7210751829,105
7210757333,2483
7210757376,913
7210760816,196
7210773114,995
7210775178,3754
7210900000,0
7210903282,660
7210904744,1571
7210910119,2455
7210910162,1012
7210924481,60
7210931705,1481
7210936908,1562
7210937123,325
7210949722,1170
7210951442,687
7210955484,373
7210955699,461
7210960515,1190
7210963740,2089
7210967094,184
7210971695,283
7211100000,0
7211105862,165
7211121127,1359
7211122460,564
7211126631,1019
7211137510,2170
7211148174,788
7211161117,1179
7211167137,3904
7211172770,544
7211179607,4523
7211181499,3236
7211181585,370
7211181628,32
7211300000,0
7211303067,733
7211308786,2755
7211312312,25883
7211312355,15839
7211313946,697
7211317042,3466
7211321256,8133
7211321901,1140
7211331576,710
7211348389,10038
7211348432,10027
7211349034,4842
7211349077,1116
7211350453,190
7211351743,1223
7211354581,177
7211362751,11467
7211364041,3249
7211364084,2399
7211364299,2512
7211367610,738
7211368298,620
7211368900,2190
7211374447,5362
7211375565,8314
7211377242,177
7211379908,4950
7211380080,2297
7211381929,577
7211382058,340
7211385068,599
7211500000,0
7211510076,4784
7211517515,0
7211518934,4625
7211530716,1420
7211568083,3476
7211575823,4457
7211576597,2186
7211581972,2461
7211700000,0
7211704443,1100
7211705948,1337
7211711065,1835
7211721815,1555
7211726846,1182
7211737639,448
7211764686,4410
7211766449,1463
7211769631,1095
7211771093,953
7211900000,0
7211918289,3682
7211918332,17125
7211933081,5915
7211933124,605
7211934543,713
7211938585,1739
7211950023,2510
7211971179,1818
7211988637,11944
7212148346,4455
7212168857,2249
7212169674,2544
7212173587,1178
7212178747,7237
7212181026,2832
7212181327,0
7212183004,1912
7212300000,0
7212301175,11055
7212341681,8184
7212358537,236
7212367911,823
7212371394,2818
7212374920,1963
7212502852,1086
7212510807,2022
7212510850,710
7212521514,392
7212524309,1385
7212524352,724
7212530802,1697
7212534801,253
7212534844,2073
7212550625,1405
7212553248,2611
7212569244,6972
7212572426,252
7212572469,1547
7212572512,832
7212573415,1872
7212573673,2306
7212576210,3142
7212583821,24
7212700000,0
7212710721,17846
7212722847,31545
7212724868,5321
7212730587,38637
7212733984,14003
7212734027,14783
7212734070,7799
7212753893,10551
7212753936,20630
7212757247,26061
7212764729,5410
7212766879,1345
7212774017,26286
7212774060,37402
7212776812,6447
7212779693,66142
7212783348,4180
7212784079,1772
7212915451,1781
7212917300,4968
7212927405,3623
7212928910,4907
7212933425,6011
7212937209,3490
7212966750,3617
7212966922,2452
7212967481,1101
7212968212,3981
7212977070,1500
7213101390,1424
7213102422,787
7213104486,2075
7213110893,2513
7213117902,1075
7213118203,292
7213122804,4007
7213126674,1358
7213130630,534
7213130759,629
7213131791,2985
7213133640,1862
7213135274,4279
7213139488,1415
7213148776,160
7213153334,530
7213161246,836
7213161289,1041
7213161805,1422
7213164213,2892
7213171910,1535
7213175049,2826
7213177543,822
7213180424,1789
7213300000,0
7213307926,1623
7213323492,3005
7213328179,523
7213328222,3755
7213338284,1564
7213338327,4953
7213362794,456
7213378188,4024
7213520267,4169
7213529856,4002
7213555398,21824
7213557548,25723
7213562063,1383
7213566965,2592
7213567180,4368
7213571523,1817
7213582531,442
7213700000,0
7213712484,19922
7213752646,8123
7213759268,204
7213774232,44524
7213782660,266
7213914376,15274
7213922546,16825
7213924137,7723
7213940606,3767
7213967395,3231
7213967653,4826
7213974670,14671
7213983649,771
7214102981,2240
7214103884,1001
7214110291,3325
7214112742,98
7214113387,466
7214113473,161
7214120095,464
7214123922,986
7214131404,529
7214144304,944
7214145594,171
7214149894,1046
7214159827,198
7214170018,240
7214172082,1179
7214173630,1101
7214175092,3467
7214175135,166
7214178231,722
7214179134,0
7214182015,128
7214184552,5151
7214187562,3016
7214187605,822
7214300000,0
7214304830,2519
7214312527,1326
7214318418,1009
7214327534,9810
7214351356,4060
7214352388,169
7214373157,15263
7214385240,765
7214500000,0
7214501734,14695
7214502121,4243
7214502164,2178
7214509775,4138
7214516182,4046
7214517988,24
7214565503,5741
7214565933,1516
7214566019,10093
7214567008,430
7214570104,4157
7214570276,365
7214585369,478
7214588379,1788
7214700000,0
7214728953,4457
7214736564,1025
7214746196,0
7214755312,0
7214765331,862
7214765374,481
7214765675,1253
7214766148,0
7214913430,1141
7214913516,798
7214933855,1362
7214933898,5912
7214984595,4428
7214986874,734
7214986917,1965
7214986960,5216
7215100573,1719
7215110936,5042
7215111452,2431
7215132135,2186
7215137080,2659
7215139359,3462
7215145680,2759
7215162837,4352
7215181886,2673
7215187906,2117
7215300831,208
7215301777,170
7215301949,1184
7215302035,4117
7215305432,5613
7215310764,315
7215319407,367
7215323621,1059
7215324266,657
7215329512,194
7215337037,850
7215356430,571
7215367739,552
7215368814,261
7215371652,320
7215372684,47
7215380166,921
7215381069,2740
7215381155,10586
7215385541,0
7215388078,2261
