zip,geoid,state,res_ratio,tot_ratio
00501,35004,NY,0,1
01431,15764,MA,1,1
01432,15764,MA,1,1
01434,15764,MA,1,1
01450,15764,MA,1,1
01451,15764,MA,1,1
01460,15764,MA,1,1
01462,15764,MA,1,1
01463,15764,MA,1,1
01464,15764,MA,1,1
01469,15764,MA,1,1
01472,15764,MA,0,1
01474,15764,MA,1,1
01503,15764,MA,1,1
01504,14454,MA,1,1
01532,15764,MA,0,1
01701,15764,MA,1,1
01702,15764,MA,1,1
01703,15764,MA,1,1
01704,15764,MA,1,1
01718,15764,MA,1,1
01719,15764,MA,1,1
01720,15764,MA,1,1
01721,15764,MA,1,1
01730,15764,MA,1,1
01731,15764,MA,1,1
01741,15764,MA,1,1
01742,15764,MA,1,1
01746,14454,MA,0.000455,0.000398
01746,15764,MA,0.999545,0.999602
01748,15764,MA,1,1
01749,15764,MA,1,1
01752,15764,MA,1,1
01754,15764,MA,1,1
01756,14454,MA,1,1
01760,15764,MA,0.998683,0.998897
01760,14454,MA,0.001317,0.001103
01770,15764,MA,1,1
01773,15764,MA,1,1
01775,15764,MA,1,1
01776,15764,MA,1,1
01778,15764,MA,1,1
01784,15764,MA,0,1
01801,15764,MA,1,1
01803,15764,MA,1,1
01805,15764,MA,0,1
01810,15764,MA,1,1
01812,15764,MA,0,1
01821,15764,MA,1,1
01822,15764,MA,1,1
01824,15764,MA,1,1
01826,15764,MA,1,1
01827,15764,MA,1,1
01830,15764,MA,1,1
01831,15764,MA,1,1
01832,15764,MA,1,1
01833,15764,MA,1,1
01834,15764,MA,1,1
01835,15764,MA,1,1
01840,15764,MA,1,1
01841,15764,MA,1,1
01842,15764,MA,1,1
01843,15764,MA,1,1
01844,15764,MA,1,1
01845,15764,MA,1,1
01850,15764,MA,1,1
01851,15764,MA,1,1
01852,15764,MA,1,1
01853,15764,MA,1,1
01854,15764,MA,1,1
01860,15764,MA,1,1
01862,15764,MA,1,1
01863,15764,MA,1,1
01864,15764,MA,1,1
01865,15764,MA,1,1
01866,15764,MA,0,1
01867,15764,MA,1,1
01876,15764,MA,1,1
01879,15764,MA,1,1
01880,15764,MA,1,1
01885,15764,MA,0,1
01886,15764,MA,1,1
01887,15764,MA,1,1
01888,15764,MA,1,1
01889,15764,MA,0,1
01890,15764,MA,1,1
01899,15764,MA,0,1
01901,15764,MA,1,1
01902,15764,MA,1,1
01903,15764,MA,1,1
01904,15764,MA,1,1
01905,15764,MA,1,1
01906,14454,MA,0.00008,0.000568
01906,15764,MA,0.99992,0.999432
01907,15764,MA,1,1
01908,15764,MA,1,1
01910,15764,MA,0,1
01913,15764,MA,1,1
01915,15764,MA,1,1
01921,15764,MA,1,1
01922,15764,MA,1,1
01923,15764,MA,1,1
01929,15764,MA,1,1
01930,15764,MA,1,1
01931,15764,MA,1,1
01936,15764,MA,1,1
01937,15764,MA,1,1
01938,15764,MA,1,1
01940,15764,MA,1,1
01944,15764,MA,1,1
01945,15764,MA,1,1
01949,15764,MA,1,1
01950,15764,MA,1,1
01951,15764,MA,1,1
01952,15764,MA,1,1
01960,15764,MA,1,1
01961,15764,MA,1,1
01965,15764,MA,1,1
01966,15764,MA,1,1
01969,15764,MA,1,1
01970,15764,MA,1,1
01971,15764,MA,1,1
01982,15764,MA,1,1
01983,15764,MA,1,1
01984,15764,MA,1,1
01985,15764,MA,1,1
02018,14454,MA,1,1
02019,14454,MA,1,1
02020,14454,MA,1,1
02021,14454,MA,1,1
02025,14454,MA,1,1
02026,14454,MA,1,1
02027,14454,MA,1,1
02030,15764,MA,0.002246,0.002123
02030,14454,MA,0.997754,0.997877
02032,14454,MA,1,1
02035,14454,MA,1,1
02038,14454,MA,1,1
02041,14454,MA,1,1
02043,14454,MA,1,1
02044,14454,MA,0,1
02045,14454,MA,1,1
02047,14454,MA,1,1
02048,14454,MA,1,1
02050,14454,MA,1,1
02051,14454,MA,1,1
02052,14454,MA,1,1
02053,14454,MA,0.998922,0.999018
02053,15764,MA,0.001078,0.000982
02054,15764,MA,0.004005,0.003636
02054,14454,MA,0.995995,0.996364
02056,14454,MA,1,1
02059,14454,MA,0,1
02060,14454,MA,1,1
02061,14454,MA,1,1
02062,14454,MA,1,1
02065,14454,MA,1,1
02066,14454,MA,1,1
02067,14454,MA,1,1
02070,14454,MA,0,1
02071,14454,MA,1,1
02072,14454,MA,1,1
02081,14454,MA,1,1
02090,14454,MA,1,1
02093,14454,MA,1,1
02108,14454,MA,1,1
02109,14454,MA,1,1
02110,14454,MA,1,1
02111,14454,MA,1,1
02112,14454,MA,1,1
02113,14454,MA,1,1
02114,14454,MA,1,1
02115,14454,MA,1,1
02116,14454,MA,1,1
02117,14454,MA,1,1
02118,14454,MA,1,1
02119,14454,MA,1,1
02120,14454,MA,1,1
02121,14454,MA,1,1
02122,14454,MA,1,1
02123,14454,MA,1,1
02124,14454,MA,1,1
02125,14454,MA,1,1
02126,14454,MA,1,1
02127,14454,MA,1,1
02128,14454,MA,1,1
02129,14454,MA,0.999508,0.999606
02129,15764,MA,0.000492,0.000394
02130,14454,MA,1,1
02131,14454,MA,1,1
02132,14454,MA,1,1
02133,14454,MA,0,1
02134,14454,MA,1,1
02135,14454,MA,1,1
02136,14454,MA,1,1
02137,14454,MA,1,1
02138,15764,MA,1,1
02139,15764,MA,1,1
02140,15764,MA,1,1
02141,15764,MA,1,1
02142,15764,MA,1,1
02143,15764,MA,1,1
02144,15764,MA,1,1
02145,15764,MA,1,1
02148,14454,MA,0.005254,0.005898
02148,15764,MA,0.994746,0.994102
02149,14454,MA,0.033579,0.030337
02149,15764,MA,0.966421,0.969663
02150,15764,MA,0.004823,0.006095
02150,14454,MA,0.995177,0.993905
02151,14454,MA,1,1
02152,14454,MA,1,1
02155,15764,MA,1,1
02163,14454,MA,1,1
02169,14454,MA,1,1
02170,14454,MA,1,1
02171,14454,MA,1,1
02176,15764,MA,1,1
02180,15764,MA,1,1
02184,14454,MA,1,1
02185,14454,MA,1,1
02186,14454,MA,1,1
02188,14454,MA,1,1
02189,14454,MA,1,1
02190,14454,MA,1,1
02191,14454,MA,1,1
02196,14454,MA,1,1
02199,14454,MA,1,1
02201,14454,MA,0,1
02203,14454,MA,1,1
02205,14454,MA,1,1
02210,14454,MA,1,1
02215,14454,MA,1,1
02217,14454,MA,0,1
02222,14454,MA,0,1
02238,15764,MA,1,1
02269,14454,MA,1,1
02301,14454,MA,1,1
02302,14454,MA,1,1
02303,14454,MA,1,1
02304,14454,MA,1,1
02305,14454,MA,1,1
02322,14454,MA,1,1
02324,14454,MA,1,1
02325,14454,MA,0,1
02327,14454,MA,1,1
02330,14454,MA,1,1
02331,14454,MA,1,1
02332,14454,MA,1,1
02333,14454,MA,1,1
02337,14454,MA,0,1
02338,14454,MA,1,1
02339,14454,MA,1,1
02341,14454,MA,1,1
02343,14454,MA,1,1
02344,14454,MA,0,1
02345,14454,MA,1,1
02346,14454,MA,1,1
02347,14454,MA,1,1
02348,14454,MA,0,1
02349,14454,MA,0,1
02350,14454,MA,1,1
02351,14454,MA,1,1
02355,14454,MA,0,1
02356,14454,MA,1,1
02358,14454,MA,0,1
02359,14454,MA,1,1
02360,14454,MA,1,1
02361,14454,MA,1,1
02362,14454,MA,1,1
02364,14454,MA,1,1
02366,14454,MA,0,1
02367,14454,MA,1,1
02368,14454,MA,1,1
02370,14454,MA,1,1
02375,14454,MA,1,1
02379,14454,MA,1,1
02381,14454,MA,0,1
02382,14454,MA,1,1
02420,15764,MA,1,1
02421,15764,MA,1,1
02445,14454,MA,1,1
02446,14454,MA,1,1
02447,14454,MA,1,1
02451,15764,MA,1,1
02452,15764,MA,1,1
02453,15764,MA,1,1
02454,15764,MA,1,1
02455,15764,MA,1,1
02458,14454,MA,0.004404,0.008192
02458,15764,MA,0.995596,0.991808
02459,15764,MA,1,1
02460,15764,MA,1,1
02461,15764,MA,1,1
02462,15764,MA,1,1
02464,15764,MA,1,1
02465,15764,MA,1,1
02466,15764,MA,1,1
02467,15764,MA,0.338123,0.348238
02467,14454,MA,0.661877,0.651762
02468,15764,MA,1,1
02471,15764,MA,1,1
02472,15764,MA,1,0.999668
02472,14454,MA,0,0.000332
02474,15764,MA,1,1
02476,15764,MA,1,1
02477,15764,MA,0,1
02478,15764,MA,1,1
02481,14454,MA,0.99949,0.999777
02481,15764,MA,0.00051,0.000223
02482,14454,MA,1,1
02492,14454,MA,1,1
02493,15764,MA,1,1
02494,14454,MA,1,1
02532,14454,MA,1,1
02538,14454,MA,1,1
02558,14454,MA,1,1
02571,14454,MA,1,1
02576,14454,MA,1,1
02702,14454,MA,1,1
02738,14454,MA,1,1
02739,14454,MA,1,1
02760,14454,MA,1,1
02762,14454,MA,1,1
02767,14454,MA,1,1
02770,14454,MA,1,1
02779,14454,MA,1,1
03032,40484,NH,1,1
03034,40484,NH,1,1
03036,40484,NH,1,1
03037,40484,NH,1,1
03038,40484,NH,1,1
03041,40484,NH,0,1
03042,40484,NH,1,1
03044,40484,NH,1,1
03053,40484,NH,1,1
03073,40484,NH,1,1
03076,40484,NH,1,1
03077,40484,NH,1,1
03079,40484,NH,1,1
03087,40484,NH,1,1
03103,40484,NH,1,1
03104,40484,NH,1,1
03261,40484,NH,1,1
03290,40484,NH,1,1
03291,40484,NH,1,1
03801,40484,NH,1,1
03802,40484,NH,1,1
03803,40484,NH,0,1
03809,40484,NH,1,1
03811,40484,NH,1,1
03815,40484,NH,1,1
03819,40484,NH,1,1
03820,40484,NH,1,1
03821,40484,NH,1,1
03822,40484,NH,0,1
03823,40484,NH,1,1
03824,40484,NH,1,1
03825,40484,NH,1,1
03826,40484,NH,1,1
03827,40484,NH,1,1
03833,40484,NH,1,1
03835,40484,NH,1,1
03839,40484,NH,1,1
03840,40484,NH,1,1
03841,40484,NH,1,1
03842,40484,NH,1,1
03843,40484,NH,1,1
03844,40484,NH,1,1
03848,40484,NH,1,1
03851,40484,NH,1,1
03852,40484,NH,1,1
03854,40484,NH,1,1
03855,40484,NH,1,1
03856,40484,NH,1,1
03857,40484,NH,1,1
03858,40484,NH,1,1
03859,40484,NH,0,1
03861,40484,NH,1,1
03862,40484,NH,1,1
03865,40484,NH,1,1
03866,40484,NH,1,1
03867,40484,NH,1,1
03868,40484,NH,1,1
03869,40484,NH,1,1
03870,40484,NH,1,1
03871,40484,NH,1,1
03873,40484,NH,1,1
03874,40484,NH,1,1
03878,40484,NH,1,1
03884,40484,NH,1,1
03885,40484,NH,1,1
03887,40484,NH,1,1
05501,15764,MA,0,1
06390,35004,NY,0,1
07001,35084,NJ,0,0.000995
07001,29484,NJ,1,0.999005
07002,35614,NJ,1,1
07003,35084,NJ,1,1
07004,35084,NJ,1,1
07005,35084,NJ,1,1
07006,35614,NJ,0.001816,0.002179
07006,35084,NJ,0.998184,0.997821
07007,35084,NJ,1,1
07008,29484,NJ,1,1
07009,35084,NJ,0.999821,0.999364
07009,35614,NJ,0.000179,0.000636
07010,35614,NJ,1,1
07011,35614,NJ,1,1
07012,35614,NJ,1,1
07013,35614,NJ,1,1
07014,35614,NJ,1,1
07015,35614,NJ,1,1
07016,35084,NJ,1,1
07017,35084,NJ,1,1
07018,35084,NJ,1,1
07019,35084,NJ,1,1
07020,35614,NJ,1,1
07021,35084,NJ,1,1
07022,35614,NJ,1,1
07023,35084,NJ,1,1
07024,35614,NJ,1,1
07026,35614,NJ,1,1
07027,35084,NJ,1,1
07028,35084,NJ,1,1
07029,35614,NJ,1,1
07030,35614,NJ,1,1
07031,35614,NJ,1,1
07032,35614,NJ,1,1
07033,35084,NJ,1,1
07034,35084,NJ,1,1
07035,35084,NJ,1,1
07036,35084,NJ,1,1
07039,35084,NJ,1,1
07040,35084,NJ,1,1
07041,35084,NJ,1,1
07042,35084,NJ,1,1
07043,35614,NJ,0.033174,0.03014
07043,35084,NJ,0.966826,0.96986
07044,35084,NJ,1,1
07045,35084,NJ,1,1
07046,35084,NJ,1,1
07047,35614,NJ,1,1
07050,35084,NJ,1,1
07051,35084,NJ,1,1
07052,35084,NJ,1,1
07054,35084,NJ,1,1
07055,35614,NJ,1,1
07057,35614,NJ,1,1
07058,35084,NJ,1,1
07059,29484,NJ,1,1
07060,35084,NJ,0.606888,0.620565
07060,29484,NJ,0.393112,0.379435
07061,35084,NJ,1,1
07062,29484,NJ,0.088329,0.07849
07062,35084,NJ,0.911671,0.92151
07063,29484,NJ,0.296089,0.272887
07063,35084,NJ,0.703911,0.727113
07064,29484,NJ,1,1
07065,29484,NJ,0.000447,0.001301
07065,35084,NJ,0.999553,0.998699
07066,29484,NJ,0,0.000124
07066,35084,NJ,1,0.999876
07067,29484,NJ,0.998713,0.998796
07067,35084,NJ,0.001287,0.001204
07068,35084,NJ,1,1
07069,29484,NJ,1,1
07070,35614,NJ,1,1
07071,35614,NJ,1,1
07072,35614,NJ,1,1
07073,35614,NJ,1,1
07074,35614,NJ,1,1
07075,35614,NJ,1,1
07076,35084,NJ,1,0.999642
07076,29484,NJ,0,0.000358
07077,29484,NJ,1,1
07078,35084,NJ,1,1
07079,35084,NJ,1,1
07080,29484,NJ,1,1
07081,35084,NJ,1,1
07082,35084,NJ,1,1
07083,35084,NJ,1,1
07086,35614,NJ,1,1
07087,35614,NJ,1,1
07088,35084,NJ,1,1
07090,35084,NJ,1,1
07091,35084,NJ,1,1
07092,35084,NJ,1,1
07093,35614,NJ,1,1
07094,35614,NJ,1,1
07095,29484,NJ,1,1
07096,35614,NJ,1,1
07097,35614,NJ,0,1
07099,35614,NJ,0,1
07101,35084,NJ,1,1
07102,35084,NJ,1,1
07103,35084,NJ,1,1
07104,35084,NJ,1,1
07105,35084,NJ,1,1
07106,35084,NJ,1,1
07107,35084,NJ,1,1
07108,35084,NJ,1,1
07109,35084,NJ,1,1
07110,35084,NJ,0.994709,0.995411
07110,35614,NJ,0.005291,0.004589
07111,35084,NJ,1,1
07112,35084,NJ,1,1
07114,35084,NJ,1,1
07175,35084,NJ,0,1
07201,35084,NJ,1,1
07202,35084,NJ,1,1
07203,35084,NJ,1,1
07204,35084,NJ,1,1
07205,35084,NJ,1,1
07206,35084,NJ,1,1
07207,35084,NJ,1,1
07208,35084,NJ,1,1
07302,35614,NJ,1,1
07303,35614,NJ,1,1
07304,35614,NJ,1,1
07305,35614,NJ,1,1
07306,35614,NJ,1,1
07307,35614,NJ,1,1
07310,35614,NJ,1,1
07311,35614,NJ,1,1
07399,35614,NJ,0,1
07401,35614,NJ,1,1
07403,35614,NJ,1,1
07405,35084,NJ,1,1
07407,35614,NJ,1,1
07410,35614,NJ,1,1
07416,35084,NJ,1,1
07417,35614,NJ,1,1
07418,35084,NJ,1,1
07419,35084,NJ,1,1
07420,35614,NJ,1,1
07421,35614,NJ,0.991618,0.987622
07421,35084,NJ,0.008382,0.012378
07422,35084,NJ,1,1
07423,35614,NJ,1,1
07424,35084,NJ,0.000672,0.000549
07424,35614,NJ,0.999328,0.999451
07428,35084,NJ,1,1
07430,35614,NJ,1,1
07432,35614,NJ,1,1
07435,35084,NJ,0.549915,0.571333
07435,35614,NJ,0.450085,0.428667
07436,35614,NJ,1,1
07438,35084,NJ,0.893676,0.888205
07438,35614,NJ,0.106324,0.111795
07439,35084,NJ,1,1
07440,35084,NJ,1,1
07442,35614,NJ,1,1
07444,35084,NJ,1,1
07446,35614,NJ,1,1
07450,35614,NJ,1,1
07451,35614,NJ,1,1
07452,35614,NJ,1,1
07456,35614,NJ,1,1
07457,35084,NJ,1,1
07458,35614,NJ,1,1
07460,35084,NJ,0.974112,0.974144
07460,35614,NJ,0.025888,0.025856
07461,35084,NJ,1,1
07462,35084,NJ,1,1
07463,35614,NJ,1,1
07465,35614,NJ,1,1
07470,35614,NJ,1,1
07474,35614,NJ,1,1
07480,35614,NJ,1,1
07481,35614,NJ,1,1
07495,35614,NJ,1,1
07501,35614,NJ,1,1
07502,35614,NJ,1,1
07503,35614,NJ,1,1
07504,35614,NJ,1,1
07505,35614,NJ,1,1
07506,35614,NJ,1,1
07507,35614,NJ,1,1
07508,35614,NJ,1,1
07509,35614,NJ,1,1
07510,35614,NJ,0,1
07511,35614,NJ,1,1
07512,35614,NJ,1,1
07513,35614,NJ,1,1
07514,35614,NJ,1,1
07522,35614,NJ,1,1
07524,35614,NJ,1,1
07538,35614,NJ,1,1
07543,35614,NJ,1,1
07544,35614,NJ,1,1
07601,35614,NJ,1,1
07602,35614,NJ,1,1
07603,35614,NJ,1,1
07604,35614,NJ,1,1
07605,35614,NJ,1,1
07606,35614,NJ,1,1
07607,35614,NJ,1,1
07608,35614,NJ,1,1
07620,35614,NJ,1,1
07621,35614,NJ,1,1
07624,35614,NJ,1,1
07626,35614,NJ,1,1
07627,35614,NJ,1,1
07628,35614,NJ,1,1
07630,35614,NJ,1,1
07631,35614,NJ,1,1
07632,35614,NJ,1,1
07640,35614,NJ,1,1
07641,35614,NJ,1,1
07642,35614,NJ,1,1
07643,35614,NJ,1,1
07644,35614,NJ,1,1
07645,35614,NJ,1,1
07646,35614,NJ,1,1
07647,35614,NJ,1,1
07648,35614,NJ,1,1
07649,35614,NJ,1,1
07650,35614,NJ,1,1
07652,35614,NJ,1,1
07653,35614,NJ,1,1
07656,35614,NJ,1,1
07657,35614,NJ,1,1
07660,35614,NJ,1,1
07661,35614,NJ,1,1
07662,35614,NJ,1,1
07663,35614,NJ,1,1
07666,35614,NJ,1,1
07670,35614,NJ,1,1
07675,35614,NJ,1,1
07676,35614,NJ,1,1
07677,35614,NJ,1,1
07699,35614,NJ,0,1
07701,29484,NJ,1,1
07702,29484,NJ,1,1
07704,29484,NJ,1,1
07710,29484,NJ,1,1
07711,29484,NJ,1,1
07712,29484,NJ,1,1
07716,29484,NJ,1,1
07717,29484,NJ,1,1
07718,29484,NJ,1,1
07719,29484,NJ,1,1
07720,29484,NJ,1,1
07721,29484,NJ,1,1
07722,29484,NJ,1,1
07723,29484,NJ,1,1
07724,29484,NJ,1,1
07726,29484,NJ,1,1
07727,29484,NJ,1,1
07728,29484,NJ,1,1
07730,29484,NJ,1,1
07731,29484,NJ,1,1
07732,29484,NJ,1,1
07733,29484,NJ,1,1
07734,29484,NJ,1,1
07735,29484,NJ,1,1
07737,29484,NJ,1,1
07738,29484,NJ,1,1
07739,29484,NJ,1,1
07740,29484,NJ,1,1
07746,29484,NJ,1,1
07747,29484,NJ,1,1
07748,29484,NJ,1,1
07750,29484,NJ,1,1
07751,29484,NJ,1,1
07752,29484,NJ,1,1
07753,29484,NJ,1,1
07754,29484,NJ,1,1
07755,29484,NJ,1,1
07756,29484,NJ,1,1
07757,29484,NJ,1,1
07758,29484,NJ,1,1
07760,29484,NJ,1,1
07762,29484,NJ,1,1
07763,29484,NJ,1,1
07764,29484,NJ,1,1
07765,29484,NJ,0,1
07799,29484,NJ,0,1
07801,35084,NJ,1,1
07802,35084,NJ,1,1
07803,35084,NJ,1,1
07806,35084,NJ,0,1
07821,35084,NJ,1,1
07822,35084,NJ,1,1
07825,35084,NJ,1,1
07826,35084,NJ,1,1
07827,35084,NJ,1,1
07828,35084,NJ,1,1
07830,35084,NJ,1,1
07831,35084,NJ,1,1
07832,35084,NJ,1,1
07834,35084,NJ,1,1
07836,35084,NJ,1,1
07837,35084,NJ,0,1
07839,35084,NJ,0,1
07840,35084,NJ,1,1
07842,35084,NJ,1,1
07843,35084,NJ,1,1
07845,35084,NJ,0,1
07847,35084,NJ,1,1
07848,35084,NJ,1,1
07849,35084,NJ,1,1
07850,35084,NJ,1,1
07851,35084,NJ,1,1
07852,35084,NJ,1,1
07853,35084,NJ,1,1
07855,35084,NJ,0,1
07856,35084,NJ,1,1
07857,35084,NJ,1,1
07860,35084,NJ,1,1
07865,35084,NJ,1,1
07866,35084,NJ,1,1
07869,35084,NJ,1,1
07870,35084,NJ,0,1
07871,35084,NJ,1,1
07874,35084,NJ,1,1
07875,35084,NJ,0,1
07876,35084,NJ,1,1
07877,35084,NJ,0,1
07878,35084,NJ,1,1
07879,35084,NJ,0,1
07882,35084,NJ,1,1
07885,35084,NJ,1,1
07890,35084,NJ,0,1
07901,35084,NJ,1,1
07902,35084,NJ,1,1
07920,35084,NJ,0.014619,0.015031
07920,29484,NJ,0.985381,0.984969
07921,29484,NJ,1,1
07922,29484,NJ,0.002421,0.002095
07922,35084,NJ,0.997579,0.997905
07924,35084,NJ,0.000595,0.000461
07924,29484,NJ,0.999405,0.999539
07926,35084,NJ,1,1
07927,35084,NJ,1,1
07928,35084,NJ,1,1
07930,35084,NJ,1,1
07931,35084,NJ,0.177801,0.160982
07931,29484,NJ,0.822199,0.839018
07932,35084,NJ,1,1
07933,35084,NJ,1,1
07934,35084,NJ,0.006612,0.005865
07934,29484,NJ,0.993388,0.994135
07935,35084,NJ,1,1
07936,35084,NJ,1,1
07938,29484,NJ,0,1
07939,29484,NJ,0,1
07940,35084,NJ,1,1
07945,35084,NJ,1,1
07946,35084,NJ,1,1
07950,35084,NJ,1,1
07960,35084,NJ,1,1
07961,35084,NJ,1,1
07962,35084,NJ,1,1
07963,35084,NJ,1,1
07970,35084,NJ,1,1
07974,35084,NJ,1,1
07976,35084,NJ,1,1
07977,29484,NJ,1,1
07978,29484,NJ,0,1
07979,35084,NJ,1,1
07980,35084,NJ,1,1
07981,35084,NJ,1,1
08001,48864,NJ,1,1
08002,15804,NJ,1,1
08003,15804,NJ,1,1
08004,15804,NJ,1,1
08005,29484,NJ,1,1
08006,29484,NJ,1,1
08007,15804,NJ,1,1
08008,29484,NJ,1,1
08009,15804,NJ,1,1
08010,15804,NJ,1,1
08011,15804,NJ,0,1
08012,15804,NJ,1,1
08014,15804,NJ,1,1
08015,15804,NJ,1,1
08016,15804,NJ,1,1
08018,15804,NJ,0,1
08019,15804,NJ,1,1
08020,15804,NJ,1,1
08021,15804,NJ,1,1
08022,15804,NJ,1,1
08023,48864,NJ,1,1
08025,15804,NJ,0,1
08026,15804,NJ,1,1
08027,15804,NJ,1,1
08028,15804,NJ,1,1
08029,15804,NJ,1,1
08030,15804,NJ,1,1
08031,15804,NJ,1,1
08032,15804,NJ,1,1
08033,15804,NJ,1,1
08034,15804,NJ,1,1
08035,15804,NJ,1,1
08036,15804,NJ,1,1
08037,15804,NJ,1,1
08038,48864,NJ,1,1
08039,15804,NJ,1,1
08041,15804,NJ,1,1
08042,15804,NJ,0,1
08043,15804,NJ,1,1
08045,15804,NJ,1,1
08046,15804,NJ,1,1
08048,15804,NJ,1,1
08049,15804,NJ,1,1
08050,29484,NJ,1,1
08051,15804,NJ,1,1
08052,15804,NJ,1,1
08053,15804,NJ,1,1
08054,15804,NJ,1,1
08055,15804,NJ,1,1
08056,15804,NJ,1,1
08057,15804,NJ,1,1
08059,15804,NJ,1,1
08060,15804,NJ,1,1
08061,15804,NJ,1,1
08062,15804,NJ,1,1
08063,15804,NJ,1,1
08064,15804,NJ,1,1
08065,15804,NJ,1,1
08066,15804,NJ,1,1
08067,48864,NJ,1,1
08068,15804,NJ,1,1
08069,48864,NJ,1,1
08070,48864,NJ,1,1
08071,15804,NJ,1,1
08072,48864,NJ,1,1
08073,15804,NJ,1,1
08074,15804,NJ,0,1
08075,15804,NJ,1,1
08077,15804,NJ,1,1
08078,15804,NJ,1,1
08079,48864,NJ,1,1
08080,15804,NJ,1,1
08081,15804,NJ,1,1
08083,15804,NJ,1,1
08084,15804,NJ,1,1
08085,48864,NJ,0.006061,0.005615
08085,15804,NJ,0.993939,0.994385
08086,15804,NJ,1,1
08087,15804,NJ,0.036187,0.037385
08087,29484,NJ,0.963813,0.962615
08088,15804,NJ,1,1
08089,15804,NJ,1,1
08090,15804,NJ,1,1
08091,15804,NJ,1,1
08092,29484,NJ,1,1
08093,15804,NJ,1,1
08094,15804,NJ,1,1
08095,15804,NJ,0,1
08096,15804,NJ,1,1
08097,15804,NJ,1,1
08098,48864,NJ,0.998028,0.998181
08098,15804,NJ,0.001972,0.001819
08099,15804,NJ,1,1
08101,15804,NJ,1,1
08102,15804,NJ,1,1
08103,15804,NJ,1,1
08104,15804,NJ,1,1
08105,15804,NJ,1,1
08106,15804,NJ,1,1
08107,15804,NJ,1,1
08108,15804,NJ,1,1
08109,15804,NJ,1,1
08110,15804,NJ,1,1
08215,15804,NJ,1,1
08224,15804,NJ,1,1
08302,48864,NJ,1,1
08312,15804,NJ,1,1
08318,48864,NJ,1,1
08322,15804,NJ,1,1
08328,15804,NJ,1,1
08343,15804,NJ,0.62987,0.625521
08343,48864,NJ,0.37013,0.374479
08344,15804,NJ,0.926554,0.927138
08344,48864,NJ,0.073446,0.072862
08347,48864,NJ,1,1
08360,15804,NJ,1,1
08501,15804,NJ,0.051594,0.046829
08501,29484,NJ,0.948406,0.953171
08502,29484,NJ,1,1
08504,29484,NJ,0,1
08505,15804,NJ,1,1
08510,29484,NJ,1,1
08511,15804,NJ,1,1
08512,29484,NJ,1,1
08514,29484,NJ,1,1
08515,15804,NJ,1,1
08518,15804,NJ,1,1
08520,29484,NJ,1,1
08525,35084,NJ,0.959459,0.960656
08525,29484,NJ,0.040541,0.039344
08527,29484,NJ,1,1
08528,29484,NJ,1,1
08530,35084,NJ,1,1
08533,15804,NJ,0.003641,0.003474
08533,29484,NJ,0.996359,0.996526
08535,29484,NJ,1,1
08536,29484,NJ,1,1
08540,29484,NJ,1,1
08551,35084,NJ,1,1
08553,29484,NJ,1,1
08554,15804,NJ,1,1
08555,29484,NJ,1,1
08556,35084,NJ,0,1
08557,35084,NJ,0,1
08558,29484,NJ,0.998489,0.998646
08558,35084,NJ,0.001511,0.001354
08559,35084,NJ,1,1
08560,35084,NJ,1,1
08562,15804,NJ,0.997546,0.997765
08562,29484,NJ,0.002454,0.002235
08610,15804,NJ,1,1
08620,15804,NJ,0.998423,0.998563
08620,29484,NJ,0.001577,0.001437
08640,15804,NJ,1,1
08641,15804,NJ,1,1
08691,29484,NJ,1,1
08701,29484,NJ,1,1
08720,29484,NJ,1,1
08721,29484,NJ,1,1
08722,29484,NJ,1,1
08723,29484,NJ,1,1
08724,29484,NJ,1,1
08730,29484,NJ,1,1
08731,29484,NJ,1,1
08732,29484,NJ,1,1
08733,29484,NJ,1,1
08734,29484,NJ,1,1
08735,29484,NJ,1,1
08736,29484,NJ,1,1
08738,29484,NJ,1,1
08739,29484,NJ,1,1
08740,29484,NJ,1,1
08741,29484,NJ,1,1
08742,29484,NJ,1,1
08750,29484,NJ,1,1
08751,29484,NJ,1,1
08752,29484,NJ,1,1
08753,29484,NJ,1,1
08754,29484,NJ,1,1
08755,29484,NJ,1,1
08757,29484,NJ,1,1
08758,29484,NJ,1,1
08759,29484,NJ,0.999835,0.999808
08759,15804,NJ,0.000165,0.000192
08801,35084,NJ,1,1
08802,35084,NJ,1,1
08803,35084,NJ,0,1
08804,35084,NJ,1,1
08805,29484,NJ,1,1
08807,29484,NJ,1,1
08809,35084,NJ,1,1
08810,29484,NJ,1,1
08812,35084,NJ,0.007331,0.006414
08812,29484,NJ,0.992669,0.993586
08816,29484,NJ,1,1
08817,29484,NJ,1,1
08818,29484,NJ,1,1
08820,29484,NJ,1,1
08821,29484,NJ,1,1
08822,35084,NJ,0.99993,0.999942
08822,29484,NJ,0.00007,0.000058
08823,29484,NJ,1,1
08824,29484,NJ,1,1
08825,35084,NJ,1,1
08826,35084,NJ,1,1
08827,35084,NJ,1,1
08828,29484,NJ,1,1
08829,35084,NJ,1,1
08830,29484,NJ,1,1
08831,29484,NJ,1,1
08832,29484,NJ,1,1
08833,35084,NJ,1,1
08835,29484,NJ,1,1
08836,29484,NJ,1,1
08837,29484,NJ,1,1
08840,29484,NJ,1,1
08844,29484,NJ,1,1
08846,29484,NJ,1,1
08848,35084,NJ,1,1
08850,29484,NJ,1,1
08852,29484,NJ,1,1
08853,35084,NJ,0.137454,0.142516
08853,29484,NJ,0.862546,0.857484
08854,29484,NJ,0.999848,0.999902
08854,35084,NJ,0.000152,0.000098
08855,29484,NJ,1,1
08857,29484,NJ,1,1
08858,35084,NJ,1,1
08859,29484,NJ,1,1
08861,29484,NJ,1,1
08862,29484,NJ,1,1
08863,29484,NJ,1,1
08867,35084,NJ,1,1
08868,35084,NJ,0,1
08869,29484,NJ,1,1
08870,35084,NJ,0,1
08872,29484,NJ,1,1
08873,29484,NJ,1,1
08875,29484,NJ,1,1
08876,29484,NJ,0.987663,0.982386
08876,35084,NJ,0.012337,0.017614
08879,29484,NJ,1,1
08880,29484,NJ,1,1
08882,29484,NJ,1,1
08884,29484,NJ,1,1
08885,35084,NJ,0,1
08887,35084,NJ,1,1
08888,35084,NJ,1,1
08889,35084,NJ,0.999041,0.999115
08889,29484,NJ,0.000959,0.000885
08899,29484,NJ,0,1
08901,29484,NJ,1,1
08902,29484,NJ,1,1
08903,29484,NJ,1,1
08904,29484,NJ,1,1
08906,29484,NJ,1,1
08933,29484,NJ,0,1
10001,35614,NY,1,1
10002,35614,NY,1,1
10003,35614,NY,1,1
10004,35614,NY,1,1
10005,35614,NY,1,1
10006,35614,NY,1,1
10007,35614,NY,1,1
10008,35614,NY,1,1
10009,35614,NY,1,1
10010,35614,NY,1,1
10011,35614,NY,1,1
10012,35614,NY,1,1
10013,35614,NY,1,1
10014,35614,NY,1,1
10016,35614,NY,1,1
10017,35614,NY,1,1
10018,35614,NY,1,1
10019,35614,NY,1,1
10020,35614,NY,1,1
10021,35614,NY,1,1
10022,35614,NY,1,1
10023,35614,NY,1,1
10024,35614,NY,1,1
10025,35614,NY,1,1
10026,35614,NY,1,1
10027,35614,NY,1,1
10028,35614,NY,1,1
10029,35614,NY,1,1
10030,35614,NY,1,1
10031,35614,NY,1,1
10032,35614,NY,1,1
10033,35614,NY,1,1
10034,35614,NY,1,1
10035,35614,NY,1,1
10036,35614,NY,1,1
10037,35614,NY,1,1
10038,35614,NY,1,1
10039,35614,NY,1,1
10040,35614,NY,1,1
10041,35614,NY,0,1
10043,35614,NY,0,1
10044,35614,NY,1,1
10045,35614,NY,0,1
10055,35614,NY,0,1
10065,35614,NY,1,1
10069,35614,NY,1,1
10075,35614,NY,1,1
10080,35614,NY,0,1
10081,35614,NY,0,1
10101,35614,NY,1,1
10103,35614,NY,0,1
10104,35614,NY,0,1
10105,35614,NY,0,1
10106,35614,NY,0,1
10107,35614,NY,0,1
10108,35614,NY,1,1
10110,35614,NY,0,1
10111,35614,NY,0,1
10112,35614,NY,0,1
10113,35614,NY,1,1
10115,35614,NY,0,1
10116,35614,NY,1,1
10117,35614,NY,0,1
10118,35614,NY,0,1
10119,35614,NY,0,1
10120,35614,NY,0,1
10121,35614,NY,0,1
10122,35614,NY,0,1
10123,35614,NY,0,1
10124,35614,NY,0,1
10125,35614,NY,0,1
10126,35614,NY,0,1
10128,35614,NY,1,1
10129,35614,NY,1,1
10130,35614,NY,0,1
10131,35614,NY,0,1
10133,35614,NY,0,1
10138,35614,NY,0,1
10150,35614,NY,1,1
10151,35614,NY,0,1
10152,35614,NY,0,1
10153,35614,NY,0,1
10154,35614,NY,0,1
10155,35614,NY,0,1
10156,35614,NY,1,1
10157,35614,NY,0,1
10158,35614,NY,0,1
10159,35614,NY,1,1
10160,35614,NY,0,1
10162,35614,NY,1,1
10163,35614,NY,1,1
10164,35614,NY,0,1
10165,35614,NY,0,1
10166,35614,NY,0,1
10167,35614,NY,0,1
10168,35614,NY,0,1
10169,35614,NY,0,1
10170,35614,NY,0,1
10171,35614,NY,0,1
10172,35614,NY,0,1
10173,35614,NY,0,1
10174,35614,NY,0,1
10175,35614,NY,0,1
10176,35614,NY,0,1
10177,35614,NY,0,1
10178,35614,NY,0,1
10179,35614,NY,0,1
10185,35614,NY,1,1
10199,35614,NY,0,1
10203,35614,NY,0,1
10211,35614,NY,0,1
10212,35614,NY,0,1
10213,35614,NY,0,1
10258,35614,NY,0,1
10268,35614,NY,1,1
10269,35614,NY,0,1
10271,35614,NY,0,1
10272,35614,NY,1,1
10274,35614,NY,1,1
10275,35614,NY,0,1
10276,35614,NY,1,1
10277,35614,NY,0,1
10278,35614,NY,0,1
10279,35614,NY,0,1
10280,35614,NY,1,1
10281,35614,NY,1,1
10282,35614,NY,1,1
10285,35614,NY,0,1
10301,35614,NY,1,1
10302,35614,NY,1,1
10303,35614,NY,1,1
10304,35614,NY,1,1
10305,35614,NY,1,1
10306,35614,NY,1,1
10307,35614,NY,1,1
10308,35614,NY,1,1
10309,35614,NY,1,1
10310,35614,NY,1,1
10311,35614,NY,0,1
10312,35614,NY,1,1
10313,35614,NY,1,1
10314,35614,NY,1,1
10451,35614,NY,1,1
10452,35614,NY,1,1
10453,35614,NY,1,1
10454,35614,NY,1,1
10455,35614,NY,1,1
10456,35614,NY,1,1
10457,35614,NY,1,1
10458,35614,NY,1,1
10459,35614,NY,1,1
10460,35614,NY,1,1
10461,35614,NY,1,1
10462,35614,NY,1,1
10463,35614,NY,1,1
10464,35614,NY,1,1
10465,35614,NY,1,1
10466,35614,NY,1,1
10467,35614,NY,1,1
10468,35614,NY,1,1
10469,35614,NY,1,1
10470,35614,NY,1,1
10471,35614,NY,1,1
10472,35614,NY,1,1
10473,35614,NY,1,1
10474,35614,NY,1,1
10475,35614,NY,1,1
10501,35614,NY,1,1
10502,35614,NY,1,1
10503,35614,NY,1,1
10504,35614,NY,1,1
10505,35614,NY,1,1
10506,35614,NY,1,1
10507,35614,NY,1,1
10509,35614,NY,1,1
10510,35614,NY,1,1
10511,35614,NY,1,1
10512,35614,NY,1,1
10514,35614,NY,1,1
10516,35614,NY,1,1
10517,35614,NY,1,1
10518,35614,NY,1,1
10519,35614,NY,1,1
10520,35614,NY,1,1
10522,35614,NY,1,1
10523,35614,NY,1,1
10524,35614,NY,1,1
10526,35614,NY,1,1
10527,35614,NY,1,1
10528,35614,NY,1,1
10530,35614,NY,1,1
10532,35614,NY,1,1
10533,35614,NY,1,1
10535,35614,NY,1,1
10536,35614,NY,1,1
10537,35614,NY,1,1
10538,35614,NY,1,1
10540,35614,NY,1,1
10541,35614,NY,1,1
10542,35614,NY,1,1
10543,35614,NY,1,1
10545,35614,NY,0,1
10546,35614,NY,1,1
10547,35614,NY,1,1
10548,35614,NY,1,1
10549,35614,NY,1,1
10550,35614,NY,1,1
10551,35614,NY,1,1
10552,35614,NY,1,1
10553,35614,NY,1,1
10560,35614,NY,1,1
10562,35614,NY,1,1
10566,35614,NY,1,1
10567,35614,NY,1,1
10570,35614,NY,1,1
10573,35614,NY,1,1
10576,35614,NY,1,1
10577,35614,NY,1,1
10578,35614,NY,1,1
10579,35614,NY,1,1
10580,35614,NY,1,1
10583,35614,NY,1,1
10587,35614,NY,1,1
10588,35614,NY,1,1
10589,35614,NY,1,1
10590,35614,NY,1,1
10591,35614,NY,1,1
10594,35614,NY,1,1
10595,35614,NY,1,1
10596,35614,NY,1,1
10597,35614,NY,1,1
10598,35614,NY,1,1
10601,35614,NY,1,1
10602,35614,NY,1,1
10603,35614,NY,1,1
10604,35614,NY,1,1
10605,35614,NY,1,1
10606,35614,NY,1,1
10607,35614,NY,1,1
10610,35614,NY,0,1
10701,35614,NY,1,1
10702,35614,NY,1,1
10703,35614,NY,1,1
10704,35614,NY,1,1
10705,35614,NY,1,1
10706,35614,NY,1,1
10707,35614,NY,1,1
10708,35614,NY,1,1
10709,35614,NY,1,1
10710,35614,NY,1,1
10801,35614,NY,1,1
10802,35614,NY,1,1
10803,35614,NY,1,1
10804,35614,NY,1,1
10805,35614,NY,1,1
10901,35614,NY,1,1
10911,35614,NY,1,1
10913,35614,NY,1,1
10920,35614,NY,1,1
10923,35614,NY,1,1
10927,35614,NY,1,1
10931,35614,NY,1,1
10952,35614,NY,1,1
10954,35614,NY,1,1
10956,35614,NY,1,1
10960,35614,NY,1,1
10962,35614,NY,1,1
10964,35614,NY,1,1
10965,35614,NY,1,1
10968,35614,NY,1,1
10970,35614,NY,1,1
10974,35614,NY,1,1
10976,35614,NY,1,1
10977,35614,NY,1,1
10980,35614,NY,1,1
10982,35614,NY,1,1
10983,35614,NY,1,1
10984,35614,NY,1,1
10986,35614,NY,1,1
10987,35614,NY,1,1
10989,35614,NY,1,1
10993,35614,NY,1,1
10994,35614,NY,1,1
11001,35004,NY,0.840904,0.851788
11001,35614,NY,0.159096,0.148212
11002,35004,NY,1,1
11003,35004,NY,1,1
11004,35614,NY,1,1
11005,35614,NY,1,0.989552
11005,35004,NY,0,0.010448
11010,35004,NY,1,1
11020,35004,NY,0.991646,0.991807
11020,35614,NY,0.008354,0.008193
11021,35004,NY,1,1
11022,35004,NY,1,1
11023,35004,NY,1,1
11024,35004,NY,1,1
11030,35004,NY,1,1
11040,35614,NY,0.055463,0.053884
11040,35004,NY,0.944537,0.946116
11042,35004,NY,1,1
11050,35004,NY,1,1
11096,35004,NY,1,1
11101,35614,NY,1,1
11102,35614,NY,1,1
11103,35614,NY,1,1
11104,35614,NY,1,1
11105,35614,NY,1,1
11106,35614,NY,1,1
11109,35614,NY,1,1
11201,35614,NY,1,1
11202,35614,NY,1,1
11203,35614,NY,1,1
11204,35614,NY,1,1
11205,35614,NY,1,1
11206,35614,NY,1,1
11207,35614,NY,1,1
11208,35614,NY,1,1
11209,35614,NY,1,1
11210,35614,NY,1,1
11211,35614,NY,1,1
11212,35614,NY,1,1
11213,35614,NY,1,1
11214,35614,NY,1,1
11215,35614,NY,1,1
11216,35614,NY,1,1
11217,35614,NY,1,1
11218,35614,NY,1,1
11219,35614,NY,1,1
11220,35614,NY,1,1
11221,35614,NY,1,1
11222,35614,NY,1,1
11223,35614,NY,1,1
11224,35614,NY,1,1
11225,35614,NY,1,1
11226,35614,NY,1,1
11228,35614,NY,1,1
11229,35614,NY,1,1
11230,35614,NY,1,1
11231,35614,NY,1,1
11232,35614,NY,1,1
11233,35614,NY,1,1
11234,35614,NY,1,1
11235,35614,NY,1,1
11236,35614,NY,1,1
11237,35614,NY,1,1
11238,35614,NY,1,1
11239,35614,NY,1,1
11241,35614,NY,0,1
11242,35614,NY,0,1
11243,35614,NY,1,1
11245,35614,NY,0,1
11247,35614,NY,1,1
11249,35614,NY,1,1
11251,35614,NY,0,1
11252,35614,NY,0,1
11256,35614,NY,0,1
11351,35614,NY,0,1
11352,35614,NY,1,1
11354,35614,NY,1,1
11355,35614,NY,1,1
11356,35614,NY,1,1
11357,35614,NY,1,1
11358,35614,NY,1,1
11359,35614,NY,0,1
11360,35614,NY,1,1
11361,35614,NY,1,1
11362,35614,NY,1,1
11363,35004,NY,0.005625,0.005063
11363,35614,NY,0.994375,0.994937
11364,35614,NY,1,1
11365,35614,NY,1,1
11366,35614,NY,1,1
11367,35614,NY,1,1
11368,35614,NY,1,1
11369,35614,NY,1,1
11370,35614,NY,1,1
11371,35614,NY,1,1
11372,35614,NY,1,1
11373,35614,NY,1,1
11374,35614,NY,1,1
11375,35614,NY,1,1
11377,35614,NY,1,1
11378,35614,NY,1,1
11379,35614,NY,1,1
11380,35614,NY,1,1
11385,35614,NY,1,1
11386,35614,NY,1,1
11405,35614,NY,0,1
11411,35614,NY,1,1
11412,35614,NY,1,1
11413,35614,NY,1,1
11414,35614,NY,1,1
11415,35614,NY,1,1
11416,35614,NY,1,1
11417,35614,NY,1,1
11418,35614,NY,1,1
11419,35614,NY,1,1
11420,35614,NY,1,1
11421,35614,NY,1,1
11422,35004,NY,0,0.000225
11422,35614,NY,1,0.999775
11423,35614,NY,1,1
11424,35614,NY,0,1
11425,35614,NY,0,1
11426,35614,NY,1,1
11427,35614,NY,1,1
11428,35614,NY,1,1
11429,35614,NY,1,1
11430,35614,NY,1,1
11431,35614,NY,1,1
11432,35614,NY,1,1
11433,35614,NY,1,1
11434,35614,NY,1,1
11435,35614,NY,1,1
11436,35614,NY,1,1
11437,35614,NY,0,1
11439,35614,NY,0,1
11451,35614,NY,0,1
11499,35614,NY,0,1
11501,35004,NY,1,1
11507,35004,NY,1,1
11509,35004,NY,1,1
11510,35004,NY,1,1
11514,35004,NY,1,1
11516,35004,NY,1,1
11518,35004,NY,1,1
11520,35004,NY,1,1
11530,35004,NY,1,1
11531,35004,NY,1,1
11542,35004,NY,1,1
11545,35004,NY,1,1
11547,35004,NY,1,1
11548,35004,NY,1,1
11549,35004,NY,0,1
11550,35004,NY,1,1
11551,35004,NY,1,1
11552,35004,NY,1,1
11553,35004,NY,1,1
11554,35004,NY,1,1
11556,35004,NY,0,1
11557,35004,NY,1,1
11558,35004,NY,1,1
11559,35004,NY,0.999686,0.999755
11559,35614,NY,0.000314,0.000245
11560,35004,NY,1,1
11561,35004,NY,1,1
11563,35004,NY,1,1
11565,35004,NY,1,1
11566,35004,NY,1,1
11568,35004,NY,1,1
11569,35004,NY,1,1
11570,35004,NY,1,1
11571,35004,NY,1,1
11572,35004,NY,1,1
11575,35004,NY,1,1
11576,35004,NY,1,1
11577,35004,NY,1,1
11579,35004,NY,1,1
11580,35004,NY,0.998785,0.999
11580,35614,NY,0.001215,0.001
11581,35004,NY,1,1
11582,35004,NY,1,1
11590,35004,NY,1,1
11596,35004,NY,1,1
11598,35004,NY,1,1
11599,35004,NY,0,1
11691,35614,NY,0.999262,0.999323
11691,35004,NY,0.000738,0.000677
11692,35614,NY,1,1
11693,35614,NY,1,1
11694,35614,NY,1,1
11697,35614,NY,1,1
11701,35004,NY,1,1
11702,35004,NY,1,1
11703,35004,NY,1,1
11704,35004,NY,1,1
11705,35004,NY,1,1
11706,35004,NY,1,1
11709,35004,NY,1,1
11710,35004,NY,1,1
11713,35004,NY,1,1
11714,35004,NY,1,1
11715,35004,NY,1,1
11716,35004,NY,1,1
11717,35004,NY,1,1
11718,35004,NY,1,1
11719,35004,NY,1,1
11720,35004,NY,1,1
11721,35004,NY,1,1
11722,35004,NY,1,1
11724,35004,NY,1,1
11725,35004,NY,1,1
11726,35004,NY,1,1
11727,35004,NY,1,1
11729,35004,NY,1,1
11730,35004,NY,1,1
11731,35004,NY,1,1
11732,35004,NY,1,1
11733,35004,NY,1,1
11735,35004,NY,1,1
11738,35004,NY,1,1
11739,35004,NY,1,1
11740,35004,NY,1,1
11741,35004,NY,1,1
11742,35004,NY,1,1
11743,35004,NY,1,1
11746,35004,NY,1,1
11747,35004,NY,1,1
11749,35004,NY,1,1
11751,35004,NY,1,1
11752,35004,NY,1,1
11753,35004,NY,1,1
11754,35004,NY,1,1
11755,35004,NY,1,1
11756,35004,NY,1,1
11757,35004,NY,1,1
11758,35004,NY,1,1
11762,35004,NY,1,1
11763,35004,NY,1,1
11764,35004,NY,1,1
11765,35004,NY,1,1
11766,35004,NY,1,1
11767,35004,NY,1,1
11768,35004,NY,1,1
11769,35004,NY,1,1
11770,35004,NY,1,1
11771,35004,NY,1,1
11772,35004,NY,1,1
11773,35004,NY,0,1
11776,35004,NY,1,1
11777,35004,NY,1,1
11778,35004,NY,1,1
11779,35004,NY,1,1
11780,35004,NY,1,1
11782,35004,NY,1,1
11783,35004,NY,1,1
11784,35004,NY,1,1
11786,35004,NY,1,1
11787,35004,NY,1,1
11788,35004,NY,1,1
11789,35004,NY,1,1
11790,35004,NY,1,1
11791,35004,NY,1,1
11792,35004,NY,1,1
11793,35004,NY,1,1
11794,35004,NY,0,1
11795,35004,NY,1,1
11796,35004,NY,1,1
11797,35004,NY,1,1
11798,35004,NY,1,1
11801,35004,NY,1,1
11802,35004,NY,1,1
11803,35004,NY,1,1
11804,35004,NY,1,1
11815,35004,NY,0,1
11901,35004,NY,1,1
11930,35004,NY,1,1
11931,35004,NY,1,1
11932,35004,NY,1,1
11933,35004,NY,1,1
11934,35004,NY,1,1
11935,35004,NY,1,1
11937,35004,NY,1,1
11939,35004,NY,1,1
11940,35004,NY,1,1
11941,35004,NY,1,1
11942,35004,NY,1,1
11944,35004,NY,1,1
11946,35004,NY,1,1
11947,35004,NY,1,1
11948,35004,NY,1,1
11949,35004,NY,1,1
11950,35004,NY,1,1
11951,35004,NY,1,1
11952,35004,NY,1,1
11953,35004,NY,1,1
11954,35004,NY,1,1
11955,35004,NY,1,1
11956,35004,NY,1,1
11957,35004,NY,1,1
11958,35004,NY,1,1
11959,35004,NY,1,1
11960,35004,NY,1,1
11961,35004,NY,1,1
11962,35004,NY,1,1
11963,35004,NY,1,1
11964,35004,NY,1,1
11965,35004,NY,1,1
11967,35004,NY,1,1
11968,35004,NY,1,1
11969,35004,NY,1,1
11970,35004,NY,1,1
11971,35004,NY,1,1
11972,35004,NY,1,1
11973,35004,NY,0,1
11975,35004,NY,1,1
11976,35004,NY,1,1
11977,35004,NY,1,1
11978,35004,NY,1,1
11980,35004,NY,1,1
12524,35614,NY,1,1
12531,35614,NY,1,1
12533,35614,NY,1,1
12563,35614,NY,1,1
12564,35614,NY,1,1
12582,35614,NY,1,1
17527,33874,PA,1,1
17536,33874,PA,1,1
17555,33874,PA,1,1
18036,33874,PA,1,1
18039,33874,PA,1,1
18041,33874,PA,1,1
18042,33874,PA,1,1
18054,33874,PA,1,1
18055,33874,PA,1,1
18070,33874,PA,1,1
18073,33874,PA,1,1
18074,33874,PA,1,1
18076,33874,PA,1,1
18077,33874,PA,1,1
18081,33874,PA,1,1
18084,33874,PA,1,1
18901,33874,PA,1,1
18902,33874,PA,1,1
18910,33874,PA,0,1
18911,33874,PA,1,1
18912,33874,PA,1,1
18913,33874,PA,1,1
18914,33874,PA,1,1
18915,33874,PA,1,1
18916,33874,PA,0,1
18917,33874,PA,1,1
18918,33874,PA,0,1
18920,33874,PA,1,1
18921,33874,PA,0,1
18922,33874,PA,0,1
18923,33874,PA,1,1
18925,33874,PA,1,1
18927,33874,PA,1,1
18928,33874,PA,1,1
18929,33874,PA,1,1
18930,33874,PA,1,1
18931,33874,PA,1,1
18932,33874,PA,1,1
18933,33874,PA,1,1
18934,33874,PA,1,1
18935,33874,PA,1,1
18936,33874,PA,1,1
18938,33874,PA,1,1
18940,33874,PA,1,1
18942,33874,PA,1,1
18943,33874,PA,0,1
18944,33874,PA,1,1
18946,33874,PA,0,1
18947,33874,PA,1,1
18949,33874,PA,1,1
18950,33874,PA,1,1
18951,33874,PA,1,1
18953,33874,PA,1,1
18954,33874,PA,1,1
18955,33874,PA,1,1
18956,33874,PA,0,1
18957,33874,PA,1,1
18958,33874,PA,0,1
18960,33874,PA,1,1
18962,33874,PA,1,1
18963,33874,PA,1,1
18964,33874,PA,1,1
18966,33874,PA,1,1
18968,33874,PA,0,1
18969,33874,PA,1,1
18970,33874,PA,1,1
18971,33874,PA,1,1
18972,33874,PA,1,1
18974,33874,PA,1,1
18976,33874,PA,1,1
18977,33874,PA,1,1
18979,33874,PA,0,1
18980,33874,PA,0,1
18981,33874,PA,0,1
19001,33874,PA,1,1
19002,33874,PA,1,1
19003,33874,PA,0.60535,0.654407
19003,37964,PA,0.39465,0.345593
19004,33874,PA,1,1
19006,33874,PA,1,1
19007,33874,PA,1,1
19008,37964,PA,1,1
19009,33874,PA,1,1
19010,37964,PA,0.580179,0.54627
19010,33874,PA,0.419821,0.45373
19012,33874,PA,1,0.999635
19012,37964,PA,0,0.000365
19013,37964,PA,1,1
19014,37964,PA,1,1
19015,37964,PA,1,1
19016,37964,PA,1,1
19017,37964,PA,1,1
19018,37964,PA,1,1
19020,37964,PA,0.000039,0.000208
19020,33874,PA,0.999961,0.999792
19021,33874,PA,1,1
19022,37964,PA,1,1
19023,37964,PA,1,1
19025,33874,PA,1,1
19026,37964,PA,1,1
19027,33874,PA,1,1
19028,37964,PA,1,1
19029,37964,PA,1,1
19030,33874,PA,1,1
19031,33874,PA,1,1
19032,37964,PA,1,1
19033,37964,PA,1,1
19034,33874,PA,1,1
19035,33874,PA,1,1
19036,37964,PA,1,1
19038,33874,PA,1,1
19039,37964,PA,0,1
19040,33874,PA,1,1
19041,33874,PA,0.553145,0.593169
19041,37964,PA,0.446855,0.406831
19043,37964,PA,1,1
19044,33874,PA,1,1
19046,37964,PA,0.000096,0.000161
19046,33874,PA,0.999904,0.999839
19047,33874,PA,1,1
19050,37964,PA,1,1
19052,37964,PA,1,1
19053,33874,PA,1,1
19054,33874,PA,1,1
19055,33874,PA,1,1
19056,33874,PA,1,1
19057,33874,PA,1,1
19058,33874,PA,1,1
19060,37964,PA,1,1
19061,37964,PA,1,1
19063,37964,PA,1,1
19064,37964,PA,1,1
19066,33874,PA,1,1
19067,33874,PA,1,1
19070,37964,PA,1,1
19072,33874,PA,1,1
19073,37964,PA,0.912209,0.921155
19073,33874,PA,0.087791,0.078845
19074,37964,PA,1,1
19075,33874,PA,1,1
19076,37964,PA,1,1
19078,37964,PA,1,1
19079,37964,PA,1,1
19081,37964,PA,1,1
19082,37964,PA,1,1
19083,33874,PA,0.005648,0.005212
19083,37964,PA,0.994352,0.994788
19085,33874,PA,0.497003,0.474097
19085,37964,PA,0.502997,0.525903
19086,37964,PA,1,1
19087,37964,PA,0.442436,0.469905
19087,33874,PA,0.557564,0.530095
19090,33874,PA,1,1
19094,37964,PA,1,1
19095,33874,PA,1,0.999793
19095,37964,PA,0,0.000207
19096,37964,PA,0.040217,0.036084
19096,33874,PA,0.959783,0.963916
19101,37964,PA,1,1
19102,37964,PA,1,1
19103,37964,PA,1,1
19104,37964,PA,1,1
19105,37964,PA,1,1
19106,37964,PA,1,1
19107,37964,PA,1,1
19108,37964,PA,0,1
19109,37964,PA,1,1
19110,37964,PA,1,1
19111,37964,PA,1,1
19112,37964,PA,1,1
19113,37964,PA,0,1
19114,37964,PA,1,1
19115,33874,PA,0,0.000058
19115,37964,PA,1,0.999942
19116,37964,PA,0.999266,0.999354
19116,33874,PA,0.000734,0.000646
19118,33874,PA,0.007282,0.006585
19118,37964,PA,0.992718,0.993415
19119,37964,PA,1,1
19120,37964,PA,0.998952,0.999002
19120,33874,PA,0.001048,0.000998
19121,37964,PA,1,1
19122,37964,PA,1,1
19123,37964,PA,1,1
19124,37964,PA,1,1
19125,37964,PA,1,1
19126,37964,PA,1,1
19127,37964,PA,1,1
19128,37964,PA,0.999213,0.999237
19128,33874,PA,0.000787,0.000763
19129,37964,PA,1,1
19130,37964,PA,1,1
19131,37964,PA,1,1
19132,37964,PA,1,1
19133,37964,PA,1,1
19134,37964,PA,1,1
19135,37964,PA,1,1
19136,37964,PA,1,1
19137,37964,PA,1,1
19138,37964,PA,0.99813,0.997984
19138,33874,PA,0.00187,0.002016
19139,37964,PA,1,1
19140,37964,PA,1,1
19141,37964,PA,1,1
19142,37964,PA,1,1
19143,37964,PA,1,1
19144,37964,PA,1,1
19145,37964,PA,1,1
19146,37964,PA,1,1
19147,37964,PA,1,1
19148,37964,PA,1,1
19149,37964,PA,1,1
19150,37964,PA,1,0.997618
19150,33874,PA,0,0.002382
19151,37964,PA,1,1
19152,37964,PA,1,1
19153,37964,PA,1,1
19154,37964,PA,1,1
19160,37964,PA,1,1
19172,37964,PA,0,1
19176,37964,PA,0,1
19181,37964,PA,0,1
19190,37964,PA,0,1
19192,37964,PA,0,1
19301,33874,PA,1,1
19310,33874,PA,1,1
19311,33874,PA,1,1
19312,33874,PA,0.992334,0.992094
19312,37964,PA,0.007666,0.007906
19316,33874,PA,0,1
19317,33874,PA,0.352974,0.331935
19317,37964,PA,0.647026,0.668065
19318,33874,PA,0,1
19319,37964,PA,0.700935,0.675214
19319,33874,PA,0.299065,0.324786
19320,33874,PA,1,1
19330,33874,PA,1,1
19331,37964,PA,1,1
19333,33874,PA,0.996547,0.996489
19333,37964,PA,0.003453,0.003511
19335,33874,PA,1,1
19339,37964,PA,0,1
19341,33874,PA,1,1
19342,33874,PA,0.017052,0.015656
19342,37964,PA,0.982948,0.984344
19343,33874,PA,1,1
19344,33874,PA,1,1
19345,33874,PA,0,1
19346,33874,PA,0,1
19347,33874,PA,0,1
19348,33874,PA,1,1
19350,33874,PA,1,1
19351,33874,PA,0,1
19352,33874,PA,1,1
19354,33874,PA,0,1
19355,33874,PA,1,1
19357,33874,PA,0,1
19358,33874,PA,1,1
19360,33874,PA,0,1
19362,33874,PA,1,1
19363,33874,PA,1,1
19365,33874,PA,1,1
19366,33874,PA,0,1
19367,33874,PA,1,1
19369,33874,PA,1,1
19372,33874,PA,1,1
19373,37964,PA,0.99061,0.990847
19373,33874,PA,0.00939,0.009153
19374,33874,PA,1,1
19375,33874,PA,1,1
19376,33874,PA,0,1
19380,33874,PA,1,1
19381,33874,PA,1,1
19382,33874,PA,0.982869,0.98175
19382,37964,PA,0.017131,0.01825
19383,33874,PA,0,1
19390,33874,PA,1,1
19395,33874,PA,1,1
19399,33874,PA,1,1
19401,33874,PA,1,1
19403,33874,PA,1,1
19404,33874,PA,1,1
19405,33874,PA,1,1
19406,33874,PA,1,1
19407,33874,PA,1,1
19408,33874,PA,1,1
19409,33874,PA,0,1
19421,33874,PA,1,1
19422,33874,PA,1,1
19423,33874,PA,0,1
19425,33874,PA,1,1
19426,33874,PA,1,1
19428,33874,PA,1,1
19430,33874,PA,0,1
19432,33874,PA,0,1
19435,33874,PA,1,1
19436,33874,PA,1,1
19437,33874,PA,1,1
19438,33874,PA,1,1
19440,33874,PA,1,1
19442,33874,PA,1,1
19443,33874,PA,1,1
19444,33874,PA,1,1
19446,33874,PA,1,1
19450,33874,PA,1,1
19451,33874,PA,1,1
19453,33874,PA,1,1
19454,33874,PA,1,1
19456,33874,PA,1,1
19457,33874,PA,1,1
19460,33874,PA,1,1
19462,33874,PA,1,1
19464,33874,PA,1,1
19465,33874,PA,1,1
19468,33874,PA,1,1
19470,33874,PA,0,1
19472,33874,PA,0,1
19473,33874,PA,1,1
19474,33874,PA,1,1
19475,33874,PA,1,1
19477,33874,PA,1,1
19478,33874,PA,1,1
19480,33874,PA,1,1
19481,33874,PA,1,1
19482,33874,PA,1,1
19484,33874,PA,1,1
19486,33874,PA,0,1
19490,33874,PA,1,1
19492,33874,PA,1,1
19504,33874,PA,1,1
19505,33874,PA,1,1
19512,33874,PA,1,1
19518,33874,PA,1,1
19520,33874,PA,1,1
19525,33874,PA,1,1
19543,33874,PA,1,1
19701,48864,DE,1,1
19702,48864,DE,1,1
19703,48864,DE,1,1
19706,48864,DE,1,1
19707,48864,DE,1,1
19708,48864,DE,0,1
19709,48864,DE,1,1
19710,48864,DE,1,1
19711,48864,DE,1,1
19713,48864,DE,1,1
19714,48864,DE,1,1
19715,48864,DE,1,1
19716,48864,DE,1,1
19717,48864,DE,1,1
19718,48864,DE,0,1
19720,48864,DE,1,1
19721,48864,DE,0,1
19726,48864,DE,0,1
19730,48864,DE,1,1
19731,48864,DE,1,1
19732,48864,DE,1,1
19733,48864,DE,1,1
19734,48864,DE,1,1
19735,48864,DE,1,1
19736,48864,DE,1,1
19801,48864,DE,1,1
19802,48864,DE,1,1
19803,48864,DE,1,1
19804,48864,DE,1,1
19805,48864,DE,1,1
19806,48864,DE,1,1
19807,48864,DE,1,1
19808,48864,DE,1,1
19809,48864,DE,1,1
19810,48864,DE,1,1
19884,48864,DE,0,1
19890,48864,DE,0,1
19892,48864,DE,0,1
19895,48864,DE,0,1
19897,48864,DE,0,1
19898,48864,DE,0,1
19899,48864,DE,1,1
19938,48864,DE,1,1
19977,48864,DE,1,1
20001,47764,DC,1,1
20002,47764,DC,1,1
20003,47764,DC,1,1
20004,47764,DC,1,1
20005,47764,DC,1,1
20006,47764,DC,1,1
20007,47764,DC,1,1
20008,47764,DC,1,1
20009,47764,DC,1,1
20010,47764,DC,1,1
20011,47764,DC,1,1
20012,47764,DC,1,1
20013,47764,DC,1,1
20015,47764,DC,1,1
20016,47764,DC,1,1
20017,47764,DC,1,1
20018,47764,DC,1,1
20019,47764,DC,1,1
20020,47764,DC,1,1
20024,47764,DC,1,1
20026,47764,DC,1,1
20027,47764,DC,1,1
20029,47764,DC,1,1
20030,47764,DC,1,1
20032,47764,DC,1,1
20033,47764,DC,1,1
20035,47764,DC,1,1
20036,47764,DC,1,1
20037,47764,DC,1,1
20038,47764,DC,1,1
20039,47764,DC,1,1
20040,47764,DC,1,1
20041,11694,DC,0,1
20042,47764,DC,0,1
20043,47764,DC,1,1
20044,47764,DC,1,1
20045,47764,DC,0,1
20047,47764,DC,0,1
20049,47764,DC,0,1
20052,47764,DC,1,1
20053,47764,DC,0,1
20055,47764,DC,0,1
20056,47764,DC,1,1
20057,47764,DC,0,1
20058,23224,DC,0,1
20059,47764,DC,0,1
20060,47764,DC,0,1
20062,47764,DC,0,1
20063,47764,DC,0,1
20064,47764,DC,0,1
20065,47764,DC,0,1
20066,47764,DC,0,1
20069,11694,DC,0,1
20070,11694,DC,0,1
20071,47764,DC,0,1
20073,47764,DC,0,1
20076,47764,DC,0,1
20090,47764,DC,1,1
20091,47764,DC,1,1
20101,11694,VA,0,1
20103,11694,VA,0,1
20104,11694,VA,0,1
20105,11694,VA,1,1
20106,11694,VA,1,1
20108,11694,VA,1,1
20109,11694,VA,1,1
20110,11694,VA,1,1
20111,11694,VA,1,1
20112,11694,VA,1,1
20113,11694,VA,1,1
20115,11694,VA,1,1
20117,11694,VA,1,1
20119,11694,VA,1,1
20120,11694,VA,1,1
20121,11694,VA,1,1
20122,11694,VA,1,1
20124,11694,VA,1,1
20128,11694,VA,0,1
20129,11694,VA,1,1
20130,11694,VA,1,1
20131,11694,VA,0,1
20132,11694,VA,1,1
20135,11694,VA,1,1
20136,11694,VA,1,1
20137,11694,VA,1,1
20138,11694,VA,0,1
20139,11694,VA,1,1
20140,11694,VA,0,1
20141,11694,VA,1,1
20143,11694,VA,1,1
20144,11694,VA,1,1
20146,11694,VA,1,1
20147,11694,VA,1,1
20148,11694,VA,1,1
20149,11694,VA,0,1
20151,11694,VA,1,1
20152,11694,VA,1,1
20153,11694,VA,1,1
20155,11694,VA,1,1
20156,11694,VA,1,1
20158,11694,VA,1,1
20159,11694,VA,1,1
20160,11694,VA,0,1
20164,11694,VA,1,1
20165,11694,VA,1,1
20166,11694,VA,1,1
20167,11694,VA,1,1
20168,11694,VA,1,1
20169,11694,VA,1,1
20170,11694,VA,1,1
20171,11694,VA,1,1
20172,11694,VA,1,1
20175,11694,VA,1,1
20176,11694,VA,1,1
20177,11694,VA,1,1
20178,11694,VA,1,1
20180,11694,VA,1,1
20181,11694,VA,1,1
20182,11694,VA,1,1
20184,11694,VA,1,1
20186,11694,VA,1,1
20187,11694,VA,1,1
20188,11694,VA,1,1
20189,11694,VA,1,1
20190,11694,VA,1,1
20191,11694,VA,1,1
20192,11694,VA,0,1
20194,11694,VA,1,1
20195,11694,VA,1,1
20197,11694,VA,1,1
20198,11694,VA,1,1
20201,47764,DC,0,1
20202,47764,DC,0,1
20203,47764,DC,0,1
20204,47764,DC,0,1
20206,11694,DC,0,1
20207,23224,DC,0,1
20208,47764,DC,0,1
20210,47764,DC,0,1
20211,47764,DC,0,1
20212,47764,DC,0,1
20213,47764,DC,0,1
20215,47764,DC,0,1
20216,47764,DC,0,1
20217,47764,DC,0,1
20218,47764,DC,0,1
20219,47764,DC,0,1
20220,47764,DC,0,1
20221,47764,DC,0,1
20222,47764,DC,0,1
20223,47764,DC,0,1
20224,47764,DC,0,1
20226,47764,DC,0,1
20227,47764,DC,0,1
20228,47764,DC,0,1
20229,47764,DC,0,1
20230,47764,DC,0,1
20233,47764,DC,0,1
20235,47764,DC,0,1
20237,47764,DC,0,1
20239,47764,DC,0,1
20240,47764,DC,0,1
20241,47764,DC,0,1
20242,47764,DC,0,1
20244,47764,DC,0,1
20245,47764,DC,0,1
20250,47764,DC,0,1
20254,47764,DC,0,1
20260,47764,DC,1,1
20268,47764,DC,0,1
20270,47764,DC,0,1
20289,47764,DC,0,1
20301,11694,DC,0,1
20303,47764,DC,0,1
20306,47764,DC,0,1
20310,11694,DC,0,1
20318,47764,DC,0,1
20319,47764,DC,1,1
20330,11694,DC,0,1
20340,47764,DC,0,1
20350,11694,DC,0,1
20370,47764,DC,0,1
20372,47764,DC,0,1
20373,47764,DC,0,1
20374,47764,DC,0,1
20375,47764,DC,0,1
20376,47764,DC,0,1
20380,47764,DC,0,1
20388,47764,DC,0,1
20389,47764,DC,0,1
20390,47764,DC,0,1
20391,47764,DC,0,1
20392,47764,DC,0,1
20395,47764,DC,0,1
20398,47764,DC,0,1
20401,47764,DC,0,1
20402,47764,DC,0,1
20403,47764,DC,0,1
20404,47764,DC,0,1
20405,47764,DC,0,1
20406,11694,DC,0,1
20407,47764,DC,0,1
20408,47764,DC,0,1
20410,47764,DC,0,1
20411,47764,DC,0,1
20412,47764,DC,0,1
20413,47764,DC,0,1
20414,47764,DC,0,1
20415,47764,DC,0,1
20416,47764,DC,0,1
20417,47764,DC,0,1
20418,47764,DC,0,1
20419,47764,DC,0,1
20420,47764,DC,0,1
20421,47764,DC,0,1
20422,47764,DC,0,1
20423,47764,DC,0,1
20424,47764,DC,0,1
20425,47764,DC,0,1
20426,47764,DC,0,1
20427,47764,DC,0,1
20428,47764,DC,0,1
20429,47764,DC,0,1
20431,47764,DC,0,1
20433,47764,DC,0,1
20434,47764,DC,0,1
20435,47764,DC,0,1
20436,47764,DC,0,1
20437,47764,DC,0,1
20439,47764,DC,0,1
20440,47764,DC,0,1
20441,47764,DC,0,1
20442,47764,DC,0,1
20444,47764,DC,0,1
20447,47764,DC,0,1
20451,47764,DC,0,1
20456,47764,DC,0,1
20460,47764,DC,0,1
20463,47764,DC,0,1
20472,47764,DC,0,1
20500,47764,DC,0,1
20502,47764,DC,0,1
20503,47764,DC,0,1
20504,47764,DC,0,1
20505,47764,DC,0,1
20506,47764,DC,0,1
20507,47764,DC,0,1
20508,47764,DC,0,1
20509,47764,DC,0,1
20510,47764,DC,0,1
20515,47764,DC,0,1
20520,47764,DC,0,1
20521,47764,DC,0,1
20522,47764,DC,0,1
20523,47764,DC,0,1
20524,47764,DC,0,1
20525,47764,DC,0,1
20526,47764,DC,0,1
20527,47764,DC,0,1
20528,47764,DC,0,1
20529,47764,DC,0,1
20530,47764,DC,0,1
20531,47764,DC,0,1
20533,47764,DC,0,1
20534,47764,DC,0,1
20535,47764,DC,0,1
20536,47764,DC,0,1
20538,47764,DC,0,1
20539,47764,DC,0,1
20540,47764,DC,0,1
20541,47764,DC,0,1
20542,47764,DC,0,1
20543,47764,DC,0,1
20544,47764,DC,0,1
20546,47764,DC,0,1
20547,47764,DC,0,1
20548,47764,DC,0,1
20549,47764,DC,0,1
20551,47764,DC,0,1
20552,47764,DC,0,1
20553,47764,DC,0,1
20554,47764,DC,0,1
20555,47764,DC,0,1
20557,47764,DC,0,1
20559,47764,DC,0,1
20560,47764,DC,0,1
20565,47764,DC,0,1
20566,47764,DC,0,1
20570,47764,DC,0,1
20571,47764,DC,0,1
20572,47764,DC,0,1
20573,47764,DC,0,1
20575,47764,DC,0,1
20576,47764,DC,0,1
20577,47764,DC,0,1
20579,47764,DC,0,1
20580,47764,DC,0,1
20581,47764,DC,0,1
20585,47764,DC,0,1
20586,47764,DC,0,1
20588,47764,MD,0,1
20590,47764,DC,0,1
20591,47764,DC,0,1
20593,47764,DC,0,1
20594,47764,DC,0,1
20597,47764,DC,0,1
20598,11694,VA,0,1
20599,47764,DC,0,1
20601,47764,MD,1,1
20602,47764,MD,1,1
20603,47764,MD,1,1
20604,47764,MD,1,1
20607,47764,MD,1,1
20608,47764,MD,1,1
20611,47764,MD,1,1
20612,47764,MD,1,1
20613,47764,MD,1,1
20616,47764,MD,1,1
20617,47764,MD,1,1
20622,47764,MD,1,1
20623,47764,MD,1,1
20625,47764,MD,1,1
20632,47764,MD,1,1
20637,47764,MD,1,1
20640,47764,MD,1,1
20645,47764,MD,1,1
20646,47764,MD,1,1
20658,47764,MD,1,1
20659,47764,MD,1,1
20661,47764,MD,0,1
20662,47764,MD,1,1
20664,47764,MD,1,1
20675,47764,MD,1,1
20677,47764,MD,1,1
20693,47764,MD,1,1
20695,47764,MD,1,1
20703,47764,MD,1,1
20704,47764,MD,1,1
20705,47764,MD,1,1
20706,47764,MD,1,1
20707,23224,MD,0.004513,0.003819
20707,47764,MD,0.995487,0.996181
20708,47764,MD,1,1
20709,47764,MD,1,1
20710,47764,MD,1,1
20712,47764,MD,1,1
20715,47764,MD,1,1
20716,47764,MD,1,1
20717,47764,MD,1,1
20718,47764,MD,1,1
20720,47764,MD,1,1
20721,47764,MD,1,1
20722,47764,MD,1,1
20725,47764,MD,1,1
20726,47764,MD,1,1
20731,47764,MD,1,1
20735,47764,MD,1,1
20737,47764,MD,1,1
20738,47764,MD,1,1
20740,47764,MD,1,1
20741,47764,MD,1,1
20742,47764,MD,1,1
20743,47764,MD,1,1
20744,47764,MD,1,1
20745,47764,MD,1,1
20746,47764,MD,1,1
20747,47764,MD,1,1
20748,47764,MD,1,1
20749,47764,MD,1,1
20750,47764,MD,1,1
20752,47764,MD,1,1
20753,47764,MD,1,1
20757,47764,MD,1,1
20762,47764,MD,1,1
20768,47764,MD,1,1
20769,47764,MD,1,1
20770,47764,MD,1,1
20771,47764,MD,0,1
20772,47764,MD,1,1
20773,47764,MD,1,1
20774,47764,MD,1,1
20775,47764,MD,1,1
20777,23224,MD,1,1
20781,47764,MD,1,1
20782,47764,MD,1,1
20783,23224,MD,0.000286,0.000433
20783,47764,MD,0.999714,0.999567
20784,47764,MD,1,1
20785,47764,MD,1,1
20787,23224,MD,1,1
20790,47764,MD,0,1
20791,47764,MD,1,1
20792,47764,MD,1,1
20799,47764,MD,0,1
20810,23224,MD,0,1
20811,23224,MD,0,1
20812,23224,MD,1,1
20814,23224,MD,1,1
20815,23224,MD,1,1
20816,23224,MD,1,1
20817,23224,MD,1,1
20818,23224,MD,1,1
20824,23224,MD,1,1
20825,23224,MD,1,1
20827,23224,MD,1,1
20830,23224,MD,1,1
20832,23224,MD,1,1
20833,23224,MD,1,1
20837,23224,MD,1,1
20838,23224,MD,1,1
20839,23224,MD,1,1
20841,23224,MD,1,1
20842,23224,MD,1,1
20847,23224,MD,1,1
20848,23224,MD,1,1
20849,23224,MD,1,1
20850,23224,MD,1,1
20851,23224,MD,1,1
20852,23224,MD,1,1
20853,23224,MD,1,1
20854,23224,MD,1,1
20855,23224,MD,1,1
20857,23224,MD,0,1
20859,23224,MD,1,1
20860,23224,MD,1,1
20861,23224,MD,1,1
20862,23224,MD,1,1
20866,23224,MD,1,1
20868,23224,MD,1,1
20871,23224,MD,1,1
20872,23224,MD,1,1
20874,23224,MD,1,1
20875,23224,MD,1,1
20876,23224,MD,1,1
20877,23224,MD,1,1
20878,23224,MD,1,1
20879,23224,MD,1,1
20880,23224,MD,1,1
20882,23224,MD,1,1
20883,23224,MD,1,1
20884,23224,MD,1,1
20885,23224,MD,1,1
20886,23224,MD,1,1
20889,23224,MD,0,1
20891,23224,MD,1,1
20892,23224,MD,0,1
20894,23224,MD,0,1
20895,23224,MD,1,1
20896,23224,MD,1,1
20898,23224,MD,1,1
20899,23224,MD,0,1
20901,23224,MD,1,1
20902,23224,MD,1,1
20903,47764,MD,0.175384,0.174458
20903,23224,MD,0.824616,0.825542
20904,47764,MD,0.004125,0.003765
20904,23224,MD,0.995875,0.996235
20905,23224,MD,1,1
20906,23224,MD,1,1
20907,23224,MD,1,1
20910,23224,MD,1,1
20911,23224,MD,1,1
20912,23224,MD,0.840922,0.852066
20912,47764,MD,0.159078,0.147934
20913,23224,MD,1,1
20914,23224,MD,1,1
20915,23224,MD,1,1
20916,23224,MD,1,1
20918,23224,MD,1,1
20993,23224,MD,0,1
21701,23224,MD,1,1
21702,23224,MD,1,1
21703,23224,MD,1,1
21704,23224,MD,1,1
21705,23224,MD,1,1
21710,23224,MD,1,1
21713,23224,MD,1,1
21714,23224,MD,1,1
21716,23224,MD,1,1
21717,23224,MD,1,1
21718,23224,MD,1,1
21719,23224,MD,1,1
21727,23224,MD,1,1
21754,23224,MD,1,1
21755,23224,MD,1,1
21757,23224,MD,1,1
21758,23224,MD,1,1
21759,23224,MD,0,1
21762,23224,MD,0,1
21769,23224,MD,1,1
21770,23224,MD,1,1
21771,23224,MD,1,1
21773,23224,MD,1,1
21774,23224,MD,1,1
21775,23224,MD,0,1
21776,23224,MD,1,1
21777,23224,MD,1,1
21778,23224,MD,1,1
21780,23224,MD,1,1
21783,23224,MD,1,1
21787,23224,MD,1,1
21788,23224,MD,1,1
21790,23224,MD,1,1
21791,23224,MD,1,1
21792,23224,MD,0,1
21793,23224,MD,1,1
21797,23224,MD,1,1
21798,23224,MD,1,1
21901,48864,MD,1,1
21902,48864,MD,1,1
21903,48864,MD,1,1
21904,48864,MD,1,1
21911,48864,MD,1,1
21912,48864,MD,1,1
21913,48864,MD,1,1
21914,48864,MD,1,1
21915,48864,MD,1,1
21916,48864,MD,0,1
21917,48864,MD,1,1
21918,48864,MD,1,1
21919,48864,MD,1,1
21920,48864,MD,1,1
21921,48864,MD,1,1
21922,48864,MD,1,1
21930,48864,MD,1,1
22003,11694,VA,1,1
22009,11694,VA,1,1
22015,11694,VA,1,1
22025,11694,VA,1,1
22026,11694,VA,1,1
22027,11694,VA,1,1
22030,11694,VA,1,1
22031,11694,VA,1,1
22032,11694,VA,1,1
22033,11694,VA,1,1
22035,11694,VA,0,1
22037,11694,VA,0,1
22038,11694,VA,1,1
22039,11694,VA,1,1
22040,11694,VA,1,1
22041,11694,VA,1,1
22042,11694,VA,1,1
22043,11694,VA,1,1
22044,11694,VA,1,1
22046,11694,VA,1,1
22060,11694,VA,1,1
22066,11694,VA,1,1
22067,11694,VA,0,1
22079,11694,VA,1,1
22081,11694,VA,0,1
22082,11694,VA,0,1
22101,11694,VA,1,1
22102,11694,VA,1,1
22103,11694,VA,1,1
22106,11694,VA,1,1
22107,11694,VA,0,1
22108,11694,VA,0,1
22109,11694,VA,0,1
22116,11694,VA,1,1
22121,11694,VA,1,1
22122,11694,VA,1,1
22124,11694,VA,1,1
22125,11694,VA,1,1
22134,11694,VA,1,1
22135,11694,VA,0,1
22150,11694,VA,1,1
22151,11694,VA,1,1
22152,11694,VA,1,1
22153,11694,VA,1,1
22158,11694,VA,0,1
22160,11694,VA,0,1
22172,11694,VA,1,1
22180,11694,VA,1,1
22181,11694,VA,1,1
22182,11694,VA,1,1
22183,11694,VA,1,1
22185,11694,VA,0,1
22191,11694,VA,1,1
22192,11694,VA,1,1
22193,11694,VA,1,1
22194,11694,VA,1,1
22195,11694,VA,1,1
22199,11694,VA,1,1
22201,11694,VA,1,1
22202,11694,VA,1,1
22203,11694,VA,1,1
22204,11694,VA,1,1
22205,11694,VA,1,1
22206,11694,VA,1,1
22207,11694,VA,1,1
22209,11694,VA,1,1
22210,11694,VA,1,1
22211,11694,VA,1,1
22213,11694,VA,1,1
22214,11694,VA,1,1
22215,11694,VA,1,1
22216,11694,VA,1,1
22217,11694,VA,0,1
22219,11694,VA,1,1
22225,11694,VA,0,1
22226,11694,VA,0,1
22227,11694,VA,0,1
22230,11694,VA,0,1
22240,11694,VA,0,1
22241,11694,VA,0,1
22242,11694,VA,0,1
22243,11694,VA,0,1
22244,11694,VA,0,1
22245,11694,VA,0,1
22301,11694,VA,1,1
22302,11694,VA,1,1
22303,11694,VA,1,1
22304,11694,VA,1,1
22305,11694,VA,1,1
22306,11694,VA,1,1
22307,11694,VA,1,1
22308,11694,VA,1,1
22309,11694,VA,1,1
22310,11694,VA,1,1
22311,11694,VA,1,1
22312,11694,VA,1,1
22313,11694,VA,1,1
22314,11694,VA,1,1
22315,11694,VA,1,1
22320,11694,VA,1,1
22332,11694,VA,0,1
22333,11694,VA,0,1
22350,11694,VA,0,1
22401,11694,VA,1,1
22402,11694,VA,1,1
22403,11694,VA,1,1
22404,11694,VA,1,1
22405,11694,VA,1,1
22406,11694,VA,1,1
22407,11694,VA,1,1
22408,11694,VA,1,1
22412,11694,VA,0,1
22430,11694,VA,1,1
22463,11694,VA,1,1
22471,11694,VA,0,1
22508,11694,VA,1,1
22534,11694,VA,1,1
22545,11694,VA,0,1
22546,11694,VA,1,1
22551,11694,VA,1,1
22553,11694,VA,1,1
22554,11694,VA,1,1
22555,11694,VA,1,1
22556,11694,VA,1,1
22565,11694,VA,0,1
22567,11694,VA,1,1
22580,11694,VA,1,1
22610,11694,VA,1,1
22611,11694,VA,1,1
22620,11694,VA,1,1
22623,11694,VA,1,1
22627,11694,VA,1,1
22630,11694,VA,1,1
22639,11694,VA,1,1
22640,11694,VA,1,1
22642,11694,VA,1,1
22643,11694,VA,1,1
22645,11694,VA,1,1
22646,11694,VA,0,1
22649,11694,VA,1,1
22655,11694,VA,1,1
22657,11694,VA,1,1
22663,11694,VA,1,1
22701,11694,VA,1,1
22712,11694,VA,1,1
22713,11694,VA,1,1
22714,11694,VA,1,1
22716,11694,VA,1,1
22718,11694,VA,1,1
22720,11694,VA,1,1
22724,11694,VA,1,1
22726,11694,VA,1,1
22728,11694,VA,1,1
22729,11694,VA,1,1
22733,11694,VA,1,1
22734,11694,VA,1,1
22735,11694,VA,1,1
22736,11694,VA,1,1
22737,11694,VA,1,1
22740,11694,VA,1,1
22741,11694,VA,1,1
22742,11694,VA,1,1
22747,11694,VA,1,1
22749,11694,VA,1,1
22960,11694,VA,1,1
23015,11694,VA,1,1
23024,11694,VA,1,1
23117,11694,VA,1,1
25404,11694,WV,1,1
25414,11694,WV,1,1
25423,11694,WV,0,1
25425,11694,WV,1,1
25430,11694,WV,1,1
25432,11694,WV,1,1
25438,11694,WV,1,1
25441,11694,WV,0,1
25442,11694,WV,1,1
25443,11694,WV,1,1
25446,11694,WV,1,1
30002,12054,GA,1,1
30003,12054,GA,1,1
30004,31924,GA,0.055615,0.050278
30004,12054,GA,0.944385,0.949722
30005,12054,GA,1,1
30006,31924,GA,1,1
30007,31924,GA,1,1
30008,31924,GA,1,1
30009,12054,GA,1,1
30010,12054,GA,1,1
30011,12054,GA,1,1
30012,12054,GA,1,1
30013,12054,GA,1,1
30014,12054,GA,1,1
30015,12054,GA,1,1
30016,12054,GA,1,1
30017,12054,GA,1,1
30018,12054,GA,0,1
30019,12054,GA,1,1
30021,12054,GA,1,1
30022,12054,GA,1,1
30023,12054,GA,1,1
30024,12054,GA,1,1
30025,12054,GA,1,1
30028,12054,GA,0.979637,0.980368
30028,31924,GA,0.020363,0.019632
30030,12054,GA,1,1
30031,12054,GA,1,1
30032,12054,GA,1,1
30033,12054,GA,1,1
30034,12054,GA,1,1
30035,12054,GA,1,1
30036,12054,GA,1,1
30037,12054,GA,1,1
30038,12054,GA,1,1
30039,12054,GA,1,1
30040,31924,GA,0.004345,0.00493
30040,12054,GA,0.995655,0.99507
30041,12054,GA,1,1
30042,12054,GA,1,1
30043,12054,GA,1,1
30044,12054,GA,1,1
30045,12054,GA,1,1
30046,12054,GA,1,1
30047,12054,GA,1,1
30048,12054,GA,1,1
30049,12054,GA,1,1
30052,12054,GA,1,1
30054,12054,GA,1,1
30055,12054,GA,1,1
30056,12054,GA,1,1
30058,12054,GA,1,1
30060,31924,GA,1,1
30061,31924,GA,1,1
30062,31924,GA,1,1
30063,31924,GA,0,1
30064,31924,GA,1,1
30065,31924,GA,1,1
30066,31924,GA,1,1
30067,31924,GA,1,1
30068,31924,GA,1,1
30069,31924,GA,0,1
30070,12054,GA,1,1
30071,12054,GA,1,1
30072,12054,GA,1,1
30074,12054,GA,1,1
30075,12054,GA,0.813808,0.827046
30075,31924,GA,0.186192,0.172954
30076,12054,GA,1,1
30077,12054,GA,1,1
30078,12054,GA,1,1
30079,12054,GA,1,1
30080,31924,GA,1,1
30081,31924,GA,1,1
30082,31924,GA,1,1
30083,12054,GA,1,1
30084,12054,GA,1,1
30085,12054,GA,1,1
30086,12054,GA,1,1
30087,12054,GA,1,1
30088,12054,GA,1,1
30090,31924,GA,0,1
30091,12054,GA,1,1
30092,12054,GA,1,1
30093,12054,GA,1,1
30094,12054,GA,1,1
30095,12054,GA,1,1
30096,12054,GA,1,1
30097,12054,GA,1,1
30099,12054,GA,0,1
30101,31924,GA,1,1
30102,31924,GA,1,1
30103,31924,GA,1,1
30104,31924,GA,1,1
30106,31924,GA,0.990778,0.98784
30106,12054,GA,0.009222,0.01216
30107,31924,GA,0.785874,0.796581
30107,12054,GA,0.214126,0.203419
30108,12054,GA,1,1
30109,12054,GA,0,1
30110,12054,GA,0.041527,0.048277
30110,31924,GA,0.958473,0.951723
30111,31924,GA,1,1
30112,12054,GA,1,1
30113,31924,GA,1,1
30114,31924,GA,1,1
30115,31924,GA,1,1
30116,12054,GA,1,1
30117,12054,GA,1,1
30118,12054,GA,0,1
30119,12054,GA,0,1
30120,31924,GA,1,1
30121,31924,GA,1,1
30122,12054,GA,0.99778,0.997472
30122,31924,GA,0.00222,0.002528
30123,31924,GA,1,1
30126,31924,GA,1,1
30127,12054,GA,0.000345,0.000329
30127,31924,GA,0.999655,0.999671
30132,31924,GA,1,1
30133,12054,GA,1,1
30134,12054,GA,0.710221,0.736339
30134,31924,GA,0.289779,0.263661
30135,12054,GA,1,1
30137,31924,GA,1,1
30139,12054,GA,0.680982,0.68275
30139,31924,GA,0.319018,0.31725
30140,31924,GA,0,1
30141,31924,GA,1,1
30142,31924,GA,1,1
30143,31924,GA,0.009526,0.008936
30143,12054,GA,0.990474,0.991064
30144,31924,GA,1,1
30145,31924,GA,1,1
30146,31924,GA,1,1
30148,12054,GA,1,1
30150,12054,GA,0,1
30151,31924,GA,1,1
30152,31924,GA,1,1
30153,31924,GA,1,1
30154,12054,GA,1,1
30156,31924,GA,1,1
30157,31924,GA,1,1
30160,31924,GA,1,1
30161,31924,GA,1,1
30168,12054,GA,0.09179,0.096114
30168,31924,GA,0.90821,0.903886
30169,31924,GA,1,1
30170,12054,GA,1,1
30171,31924,GA,1,1
30175,12054,GA,1,1
30176,31924,GA,1,1
30177,12054,GA,1,1
30178,31924,GA,1,1
30179,12054,GA,0.730031,0.736047
30179,31924,GA,0.269969,0.263953
30180,12054,GA,0.932731,0.936443
30180,31924,GA,0.067269,0.063557
30182,12054,GA,0.502821,0.5
30182,31924,GA,0.497179,0.5
30183,31924,GA,0.993316,0.993458
30183,12054,GA,0.006684,0.006542
30184,31924,GA,1,1
30185,12054,GA,1,1
30187,12054,GA,1,1
30188,31924,GA,1,1
30189,31924,GA,1,1
30205,12054,GA,1,1
30206,12054,GA,1,1
30212,12054,GA,1,1
30213,12054,GA,1,1
30214,12054,GA,1,1
30215,12054,GA,1,1
30216,12054,GA,1,1
30217,12054,GA,1,1
30218,12054,GA,1,1
30220,12054,GA,1,1
30222,12054,GA,1,1
30223,12054,GA,1,1
30224,12054,GA,1,1
30228,12054,GA,1,1
30229,12054,GA,0,1
30230,12054,GA,1,1
30233,12054,GA,1,1
30234,12054,GA,1,1
30236,12054,GA,1,1
30237,12054,GA,1,1
30238,12054,GA,1,1
30240,12054,GA,1,1
30241,12054,GA,1,1
30248,12054,GA,1,1
30250,12054,GA,1,1
30251,12054,GA,1,1
30252,12054,GA,1,1
30253,12054,GA,1,1
30256,12054,GA,1,1
30257,12054,GA,1,1
30258,12054,GA,1,1
30259,12054,GA,1,1
30260,12054,GA,1,1
30263,12054,GA,1,1
30264,12054,GA,1,1
30265,12054,GA,1,1
30266,12054,GA,1,1
30268,12054,GA,1,1
30269,12054,GA,1,1
30271,12054,GA,1,1
30272,12054,GA,1,1
30273,12054,GA,1,1
30274,12054,GA,1,1
30275,12054,GA,0,1
30276,12054,GA,1,1
30277,12054,GA,1,1
30281,12054,GA,1,1
30284,12054,GA,1,1
30285,12054,GA,1,1
30287,12054,GA,1,1
30288,12054,GA,1,1
30289,12054,GA,0,1
30290,12054,GA,1,1
30291,12054,GA,1,1
30292,12054,GA,1,1
30293,12054,GA,1,1
30294,12054,GA,1,1
30295,12054,GA,1,1
30296,12054,GA,1,1
30297,12054,GA,1,1
30298,12054,GA,1,1
30301,12054,GA,1,1
30302,12054,GA,1,1
30303,12054,GA,1,1
30304,12054,GA,1,1
30305,12054,GA,1,1
30306,12054,GA,1,1
30307,12054,GA,1,1
30308,12054,GA,1,1
30309,12054,GA,1,1
30310,12054,GA,1,1
30311,12054,GA,1,1
30312,12054,GA,1,1
30313,12054,GA,1,1
30314,12054,GA,1,1
30315,12054,GA,1,1
30316,12054,GA,1,1
30317,12054,GA,1,1
30318,12054,GA,1,1
30319,12054,GA,1,1
30320,12054,GA,1,1
30321,12054,GA,1,1
30322,12054,GA,0,1
30324,12054,GA,1,1
30325,12054,GA,1,1
30326,12054,GA,1,1
30327,12054,GA,1,1
30328,12054,GA,1,1
30329,12054,GA,1,1
30331,12054,GA,1,1
30332,12054,GA,1,1
30333,12054,GA,1,1
30334,12054,GA,1,1
30336,12054,GA,1,1
30337,12054,GA,1,1
30338,12054,GA,1,1
30339,12054,GA,0.02164,0.025326
30339,31924,GA,0.97836,0.974674
30340,12054,GA,1,1
30341,12054,GA,1,1
30342,12054,GA,1,1
30343,12054,GA,1,1
30344,12054,GA,1,1
30345,12054,GA,1,1
30346,12054,GA,1,1
30349,12054,GA,1,1
30350,12054,GA,1,1
30354,12054,GA,1,1
30355,12054,GA,1,1
30356,12054,GA,1,1
30357,12054,GA,1,1
30358,12054,GA,1,1
30359,12054,GA,1,1
30360,12054,GA,1,1
30361,12054,GA,0,1
30362,12054,GA,1,1
30363,12054,GA,1,1
30364,12054,GA,1,1
30366,12054,GA,1,1
30368,12054,GA,0,1
30369,12054,GA,0,1
30377,12054,GA,1,1
30378,12054,GA,0,1
30380,12054,GA,0,1
30385,12054,GA,0,1
30388,12054,GA,0,1
30396,12054,GA,0,1
30398,12054,GA,0,1
30506,12054,GA,1,1
30512,12054,GA,1,1
30515,12054,GA,1,1
30517,12054,GA,1,1
30518,12054,GA,1,1
30519,12054,GA,1,1
30528,12054,GA,1,1
30533,12054,GA,1,1
30534,12054,GA,0.998529,0.998568
30534,31924,GA,0.001471,0.001432
30536,12054,GA,1,1
30540,12054,GA,1,1
30548,12054,GA,1,1
30564,12054,GA,1,1
30597,12054,GA,0,1
30620,12054,GA,1,1
30621,12054,GA,1,1
30622,12054,GA,1,1
30623,12054,GA,0,1
30625,12054,GA,1,1
30641,12054,GA,1,1
30642,12054,GA,1,1
30650,12054,GA,1,1
30655,12054,GA,1,1
30656,12054,GA,1,1
30663,12054,GA,1,1
30666,12054,GA,1,1
30680,12054,GA,1,1
30734,12054,GA,1,1
31024,12054,GA,1,1
31029,12054,GA,1,1
31038,12054,GA,1,1
31064,12054,GA,1,1
31085,12054,GA,1,1
31106,12054,GA,1,1
31107,12054,GA,1,1
31119,12054,GA,1,1
31126,12054,GA,1,1
31131,12054,GA,1,1
31136,12054,GA,0,1
31139,31924,GA,1,1
31141,12054,GA,1,1
31145,12054,GA,1,1
31146,12054,GA,1,1
31150,12054,GA,1,1
31156,12054,GA,1,1
31169,12054,GA,0,1
31816,12054,GA,1,1
31822,12054,GA,1,1
31830,12054,GA,1,1
33002,33124,FL,1,1
33004,22744,FL,1,1
33008,22744,FL,1,1
33009,22744,FL,1,1
33010,33124,FL,1,1
33011,33124,FL,1,1
33012,33124,FL,1,1
33013,33124,FL,1,1
33014,33124,FL,1,1
33015,33124,FL,1,1
33016,33124,FL,1,1
33017,33124,FL,1,1
33018,22744,FL,0.00005,0.000084
33018,33124,FL,0.99995,0.999916
33019,22744,FL,1,1
33020,22744,FL,1,1
33021,22744,FL,1,1
33022,22744,FL,1,1
33023,22744,FL,0.996206,0.996719
33023,33124,FL,0.003794,0.003281
33024,22744,FL,1,1
33025,22744,FL,1,1
33026,22744,FL,1,1
33027,22744,FL,1,1
33028,22744,FL,1,1
33029,22744,FL,1,1
33030,33124,FL,1,1
33031,33124,FL,1,1
33032,33124,FL,1,1
33033,33124,FL,1,1
33034,33124,FL,1,1
33035,33124,FL,1,1
33039,33124,FL,0,1
33054,33124,FL,1,1
33055,33124,FL,1,1
33056,33124,FL,1,0.999855
33056,22744,FL,0,0.000145
33060,22744,FL,1,1
33061,22744,FL,1,1
33062,22744,FL,1,1
33063,22744,FL,1,1
33064,22744,FL,1,1
33065,22744,FL,1,1
33066,22744,FL,1,1
33067,22744,FL,1,1
33068,22744,FL,1,1
33069,22744,FL,1,1
33071,22744,FL,1,1
33073,22744,FL,1,1
33074,22744,FL,1,1
33075,22744,FL,1,1
33076,22744,FL,1,1
33077,22744,FL,1,1
33081,22744,FL,1,1
33082,22744,FL,1,1
33083,22744,FL,1,1
33084,22744,FL,1,1
33090,33124,FL,1,1
33092,33124,FL,1,1
33093,22744,FL,1,1
33097,22744,FL,1,1
33101,33124,FL,1,1
33106,33124,FL,0,1
33109,33124,FL,1,1
33112,33124,FL,0,1
33114,33124,FL,1,1
33116,33124,FL,1,1
33119,33124,FL,1,1
33122,33124,FL,1,1
33124,33124,FL,1,1
33125,33124,FL,1,1
33126,33124,FL,1,1
33127,33124,FL,1,1
33128,33124,FL,1,1
33129,33124,FL,1,1
33130,33124,FL,1,1
33131,33124,FL,1,1
33132,33124,FL,1,1
33133,33124,FL,1,1
33134,33124,FL,1,1
33135,33124,FL,1,1
33136,33124,FL,1,1
33137,33124,FL,1,1
33138,33124,FL,1,1
33139,33124,FL,1,1
33140,33124,FL,1,1
33141,33124,FL,1,1
33142,33124,FL,1,1
33143,33124,FL,1,1
33144,33124,FL,1,1
33145,33124,FL,1,1
33146,33124,FL,1,1
33147,33124,FL,1,1
33149,33124,FL,1,1
33150,33124,FL,1,1
33152,33124,FL,1,1
33153,33124,FL,1,1
33154,33124,FL,1,1
33155,33124,FL,1,1
33156,33124,FL,1,1
33157,33124,FL,1,1
33158,33124,FL,1,1
33160,33124,FL,1,1
33161,33124,FL,1,1
33162,33124,FL,1,1
33163,33124,FL,1,1
33164,33124,FL,1,1
33165,33124,FL,1,1
33166,33124,FL,1,1
33167,33124,FL,1,1
33168,33124,FL,1,1
33169,33124,FL,1,1
33170,33124,FL,1,1
33172,33124,FL,1,1
33173,33124,FL,1,1
33174,33124,FL,1,1
33175,33124,FL,1,1
33176,33124,FL,1,1
33177,33124,FL,1,1
33178,33124,FL,1,1
33179,33124,FL,0.996776,0.99691
33179,22744,FL,0.003224,0.00309
33180,33124,FL,1,1
33181,33124,FL,1,1
33182,33124,FL,1,1
33183,33124,FL,1,1
33184,33124,FL,1,1
33185,33124,FL,1,1
33186,33124,FL,1,1
33187,33124,FL,1,1
33189,33124,FL,1,1
33190,33124,FL,1,1
33191,33124,FL,0,1
33192,33124,FL,0,1
33193,33124,FL,1,1
33194,33124,FL,1,1
33195,33124,FL,1,1
33196,33124,FL,1,1
33197,33124,FL,1,1
33198,33124,FL,0,1
33199,33124,FL,0,1
33206,33124,FL,0,1
33222,33124,FL,1,1
33231,33124,FL,1,1
33233,33124,FL,1,1
33234,33124,FL,1,1
33238,33124,FL,1,1
33239,33124,FL,1,1
33242,33124,FL,1,1
33243,33124,FL,1,1
33245,33124,FL,1,1
33247,33124,FL,1,1
33255,33124,FL,1,1
33256,33124,FL,1,1
33257,33124,FL,1,1
33261,33124,FL,1,1
33265,33124,FL,1,1
33266,33124,FL,1,1
33269,33124,FL,1,1
33280,33124,FL,1,1
33283,33124,FL,1,1
33296,33124,FL,1,1
33301,22744,FL,1,1
33302,22744,FL,1,1
33303,22744,FL,1,1
33304,22744,FL,1,1
33305,22744,FL,1,1
33306,22744,FL,1,1
33307,22744,FL,1,1
33308,22744,FL,1,1
33309,22744,FL,1,1
33310,22744,FL,1,1
33311,22744,FL,1,1
33312,22744,FL,1,1
33313,22744,FL,1,1
33314,22744,FL,1,1
33315,22744,FL,1,1
33316,22744,FL,1,1
33317,22744,FL,1,1
33318,22744,FL,1,1
33319,22744,FL,1,1
33320,22744,FL,1,1
33321,22744,FL,1,1
33322,22744,FL,1,1
33323,22744,FL,1,1
33324,22744,FL,1,1
33325,22744,FL,1,1
33326,22744,FL,1,1
33327,22744,FL,1,1
33328,22744,FL,1,1
33329,22744,FL,1,1
33330,22744,FL,1,1
33331,22744,FL,1,1
33332,22744,FL,1,1
33334,22744,FL,1,1
33335,22744,FL,1,1
33338,22744,FL,1,1
33339,22744,FL,1,1
33345,22744,FL,1,1
33346,22744,FL,1,1
33348,22744,FL,1,1
33351,22744,FL,1,1
33355,22744,FL,1,1
33359,22744,FL,1,1
33388,22744,FL,0,1
33394,22744,FL,0,1
33401,48424,FL,1,1
33402,48424,FL,1,1
33403,48424,FL,1,1
33404,48424,FL,1,1
33405,48424,FL,1,1
33406,48424,FL,1,1
33407,48424,FL,1,1
33408,48424,FL,1,1
33409,48424,FL,1,1
33410,48424,FL,1,1
33411,48424,FL,1,1
33412,48424,FL,1,1
33413,48424,FL,1,1
33414,48424,FL,1,1
33415,48424,FL,1,1
33416,48424,FL,1,1
33417,48424,FL,1,1
33418,48424,FL,1,1
33419,48424,FL,1,1
33420,48424,FL,1,1
33421,48424,FL,1,1
33422,48424,FL,1,1
33424,48424,FL,1,1
33425,48424,FL,1,1
33426,48424,FL,1,1
33427,48424,FL,1,1
33428,48424,FL,1,1
33429,48424,FL,1,1
33430,48424,FL,1,1
33431,48424,FL,1,1
33432,22744,FL,0.000762,0.00096
33432,48424,FL,0.999238,0.99904
33433,48424,FL,1,1
33434,48424,FL,1,1
33435,48424,FL,1,1
33436,48424,FL,1,1
33437,48424,FL,1,1
33438,48424,FL,1,1
33440,48424,FL,1,1
33441,22744,FL,1,1
33442,22744,FL,1,1
33443,22744,FL,1,1
33444,48424,FL,1,1
33445,48424,FL,1,1
33446,48424,FL,1,1
33448,48424,FL,1,1
33449,48424,FL,1,1
33454,48424,FL,1,1
33458,48424,FL,1,1
33459,48424,FL,0,1
33460,48424,FL,1,1
33461,48424,FL,1,1
33462,48424,FL,1,1
33463,48424,FL,1,1
33464,48424,FL,0,1
33465,48424,FL,1,1
33466,48424,FL,1,1
33467,48424,FL,1,1
33468,48424,FL,1,1
33469,48424,FL,1,1
33470,48424,FL,1,1
33472,48424,FL,1,1
33473,48424,FL,1,1
33474,48424,FL,1,1
33476,48424,FL,1,1
33477,48424,FL,1,1
33478,48424,FL,1,1
33480,48424,FL,1,1
33481,48424,FL,1,1
33482,48424,FL,1,1
33483,48424,FL,1,1
33484,48424,FL,1,1
33486,48424,FL,1,1
33487,48424,FL,1,1
33488,48424,FL,1,1
33493,48424,FL,1,1
33496,48424,FL,1,1
33497,48424,FL,1,1
33498,48424,FL,1,1
33499,48424,FL,0,1
33503,45294,FL,0,1
33508,45294,FL,1,1
33509,45294,FL,1,1
33510,45294,FL,1,1
33511,45294,FL,1,1
33523,45294,FL,1,1
33524,45294,FL,1,1
33525,45294,FL,1,1
33526,45294,FL,1,1
33527,45294,FL,1,1
33530,45294,FL,1,1
33534,45294,FL,1,1
33537,45294,FL,0,1
33539,45294,FL,1,1
33540,45294,FL,1,1
33541,45294,FL,1,1
33542,45294,FL,1,1
33543,45294,FL,1,1
33544,45294,FL,1,1
33545,45294,FL,1,1
33547,45294,FL,1,1
33548,45294,FL,1,1
33549,45294,FL,1,1
33550,45294,FL,1,1
33556,45294,FL,1,1
33558,45294,FL,1,1
33559,45294,FL,1,1
33563,45294,FL,1,1
33564,45294,FL,1,1
33565,45294,FL,1,1
33566,45294,FL,1,1
33567,45294,FL,1,1
33568,45294,FL,1,1
33569,45294,FL,1,1
33570,45294,FL,1,1
33571,45294,FL,1,1
33572,45294,FL,1,1
33573,45294,FL,1,1
33574,45294,FL,0,1
33575,45294,FL,1,1
33576,45294,FL,1,1
33578,45294,FL,1,1
33579,45294,FL,1,1
33583,45294,FL,1,1
33584,45294,FL,1,1
33586,45294,FL,0,1
33587,45294,FL,1,1
33592,45294,FL,1,1
33593,45294,FL,0,1
33594,45294,FL,1,1
33595,45294,FL,1,1
33596,45294,FL,1,1
33597,45294,FL,1,1
33598,45294,FL,1,1
33601,45294,FL,1,1
33602,45294,FL,1,1
33603,45294,FL,1,1
33604,45294,FL,1,1
33605,45294,FL,1,1
33606,45294,FL,1,1
33607,45294,FL,1,1
33609,45294,FL,1,1
33610,45294,FL,1,1
33611,45294,FL,1,1
33612,45294,FL,1,1
33613,45294,FL,1,1
33614,45294,FL,1,1
33615,45294,FL,1,1
33616,45294,FL,1,1
33617,45294,FL,1,1
33618,45294,FL,1,1
33619,45294,FL,1,1
33620,45294,FL,1,1
33621,45294,FL,1,1
33622,45294,FL,1,1
33623,45294,FL,1,1
33624,45294,FL,1,1
33625,45294,FL,1,1
33626,45294,FL,1,0.999931
33626,41304,FL,0,0.000069
33629,45294,FL,1,1
33630,45294,FL,0,1
33634,45294,FL,1,1
33635,45294,FL,1,1
33637,45294,FL,1,1
33646,45294,FL,1,1
33647,45294,FL,1,1
33672,45294,FL,1,1
33673,45294,FL,1,1
33674,45294,FL,1,1
33675,45294,FL,1,1
33677,45294,FL,1,1
33679,45294,FL,1,1
33680,45294,FL,1,1
33681,45294,FL,1,1
33682,45294,FL,1,1
33684,45294,FL,1,1
33685,45294,FL,1,1
33687,45294,FL,1,1
33688,45294,FL,1,1
33689,45294,FL,1,1
33694,45294,FL,1,1
33701,41304,FL,1,1
33702,41304,FL,1,1
33703,41304,FL,1,1
33704,41304,FL,1,1
33705,41304,FL,1,1
33706,41304,FL,1,1
33707,41304,FL,1,1
33708,41304,FL,1,1
33709,41304,FL,1,1
33710,41304,FL,1,1
33711,41304,FL,1,1
33712,41304,FL,1,1
33713,41304,FL,1,1
33714,41304,FL,1,1
33715,41304,FL,1,1
33716,41304,FL,1,1
33729,41304,FL,0,1
33730,41304,FL,1,1
33731,41304,FL,1,1
33732,41304,FL,1,1
33733,41304,FL,1,1
33734,41304,FL,1,1
33736,41304,FL,1,1
33738,41304,FL,1,1
33741,41304,FL,1,1
33742,41304,FL,1,1
33743,41304,FL,1,1
33744,41304,FL,1,1
33747,41304,FL,1,1
33755,41304,FL,1,1
33756,41304,FL,1,1
33757,41304,FL,1,1
33758,41304,FL,1,1
33759,41304,FL,1,1
33760,41304,FL,1,1
33761,41304,FL,1,1
33762,41304,FL,1,1
33763,41304,FL,1,1
33764,41304,FL,1,1
33765,41304,FL,1,1
33766,41304,FL,1,1
33767,41304,FL,1,1
33770,41304,FL,1,1
33771,41304,FL,1,1
33772,41304,FL,1,1
33773,41304,FL,1,1
33774,41304,FL,1,1
33775,41304,FL,1,1
33776,41304,FL,1,1
33777,41304,FL,1,1
33778,41304,FL,1,1
33779,41304,FL,1,1
33780,41304,FL,1,1
33781,41304,FL,1,1
33782,41304,FL,1,1
33784,41304,FL,1,1
33785,41304,FL,1,1
33786,41304,FL,1,1
33809,45294,FL,1,1
33810,45294,FL,1,1
33849,45294,FL,1,1
33860,45294,FL,1,1
34446,45294,FL,1,1
34601,45294,FL,1,1
34602,45294,FL,1,1
34603,45294,FL,1,1
34604,45294,FL,1,1
34605,45294,FL,1,1
34606,45294,FL,1,1
34607,45294,FL,1,1
34608,45294,FL,1,1
34609,45294,FL,1,1
34610,45294,FL,1,1
34611,45294,FL,1,1
34613,45294,FL,1,1
34614,45294,FL,1,1
34636,45294,FL,0,1
34637,45294,FL,1,1
34638,45294,FL,1,1
34639,45294,FL,1,1
34652,45294,FL,1,1
34653,45294,FL,1,1
34654,45294,FL,1,1
34655,45294,FL,1,1
34656,45294,FL,1,1
34660,41304,FL,1,1
34661,45294,FL,1,1
34667,45294,FL,1,1
34668,45294,FL,1,1
34669,45294,FL,1,1
34673,45294,FL,1,1
34674,45294,FL,1,1
34677,41304,FL,1,1
34679,45294,FL,0,1
34680,45294,FL,1,1
34681,41304,FL,1,1
34682,41304,FL,1,1
34683,41304,FL,1,1
34684,41304,FL,1,1
34685,41304,FL,1,1
34688,41304,FL,1,1
34689,45294,FL,0,0.000054
34689,41304,FL,1,0.999946
34690,45294,FL,1,1
34691,45294,FL,1,1
34692,45294,FL,1,1
34695,41304,FL,1,1
34697,41304,FL,1,1
34698,41304,FL,1,1
39901,12054,GA,0,1
46301,29414,IN,1,1
46302,29414,IN,1,1
46303,29414,IN,1,1
46304,29414,IN,1,1
46307,29414,IN,1,1
46308,29414,IN,1,1
46310,29414,IN,1,1
46311,29414,IN,1,1
46312,29414,IN,1,1
46319,29414,IN,1,1
46320,29414,IN,1,1
46321,29414,IN,1,1
46322,29414,IN,1,1
46323,29414,IN,1,1
46324,29414,IN,1,1
46325,29414,IN,1,1
46327,29414,IN,1,1
46341,29414,IN,1,1
46342,29414,IN,1,1
46347,29414,IN,1,1
46348,29414,IN,1,1
46349,29414,IN,1,1
46355,29414,IN,0,1
46356,29414,IN,1,1
46360,29414,IN,1,1
46368,29414,IN,1,1
46372,29414,IN,0,1
46373,29414,IN,1,1
46374,29414,IN,1,1
46375,29414,IN,1,1
46376,29414,IN,1,1
46377,29414,IN,0,1
46379,29414,IN,0,1
46380,29414,IN,0,1
46381,29414,IN,1,1
46383,29414,IN,1,1
46384,29414,IN,1,1
46385,29414,IN,1,1
46391,29414,IN,1,1
46392,29414,IN,1,1
46393,29414,IN,1,1
46394,29414,IN,1,1
46401,29414,IN,1,1
46402,29414,IN,1,1
46403,29414,IN,1,1
46404,29414,IN,1,1
46405,29414,IN,1,1
46406,29414,IN,1,1
46407,29414,IN,1,1
46408,29414,IN,1,1
46409,29414,IN,1,1
46410,29414,IN,1,1
46411,29414,IN,1,1
47922,29414,IN,1,1
47942,29414,IN,1,1
47943,29414,IN,1,1
47946,29414,IN,1,1
47948,29414,IN,1,1
47951,29414,IN,1,1
47957,29414,IN,1,1
47959,29414,IN,1,1
47963,29414,IN,1,1
47964,29414,IN,1,1
47977,29414,IN,1,1
47978,29414,IN,1,1
47995,29414,IN,1,1
48001,47664,MI,1,1
48002,47664,MI,1,1
48003,47664,MI,1,1
48004,47664,MI,1,1
48005,47664,MI,1,1
48006,47664,MI,1,1
48009,47664,MI,1,1
48012,47664,MI,1,1
48014,47664,MI,1,1
48015,47664,MI,1,1
48017,47664,MI,1,1
48021,47664,MI,1,0.999816
48021,19804,MI,0,0.000184
48022,47664,MI,1,1
48023,47664,MI,1,1
48025,47664,MI,1,1
48026,47664,MI,1,1
48027,47664,MI,1,1
48028,47664,MI,1,1
48030,47664,MI,1,1
48032,47664,MI,1,1
48033,47664,MI,1,1
48034,47664,MI,1,1
48035,47664,MI,1,1
48036,47664,MI,1,1
48037,47664,MI,1,1
48038,47664,MI,1,1
48039,47664,MI,1,1
48040,47664,MI,1,1
48041,47664,MI,1,1
48042,47664,MI,1,1
48043,47664,MI,1,1
48044,47664,MI,1,1
48045,47664,MI,1,1
48046,47664,MI,1,1
48047,47664,MI,1,1
48048,47664,MI,1,1
48049,47664,MI,1,1
48050,47664,MI,1,1
48051,47664,MI,1,1
48054,47664,MI,1,1
48059,47664,MI,1,1
48060,47664,MI,1,1
48061,47664,MI,1,1
48062,47664,MI,1,1
48063,47664,MI,1,1
48064,47664,MI,1,1
48065,47664,MI,1,1
48066,47664,MI,1,1
48067,47664,MI,1,1
48068,47664,MI,1,1
48069,47664,MI,1,1
48070,47664,MI,1,1
48071,47664,MI,1,1
48072,47664,MI,1,1
48073,47664,MI,1,1
48074,47664,MI,1,1
48075,47664,MI,1,1
48076,47664,MI,1,1
48079,47664,MI,1,1
48080,19804,MI,0.001658,0.001483
48080,47664,MI,0.998342,0.998517
48081,47664,MI,1,1
48082,47664,MI,1,1
48083,47664,MI,1,1
48084,47664,MI,1,1
48085,47664,MI,1,1
48088,47664,MI,1,1
48089,47664,MI,1,1
48090,47664,MI,1,1
48091,47664,MI,1,1
48092,47664,MI,1,1
48093,47664,MI,1,1
48094,47664,MI,1,1
48095,47664,MI,1,1
48096,47664,MI,1,1
48097,47664,MI,1,1
48098,47664,MI,1,1
48099,47664,MI,1,1
48101,19804,MI,1,1
48111,19804,MI,1,1
48112,19804,MI,1,1
48114,47664,MI,1,1
48116,47664,MI,1,1
48117,19804,MI,1,1
48120,19804,MI,1,1
48121,19804,MI,1,1
48122,19804,MI,1,1
48123,19804,MI,1,1
48124,19804,MI,1,1
48125,19804,MI,1,1
48126,19804,MI,1,1
48127,19804,MI,1,1
48128,19804,MI,1,1
48134,19804,MI,1,1
48135,19804,MI,1,1
48136,19804,MI,1,1
48137,47664,MI,1,1
48138,19804,MI,1,1
48139,47664,MI,1,1
48141,19804,MI,1,1
48143,47664,MI,1,1
48146,19804,MI,1,1
48150,19804,MI,1,1
48151,19804,MI,1,1
48152,19804,MI,1,1
48153,19804,MI,1,1
48154,19804,MI,1,1
48164,19804,MI,1,1
48165,47664,MI,1,1
48167,47664,MI,0.502635,0.470195
48167,19804,MI,0.497365,0.529805
48168,19804,MI,1,1
48169,47664,MI,1,1
48170,19804,MI,1,1
48173,19804,MI,1,1
48174,19804,MI,1,1
48178,47664,MI,1,1
48180,19804,MI,1,1
48183,19804,MI,1,1
48184,19804,MI,1,1
48185,19804,MI,1,1
48186,19804,MI,1,1
48187,19804,MI,1,1
48188,19804,MI,1,1
48189,47664,MI,1,1
48192,19804,MI,1,1
48193,19804,MI,1,1
48195,19804,MI,1,1
48198,19804,MI,1,1
48201,19804,MI,1,1
48202,19804,MI,1,1
48203,19804,MI,1,1
48204,19804,MI,1,1
48205,19804,MI,1,1
48206,19804,MI,1,1
48207,19804,MI,1,1
48208,19804,MI,1,1
48209,19804,MI,1,1
48210,19804,MI,1,1
48211,19804,MI,1,1
48212,19804,MI,1,1
48213,19804,MI,1,1
48214,19804,MI,1,1
48215,19804,MI,1,1
48216,19804,MI,1,1
48217,19804,MI,1,1
48218,19804,MI,1,1
48219,19804,MI,1,1
48220,47664,MI,1,1
48221,19804,MI,1,1
48222,19804,MI,0,1
48223,19804,MI,1,1
48224,19804,MI,1,1
48225,19804,MI,1,1
48226,19804,MI,1,1
48227,19804,MI,1,1
48228,19804,MI,1,1
48229,19804,MI,1,1
48230,19804,MI,1,1
48231,19804,MI,1,1
48232,19804,MI,1,1
48233,19804,MI,0,1
48234,19804,MI,1,1
48235,19804,MI,1,1
48236,47664,MI,0.005238,0.00489
48236,19804,MI,0.994762,0.99511
48237,47664,MI,1,1
48238,19804,MI,1,1
48239,19804,MI,1,1
48240,19804,MI,1,1
48242,19804,MI,1,1
48243,19804,MI,1,1
48244,19804,MI,1,1
48288,19804,MI,0,1
48301,47664,MI,1,1
48302,47664,MI,1,1
48303,47664,MI,1,1
48304,47664,MI,1,1
48306,47664,MI,1,1
48307,47664,MI,1,1
48308,47664,MI,1,1
48309,47664,MI,1,1
48310,47664,MI,1,1
48311,47664,MI,1,1
48312,47664,MI,1,1
48313,47664,MI,1,1
48314,47664,MI,1,1
48315,47664,MI,1,1
48316,47664,MI,1,1
48317,47664,MI,1,1
48318,47664,MI,1,1
48320,47664,MI,1,1
48321,47664,MI,1,1
48322,47664,MI,1,1
48323,47664,MI,1,1
48324,47664,MI,1,1
48325,47664,MI,1,1
48326,47664,MI,1,1
48327,47664,MI,1,1
48328,47664,MI,1,1
48329,47664,MI,1,1
48330,47664,MI,1,1
48331,47664,MI,1,1
48332,47664,MI,1,1
48333,47664,MI,1,1
48334,47664,MI,1,1
48335,47664,MI,1,1
48336,47664,MI,1,1
48340,47664,MI,1,1
48341,47664,MI,1,1
48342,47664,MI,1,1
48343,47664,MI,1,1
48346,47664,MI,1,1
48347,47664,MI,1,1
48348,47664,MI,1,1
48350,47664,MI,1,1
48353,47664,MI,1,1
48356,47664,MI,1,1
48357,47664,MI,1,1
48359,47664,MI,1,1
48360,47664,MI,1,1
48361,47664,MI,1,1
48362,47664,MI,1,1
48363,47664,MI,1,1
48366,47664,MI,0,1
48367,47664,MI,1,1
48370,47664,MI,1,1
48371,47664,MI,1,1
48374,47664,MI,1,1
48375,47664,MI,1,1
48376,47664,MI,1,1
48377,47664,MI,1,1
48380,47664,MI,1,1
48381,47664,MI,1,1
48382,47664,MI,1,1
48383,47664,MI,1,1
48386,47664,MI,1,1
48387,47664,MI,1,1
48390,47664,MI,1,1
48393,47664,MI,1,1
48412,47664,MI,1,1
48416,47664,MI,1,1
48418,47664,MI,1,1
48421,47664,MI,1,1
48423,47664,MI,1,1
48428,47664,MI,1,1
48430,47664,MI,1,1
48435,47664,MI,1,1
48438,47664,MI,1,1
48439,47664,MI,1,1
48440,47664,MI,1,1
48442,47664,MI,1,1
48444,47664,MI,1,1
48446,47664,MI,1,1
48451,47664,MI,1,1
48453,47664,MI,1,1
48455,47664,MI,1,1
48461,47664,MI,1,1
48462,47664,MI,1,1
48463,47664,MI,1,1
48464,47664,MI,1,1
48727,47664,MI,1,1
48744,47664,MI,1,1
48760,47664,MI,1,1
48816,47664,MI,1,1
48836,47664,MI,1,1
48843,47664,MI,1,1
48844,47664,MI,1,1
48855,47664,MI,1,1
48872,47664,MI,1,1
48892,47664,MI,1,1
49285,47664,MI,1,1
56998,47764,DC,0,1
60002,29404,IL,1,0.998727
60002,16984,IL,0,0.001273
60004,16984,IL,1,1
60005,16984,IL,1,1
60006,16984,IL,1,1
60007,16984,IL,1,1
60008,16984,IL,1,1
60009,16984,IL,1,1
60010,16984,IL,0.470048,0.451281
60010,29404,IL,0.527387,0.546328
60010,20994,IL,0.002565,0.002391
60011,16984,IL,0.29512,0.308806
60011,29404,IL,0.70488,0.691194
60012,16984,IL,1,1
60013,29404,IL,0.038184,0.034745
60013,16984,IL,0.961816,0.965255
60014,16984,IL,1,1
60015,16984,IL,0.050273,0.065949
60015,29404,IL,0.949727,0.934051
60016,16984,IL,1,1
60017,16984,IL,1,1
60018,16984,IL,1,1
60020,16984,IL,0.017739,0.015866
60020,29404,IL,0.982261,0.984134
60021,29404,IL,0.059597,0.052388
60021,16984,IL,0.940403,0.947612
60022,16984,IL,1,1
60025,16984,IL,1,1
60026,16984,IL,1,1
60029,16984,IL,1,1
60030,29404,IL,1,1
60031,29404,IL,1,1
60033,16984,IL,1,1
60034,16984,IL,1,1
60035,29404,IL,1,1
60037,29404,IL,0,1
60038,16984,IL,0,1
60039,16984,IL,1,1
60040,29404,IL,1,1
60041,29404,IL,1,1
60042,16984,IL,0.474136,0.461846
60042,29404,IL,0.525864,0.538154
60043,16984,IL,1,1
60044,29404,IL,1,1
60045,29404,IL,1,1
60046,29404,IL,1,1
60047,16984,IL,0.001371,0.001279
60047,29404,IL,0.998629,0.998721
60048,29404,IL,1,1
60050,16984,IL,0.989052,0.990555
60050,29404,IL,0.010948,0.009445
60051,29404,IL,0.184369,0.190309
60051,16984,IL,0.815631,0.809691
60053,16984,IL,1,1
60055,16984,IL,0,1
60056,16984,IL,1,1
60060,29404,IL,1,1
60061,29404,IL,1,1
60062,16984,IL,1,1
60064,29404,IL,1,1
60065,16984,IL,1,1
60067,16984,IL,1,1
60068,16984,IL,1,1
60069,29404,IL,1,1
60070,16984,IL,1,1
60071,16984,IL,1,1
60072,16984,IL,1,1
60073,29404,IL,1,1
60074,16984,IL,0.995787,0.989591
60074,29404,IL,0.004213,0.010409
60075,29404,IL,1,1
60076,16984,IL,1,1
60077,16984,IL,1,1
60078,16984,IL,1,1
60079,29404,IL,1,1
60081,29404,IL,0.201115,0.185149
60081,16984,IL,0.798885,0.814851
60082,16984,IL,0,1
60083,29404,IL,1,1
60084,29404,IL,1,1
60085,29404,IL,1,1
60086,29404,IL,0,1
60087,29404,IL,1,1
60088,29404,IL,1,1
60089,29404,IL,0.677767,0.682668
60089,16984,IL,0.322233,0.317332
60090,29404,IL,0.00572,0.006911
60090,16984,IL,0.99428,0.993089
60091,16984,IL,1,1
60093,16984,IL,1,1
60095,16984,IL,0,1
60096,29404,IL,1,1
60097,16984,IL,1,1
60098,16984,IL,1,1
60099,29404,IL,1,1
60101,16984,IL,1,1
60102,16984,IL,0.744005,0.753916
60102,20994,IL,0.255995,0.246084
60103,20994,IL,0.002333,0.004263
60103,16984,IL,0.997667,0.995737
60104,16984,IL,1,1
60106,16984,IL,1,1
60107,16984,IL,1,1
60108,16984,IL,1,1
60109,20994,IL,1,1
60110,20994,IL,1,1
60111,20994,IL,1,1
60112,20994,IL,1,1
60115,20994,IL,1,1
60117,16984,IL,0,1
60118,20994,IL,1,1
60119,20994,IL,1,1
60120,16984,IL,0.533198,0.476081
60120,20994,IL,0.466802,0.523919
60121,20994,IL,1,1
60122,16984,IL,0,1
60123,20994,IL,1,1
60124,20994,IL,1,1
60126,16984,IL,1,1
60129,20994,IL,1,1
60130,16984,IL,1,1
60131,16984,IL,1,1
60133,16984,IL,1,1
60134,20994,IL,1,1
60135,20994,IL,0.99748,0.997789
60135,16984,IL,0.00252,0.002211
60136,20994,IL,1,1
60137,16984,IL,1,1
60138,16984,IL,1,1
60139,16984,IL,1,1
60140,20994,IL,0.997318,0.997256
60140,16984,IL,0.002682,0.002744
60141,16984,IL,1,1
60142,20994,IL,0.287913,0.283607
60142,16984,IL,0.712087,0.716393
60143,16984,IL,1,1
60144,20994,IL,0,1
60145,20994,IL,1,1
60146,20994,IL,1,1
60147,20994,IL,1,1
60148,16984,IL,1,1
60150,20994,IL,1,1
60151,20994,IL,1,1
60152,20994,IL,0.002834,0.00256
60152,16984,IL,0.997166,0.99744
60153,16984,IL,1,1
60154,16984,IL,1,1
60155,16984,IL,1,1
60156,16984,IL,1,1
60157,16984,IL,1,1
60159,16984,IL,1,1
60160,16984,IL,1,1
60161,16984,IL,1,1
60162,16984,IL,1,1
60163,16984,IL,1,1
60164,16984,IL,1,1
60165,16984,IL,1,1
60168,16984,IL,1,1
60169,16984,IL,1,1
60171,16984,IL,1,1
60172,16984,IL,1,1
60173,16984,IL,1,1
60174,16984,IL,0.035077,0.030729
60174,20994,IL,0.964923,0.969271
60175,20994,IL,1,1
60176,16984,IL,1,1
60177,20994,IL,1,1
60178,20994,IL,1,1
60179,16984,IL,0,1
60180,16984,IL,1,1
60181,16984,IL,1,1
60183,20994,IL,1,1
60184,20994,IL,0.383745,0.382236
60184,16984,IL,0.616255,0.617764
60185,16984,IL,0.995112,0.990912
60185,20994,IL,0.004888,0.009088
60186,16984,IL,1,1
60187,16984,IL,1,1
60188,16984,IL,1,1
60189,16984,IL,1,1
60190,16984,IL,1,1
60191,16984,IL,1,1
60192,20994,IL,0,0.000155
60192,16984,IL,1,0.999845
60193,16984,IL,1,1
60194,16984,IL,1,1
60195,16984,IL,1,1
60196,16984,IL,0,1
60199,16984,IL,0,1
60201,16984,IL,1,1
60202,16984,IL,1,1
60203,16984,IL,1,1
60204,16984,IL,1,1
60208,16984,IL,0,1
60301,16984,IL,1,1
60302,16984,IL,1,1
60303,16984,IL,1,1
60304,16984,IL,1,1
60305,16984,IL,1,1
60401,16984,IL,1,1
60402,16984,IL,1,1
60403,16984,IL,1,1
60404,16984,IL,1,1
60406,16984,IL,1,1
60407,16984,IL,1,1
60408,16984,IL,1,1
60409,16984,IL,1,1
60410,16984,IL,1,1
60411,16984,IL,1,1
60412,16984,IL,1,1
60415,16984,IL,1,1
60416,16984,IL,1,1
60417,16984,IL,1,1
60418,16984,IL,1,1
60419,16984,IL,1,1
60420,16984,IL,1,1
60421,16984,IL,1,1
60422,16984,IL,1,1
60423,16984,IL,1,1
60424,16984,IL,1,1
60425,16984,IL,1,1
60426,16984,IL,1,1
60428,16984,IL,1,1
60429,16984,IL,1,1
60430,16984,IL,1,1
60431,16984,IL,0.716538,0.73127
60431,20994,IL,0.283462,0.26873
60432,16984,IL,1,1
60433,16984,IL,1,1
60434,16984,IL,1,1
60435,16984,IL,1,0.999959
60435,20994,IL,0,0.000041
60436,16984,IL,1,1
60437,16984,IL,1,1
60438,16984,IL,1,1
60439,16984,IL,1,1
60440,16984,IL,1,1
60441,16984,IL,1,1
60442,16984,IL,1,1
60443,16984,IL,1,1
60444,16984,IL,1,1
60445,16984,IL,1,1
60446,16984,IL,1,1
60447,20994,IL,0.12752,0.118285
60447,16984,IL,0.87248,0.881715
60448,16984,IL,1,1
60449,16984,IL,1,1
60450,16984,IL,0.99721,0.997559
60450,20994,IL,0.00279,0.002441
60451,16984,IL,1,1
60452,16984,IL,1,1
60453,16984,IL,1,1
60454,16984,IL,1,1
60455,16984,IL,1,1
60456,16984,IL,1,1
60457,16984,IL,1,1
60458,16984,IL,1,1
60459,16984,IL,1,1
60461,16984,IL,1,1
60462,16984,IL,1,1
60463,16984,IL,1,1
60464,16984,IL,1,1
60465,16984,IL,1,1
60466,16984,IL,1,1
60467,16984,IL,1,1
60468,16984,IL,1,1
60469,16984,IL,1,1
60470,16984,IL,1,1
60471,16984,IL,1,1
60472,16984,IL,1,1
60473,16984,IL,1,1
60474,16984,IL,1,1
60475,16984,IL,1,1
60476,16984,IL,1,1
60477,16984,IL,1,1
60478,16984,IL,1,1
60479,16984,IL,1,1
60480,16984,IL,1,1
60481,16984,IL,1,1
60482,16984,IL,1,1
60484,16984,IL,1,1
60487,16984,IL,1,1
60490,16984,IL,1,1
60491,16984,IL,1,1
60499,16984,IL,1,1
60501,16984,IL,1,1
60502,16984,IL,0.794612,0.746029
60502,20994,IL,0.205388,0.253971
60503,16984,IL,0.719588,0.71836
60503,20994,IL,0.280412,0.28164
60504,20994,IL,0.21555,0.207493
60504,16984,IL,0.78445,0.792507
60505,20994,IL,1,1
60506,20994,IL,1,1
60507,20994,IL,1,1
60510,20994,IL,1,1
60511,20994,IL,1,1
60512,20994,IL,1,1
60513,16984,IL,1,1
60514,16984,IL,1,1
60515,16984,IL,1,1
60516,16984,IL,1,1
60517,16984,IL,1,1
60518,20994,IL,1,1
60519,16984,IL,1,1
60520,20994,IL,1,1
60521,16984,IL,1,1
60522,16984,IL,1,1
60523,16984,IL,1,1
60525,16984,IL,1,1
60526,16984,IL,1,1
60527,16984,IL,1,1
60530,20994,IL,1,1
60531,20994,IL,1,1
60532,16984,IL,1,1
60534,16984,IL,1,1
60536,20994,IL,1,1
60537,20994,IL,1,1
60538,20994,IL,1,1
60539,20994,IL,1,1
60540,16984,IL,1,1
60541,20994,IL,0.968344,0.970105
60541,16984,IL,0.031656,0.029895
60542,20994,IL,1,1
60543,20994,IL,0.999565,0.9996
60543,16984,IL,0.000435,0.0004
60544,16984,IL,0.973037,0.97625
60544,20994,IL,0.026963,0.02375
60545,20994,IL,1,1
60546,16984,IL,1,1
60548,20994,IL,1,1
60550,20994,IL,1,1
60551,20994,IL,1,1
60552,20994,IL,1,1
60553,20994,IL,1,1
60554,20994,IL,1,1
60555,16984,IL,1,1
60556,20994,IL,1,1
60558,16984,IL,1,1
60559,16984,IL,1,1
60560,20994,IL,1,1
60561,16984,IL,1,1
60563,16984,IL,1,1
60564,16984,IL,1,1
60565,16984,IL,1,1
60566,16984,IL,1,1
60567,16984,IL,1,1
60569,16984,IL,0,1
60585,16984,IL,0.851856,0.865704
60585,20994,IL,0.148144,0.134296
60586,16984,IL,0.887498,0.89111
60586,20994,IL,0.112502,0.10889
60598,16984,IL,1,1
60599,16984,IL,0,1
60601,16984,IL,1,1
60602,16984,IL,1,1
60603,16984,IL,1,1
60604,16984,IL,1,1
60605,16984,IL,1,1
60606,16984,IL,1,1
60607,16984,IL,1,1
60608,16984,IL,1,1
60609,16984,IL,1,1
60610,16984,IL,1,1
60611,16984,IL,1,1
60612,16984,IL,1,1
60613,16984,IL,1,1
60614,16984,IL,1,1
60615,16984,IL,1,1
60616,16984,IL,1,1
60617,16984,IL,1,1
60618,16984,IL,1,1
60619,16984,IL,1,1
60620,16984,IL,1,1
60621,16984,IL,1,1
60622,16984,IL,1,1
60623,16984,IL,1,1
60624,16984,IL,1,1
60625,16984,IL,1,1
60626,16984,IL,1,1
60628,16984,IL,1,1
60629,16984,IL,1,1
60630,16984,IL,1,1
60631,16984,IL,1,1
60632,16984,IL,1,1
60633,16984,IL,1,1
60634,16984,IL,1,1
60636,16984,IL,1,1
60637,16984,IL,1,1
60638,16984,IL,1,1
60639,16984,IL,1,1
60640,16984,IL,1,1
60641,16984,IL,1,1
60642,16984,IL,1,1
60643,16984,IL,1,1
60644,16984,IL,1,1
60645,16984,IL,1,1
60646,16984,IL,1,1
60647,16984,IL,1,1
60649,16984,IL,1,1
60651,16984,IL,1,1
60652,16984,IL,1,1
60653,16984,IL,1,1
60654,16984,IL,1,1
60655,16984,IL,1,1
60656,16984,IL,1,1
60657,16984,IL,1,1
60659,16984,IL,1,1
60660,16984,IL,1,1
60661,16984,IL,1,1
60666,16984,IL,1,1
60668,16984,IL,0,1
60669,16984,IL,0,1
60670,16984,IL,0,1
60673,16984,IL,0,1
60674,16984,IL,0,1
60675,16984,IL,0,1
60677,16984,IL,0,1
60678,16984,IL,0,1
60682,16984,IL,0,1
60684,16984,IL,0,1
60685,16984,IL,0,1
60686,16984,IL,0,1
60687,16984,IL,0,1
60688,16984,IL,0,1
60689,16984,IL,0,1
60690,16984,IL,1,1
60693,16984,IL,0,1
60694,16984,IL,1,1
60695,16984,IL,0,1
60697,16984,IL,0,1
60699,16984,IL,0,1
60701,16984,IL,1,1
60706,16984,IL,1,1
60707,16984,IL,1,1
60712,16984,IL,1,1
60714,16984,IL,1,1
60803,16984,IL,1,1
60804,16984,IL,1,1
60805,16984,IL,1,1
60827,16984,IL,1,1
60935,16984,IL,1,1
60940,16984,IL,1,1
60950,16984,IL,1,1
60961,16984,IL,1,1
61012,16984,IL,1,1
61038,16984,IL,1,1
61052,20994,IL,1,1
61068,20994,IL,1,1
61353,20994,IL,1,1
61360,16984,IL,1,1
75001,19124,TX,1,1
75002,19124,TX,1,1
75006,19124,TX,1,1
75007,19124,TX,1,1
75009,19124,TX,1,1
75010,19124,TX,1,1
75011,19124,TX,1,1
75013,19124,TX,1,1
75014,19124,TX,1,1
75015,19124,TX,1,1
75016,19124,TX,1,1
75017,19124,TX,1,1
75019,19124,TX,1,1
75022,23104,TX,0.032639,0.032624
75022,19124,TX,0.967361,0.967376
75023,19124,TX,1,1
75024,19124,TX,1,1
75025,19124,TX,1,1
75026,19124,TX,1,1
75027,19124,TX,1,1
75028,23104,TX,0.01575,0.015974
75028,19124,TX,0.98425,0.984026
75029,19124,TX,1,1
75030,19124,TX,1,1
75032,19124,TX,1,1
75033,19124,TX,1,1
75034,19124,TX,1,1
75035,19124,TX,1,1
75036,19124,TX,1,1
75038,19124,TX,1,1
75039,19124,TX,1,1
75040,19124,TX,1,1
75041,19124,TX,1,1
75042,19124,TX,1,1
75043,19124,TX,1,1
75044,19124,TX,1,1
75045,19124,TX,1,1
75046,19124,TX,1,1
75047,19124,TX,1,1
75048,19124,TX,1,1
75049,19124,TX,1,1
75050,19124,TX,0.631197,0.611238
75050,23104,TX,0.368803,0.388762
75051,23104,TX,0.119094,0.137716
75051,19124,TX,0.880906,0.862284
75052,19124,TX,0.583932,0.575979
75052,23104,TX,0.416068,0.424021
75053,23104,TX,0.327894,0.331434
75053,19124,TX,0.672106,0.668566
75054,19124,TX,0.39304,0.424314
75054,23104,TX,0.60696,0.575686
75056,19124,TX,1,1
75057,19124,TX,1,1
75058,19124,TX,1,1
75059,19124,TX,0,1
75060,19124,TX,1,1
75061,19124,TX,1,1
75062,19124,TX,1,1
75063,19124,TX,1,1
75065,19124,TX,1,1
75067,19124,TX,1,1
75068,19124,TX,1,1
75069,19124,TX,1,1
75070,19124,TX,1,1
75071,19124,TX,1,1
75072,19124,TX,1,1
75074,19124,TX,1,1
75075,19124,TX,1,1
75077,19124,TX,1,1
75078,19124,TX,1,1
75080,19124,TX,1,1
75081,19124,TX,1,1
75082,19124,TX,1,1
75083,19124,TX,1,1
75085,19124,TX,1,1
75086,19124,TX,1,1
75087,19124,TX,1,1
75088,19124,TX,1,1
75089,19124,TX,1,1
75093,19124,TX,1,1
75094,19124,TX,1,1
75097,19124,TX,0,1
75098,19124,TX,1,1
75099,19124,TX,0,1
75101,19124,TX,0,1
75104,19124,TX,1,1
75106,19124,TX,1,1
75114,19124,TX,1,1
75115,19124,TX,1,1
75116,19124,TX,1,1
75118,19124,TX,0,1
75119,19124,TX,1,1
75121,19124,TX,0,1
75123,19124,TX,1,1
75125,19124,TX,1,1
75126,19124,TX,1,1
75132,19124,TX,0,1
75134,19124,TX,1,1
75135,19124,TX,1,1
75137,19124,TX,1,1
75138,19124,TX,1,1
75141,19124,TX,1,1
75142,19124,TX,1,1
75143,19124,TX,1,1
75146,19124,TX,1,1
75147,19124,TX,1,1
75149,19124,TX,1,1
75150,19124,TX,1,1
75152,19124,TX,1,1
75154,19124,TX,1,1
75156,19124,TX,1,1
75157,19124,TX,1,1
75158,19124,TX,1,1
75159,19124,TX,1,1
75160,19124,TX,1,1
75161,19124,TX,1,1
75164,19124,TX,0,1
75165,19124,TX,1,1
75166,19124,TX,1,1
75167,19124,TX,1,1
75168,19124,TX,1,1
75169,19124,TX,1,1
75172,19124,TX,1,1
75173,19124,TX,1,1
75180,19124,TX,1,1
75181,19124,TX,1,1
75182,19124,TX,1,1
75185,19124,TX,1,1
75187,19124,TX,1,1
75189,19124,TX,1,1
75201,19124,TX,1,1
75202,19124,TX,1,1
75203,19124,TX,1,1
75204,19124,TX,1,1
75205,19124,TX,1,1
75206,19124,TX,1,1
75207,19124,TX,1,1
75208,19124,TX,1,1
75209,19124,TX,1,1
75210,19124,TX,1,1
75211,19124,TX,1,1
75212,19124,TX,1,1
75214,19124,TX,1,1
75215,19124,TX,1,1
75216,19124,TX,1,1
75217,19124,TX,1,1
75218,19124,TX,1,1
75219,19124,TX,1,1
75220,19124,TX,1,1
75221,19124,TX,1,1
75222,19124,TX,1,1
75223,19124,TX,1,1
75224,19124,TX,1,1
75225,19124,TX,1,1
75226,19124,TX,1,1
75227,19124,TX,1,1
75228,19124,TX,1,1
75229,19124,TX,1,1
75230,19124,TX,1,1
75231,19124,TX,1,1
75232,19124,TX,1,1
75233,19124,TX,1,1
75234,19124,TX,1,1
75235,19124,TX,1,1
75236,19124,TX,1,1
75237,19124,TX,1,1
75238,19124,TX,1,1
75240,19124,TX,1,1
75241,19124,TX,1,1
75242,19124,TX,1,1
75243,19124,TX,1,1
75244,19124,TX,1,1
75246,19124,TX,1,1
75247,19124,TX,1,1
75248,19124,TX,1,1
75249,19124,TX,1,1
75250,19124,TX,1,1
75251,19124,TX,1,1
75252,19124,TX,1,1
75253,19124,TX,1,1
75254,19124,TX,1,1
75260,19124,TX,0,1
75261,19124,TX,0,0.035436
75261,23104,TX,1,0.964564
75270,19124,TX,0,1
75287,19124,TX,1,1
75313,19124,TX,1,1
75315,19124,TX,1,1
75336,19124,TX,1,1
75339,19124,TX,1,1
75342,19124,TX,1,1
75354,19124,TX,1,1
75355,19124,TX,1,1
75356,19124,TX,1,1
75357,19124,TX,1,1
75360,19124,TX,1,1
75367,19124,TX,1,1
75370,19124,TX,1,1
75371,19124,TX,1,1
75372,19124,TX,1,1
75374,19124,TX,1,1
75376,19124,TX,1,1
75378,19124,TX,1,1
75379,19124,TX,1,1
75380,19124,TX,1,1
75381,19124,TX,1,1
75382,19124,TX,1,1
75390,19124,TX,0,1
75398,19124,TX,0,1
75401,19124,TX,1,1
75402,19124,TX,1,1
75403,19124,TX,1,1
75404,19124,TX,1,1
75407,19124,TX,1,1
75409,19124,TX,1,1
75422,19124,TX,1,1
75423,19124,TX,1,1
75424,19124,TX,1,1
75428,19124,TX,1,1
75433,19124,TX,1,1
75442,19124,TX,1,1
75448,19124,TX,1,1
75449,19124,TX,1,1
75452,19124,TX,1,1
75453,19124,TX,1,1
75454,19124,TX,1,1
75458,19124,TX,0,1
75469,19124,TX,1,1
75474,19124,TX,1,1
75485,19124,TX,0,1
75491,19124,TX,1,1
75495,19124,TX,1,1
75496,19124,TX,1,1
76001,23104,TX,1,1
76002,23104,TX,1,1
76003,23104,TX,1,1
76004,23104,TX,1,1
76005,23104,TX,1,1
76006,23104,TX,1,1
76007,23104,TX,1,1
76008,23104,TX,1,1
76009,23104,TX,1,1
76010,23104,TX,1,1
76011,23104,TX,1,1
76012,23104,TX,1,1
76013,23104,TX,1,1
76014,23104,TX,1,1
76015,23104,TX,1,1
76016,23104,TX,1,1
76017,23104,TX,1,1
76018,23104,TX,1,1
76019,23104,TX,0,1
76020,23104,TX,1,1
76021,23104,TX,1,1
76022,23104,TX,1,1
76023,23104,TX,1,1
76028,23104,TX,1,1
76031,23104,TX,1,1
76033,23104,TX,1,1
76034,23104,TX,1,1
76035,23104,TX,1,1
76036,23104,TX,1,1
76039,23104,TX,1,1
76040,23104,TX,1,1
76041,19124,TX,1,1
76044,23104,TX,1,1
76049,23104,TX,1,1
76050,19124,TX,0.04302,0.041611
76050,23104,TX,0.95698,0.958389
76051,23104,TX,1,0.997701
76051,19124,TX,0,0.002299
76052,23104,TX,0.771161,0.779812
76052,19124,TX,0.228839,0.220188
76053,23104,TX,1,1
76054,23104,TX,1,1
76055,19124,TX,1,1
76058,23104,TX,1,1
76059,23104,TX,1,1
76060,23104,TX,1,1
76061,23104,TX,1,1
76063,19124,TX,0.016623,0.015052
76063,23104,TX,0.983377,0.984948
76064,19124,TX,1,1
76065,23104,TX,0.000039,0.000036
76065,19124,TX,0.999961,0.999964
76066,23104,TX,1,1
76067,23104,TX,1,1
76070,23104,TX,1,1
76071,23104,TX,1,1
76073,23104,TX,1,1
76078,23104,TX,0.904474,0.908872
76078,19124,TX,0.095526,0.091128
76082,23104,TX,1,1
76084,19124,TX,0.272794,0.262049
76084,23104,TX,0.727206,0.737951
76085,23104,TX,1,1
76086,23104,TX,1,1
76087,23104,TX,1,1
76088,23104,TX,1,1
76092,23104,TX,0.974225,0.980959
76092,19124,TX,0.025775,0.019041
76093,23104,TX,1,1
76094,23104,TX,1,1
76095,23104,TX,1,1
76096,23104,TX,1,1
76097,23104,TX,1,1
76098,23104,TX,1,1
76099,23104,TX,1,1
76101,23104,TX,1,1
76102,23104,TX,1,1
76103,23104,TX,1,1
76104,23104,TX,1,1
76105,23104,TX,1,1
76106,23104,TX,1,1
76107,23104,TX,1,1
76108,23104,TX,1,1
76109,23104,TX,1,1
76110,23104,TX,1,1
76111,23104,TX,1,1
76112,23104,TX,1,1
76113,23104,TX,1,1
76114,23104,TX,1,1
76115,23104,TX,1,1
76116,23104,TX,1,1
76117,23104,TX,1,1
76118,23104,TX,1,1
76119,23104,TX,1,1
76120,23104,TX,1,1
76121,23104,TX,1,1
76122,23104,TX,0,1
76123,23104,TX,1,1
76124,23104,TX,1,1
76126,23104,TX,1,1
76127,23104,TX,1,1
76129,23104,TX,0,1
76130,23104,TX,0,1
76131,23104,TX,1,1
76132,23104,TX,1,1
76133,23104,TX,1,1
76134,23104,TX,1,1
76135,23104,TX,1,1
76136,23104,TX,1,1
76137,23104,TX,1,1
76140,23104,TX,1,1
76147,23104,TX,1,1
76148,23104,TX,1,1
76155,23104,TX,1,1
76161,23104,TX,1,1
76162,23104,TX,1,1
76163,23104,TX,1,1
76164,23104,TX,1,1
76177,19124,TX,0.18034,0.17249
76177,23104,TX,0.81966,0.82751
76179,23104,TX,1,1
76180,23104,TX,1,1
76182,23104,TX,1,1
76185,23104,TX,1,1
76190,23104,TX,0,1
76191,23104,TX,0,1
76192,23104,TX,0,1
76193,23104,TX,0,1
76195,23104,TX,0,1
76196,23104,TX,0,1
76197,23104,TX,0,1
76199,23104,TX,0,1
76201,19124,TX,1,1
76202,19124,TX,1,1
76203,19124,TX,0,1
76204,19124,TX,0,1
76205,19124,TX,1,1
76206,19124,TX,1,1
76207,19124,TX,1,1
76208,19124,TX,1,1
76209,19124,TX,1,1
76210,19124,TX,1,1
76225,23104,TX,1,1
76226,19124,TX,1,1
76227,19124,TX,1,1
76234,23104,TX,0.989295,0.990558
76234,19124,TX,0.010705,0.009442
76244,23104,TX,1,1
76246,23104,TX,0,1
76247,23104,TX,0.001655,0.001603
76247,19124,TX,0.998345,0.998397
76248,23104,TX,1,1
76249,19124,TX,0.996789,0.996984
76249,23104,TX,0.003211,0.003016
76258,19124,TX,1,1
76259,23104,TX,0.000562,0.000531
76259,19124,TX,0.999438,0.999469
76262,23104,TX,0.274445,0.267273
76262,19124,TX,0.725555,0.732727
76266,19124,TX,1,1
76267,23104,TX,0,1
76270,23104,TX,1,1
76272,19124,TX,1,1
76426,23104,TX,1,1
76431,23104,TX,1,1
76439,23104,TX,0,1
76458,23104,TX,1,1
76462,23104,TX,1,1
76485,23104,TX,0,1
76486,23104,TX,1,1
76487,23104,TX,1,1
76490,23104,TX,1,1
76623,19124,TX,0,1
76626,19124,TX,1,1
76641,19124,TX,1,1
76651,19124,TX,1,1
76670,19124,TX,1,1
88888,47764,DC,1,1
90001,31084,CA,1,1
90002,31084,CA,1,1
90003,31084,CA,1,1
90004,31084,CA,1,1
90005,31084,CA,1,1
90006,31084,CA,1,1
90007,31084,CA,1,1
90008,31084,CA,1,1
90009,31084,CA,1,1
90010,31084,CA,1,1
90011,31084,CA,1,1
90012,31084,CA,1,1
90013,31084,CA,1,1
90014,31084,CA,1,1
90015,31084,CA,1,1
90016,31084,CA,1,1
90017,31084,CA,1,1
90018,31084,CA,1,1
90019,31084,CA,1,1
90020,31084,CA,1,1
90021,31084,CA,1,1
90022,31084,CA,1,1
90023,31084,CA,1,1
90024,31084,CA,1,1
90025,31084,CA,1,1
90026,31084,CA,1,1
90027,31084,CA,1,1
90028,31084,CA,1,1
90029,31084,CA,1,1
90030,31084,CA,1,1
90031,31084,CA,1,1
90032,31084,CA,1,1
90033,31084,CA,1,1
90034,31084,CA,1,1
90035,31084,CA,1,1
90036,31084,CA,1,1
90037,31084,CA,1,1
90038,31084,CA,1,1
90039,31084,CA,1,1
90040,31084,CA,1,1
90041,31084,CA,1,1
90042,31084,CA,1,1
90043,31084,CA,1,1
90044,31084,CA,1,1
90045,31084,CA,1,1
90046,31084,CA,1,1
90047,31084,CA,1,1
90048,31084,CA,1,1
90049,31084,CA,1,1
90050,31084,CA,1,1
90051,31084,CA,1,1
90052,31084,CA,0,1
90053,31084,CA,1,1
90054,31084,CA,1,1
90056,31084,CA,1,1
90057,31084,CA,1,1
90058,31084,CA,1,1
90059,31084,CA,1,1
90060,31084,CA,1,1
90061,31084,CA,1,1
90062,31084,CA,1,1
90063,31084,CA,1,1
90064,31084,CA,1,1
90065,31084,CA,1,1
90066,31084,CA,1,1
90067,31084,CA,1,1
90068,31084,CA,1,1
90069,31084,CA,1,1
90070,31084,CA,1,1
90071,31084,CA,1,1
90072,31084,CA,1,1
90073,31084,CA,0,1
90074,31084,CA,0,1
90075,31084,CA,1,1
90076,31084,CA,1,1
90077,31084,CA,1,1
90078,31084,CA,1,1
90079,31084,CA,1,1
90081,31084,CA,1,1
90082,31084,CA,1,1
90083,31084,CA,1,1
90084,31084,CA,0,1
90086,31084,CA,1,1
90087,31084,CA,1,1
90089,31084,CA,1,1
90091,31084,CA,1,1
90093,31084,CA,1,1
90094,31084,CA,1,1
90095,31084,CA,1,1
90099,31084,CA,0,1
90140,31084,CA,0,1
90201,31084,CA,1,1
90202,31084,CA,1,1
90205,31084,CA,0,1
90209,31084,CA,1,1
90210,31084,CA,1,1
90211,31084,CA,1,1
90212,31084,CA,1,1
90213,31084,CA,1,1
90220,31084,CA,1,1
90221,31084,CA,1,1
90222,31084,CA,1,1
90223,31084,CA,1,1
90224,31084,CA,1,1
90230,31084,CA,1,1
90231,31084,CA,1,1
90232,31084,CA,1,1
90239,31084,CA,1,1
90240,31084,CA,1,1
90241,31084,CA,1,1
90242,31084,CA,1,1
90245,31084,CA,1,1
90247,31084,CA,1,1
90248,31084,CA,1,1
90249,31084,CA,1,1
90250,31084,CA,1,1
90251,31084,CA,1,1
90254,31084,CA,1,1
90255,31084,CA,1,1
90260,31084,CA,1,1
90262,31084,CA,1,1
90263,31084,CA,0,1
90264,31084,CA,1,1
90265,31084,CA,1,1
90266,31084,CA,1,1
90267,31084,CA,1,1
90270,31084,CA,1,1
90272,31084,CA,1,1
90274,31084,CA,1,1
90275,31084,CA,1,1
90277,31084,CA,1,1
90278,31084,CA,1,1
90280,31084,CA,1,1
90290,31084,CA,1,1
90291,31084,CA,1,1
90292,31084,CA,1,1
90293,31084,CA,1,1
90294,31084,CA,1,1
90295,31084,CA,1,1
90296,31084,CA,1,1
90301,31084,CA,1,1
90302,31084,CA,1,1
90303,31084,CA,1,1
90304,31084,CA,1,1
90305,31084,CA,1,1
90306,31084,CA,1,1
90307,31084,CA,1,1
90308,31084,CA,1,1
90309,31084,CA,1,1
90310,31084,CA,1,1
90401,31084,CA,1,1
90402,31084,CA,1,1
90403,31084,CA,1,1
90404,31084,CA,1,1
90405,31084,CA,1,1
90406,31084,CA,1,1
90408,31084,CA,1,1
90409,31084,CA,1,1
90501,31084,CA,1,1
90502,31084,CA,1,1
90503,31084,CA,1,1
90504,31084,CA,1,1
90505,31084,CA,1,1
90506,31084,CA,0,1
90507,31084,CA,1,1
90508,31084,CA,1,1
90509,31084,CA,0,1
90510,31084,CA,1,1
90601,31084,CA,1,1
90602,31084,CA,1,1
90603,31084,CA,1,1
90604,31084,CA,1,1
90605,31084,CA,1,1
90606,31084,CA,1,1
90607,31084,CA,1,1
90608,31084,CA,1,1
90609,31084,CA,1,1
90610,31084,CA,0,1
90620,11244,CA,1,1
90621,11244,CA,1,1
90622,11244,CA,1,1
90623,31084,CA,0.015976,0.014614
90623,11244,CA,0.984024,0.985386
90624,11244,CA,0,1
90630,31084,CA,0.003748,0.003592
90630,11244,CA,0.996252,0.996408
90631,11244,CA,0.908076,0.92135
90631,31084,CA,0.091924,0.07865
90632,11244,CA,1,1
90633,11244,CA,1,1
90637,31084,CA,1,1
90638,11244,CA,0.00934,0.0118
90638,31084,CA,0.99066,0.9882
90639,31084,CA,0,1
90640,31084,CA,1,1
90650,31084,CA,1,1
90651,31084,CA,1,1
90652,31084,CA,1,1
90660,31084,CA,1,1
90661,31084,CA,0,1
90662,31084,CA,1,1
90670,31084,CA,1,1
90671,31084,CA,0,1
90680,11244,CA,1,1
90701,31084,CA,1,1
90702,31084,CA,1,1
90703,31084,CA,1,0.999851
90703,11244,CA,0,0.000149
90704,31084,CA,1,1
90706,31084,CA,1,1
90707,31084,CA,1,1
90710,31084,CA,1,1
90711,31084,CA,1,1
90712,31084,CA,1,1
90713,31084,CA,1,1
90714,31084,CA,1,1
90715,31084,CA,1,1
90716,31084,CA,1,1
90717,31084,CA,1,1
90720,11244,CA,1,1
90721,11244,CA,1,1
90723,31084,CA,1,1
90731,31084,CA,1,1
90732,31084,CA,1,1
90733,31084,CA,1,1
90734,31084,CA,1,1
90740,11244,CA,1,1
90742,11244,CA,1,1
90743,11244,CA,1,1
90744,31084,CA,1,1
90745,31084,CA,1,1
90746,31084,CA,1,1
90747,31084,CA,0,1
90748,31084,CA,1,1
90749,31084,CA,1,1
90755,31084,CA,1,1
90801,31084,CA,1,1
90802,31084,CA,1,1
90803,31084,CA,1,1
90804,31084,CA,1,1
90805,31084,CA,1,1
90806,31084,CA,1,1
90807,31084,CA,1,1
90808,11244,CA,0.001619,0.001502
90808,31084,CA,0.998381,0.998498
90809,31084,CA,1,1
90810,31084,CA,1,1
90813,31084,CA,1,1
90814,31084,CA,1,1
90815,31084,CA,0.997765,0.997963
90815,11244,CA,0.002235,0.002037
90822,31084,CA,0,1
90831,31084,CA,0,1
90832,31084,CA,1,1
90833,31084,CA,0,1
90840,31084,CA,0,1
90844,31084,CA,0,1
90846,31084,CA,0,1
90853,31084,CA,1,1
90895,31084,CA,0,1
91001,31084,CA,1,1
91003,31084,CA,1,1
91006,31084,CA,1,1
91007,31084,CA,1,1
91008,31084,CA,1,1
91009,31084,CA,1,1
91010,31084,CA,1,1
91011,31084,CA,1,1
91012,31084,CA,1,1
91016,31084,CA,1,1
91017,31084,CA,1,1
91020,31084,CA,1,1
91021,31084,CA,1,1
91023,31084,CA,1,1
91024,31084,CA,1,1
91025,31084,CA,1,1
91030,31084,CA,1,1
91031,31084,CA,1,1
91040,31084,CA,1,1
91041,31084,CA,1,1
91042,31084,CA,1,1
91043,31084,CA,1,1
91046,31084,CA,1,1
91066,31084,CA,1,1
91077,31084,CA,1,1
91101,31084,CA,1,1
91102,31084,CA,1,1
91103,31084,CA,1,1
91104,31084,CA,1,1
91105,31084,CA,1,1
91106,31084,CA,1,1
91107,31084,CA,1,1
91108,31084,CA,1,1
91109,31084,CA,1,1
91114,31084,CA,1,1
91115,31084,CA,1,1
91116,31084,CA,1,1
91117,31084,CA,1,1
91118,31084,CA,1,1
91121,31084,CA,0,1
91123,31084,CA,0,1
91124,31084,CA,0,1
91125,31084,CA,0,1
91126,31084,CA,0,1
91129,31084,CA,0,1
91182,31084,CA,0,1
91184,31084,CA,0,1
91185,31084,CA,0,1
91188,31084,CA,0,1
91189,31084,CA,0,1
91199,31084,CA,0,1
91201,31084,CA,1,1
91202,31084,CA,1,1
91203,31084,CA,1,1
91204,31084,CA,1,1
91205,31084,CA,1,1
91206,31084,CA,1,1
91207,31084,CA,1,1
91208,31084,CA,1,1
91209,31084,CA,1,1
91210,31084,CA,1,1
91214,31084,CA,1,1
91221,31084,CA,1,1
91222,31084,CA,1,1
91224,31084,CA,1,1
91225,31084,CA,1,1
91226,31084,CA,1,1
91301,31084,CA,1,1
91302,31084,CA,1,1
91303,31084,CA,1,1
91304,31084,CA,1,1
91305,31084,CA,1,1
91306,31084,CA,1,1
91307,31084,CA,1,1
91308,31084,CA,1,1
91309,31084,CA,1,1
91310,31084,CA,1,1
91311,31084,CA,1,1
91313,31084,CA,1,1
91316,31084,CA,1,1
91321,31084,CA,1,1
91322,31084,CA,1,1
91324,31084,CA,1,1
91325,31084,CA,1,1
91326,31084,CA,1,1
91327,31084,CA,1,1
91328,31084,CA,1,1
91330,31084,CA,1,1
91331,31084,CA,1,1
91333,31084,CA,1,1
91334,31084,CA,1,1
91335,31084,CA,1,1
91337,31084,CA,1,1
91340,31084,CA,1,1
91341,31084,CA,1,1
91342,31084,CA,1,1
91343,31084,CA,1,1
91344,31084,CA,1,1
91345,31084,CA,1,1
91346,31084,CA,1,1
91350,31084,CA,1,1
91351,31084,CA,1,1
91352,31084,CA,1,1
91353,31084,CA,1,1
91354,31084,CA,1,1
91355,31084,CA,1,1
91356,31084,CA,1,1
91357,31084,CA,1,1
91361,31084,CA,1,1
91362,31084,CA,1,1
91364,31084,CA,1,1
91365,31084,CA,1,1
91367,31084,CA,1,1
91371,31084,CA,0,1
91372,31084,CA,1,1
91376,31084,CA,1,1
91380,31084,CA,1,1
91381,31084,CA,1,1
91382,31084,CA,0,1
91383,31084,CA,0,1
91384,31084,CA,1,1
91385,31084,CA,1,1
91386,31084,CA,1,1
91387,31084,CA,1,1
91390,31084,CA,1,1
91392,31084,CA,1,1
91393,31084,CA,1,1
91394,31084,CA,1,1
91395,31084,CA,1,1
91396,31084,CA,1,1
91401,31084,CA,1,1
91402,31084,CA,1,1
91403,31084,CA,1,1
91404,31084,CA,1,1
91405,31084,CA,1,1
91406,31084,CA,1,1
91407,31084,CA,1,1
91408,31084,CA,1,1
91409,31084,CA,1,1
91411,31084,CA,1,1
91412,31084,CA,1,1
91413,31084,CA,1,1
91416,31084,CA,1,1
91423,31084,CA,1,1
91426,31084,CA,1,1
91436,31084,CA,1,1
91470,31084,CA,0,1
91482,31084,CA,0,1
91499,31084,CA,0,1
91501,31084,CA,1,1
91502,31084,CA,1,1
91503,31084,CA,1,1
91504,31084,CA,1,1
91505,31084,CA,1,1
91506,31084,CA,1,1
91507,31084,CA,1,1
91508,31084,CA,1,1
91510,31084,CA,1,1
91521,31084,CA,0,1
91522,31084,CA,0,1
91523,31084,CA,0,1
91601,31084,CA,1,1
91602,31084,CA,1,1
91603,31084,CA,1,1
91604,31084,CA,1,1
91605,31084,CA,1,1
91606,31084,CA,1,1
91607,31084,CA,1,1
91608,31084,CA,0,1
91609,31084,CA,1,1
91610,31084,CA,1,1
91614,31084,CA,1,1
91615,31084,CA,1,1
91617,31084,CA,1,1
91702,31084,CA,1,1
91706,31084,CA,1,1
91709,31084,CA,1,1
91710,31084,CA,1,1
91711,31084,CA,1,1
91714,31084,CA,0,1
91715,31084,CA,1,1
91716,31084,CA,0,1
91722,31084,CA,1,1
91723,31084,CA,1,1
91724,31084,CA,1,1
91731,31084,CA,1,1
91732,31084,CA,1,1
91733,31084,CA,1,1
91734,31084,CA,1,1
91740,31084,CA,1,1
91741,31084,CA,1,1
91744,31084,CA,1,1
91745,31084,CA,1,1
91746,31084,CA,1,1
91747,31084,CA,1,1
91748,31084,CA,1,1
91750,31084,CA,1,1
91754,31084,CA,1,1
91755,31084,CA,1,1
91756,31084,CA,0,1
91765,31084,CA,1,1
91766,31084,CA,1,1
91767,31084,CA,1,1
91768,31084,CA,1,1
91769,31084,CA,1,1
91770,31084,CA,1,1
91771,31084,CA,0,1
91772,31084,CA,0,1
91773,31084,CA,1,1
91775,31084,CA,1,1
91776,31084,CA,1,1
91778,31084,CA,1,1
91780,31084,CA,1,1
91786,31084,CA,1,1
91788,31084,CA,1,1
91789,31084,CA,1,1
91790,31084,CA,1,1
91791,31084,CA,1,1
91792,31084,CA,1,1
91793,31084,CA,1,1
91801,31084,CA,1,1
91802,31084,CA,1,1
91803,31084,CA,1,1
91804,31084,CA,0,1
91896,31084,CA,0,1
91899,31084,CA,0,1
92301,31084,CA,1,1
92397,31084,CA,1,1
92602,11244,CA,1,1
92603,11244,CA,1,1
92604,11244,CA,1,1
92605,11244,CA,1,1
92606,11244,CA,1,1
92607,11244,CA,1,1
92609,11244,CA,1,1
92610,11244,CA,1,1
92612,11244,CA,1,1
92614,11244,CA,1,1
92615,11244,CA,1,1
92616,11244,CA,1,1
92617,11244,CA,1,1
92618,11244,CA,1,1
92619,11244,CA,1,1
92620,11244,CA,1,1
92623,11244,CA,1,1
92624,11244,CA,1,1
92625,11244,CA,1,1
92626,11244,CA,1,1
92627,11244,CA,1,1
92628,11244,CA,1,1
92629,11244,CA,1,1
92630,11244,CA,1,1
92637,11244,CA,1,1
92646,11244,CA,1,1
92647,11244,CA,1,1
92648,11244,CA,1,1
92649,11244,CA,1,1
92650,11244,CA,1,1
92651,11244,CA,1,1
92652,11244,CA,1,1
92653,11244,CA,1,1
92654,11244,CA,1,1
92655,11244,CA,1,1
92656,11244,CA,1,1
92657,11244,CA,1,1
92658,11244,CA,1,1
92659,11244,CA,1,1
92660,11244,CA,1,1
92661,11244,CA,1,1
92662,11244,CA,1,1
92663,11244,CA,1,1
92672,11244,CA,1,1
92673,11244,CA,1,1
92674,11244,CA,1,1
92675,11244,CA,1,1
92676,11244,CA,1,1
92677,11244,CA,1,1
92678,11244,CA,1,1
92679,11244,CA,1,1
92683,11244,CA,1,1
92684,11244,CA,1,1
92685,11244,CA,1,1
92688,11244,CA,1,1
92690,11244,CA,1,1
92691,11244,CA,1,1
92692,11244,CA,1,1
92693,11244,CA,1,1
92694,11244,CA,1,1
92697,11244,CA,0,1
92698,11244,CA,0,1
92701,11244,CA,1,1
92702,11244,CA,1,1
92703,11244,CA,1,1
92704,11244,CA,1,1
92705,11244,CA,1,1
92706,11244,CA,1,1
92707,11244,CA,1,1
92708,11244,CA,1,1
92711,11244,CA,1,1
92728,11244,CA,1,1
92735,11244,CA,1,1
92780,11244,CA,1,1
92781,11244,CA,1,1
92782,11244,CA,1,1
92799,11244,CA,1,1
92801,11244,CA,1,1
92802,11244,CA,1,1
92803,11244,CA,1,1
92804,11244,CA,1,1
92805,11244,CA,1,1
92806,11244,CA,1,1
92807,11244,CA,1,1
92808,11244,CA,1,1
92809,11244,CA,1,1
92811,11244,CA,1,1
92812,11244,CA,1,1
92814,11244,CA,1,1
92815,11244,CA,1,1
92816,11244,CA,1,1
92817,11244,CA,1,1
92821,11244,CA,1,1
92822,11244,CA,1,1
92823,11244,CA,1,1
92831,11244,CA,1,1
92832,11244,CA,1,1
92833,11244,CA,1,1
92834,11244,CA,1,1
92835,11244,CA,1,1
92836,11244,CA,1,1
92837,11244,CA,1,1
92838,11244,CA,1,1
92840,11244,CA,1,1
92841,11244,CA,1,1
92842,11244,CA,1,1
92843,11244,CA,1,1
92844,11244,CA,1,1
92845,11244,CA,1,1
92846,11244,CA,1,1
92856,11244,CA,1,1
92857,11244,CA,1,1
92859,11244,CA,1,1
92861,11244,CA,1,1
92862,11244,CA,0,1
92863,11244,CA,1,1
92864,11244,CA,0,1
92865,11244,CA,1,1
92866,11244,CA,1,1
92867,11244,CA,1,1
92868,11244,CA,1,1
92869,11244,CA,1,1
92870,11244,CA,1,1
92871,11244,CA,1,1
92885,11244,CA,1,1
92886,11244,CA,1,1
92887,11244,CA,1,1
92899,11244,CA,0,1
93063,31084,CA,1,1
93243,31084,CA,1,1
93510,31084,CA,1,1
93532,31084,CA,1,1
93534,31084,CA,1,1
93535,31084,CA,1,1
93536,31084,CA,1,1
93539,31084,CA,1,1
93543,31084,CA,1,1
93544,31084,CA,1,1
93550,31084,CA,1,1
93551,31084,CA,1,1
93552,31084,CA,1,1
93553,31084,CA,1,1
93560,31084,CA,1,1
93563,31084,CA,1,1
93584,31084,CA,1,1
93590,31084,CA,1,1
93591,31084,CA,1,1
93599,31084,CA,0,1
94002,41884,CA,1,1
94005,41884,CA,1,1
94010,41884,CA,1,1
94011,41884,CA,1,1
94014,41884,CA,1,1
94015,41884,CA,1,1
94017,41884,CA,1,1
94018,41884,CA,1,1
94019,41884,CA,1,1
94020,41884,CA,1,1
94021,41884,CA,1,1
94025,41884,CA,1,1
94026,41884,CA,1,1
94027,41884,CA,1,1
94028,41884,CA,1,1
94030,41884,CA,1,1
94037,41884,CA,1,1
94038,41884,CA,1,1
94044,41884,CA,1,1
94060,41884,CA,1,1
94061,41884,CA,1,1
94062,41884,CA,1,1
94063,41884,CA,1,1
94064,41884,CA,1,1
94065,41884,CA,1,1
94066,41884,CA,1,1
94070,41884,CA,1,1
94074,41884,CA,1,1
94080,41884,CA,1,1
94083,41884,CA,1,1
94102,41884,CA,1,1
94103,41884,CA,1,1
94104,41884,CA,1,1
94105,41884,CA,1,1
94107,41884,CA,1,1
94108,41884,CA,1,1
94109,41884,CA,1,1
94110,41884,CA,1,1
94111,41884,CA,1,1
94112,41884,CA,1,1
94114,41884,CA,1,1
94115,41884,CA,1,1
94116,41884,CA,1,1
94117,41884,CA,1,1
94118,41884,CA,1,1
94119,41884,CA,1,1
94121,41884,CA,1,1
94122,41884,CA,1,1
94123,41884,CA,1,1
94124,41884,CA,1,1
94125,41884,CA,1,1
94126,41884,CA,1,1
94127,41884,CA,1,1
94128,41884,CA,1,1
94129,41884,CA,1,1
94130,41884,CA,1,1
94131,41884,CA,1,1
94132,41884,CA,1,1
94133,41884,CA,1,1
94134,41884,CA,1,1
94140,41884,CA,1,1
94141,41884,CA,1,1
94143,41884,CA,0,1
94146,41884,CA,1,1
94147,41884,CA,1,1
94158,41884,CA,1,1
94159,41884,CA,1,1
94164,41884,CA,1,1
94188,41884,CA,1,1
94303,41884,CA,1,1
94401,41884,CA,1,1
94402,41884,CA,1,1
94403,41884,CA,1,1
94404,41884,CA,1,1
94497,41884,CA,0,1
94501,36084,CA,1,1
94502,36084,CA,1,1
94505,36084,CA,1,1
94506,36084,CA,1,1
94507,36084,CA,1,1
94509,36084,CA,1,1
94511,36084,CA,1,1
94513,36084,CA,1,1
94514,36084,CA,1,1
94516,36084,CA,0,1
94517,36084,CA,1,1
94518,36084,CA,1,1
94519,36084,CA,1,1
94520,36084,CA,1,1
94521,36084,CA,1,1
94522,36084,CA,1,1
94523,36084,CA,1,1
94524,36084,CA,1,1
94525,36084,CA,1,1
94526,36084,CA,1,1
94528,36084,CA,1,1
94530,36084,CA,1,1
94531,36084,CA,1,1
94536,36084,CA,1,1
94537,36084,CA,1,1
94538,36084,CA,1,1
94539,36084,CA,1,1
94540,36084,CA,1,1
94541,36084,CA,1,1
94542,36084,CA,1,1
94543,36084,CA,1,1
94544,36084,CA,1,1
94545,36084,CA,1,1
94546,36084,CA,1,1
94547,36084,CA,1,1
94548,36084,CA,1,1
94549,36084,CA,1,1
94550,36084,CA,1,1
94551,36084,CA,1,1
94552,36084,CA,1,1
94553,36084,CA,1,1
94555,36084,CA,1,1
94556,36084,CA,1,1
94557,36084,CA,1,1
94560,36084,CA,1,1
94561,36084,CA,1,1
94563,36084,CA,1,1
94564,36084,CA,1,1
94565,36084,CA,1,1
94566,36084,CA,1,1
94568,36084,CA,1,1
94569,36084,CA,1,1
94570,36084,CA,1,1
94572,36084,CA,1,1
94575,36084,CA,0,1
94577,36084,CA,1,1
94578,36084,CA,1,1
94579,36084,CA,1,1
94580,36084,CA,1,1
94582,36084,CA,1,1
94583,36084,CA,1,1
94586,36084,CA,1,1
94587,36084,CA,1,1
94588,36084,CA,1,1
94595,36084,CA,1,1
94596,36084,CA,1,1
94597,36084,CA,1,1
94598,36084,CA,1,1
94601,36084,CA,1,1
94602,36084,CA,1,1
94603,36084,CA,1,1
94604,36084,CA,1,1
94605,36084,CA,1,1
94606,36084,CA,1,1
94607,36084,CA,1,1
94608,36084,CA,1,1
94609,36084,CA,1,1
94610,36084,CA,1,1
94611,36084,CA,1,1
94612,36084,CA,1,1
94613,36084,CA,0,1
94614,36084,CA,1,1
94615,36084,CA,0,1
94618,36084,CA,1,1
94619,36084,CA,1,1
94620,36084,CA,1,1
94621,36084,CA,1,1
94623,36084,CA,1,1
94624,36084,CA,1,1
94661,36084,CA,1,1
94662,36084,CA,1,1
94666,36084,CA,0,1
94701,36084,CA,1,1
94702,36084,CA,1,1
94703,36084,CA,1,1
94704,36084,CA,1,1
94705,36084,CA,1,1
94706,36084,CA,1,1
94707,36084,CA,1,1
94708,36084,CA,1,1
94709,36084,CA,1,1
94710,36084,CA,1,1
94712,36084,CA,1,1
94720,36084,CA,1,1
94801,36084,CA,1,1
94802,36084,CA,1,1
94803,36084,CA,1,1
94804,36084,CA,1,1
94805,36084,CA,1,1
94806,36084,CA,1,1
94807,36084,CA,1,1
94820,36084,CA,1,1
94850,36084,CA,0,1
94901,42034,CA,1,1
94903,42034,CA,1,1
94904,42034,CA,1,1
94912,42034,CA,1,1
94913,42034,CA,1,1
94914,42034,CA,1,1
94915,42034,CA,1,1
94920,42034,CA,1,1
94924,42034,CA,1,1
94925,42034,CA,1,1
94929,42034,CA,1,1
94930,42034,CA,1,1
94933,42034,CA,1,1
94937,42034,CA,1,1
94938,42034,CA,1,1
94939,42034,CA,1,1
94940,42034,CA,1,1
94941,42034,CA,1,1
94942,42034,CA,1,1
94945,42034,CA,1,1
94946,42034,CA,1,1
94947,42034,CA,1,1
94948,42034,CA,1,1
94949,42034,CA,1,1
94950,42034,CA,1,1
94952,42034,CA,1,1
94956,42034,CA,1,1
94957,42034,CA,1,1
94960,42034,CA,1,1
94963,42034,CA,1,1
94964,42034,CA,0,1
94965,42034,CA,1,1
94966,42034,CA,1,1
94970,42034,CA,1,1
94971,42034,CA,1,1
94973,42034,CA,1,1
94974,42034,CA,0,1
94976,42034,CA,1,1
94977,42034,CA,1,1
94978,42034,CA,1,1
94979,42034,CA,1,1
95035,36084,CA,0,1
95377,36084,CA,1,1
95391,36084,CA,1,1
98001,42644,WA,0.999924,0.999934
98001,45104,WA,0.000076,0.000066
98002,42644,WA,1,1
98003,42644,WA,1,1
98004,42644,WA,1,1
98005,42644,WA,1,1
98006,42644,WA,1,1
98007,42644,WA,1,1
98008,42644,WA,1,1
98009,42644,WA,1,1
98010,42644,WA,1,1
98011,42644,WA,0.996138,0.996294
98011,21794,WA,0.003862,0.003706
98012,21794,WA,1,1
98014,42644,WA,1,1
98015,42644,WA,1,1
98019,42644,WA,0.999526,0.999582
98019,21794,WA,0.000474,0.000418
98020,21794,WA,1,1
98021,21794,WA,1,1
98022,45104,WA,0.042313,0.041958
98022,42644,WA,0.957687,0.958042
98023,45104,WA,0.000374,0.000351
98023,42644,WA,0.999626,0.999649
98024,42644,WA,1,1
98025,42644,WA,1,1
98026,21794,WA,1,1
98027,42644,WA,1,1
98028,42644,WA,0.999182,0.999276
98028,21794,WA,0.000818,0.000724
98029,42644,WA,1,1
98030,42644,WA,1,1
98031,42644,WA,1,1
98032,42644,WA,1,1
98033,42644,WA,1,1
98034,42644,WA,1,1
98035,42644,WA,1,1
98036,42644,WA,0.000104,0.000087
98036,21794,WA,0.999896,0.999913
98037,21794,WA,1,1
98038,42644,WA,1,1
98039,42644,WA,1,1
98040,42644,WA,1,1
98041,42644,WA,1,1
98042,42644,WA,1,1
98043,42644,WA,0.002146,0.001974
98043,21794,WA,0.997854,0.998026
98045,42644,WA,1,1
98046,21794,WA,1,1
98047,45104,WA,0.021548,0.092443
98047,42644,WA,0.978452,0.907557
98050,42644,WA,1,1
98051,42644,WA,1,1
98052,42644,WA,1,1
98053,42644,WA,1,1
98055,42644,WA,1,1
98056,42644,WA,1,1
98057,42644,WA,1,1
98058,42644,WA,1,1
98059,42644,WA,1,1
98062,42644,WA,1,1
98063,42644,WA,1,1
98064,42644,WA,1,1
98065,42644,WA,1,1
98068,42644,WA,0,1
98070,42644,WA,1,1
98071,42644,WA,1,1
98072,42644,WA,0.907461,0.90869
98072,21794,WA,0.092539,0.09131
98073,42644,WA,1,1
98074,42644,WA,1,1
98075,42644,WA,1,1
98077,21794,WA,0.07817,0.078286
98077,42644,WA,0.92183,0.921714
98082,21794,WA,1,1
98083,42644,WA,1,1
98087,21794,WA,1,1
98089,42644,WA,1,1
98092,45104,WA,0.206614,0.220462
98092,42644,WA,0.793386,0.779538
98093,42644,WA,1,1
98101,42644,WA,1,1
98102,42644,WA,1,1
98103,42644,WA,1,1
98104,42644,WA,1,1
98105,42644,WA,1,1
98106,42644,WA,1,1
98107,42644,WA,1,1
98108,42644,WA,1,1
98109,42644,WA,1,1
98110,42644,WA,0,1
98111,42644,WA,1,1
98112,42644,WA,1,1
98113,42644,WA,1,1
98114,42644,WA,1,1
98115,42644,WA,1,1
98116,42644,WA,1,1
98117,42644,WA,1,1
98118,42644,WA,1,1
98119,42644,WA,1,1
98121,42644,WA,1,1
98122,42644,WA,1,1
98124,42644,WA,1,1
98125,42644,WA,1,1
98126,42644,WA,1,1
98127,42644,WA,1,1
98129,42644,WA,0,1
98131,42644,WA,0,1
98133,42644,WA,1,1
98134,42644,WA,1,1
98136,42644,WA,1,1
98138,42644,WA,1,1
98139,42644,WA,1,1
98144,42644,WA,1,1
98145,42644,WA,1,1
98146,42644,WA,1,1
98148,42644,WA,1,1
98154,42644,WA,0,1
98155,42644,WA,1,1
98158,42644,WA,0,1
98161,42644,WA,0,1
98164,42644,WA,1,1
98165,42644,WA,1,1
98166,42644,WA,1,1
98168,42644,WA,1,1
98170,42644,WA,0,1
98174,42644,WA,0,1
98175,42644,WA,1,1
98177,42644,WA,0.999781,0.999478
98177,21794,WA,0.000219,0.000522
98178,42644,WA,1,1
98181,42644,WA,0,1
98185,42644,WA,0,1
98188,42644,WA,1,1
98191,42644,WA,0,1
98194,42644,WA,1,1
98195,42644,WA,0,1
98198,42644,WA,1,1
98199,42644,WA,1,1
98201,21794,WA,1,1
98203,21794,WA,1,1
98204,21794,WA,1,1
98206,21794,WA,1,1
98207,21794,WA,1,1
98208,21794,WA,1,1
98213,21794,WA,1,1
98223,21794,WA,1,1
98224,42644,WA,1,1
98241,21794,WA,1,1
98251,42644,WA,0.042706,0.04218
98251,21794,WA,0.957294,0.95782
98252,21794,WA,1,1
98256,21794,WA,1,1
98258,21794,WA,1,1
98259,21794,WA,1,1
98270,21794,WA,1,1
98271,21794,WA,1,1
98272,21794,WA,1,1
98275,21794,WA,1,1
98282,21794,WA,1,1
98287,21794,WA,1,1
98288,42644,WA,1,1
98290,21794,WA,1,1
98291,21794,WA,1,1
98292,21794,WA,1,1
98293,21794,WA,1,1
98294,21794,WA,1,1
98296,21794,WA,1,1
98303,45104,WA,1,1
98304,45104,WA,1,1
98321,45104,WA,1,1
98323,45104,WA,1,1
98327,45104,WA,1,1
98328,45104,WA,1,1
98329,45104,WA,1,1
98330,45104,WA,1,1
98332,45104,WA,1,1
98333,45104,WA,1,1
98335,45104,WA,1,1
98338,45104,WA,1,1
98344,45104,WA,0,1
98348,45104,WA,0,1
98349,45104,WA,1,1
98351,45104,WA,1,1
98352,45104,WA,0,1
98354,45104,WA,0.906484,0.918915
98354,42644,WA,0.093516,0.081085
98360,45104,WA,1,1
98371,45104,WA,1,1
98372,45104,WA,1,1
98373,45104,WA,1,1
98374,45104,WA,1,1
98375,45104,WA,1,1
98385,45104,WA,1,1
98387,45104,WA,1,1
98388,45104,WA,1,1
98390,45104,WA,1,1
98391,45104,WA,1,1
98394,45104,WA,1,1
98395,45104,WA,1,1
98396,45104,WA,0,1
98397,45104,WA,0,1
98398,45104,WA,0,1
98401,45104,WA,1,1
98402,45104,WA,1,1
98403,45104,WA,1,1
98404,45104,WA,1,1
98405,45104,WA,1,1
98406,45104,WA,1,1
98407,45104,WA,1,1
98408,45104,WA,1,1
98409,45104,WA,1,1
98411,45104,WA,1,1
98413,45104,WA,0,1
98416,45104,WA,0,1
98417,45104,WA,1,1
98418,45104,WA,1,1
98419,45104,WA,1,1
98421,45104,WA,1,1
98422,45104,WA,0.995393,0.994886
98422,42644,WA,0.004607,0.005114
98424,45104,WA,1,1
98430,45104,WA,0,1
98431,45104,WA,0,1
98433,45104,WA,1,1
98438,45104,WA,1,1
98439,45104,WA,1,1
98443,45104,WA,1,1
98444,45104,WA,1,1
98445,45104,WA,1,1
98446,45104,WA,1,1
98447,45104,WA,0,1
98448,45104,WA,1,1
98464,45104,WA,1,1
98465,45104,WA,1,1
98466,45104,WA,1,1
98467,45104,WA,1,1
98490,45104,WA,1,1
98493,45104,WA,0,1
98496,45104,WA,1,1
98498,45104,WA,1,1
98499,45104,WA,1,1
98528,45104,WA,1,1
98558,45104,WA,1,1
98580,45104,WA,1,1
98937,45104,WA,1,1
