geoid,candidate,phase,positive_cents,net_cents,count,address_cents,address_count
10100,C00369033,between_primary_runoff,50000,50000,1.00,50000,1
10100,C00919084,between_primary_runoff,10000,10000,1.00,10000,1
10100,C00919084,post_runoff,20020,20020,2.00,20020,2
10100,C00919084,pre_primary,25000,25000,1.00,25000,1
10140,C00919084,between_primary_runoff,9000,9000,4.00,9000,4
10140,C00919084,post_runoff,2000,2000,1.00,2000,1
10180,C00369033,between_primary_runoff,570000,570000,8.00,320000,7
10180,C00369033,pre_primary,370000,370000,8.00,370000,8
10180,C00901918,between_primary_runoff,824976,824976,49.00,801435,44
10180,C00901918,post_runoff,368505,368505,38.00,368505,38
10180,C00901918,pre_primary,2240774,2240774,86.06,1480833,83
10180,C00919084,between_primary_runoff,1729227,1729227,140.46,1273701,124
10180,C00919084,post_runoff,540079,540079,106.89,450336,97
10180,C00919084,pre_primary,1041381,1041381,99.15,891161,78
10220,C00919084,post_runoff,24991,24991,1.00,0,0
10300,C00919084,post_runoff,52000,52000,4.00,52000,4
10420,C00369033,pre_primary,50000,50000,1.00,50000,1
10420,C00901918,between_primary_runoff,22000,22000,3.00,22000,3
10420,C00901918,post_runoff,7500,7500,1.00,7500,1
10420,C00919084,between_primary_runoff,691007,691007,30.00,611000,25
10420,C00919084,post_runoff,278004,278004,11.00,238000,8
10420,C00919084,pre_primary,400000,400000,27.00,247500,13
10460,C00901918,post_runoff,2500,2500,1.00,2500,1
10460,C00919084,between_primary_runoff,30500,30500,10.00,10500,2
10460,C00919084,post_runoff,143000,143000,16.00,110500,3
10460,C00919084,pre_primary,70000,70000,3.00,70000,3
10480,C00919084,pre_primary,50000,50000,1.00,50000,1
10500,C00369033,between_primary_runoff,100,100,1.00,100,1
10500,C00901918,pre_primary,30000,30000,1.00,0,0
10500,C00919084,post_runoff,100000,100000,1.00,100000,1
10500,C00919084,pre_primary,25000,25000,1.00,25000,1
10540,C00919084,between_primary_runoff,68338,68338,12.02,53200,10
10540,C00919084,post_runoff,41580,41580,10.01,41500,10
10540,C00919084,pre_primary,71191,71191,11.03,51000,7
10580,C00369033,pre_primary,40000,40000,1.00,40000,1
10580,C00901918,between_primary_runoff,60000,60000,3.00,60000,3
10580,C00901918,post_runoff,52051,52051,1.00,52051,1
10580,C00919084,between_primary_runoff,869078,869078,85.00,849078,81
10580,C00919084,post_runoff,1010569,1010569,74.00,864873,68
10580,C00919084,pre_primary,588100,588100,45.00,588100,45
10700,C00901918,between_primary_runoff,500000,350000,1.00,0,0
10700,C00919084,between_primary_runoff,12428,12428,1.97,10000,1
10700,C00919084,post_runoff,39144,39144,2.94,10000,1
10740,C00369033,between_primary_runoff,1923,1923,4.00,1923,4
10740,C00369033,pre_primary,900,900,1.00,900,1
10740,C00901918,between_primary_runoff,13705,13705,3.00,13705,3
10740,C00901918,post_runoff,2500,2500,1.00,2500,1
10740,C00919084,between_primary_runoff,2931325,2931325,205.76,2730040,191
10740,C00919084,post_runoff,1699494,1699494,164.95,1658414,159
10740,C00919084,pre_primary,2720947,2720947,140.90,2656900,136
10760,C00919084,pre_primary,50000,50000,1.00,50000,1
10780,C00901918,post_runoff,10000,10000,1.00,0,0
10820,C00919084,between_primary_runoff,12000,12000,3.00,12000,3
10820,C00919084,post_runoff,10000,10000,1.00,10000,1
10860,C00369033,between_primary_runoff,25000,25000,1.00,0,0
10860,C00901918,between_primary_runoff,120820,120820,3.00,20820,2
10860,C00919084,between_primary_runoff,56336,56336,7.13,43200,6
10860,C00919084,post_runoff,51600,51600,7.00,51600,7
10860,C00919084,pre_primary,7506,7506,0.75,0,0
10900,C00369033,between_primary_runoff,75000,25000,2.00,75000,2
10900,C00369033,pre_primary,130000,130000,3.00,130000,3
10900,C00901918,between_primary_runoff,76198,76198,31.00,76198,31
10900,C00901918,post_runoff,23200,23200,13.00,23200,13
10900,C00901918,pre_primary,84965,84965,28.00,84965,28
10900,C00919084,between_primary_runoff,347347,347347,42.00,347347,42
10900,C00919084,post_runoff,255281,255281,23.00,230281,22
10900,C00919084,pre_primary,436000,436000,44.00,336000,43
10940,C00919084,between_primary_runoff,23700,23700,3.00,23700,3
10940,C00919084,pre_primary,96700,96700,8.00,96700,8
11020,C00901918,between_primary_runoff,270520,270520,11.00,270520,11
11020,C00901918,pre_primary,172150,172150,6.00,172150,6
11020,C00919084,pre_primary,5303,5303,1.77,0,0
11060,C00901918,pre_primary,26025,26025,1.00,26025,1
11100,C00369033,between_primary_runoff,775000,775000,12.00,416250,9
11100,C00369033,pre_primary,1120000,1120000,19.00,770000,18
11100,C00901918,between_primary_runoff,483046,483046,27.00,478046,26
11100,C00901918,post_runoff,445403,445403,22.00,440403,21
11100,C00901918,pre_primary,3449674,3449674,45.00,2778521,41
11100,C00919084,between_primary_runoff,2640405,2640405,341.36,2472745,316
11100,C00919084,post_runoff,2345599,2345599,230.42,1891648,218
11100,C00919084,pre_primary,2911054,2911054,298.95,2676779,274
11140,C00919084,between_primary_runoff,10955,10955,1.00,10955,1
11140,C00919084,post_runoff,9327,9327,1.00,9327,1
11180,C00369033,pre_primary,50000,50000,1.00,0,0
11180,C00919084,between_primary_runoff,55000,55000,4.00,55000,4
11180,C00919084,post_runoff,150000,150000,5.00,150000,5
11180,C00919084,pre_primary,65000,65000,4.00,65000,4
11200,C00919084,between_primary_runoff,788275,788275,31.00,788275,31
11200,C00919084,post_runoff,1588198,1588198,39.00,1538198,37
11200,C00919084,pre_primary,500000,500000,19.00,500000,19
11260,C00901918,between_primary_runoff,76117,76117,11.00,76117,11
11260,C00901918,pre_primary,59345,59345,4.00,59345,4
11260,C00919084,between_primary_runoff,659600,659600,45.00,644600,42
11260,C00919084,post_runoff,1360896,1360896,42.00,1358396,41
11260,C00919084,pre_primary,643100,643100,44.00,535600,38
11360,C00919084,between_primary_runoff,2500,2500,1.00,2500,1
11360,C00919084,pre_primary,2500,2500,1.00,2500,1
11380,C00369033,between_primary_runoff,100000,100000,3.00,50000,2
11380,C00919084,between_primary_runoff,40000,40000,5.00,40000,5
11380,C00919084,post_runoff,15000,15000,2.00,15000,2
11380,C00919084,pre_primary,10000,10000,1.00,10000,1
11420,C00901918,post_runoff,10410,10410,1.00,10410,1
11420,C00901918,pre_primary,62461,62461,2.00,62461,2
11420,C00919084,between_primary_runoff,4772,4772,5.57,0,0
11420,C00919084,post_runoff,2466,2466,3.18,0,0
11460,C00901918,pre_primary,10000,10000,1.00,10000,1
11460,C00919084,between_primary_runoff,901250,901250,80.00,891250,79
11460,C00919084,post_runoff,1632592,1632592,74.00,1632592,74
11460,C00919084,pre_primary,1060720,1060720,36.00,983220,33
11500,C00901918,pre_primary,50000,50000,3.00,50000,3
11500,C00919084,between_primary_runoff,5000,5000,2.00,5000,2
11500,C00919084,post_runoff,14127,14127,3.00,14127,3
11540,C00901918,between_primary_runoff,25000,25000,1.00,25000,1
11540,C00901918,pre_primary,75000,75000,2.00,75000,2
11540,C00919084,between_primary_runoff,95000,95000,6.00,40000,4
11540,C00919084,post_runoff,43000,43000,6.00,32500,3
11620,C00901918,between_primary_runoff,25000,25000,1.00,0,0
11620,C00901918,pre_primary,50000,50000,2.00,0,0
11660,C00919084,between_primary_runoff,25000,25000,1.00,25000,1
11680,C00919084,between_primary_runoff,35000,35000,3.00,35000,3
11680,C00919084,post_runoff,8500,8500,3.00,8500,3
11680,C00919084,pre_primary,17500,17500,4.00,17500,4
11700,C00369033,between_primary_runoff,5000,5000,1.00,5000,1
11700,C00901918,between_primary_runoff,4500,4500,5.00,4500,5
11700,C00901918,post_runoff,141371,141371,17.00,41371,15
11700,C00919084,between_primary_runoff,757371,757371,112.00,676200,98
11700,C00919084,post_runoff,1226712,1226712,109.95,1109220,101
11700,C00919084,pre_primary,1372728,1372728,136.95,1249100,119
11740,C00369033,between_primary_runoff,50000,50000,1.00,50000,1
11740,C00919084,pre_primary,7000,7000,4.00,7000,4
11820,C00919084,between_primary_runoff,187500,187500,3.00,0,0
11820,C00919084,post_runoff,140000,140000,6.00,77500,5
11820,C00919084,pre_primary,25000,25000,1.00,25000,1
11900,C00901918,between_primary_runoff,179,179,0.02,0,0
11900,C00919084,post_runoff,20000,20000,1.00,20000,1
11900,C00919084,pre_primary,25000,25000,1.00,25000,1
11940,C00919084,between_primary_runoff,20000,20000,1.00,20000,1
11940,C00919084,post_runoff,20000,20000,1.00,20000,1
11980,C00369033,between_primary_runoff,135000,135000,3.00,135000,3
11980,C00369033,pre_primary,131726,131726,16.47,85000,16
11980,C00901918,between_primary_runoff,232432,232432,11.98,183722,11
11980,C00901918,post_runoff,121586,121586,5.02,121512,5
11980,C00901918,pre_primary,1103205,1103205,13.00,1103205,13
11980,C00919084,between_primary_runoff,346134,346134,69.50,321251,67
11980,C00919084,post_runoff,455390,455390,60.05,386500,57
11980,C00919084,pre_primary,1596304,1596304,62.87,1587819,62
12020,C00369033,between_primary_runoff,50000,50000,1.00,50000,1
12020,C00901918,between_primary_runoff,10619,10619,2.00,10619,2
12020,C00901918,pre_primary,25000,25000,1.00,25000,1
12020,C00919084,between_primary_runoff,398500,398500,25.00,398500,25
12020,C00919084,post_runoff,167127,167127,16.00,147127,15
12020,C00919084,pre_primary,361000,361000,16.00,261000,15
12060,C00369033,between_primary_runoff,3120000,3120000,13.00,3120000,13
12060,C00369033,pre_primary,2449897,2449897,47.00,2449897,47
12060,C00901918,between_primary_runoff,2984834,1861292,34.74,1695742,29
12060,C00901918,post_runoff,103858,103858,19.00,103858,19
12060,C00901918,pre_primary,2550025,2550025,19.00,2550025,19
12060,C00919084,between_primary_runoff,4904817,4904817,467.00,4803054,439
12060,C00919084,post_runoff,4711698,4711698,331.00,4595505,310
12060,C00919084,pre_primary,5670821,5670821,368.00,5626220,353
12100,C00919084,between_primary_runoff,457200,457200,30.00,457200,30
12100,C00919084,post_runoff,156246,156246,21.00,156246,21
12100,C00919084,pre_primary,85628,85628,28.00,85628,28
12140,C00919084,post_runoff,45000,45000,3.00,45000,3
12180,C00919084,between_primary_runoff,75011,75011,1.00,75000,1
12180,C00919084,post_runoff,329,329,0.06,0,0
12180,C00919084,pre_primary,50000,50000,2.00,50000,2
12220,C00919084,between_primary_runoff,15500,15500,3.00,15500,3
12220,C00919084,post_runoff,25000,25000,1.00,25000,1
12260,C00369033,between_primary_runoff,50000,50000,1.00,50000,1
12260,C00369033,pre_primary,50000,50000,1.00,50000,1
12260,C00901918,between_primary_runoff,25000,25000,1.00,25000,1
12260,C00901918,post_runoff,25000,25000,1.00,25000,1
12260,C00919084,between_primary_runoff,78500,78500,28.00,78500,28
12260,C00919084,post_runoff,366429,366429,14.00,353350,11
12260,C00919084,pre_primary,759589,759589,32.00,719600,25
12300,C00919084,post_runoff,10000,10000,1.00,10000,1
12300,C00919084,pre_primary,300000,300000,2.00,200000,1
12420,C00369033,between_primary_runoff,7691709,7691709,206.15,7346449,196
12420,C00369033,pre_primary,19920839,19920839,315.97,18331061,289
12420,C00901918,between_primary_runoff,7937269,7422913,372.99,7645021,329
12420,C00901918,post_runoff,5269949,5226881,341.99,4250844,316
12420,C00901918,pre_primary,52687662,50577252,422.98,50790931,363
12420,C00919084,between_primary_runoff,170499913,170499913,13081.89,163687025,12558
12420,C00919084,post_runoff,89020177,89020177,8117.77,85530250,7807
12420,C00919084,pre_primary,218594735,218559735,11942.99,209592701,11472
12540,C00901918,between_primary_runoff,31025,31025,2.00,31025,2
12540,C00901918,post_runoff,27500,27500,2.00,27500,2
12540,C00901918,pre_primary,15000,15000,1.00,15000,1
12540,C00919084,between_primary_runoff,286200,286200,48.00,285200,47
12540,C00919084,post_runoff,128533,128533,41.00,123533,39
12540,C00919084,pre_primary,418300,418300,32.00,418300,32
12580,C00369033,between_primary_runoff,772500,772500,9.00,472500,7
12580,C00369033,pre_primary,574102,574102,7.00,474102,6
12580,C00901918,between_primary_runoff,116563,116563,21.00,116563,21
12580,C00901918,post_runoff,164896,138871,13.00,164896,13
12580,C00901918,pre_primary,832038,832038,13.00,832038,13
12580,C00919084,between_primary_runoff,4409068,4409068,351.00,4332068,343
12580,C00919084,post_runoff,5138586,5138586,257.00,4738086,252
12580,C00919084,pre_primary,4383035,4383035,227.00,4331785,224
12620,C00901918,between_primary_runoff,22384,22384,9.00,11453,7
12620,C00901918,post_runoff,5062,5062,2.00,5062,2
12620,C00919084,between_primary_runoff,38489,38489,9.00,30000,6
12620,C00919084,post_runoff,54681,54681,9.99,42696,6
12620,C00919084,pre_primary,45000,45000,6.00,45000,6
12660,C00369033,pre_primary,25000,25000,1.00,25000,1
12660,C00901918,post_runoff,50000,50000,1.00,0,0
12660,C00919084,between_primary_runoff,3,3,0.00,0,0
12660,C00919084,post_runoff,5001,5001,1.00,5000,1
12660,C00919084,pre_primary,20001,20001,2.00,20000,2
12700,C00369033,between_primary_runoff,100000,100000,1.00,100000,1
12700,C00369033,pre_primary,125000,125000,2.00,125000,2
12700,C00901918,between_primary_runoff,17500,17500,2.00,17500,2
12700,C00901918,post_runoff,6000,6000,2.00,6000,2
12700,C00901918,pre_primary,500,500,1.00,500,1
12700,C00919084,between_primary_runoff,772000,772000,69.00,490000,52
12700,C00919084,post_runoff,444723,444723,49.00,318223,40
12700,C00919084,pre_primary,1119200,1119200,47.00,479500,28
12740,C00919084,between_primary_runoff,181500,181500,31.00,151500,28
12740,C00919084,post_runoff,201500,201500,27.00,181500,26
12740,C00919084,pre_primary,249400,249400,39.00,239400,38
12780,C00901918,between_primary_runoff,250000,250000,5.00,0,0
12780,C00901918,post_runoff,50000,50000,5.00,0,0
12780,C00901918,pre_primary,150000,150000,3.00,0,0
12780,C00919084,between_primary_runoff,13500,13500,3.00,13500,3
12780,C00919084,post_runoff,22500,22500,3.00,22500,3
12780,C00919084,pre_primary,27062,27062,1.04,25000,1
12900,C00919084,between_primary_runoff,5000,5000,2.00,5000,2
12900,C00919084,post_runoff,45610,45610,7.00,45610,7
12940,C00369033,between_primary_runoff,50000,50000,1.00,50000,1
12940,C00369033,pre_primary,100000,100000,2.00,100000,2
12940,C00901918,between_primary_runoff,141845,141845,7.00,141845,7
12940,C00901918,post_runoff,125000,125000,4.00,125000,4
12940,C00901918,pre_primary,446333,446333,10.00,421333,9
12940,C00919084,between_primary_runoff,519257,519257,60.24,394400,49
12940,C00919084,post_runoff,620502,620502,40.43,601300,36
12940,C00919084,pre_primary,566730,566730,28.62,203800,24
12980,C00919084,between_primary_runoff,12000,12000,6.00,12000,6
12980,C00919084,post_runoff,6000,6000,3.00,6000,3
12980,C00919084,pre_primary,35000,35000,4.00,35000,4
13020,C00919084,pre_primary,100000,100000,4.00,100000,4
13060,C00369033,between_primary_runoff,35000,35000,2.00,35000,2
13060,C00901918,between_primary_runoff,100508,100508,6.00,100500,6
13060,C00919084,between_primary_runoff,79885,79885,15.36,74000,13
13060,C00919084,post_runoff,70962,70962,15.79,44000,14
13060,C00919084,pre_primary,75007,75007,6.14,65194,3
13140,C00369033,between_primary_runoff,486250,486250,8.00,286250,5
13140,C00369033,pre_primary,1892441,1892441,16.21,1641602,11
13140,C00901918,between_primary_runoff,755394,755394,46.00,755394,46
13140,C00901918,post_runoff,152870,152870,17.00,131870,15
13140,C00901918,pre_primary,2891121,2891121,63.00,2796121,60
13140,C00919084,between_primary_runoff,2319942,2319942,227.00,2314442,225
13140,C00919084,post_runoff,1639195,1639195,124.00,1632195,120
13140,C00919084,pre_primary,1329685,1329685,181.00,1329685,181
13180,C00919084,post_runoff,29596,29596,1.00,29596,1
13260,C00901918,between_primary_runoff,10836,10836,2.00,10836,2
13260,C00901918,post_runoff,5418,5418,1.00,5418,1
13300,C00901918,between_primary_runoff,50000,50000,1.00,50000,1
13300,C00901918,post_runoff,35114,35114,12.00,35114,12
13300,C00901918,pre_primary,90500,90500,5.00,90500,5
13300,C00919084,between_primary_runoff,112500,112500,11.00,62500,10
13300,C00919084,post_runoff,25542,25542,4.00,25542,4
13300,C00919084,pre_primary,70897,70897,7.00,70897,7
13340,C00919084,post_runoff,10000,10000,1.00,10000,1
13380,C00369033,pre_primary,35233,35233,0.10,0,0
13380,C00901918,between_primary_runoff,16400,16400,4.00,0,0
13380,C00901918,post_runoff,3045,3045,2.00,0,0
13380,C00901918,pre_primary,5000,5000,1.00,0,0
13380,C00919084,between_primary_runoff,396107,396107,40.10,327600,36
13380,C00919084,post_runoff,532233,532233,34.10,447720,29
13380,C00919084,pre_primary,342100,342100,42.00,342100,42
13420,C00919084,between_primary_runoff,13000,13000,3.00,13000,3
13420,C00919084,post_runoff,8000,8000,2.00,8000,2
13460,C00919084,between_primary_runoff,983462,983462,74.98,898800,61
13460,C00919084,post_runoff,553647,553647,53.99,473722,40
13460,C00919084,pre_primary,551654,551654,74.45,432000,54
13540,C00919084,between_primary_runoff,58960,58960,9.99,39000,6
13540,C00919084,post_runoff,33920,33920,4.99,4000,3
13540,C00919084,pre_primary,184934,184934,14.99,145000,8
13660,C00919084,between_primary_runoff,2500,2500,1.00,2500,1
13660,C00919084,post_runoff,6000,6000,3.00,6000,3
13700,C00901918,post_runoff,10500,10500,1.00,10500,1
13700,C00901918,pre_primary,10000,10000,1.00,10000,1
13700,C00919084,between_primary_runoff,161000,161000,9.00,161000,9
13700,C00919084,post_runoff,41000,41000,5.00,41000,5
13700,C00919084,pre_primary,75000,75000,8.00,75000,8
13740,C00919084,between_primary_runoff,667500,667500,14.00,432500,7
13740,C00919084,post_runoff,43300,43300,9.00,25000,5
13740,C00919084,pre_primary,485702,485702,12.01,475526,11
13780,C00919084,between_primary_runoff,76492,76492,16.00,61492,13
13780,C00919084,post_runoff,100500,100500,17.00,70500,11
13780,C00919084,pre_primary,2500,2500,1.00,2500,1
13820,C00369033,between_primary_runoff,175000,175000,4.00,175000,4
13820,C00369033,pre_primary,100000,100000,2.00,100000,2
13820,C00901918,between_primary_runoff,302600,302600,2.00,302600,2
13820,C00901918,post_runoff,58328,58328,4.00,58328,4
13820,C00901918,pre_primary,50000,50000,2.00,50000,2
13820,C00919084,between_primary_runoff,354295,354295,50.70,336420,48
13820,C00919084,post_runoff,376145,376145,37.06,350320,36
13820,C00919084,pre_primary,1011327,1011327,47.00,891327,44
13860,C00919084,between_primary_runoff,4000,4000,2.00,4000,2
13860,C00919084,post_runoff,6696,6696,2.00,6696,2
13900,C00901918,between_primary_runoff,26025,26025,1.00,26025,1
13900,C00919084,between_primary_runoff,27600,27600,5.00,5100,2
13900,C00919084,post_runoff,67000,67000,4.00,57000,3
13900,C00919084,pre_primary,10000,10000,1.00,0,0
13940,C00919084,between_primary_runoff,10000,10000,2.00,10000,2
13940,C00919084,post_runoff,6500,6500,2.00,6500,2
13940,C00919084,pre_primary,5000,5000,1.00,5000,1
13980,C00901918,between_primary_runoff,20000,20000,2.00,20000,2
13980,C00901918,post_runoff,16000,16000,2.00,16000,2
13980,C00919084,between_primary_runoff,360200,360200,26.00,350200,25
13980,C00919084,post_runoff,55900,55900,9.00,55900,9
13980,C00919084,pre_primary,307100,307100,24.00,307100,24
14010,C00369033,between_primary_runoff,700000,700000,2.00,700000,2
14010,C00369033,pre_primary,400000,400000,2.00,400000,2
14010,C00901918,post_runoff,12500,12500,1.00,12500,1
14010,C00919084,between_primary_runoff,147716,147716,20.00,147716,20
14010,C00919084,post_runoff,102860,102860,13.03,102500,13
14010,C00919084,pre_primary,312500,312500,14.00,312500,14
14020,C00901918,between_primary_runoff,2500,2500,1.00,2500,1
14020,C00919084,between_primary_runoff,162500,162500,21.00,162500,21
14020,C00919084,post_runoff,179000,179000,13.00,129000,12
14020,C00919084,pre_primary,49000,49000,15.00,49000,15
14140,C00919084,between_primary_runoff,15000,15000,4.00,10000,2
14140,C00919084,post_runoff,7500,7500,2.00,5000,1
14260,C00369033,between_primary_runoff,100000,100000,2.00,50000,1
14260,C00369033,pre_primary,400000,350000,8.00,350000,7
14260,C00901918,between_primary_runoff,101104,101104,12.00,84448,10
14260,C00901918,post_runoff,115255,115255,7.00,15255,6
14260,C00901918,pre_primary,111601,111601,10.00,33525,8
14260,C00919084,between_primary_runoff,741199,741199,79.45,731400,75
14260,C00919084,post_runoff,710291,710291,69.78,708509,68
14260,C00919084,pre_primary,716623,716623,66.89,685000,65
14300,C00901918,between_primary_runoff,10000,10000,2.00,10000,2
14300,C00901918,post_runoff,5000,5000,1.00,5000,1
14300,C00901918,pre_primary,154102,154102,4.00,0,0
14300,C00919084,between_primary_runoff,252811,252811,19.31,250100,18
14300,C00919084,post_runoff,71238,71238,6.56,69742,6
14300,C00919084,pre_primary,203028,203028,18.56,181000,15
14380,C00369033,between_primary_runoff,49986,49986,1.00,0,0
14380,C00919084,between_primary_runoff,34200,34200,11.00,34200,11
14380,C00919084,post_runoff,11500,11500,4.00,11500,4
14380,C00919084,pre_primary,56300,56300,16.00,56300,16
14420,C00901918,pre_primary,695630,695630,1.00,0,0
14420,C00919084,between_primary_runoff,5000,5000,2.00,5000,2
14420,C00919084,post_runoff,2500,2500,1.00,2500,1
14460,C00369033,between_primary_runoff,850000,850000,8.00,825000,6
14460,C00369033,pre_primary,5026991,5026991,28.00,4799491,24
14460,C00901918,between_primary_runoff,306650,306650,29.00,218677,22
14460,C00901918,post_runoff,415613,415613,14.00,35613,11
14460,C00901918,pre_primary,446255,446255,26.00,371255,17
14460,C00919084,between_primary_runoff,24585507,24585507,991.00,23247510,962
14460,C00919084,post_runoff,21767807,21767807,734.00,20978531,716
14460,C00919084,pre_primary,21079396,21079396,714.00,20677396,699
14500,C00369033,pre_primary,200000,200000,1.00,200000,1
14500,C00901918,post_runoff,25000,25000,1.00,25000,1
14500,C00901918,pre_primary,52051,52051,1.00,52051,1
14500,C00919084,between_primary_runoff,4180580,4180580,193.64,3608050,184
14500,C00919084,post_runoff,1806618,1806618,117.64,1391763,113
14500,C00919084,pre_primary,4048820,4048820,131.72,3466855,125
14540,C00369033,pre_primary,50000,50000,1.00,50000,1
14540,C00901918,post_runoff,20820,20820,2.00,20820,2
14540,C00919084,between_primary_runoff,125000,125000,4.00,125000,4
14540,C00919084,post_runoff,30000,30000,3.00,30000,3
14540,C00919084,pre_primary,50000,50000,1.00,50000,1
14580,C00369033,pre_primary,50000,50000,1.00,50000,1
14580,C00901918,between_primary_runoff,103894,103894,1.00,0,0
14580,C00901918,post_runoff,20000,20000,2.00,20000,2
14580,C00919084,between_primary_runoff,161347,161347,20.85,132796,16
14580,C00919084,post_runoff,370351,370351,18.95,367500,18
14580,C00919084,pre_primary,357751,357751,15.95,354900,15
14660,C00919084,between_primary_runoff,75000,75000,8.00,45000,5
14660,C00919084,post_runoff,2500,2500,1.00,2500,1
14660,C00919084,pre_primary,45000,45000,5.00,10000,1
14700,C00369033,between_primary_runoff,50000,50000,1.00,50000,1
14700,C00901918,post_runoff,1942,1942,0.98,0,0
14710,C00919084,between_primary_runoff,54900,54900,17.00,54900,17
14710,C00919084,post_runoff,128049,128049,11.00,128049,11
14710,C00919084,pre_primary,229000,229000,13.00,229000,13
14720,C00919084,between_primary_runoff,60000,60000,5.00,20000,2
14720,C00919084,post_runoff,246896,246896,9.00,191896,5
14720,C00919084,pre_primary,167500,167500,6.00,107500,4
14740,C00369033,between_primary_runoff,50000,50000,1.00,50000,1
14740,C00901918,pre_primary,20820,20820,1.00,0,0
14740,C00919084,between_primary_runoff,1595520,1595520,71.00,1449520,58
14740,C00919084,post_runoff,457892,457892,41.00,436892,37
14740,C00919084,pre_primary,717000,717000,45.00,665500,35
14780,C00369033,between_primary_runoff,85140,85140,3.00,85000,3
14780,C00369033,pre_primary,156000,156000,11.00,156000,11
14780,C00901918,between_primary_runoff,380082,380082,12.83,122984,9
14780,C00901918,post_runoff,93924,93924,6.91,91089,6
14780,C00901918,pre_primary,428588,419509,12.67,391640,8
14780,C00919084,between_primary_runoff,398710,398710,41.43,374266,40
14780,C00919084,post_runoff,499931,499931,52.43,495655,52
14780,C00919084,pre_primary,324400,324400,26.97,177200,25
14820,C00919084,between_primary_runoff,74600,74600,16.00,44600,15
14820,C00919084,post_runoff,179700,179700,15.00,179700,15
14820,C00919084,pre_primary,10000,10000,1.00,10000,1
14860,C00369033,between_primary_runoff,905000,905000,8.00,905000,8
14860,C00369033,pre_primary,1205000,1205000,20.00,755000,18
14860,C00901918,between_primary_runoff,67910,67910,5.00,67910,5
14860,C00901918,post_runoff,459307,459307,3.00,459307,3
14860,C00901918,pre_primary,2241640,2241640,6.00,2241640,6
14860,C00919084,between_primary_runoff,5545100,5545100,205.00,5218600,193
14860,C00919084,post_runoff,3456916,3456916,143.00,3426916,139
14860,C00919084,pre_primary,7360909,7360909,198.00,7192409,186
15020,C00901918,between_primary_runoff,10931,10931,2.00,10931,2
15100,C00369033,pre_primary,50000,50000,1.00,50000,1
15100,C00901918,pre_primary,50000,50000,1.00,50000,1
15180,C00369033,between_primary_runoff,445020,445020,12.00,445020,12
15180,C00369033,pre_primary,560000,560000,13.00,535000,11
15180,C00901918,between_primary_runoff,736454,670046,23.00,632352,22
15180,C00901918,post_runoff,166594,166594,10.00,166594,10
15180,C00901918,pre_primary,438254,438254,20.00,438254,20
15180,C00919084,between_primary_runoff,1075099,1075099,139.00,942601,119
15180,C00919084,post_runoff,834304,834304,91.00,788205,79
15180,C00919084,pre_primary,834124,834124,103.00,788000,92
15220,C00369033,between_primary_runoff,25000,25000,1.00,25000,1
15220,C00369033,pre_primary,25000,25000,1.00,25000,1
15220,C00901918,between_primary_runoff,497881,497881,12.00,497878,12
15220,C00901918,post_runoff,148533,148533,5.00,148533,5
15220,C00901918,pre_primary,522500,522500,8.00,522500,8
15220,C00919084,between_primary_runoff,154465,154465,24.21,89500,13
15220,C00919084,post_runoff,149252,149252,14.95,122500,11
15220,C00919084,pre_primary,225018,225018,25.49,105210,10
15260,C00369033,between_primary_runoff,50000,50000,1.00,50000,1
15260,C00901918,post_runoff,100000,100000,1.00,100000,1
15260,C00919084,between_primary_runoff,221000,221000,12.00,221000,12
15260,C00919084,post_runoff,76000,76000,7.00,26000,6
15260,C00919084,pre_primary,140000,140000,6.00,30000,3
15380,C00901918,between_primary_runoff,20000,20000,5.00,20000,5
15380,C00901918,post_runoff,7500,7500,1.00,7500,1
15380,C00919084,between_primary_runoff,263000,263000,27.00,263000,27
15380,C00919084,post_runoff,406000,406000,28.00,396000,27
15380,C00919084,pre_primary,256027,256027,12.00,256027,12
15420,C00901918,between_primary_runoff,104102,104102,1.00,104102,1
15420,C00901918,pre_primary,100000,100000,1.00,100000,1
15460,C00901918,between_primary_runoff,20000,20000,1.00,0,0
15500,C00919084,between_primary_runoff,10500,10500,3.00,10500,3
15500,C00919084,post_runoff,31700,31700,9.00,31700,9
15500,C00919084,pre_primary,7500,7500,3.00,7500,3
15540,C00901918,between_primary_runoff,5000,5000,1.00,5000,1
15540,C00919084,between_primary_runoff,952910,952910,52.99,890500,45
15540,C00919084,post_runoff,533967,533967,41.00,521467,37
15540,C00919084,pre_primary,750500,750500,28.00,740500,27
15660,C00901918,between_primary_runoff,2965,741,0.00,0,0
15660,C00919084,pre_primary,40000,40000,1.00,40000,1
15700,C00919084,between_primary_runoff,10000,10000,1.00,10000,1
15700,C00919084,post_runoff,10000,10000,1.00,10000,1
15740,C00919084,between_primary_runoff,30000,30000,2.00,0,0
15740,C00919084,pre_primary,10000,10000,1.00,0,0
15780,C00919084,between_primary_runoff,12392,12392,6.00,12392,6
15780,C00919084,post_runoff,4100,4100,3.00,4100,3
15780,C00919084,pre_primary,24007,24007,8.05,21500,8
15860,C00919084,between_primary_runoff,110980,110980,8.99,108000,8
15860,C00919084,post_runoff,23414,23414,4.00,20000,3
15860,C00919084,pre_primary,180000,180000,6.00,180000,6
15900,C00919084,post_runoff,3000,3000,1.00,3000,1
15900,C00919084,pre_primary,17500,17500,4.00,17500,4
15940,C00901918,pre_primary,40820,40820,4.00,40820,4
15940,C00919084,between_primary_runoff,23500,23500,7.00,6000,2
15940,C00919084,post_runoff,217500,217500,9.00,207500,5
15940,C00919084,pre_primary,5000,5000,1.00,5000,1
15980,C00369033,pre_primary,104470,104470,5.00,104470,5
15980,C00901918,between_primary_runoff,56345,56345,5.00,49345,4
15980,C00901918,post_runoff,515223,515223,16.00,396621,12
15980,C00901918,pre_primary,723410,723410,4.00,703000,2
15980,C00919084,between_primary_runoff,681626,681626,98.00,616626,95
15980,C00919084,post_runoff,899950,899950,63.00,874950,62
15980,C00919084,pre_primary,564000,564000,42.00,564000,42
16020,C00919084,between_primary_runoff,7500,7500,2.00,7500,2
16020,C00919084,post_runoff,22731,22731,3.01,22500,3
16020,C00919084,pre_primary,462,462,0.01,0,0
16060,C00919084,between_primary_runoff,30000,30000,6.00,30000,6
16060,C00919084,post_runoff,7500,7500,3.00,7500,3
16060,C00919084,pre_primary,10000,10000,1.00,10000,1
16100,C00901918,pre_primary,20820,20820,2.00,20820,2
16100,C00919084,between_primary_runoff,15000,15000,1.00,15000,1
16180,C00901918,between_primary_runoff,22698,22698,6.00,22698,6
16180,C00901918,post_runoff,18308,18308,5.00,18308,5
16180,C00901918,pre_primary,15044,15044,1.01,2500,1
16180,C00919084,between_primary_runoff,15000,15000,3.00,15000,3
16180,C00919084,post_runoff,38000,38000,4.00,38000,4
16180,C00919084,pre_primary,75000,75000,2.00,75000,2
16220,C00901918,post_runoff,10000,10000,1.00,10000,1
16220,C00919084,between_primary_runoff,133000,133000,7.00,133000,7
16220,C00919084,post_runoff,6000,6000,2.00,6000,2
16220,C00919084,pre_primary,151000,151000,3.00,151000,3
16260,C00919084,between_primary_runoff,25000,25000,1.00,25000,1
16260,C00919084,post_runoff,2496,2496,0.08,0,0
16260,C00919084,pre_primary,125000,125000,2.00,125000,2
16300,C00901918,between_primary_runoff,15410,15410,2.00,15410,2
16300,C00901918,post_runoff,10410,10410,1.00,10410,1
16300,C00901918,pre_primary,44500,44500,7.00,44500,7
16300,C00919084,between_primary_runoff,37500,37500,7.00,37500,7
16300,C00919084,post_runoff,124000,124000,13.00,124000,13
16300,C00919084,pre_primary,47000,47000,6.00,47000,6
16340,C00919084,between_primary_runoff,25000,25000,1.00,25000,1
16460,C00919084,between_primary_runoff,20600,20600,3.00,20600,3
16460,C00919084,post_runoff,21200,21200,5.00,21200,5
16460,C00919084,pre_primary,50000,50000,1.00,50000,1
16500,C00901918,post_runoff,7808,7808,1.00,7808,1
16500,C00919084,between_primary_runoff,58000,58000,5.00,8000,4
16500,C00919084,post_runoff,2500,2500,1.00,2500,1
16500,C00919084,pre_primary,100000,100000,1.00,100000,1
16540,C00919084,between_primary_runoff,15000,15000,2.00,5000,1
16540,C00919084,post_runoff,152500,152500,7.00,132500,5
16540,C00919084,pre_primary,75000,75000,5.00,75000,5
16580,C00901918,between_primary_runoff,20000,20000,1.00,20000,1
16580,C00919084,between_primary_runoff,175800,175800,22.00,155300,19
16580,C00919084,post_runoff,629240,629240,22.97,589600,19
16580,C00919084,pre_primary,240000,240000,9.00,240000,9
16620,C00369033,pre_primary,50000,50000,1.00,0,0
16620,C00901918,between_primary_runoff,4500,4500,3.00,4500,3
16620,C00901918,post_runoff,1500,1500,1.00,1500,1
16620,C00901918,pre_primary,10000,10000,2.00,10000,2
16620,C00919084,between_primary_runoff,302500,302500,8.00,302500,8
16620,C00919084,post_runoff,55000,55000,3.00,25000,1
16620,C00919084,pre_primary,265000,265000,6.00,265000,6
16660,C00919084,between_primary_runoff,20000,20000,3.00,20000,3
16660,C00919084,pre_primary,54954,54954,3.00,5000,1
16700,C00369033,between_primary_runoff,100000,100000,2.00,100000,2
16700,C00369033,pre_primary,100000,100000,2.00,100000,2
16700,C00901918,between_primary_runoff,5205,5205,1.00,5205,1
16700,C00901918,post_runoff,5205,5205,1.00,5205,1
16700,C00919084,between_primary_runoff,1463600,1463600,109.00,1439600,103
16700,C00919084,post_runoff,1505008,1505008,79.00,1321508,68
16700,C00919084,pre_primary,2744500,2744500,127.00,2550000,110
16740,C00369033,between_primary_runoff,101490,101490,4.00,101490,4
16740,C00369033,pre_primary,183851,183851,26.00,156551,6
16740,C00901918,between_primary_runoff,59200,59200,15.00,59200,15
16740,C00901918,post_runoff,83297,83297,17.00,83297,17
16740,C00901918,pre_primary,2123000,2123000,5.00,2123000,5
16740,C00919084,between_primary_runoff,1962500,1962500,202.00,1710500,173
16740,C00919084,post_runoff,1746761,1746761,120.00,1546537,108
16740,C00919084,pre_primary,1747626,1747626,180.00,1747626,180
16820,C00369033,between_primary_runoff,385508,385508,1.96,50000,1
16820,C00369033,pre_primary,711017,711017,1.96,40000,1
16820,C00901918,pre_primary,57255,57255,2.00,57255,2
16820,C00919084,between_primary_runoff,1267400,1267400,84.00,1157400,80
16820,C00919084,post_runoff,945120,945120,63.00,682620,57
16820,C00919084,pre_primary,2775463,2775463,68.89,2680700,67
16860,C00369033,between_primary_runoff,5000,5000,2.00,5000,2
16860,C00369033,pre_primary,35000,35000,14.00,35000,14
16860,C00901918,between_primary_runoff,58657,58657,6.00,7000,1
16860,C00901918,post_runoff,19500,19500,3.00,19500,3
16860,C00901918,pre_primary,1400000,1400000,2.00,1400000,2
16860,C00919084,between_primary_runoff,657000,657000,46.00,657000,46
16860,C00919084,post_runoff,445000,445000,37.00,395000,35
16860,C00919084,pre_primary,2046000,2046000,55.00,2046000,55
16940,C00369033,between_primary_runoff,50000,50000,1.00,50000,1
16940,C00369033,pre_primary,50000,50000,1.00,50000,1
16940,C00901918,between_primary_runoff,26025,26025,1.00,26025,1
16940,C00901918,pre_primary,62460,62460,3.00,62460,3
16940,C00919084,post_runoff,25000,25000,1.00,25000,1
16940,C00919084,pre_primary,25000,25000,1.00,25000,1
16980,C00369033,between_primary_runoff,3080016,3080016,31.00,2830016,29
16980,C00369033,pre_primary,1138000,1138000,11.00,1086500,9
16980,C00901918,between_primary_runoff,824788,824788,65.00,824788,65
16980,C00901918,post_runoff,229980,229980,50.00,222285,40
16980,C00901918,pre_primary,3474275,3474275,48.00,3453455,46
16980,C00919084,between_primary_runoff,15014054,15014054,992.00,14671754,955
16980,C00919084,post_runoff,12264753,12264753,639.00,11900753,608
16980,C00919084,pre_primary,16595975,16595975,710.00,16539475,704
17020,C00919084,between_primary_runoff,360958,360958,23.00,328000,20
17020,C00919084,post_runoff,526654,526654,18.00,494196,15
17020,C00919084,pre_primary,92500,92500,8.00,92500,8
17060,C00919084,post_runoff,3000,3000,1.00,3000,1
17060,C00919084,pre_primary,25000,25000,1.00,25000,1
17140,C00369033,between_primary_runoff,120000,120000,4.00,120000,4
17140,C00369033,pre_primary,50000,50000,1.00,50000,1
17140,C00901918,between_primary_runoff,2500,2500,1.00,2500,1
17140,C00901918,post_runoff,113102,113102,4.00,113102,4
17140,C00919084,between_primary_runoff,1025000,1025000,88.00,675000,87
17140,C00919084,post_runoff,539044,539044,60.00,539044,60
17140,C00919084,pre_primary,1939252,1939252,108.00,1929252,107
17220,C00919084,between_primary_runoff,25000,25000,1.00,25000,1
17220,C00919084,post_runoff,20000,20000,1.00,20000,1
17220,C00919084,pre_primary,90000,90000,5.00,90000,5
17260,C00919084,between_primary_runoff,200000,200000,1.00,200000,1
17260,C00919084,post_runoff,30000,30000,1.00,30000,1
17260,C00919084,pre_primary,200000,200000,1.00,200000,1
17300,C00901918,between_primary_runoff,20000,20000,2.00,20000,2
17300,C00901918,post_runoff,10000,10000,1.00,10000,1
17300,C00901918,pre_primary,60000,60000,6.00,60000,6
17300,C00919084,between_primary_runoff,24985,24985,4.99,20000,3
17300,C00919084,post_runoff,18000,18000,3.00,18000,3
17300,C00919084,pre_primary,26500,26500,9.00,26500,9
17340,C00919084,between_primary_runoff,32500,32500,10.00,32500,10
17340,C00919084,post_runoff,17500,17500,6.00,17500,6
17340,C00919084,pre_primary,107500,107500,16.00,107500,16
17380,C00919084,between_primary_runoff,20000,20000,1.00,0,0
17380,C00919084,pre_primary,15000,15000,2.00,0,0
17410,C00369033,between_primary_runoff,875000,875000,5.00,825000,4
17410,C00369033,pre_primary,1000000,1000000,4.00,1000000,4
17410,C00901918,between_primary_runoff,60820,60820,3.00,60820,3
17410,C00901918,post_runoff,292037,292037,7.00,292037,7
17410,C00901918,pre_primary,340080,340080,8.00,340080,8
17410,C00919084,between_primary_runoff,2397213,2397213,109.00,2377220,105
17410,C00919084,post_runoff,1259897,1259897,81.00,1186901,75
17410,C00919084,pre_primary,811000,811000,83.00,811000,83
17420,C00369033,pre_primary,29400,29400,9.00,29400,9
17420,C00901918,between_primary_runoff,15616,15616,2.00,15616,2
17420,C00901918,post_runoff,7808,7808,1.00,7808,1
17420,C00919084,between_primary_runoff,11500,11500,5.00,11500,5
17420,C00919084,post_runoff,8000,8000,3.00,8000,3
17420,C00919084,pre_primary,62500,62500,14.00,62500,14
17500,C00919084,post_runoff,50000,50000,1.00,50000,1
17500,C00919084,pre_primary,10673,10673,0.64,0,0
17580,C00901918,between_primary_runoff,5500,5500,1.00,5500,1
17580,C00919084,between_primary_runoff,600,600,1.00,0,0
17580,C00919084,pre_primary,88033,88033,8.00,77433,4
17650,C00919084,between_primary_runoff,3400,3400,4.00,3400,4
17650,C00919084,post_runoff,26700,26700,3.00,1700,2
17660,C00919084,between_primary_runoff,108301,108301,25.31,101600,22
17660,C00919084,post_runoff,51976,51976,13.13,43600,9
17660,C00919084,pre_primary,7500,7500,2.00,7500,2
17740,C00919084,between_primary_runoff,15000,15000,4.00,15000,4
17740,C00919084,post_runoff,13000,13000,4.00,13000,4
17740,C00919084,pre_primary,5000,5000,1.00,5000,1
17780,C00369033,between_primary_runoff,218709,218709,8.08,211000,8
17780,C00369033,pre_primary,270000,270000,7.00,270000,7
17780,C00901918,between_primary_runoff,188883,188883,24.15,177317,23
17780,C00901918,post_runoff,360677,360677,12.00,334652,11
17780,C00901918,pre_primary,402144,402144,20.00,402144,20
17780,C00919084,between_primary_runoff,6219831,6219831,408.13,6090127,394
17780,C00919084,post_runoff,2527611,2527611,231.99,2385258,223
17780,C00919084,pre_primary,2691800,2691800,253.02,2614058,239
17820,C00369033,between_primary_runoff,25000,25000,1.00,25000,1
17820,C00369033,pre_primary,100000,100000,1.00,100000,1
17820,C00901918,between_primary_runoff,15500,15500,2.00,15500,2
17820,C00901918,pre_primary,50000,50000,1.00,50000,1
17820,C00919084,between_primary_runoff,393508,393508,76.00,388000,74
17820,C00919084,post_runoff,424892,424892,57.10,404396,55
17820,C00919084,pre_primary,635601,635601,45.79,590320,41
17860,C00369033,pre_primary,100000,100000,2.00,100000,2
17860,C00901918,pre_primary,7600,7600,1.00,7600,1
17860,C00919084,between_primary_runoff,125000,125000,15.00,107500,11
17860,C00919084,post_runoff,156000,156000,15.00,156000,15
17860,C00919084,pre_primary,95000,95000,6.00,70000,3
17900,C00369033,pre_primary,50000,50000,1.00,50000,1
17900,C00901918,pre_primary,10706,10706,1.45,0,0
17900,C00919084,between_primary_runoff,498350,498350,56.00,478350,54
17900,C00919084,post_runoff,346796,346796,34.00,301796,31
17900,C00919084,pre_primary,710116,710116,51.00,690116,49
17980,C00369033,pre_primary,95431,95431,42.06,7500,4
17980,C00901918,between_primary_runoff,5000,5000,1.00,5000,1
17980,C00901918,post_runoff,10000,10000,1.00,10000,1
17980,C00901918,pre_primary,10000,10000,1.00,10000,1
17980,C00919084,between_primary_runoff,32500,32500,6.00,25000,4
17980,C00919084,post_runoff,40000,40000,3.00,40000,3
17980,C00919084,pre_primary,35000,35000,3.00,35000,3
18020,C00919084,between_primary_runoff,20000,20000,5.00,20000,5
18020,C00919084,post_runoff,37500,37500,4.00,37500,4
18020,C00919084,pre_primary,10000,10000,2.00,10000,2
18060,C00919084,between_primary_runoff,5000,5000,1.00,5000,1
18060,C00919084,pre_primary,5000,5000,1.00,5000,1
18100,C00369033,between_primary_runoff,50000,50000,1.00,50000,1
18100,C00901918,between_primary_runoff,30000,30000,3.00,30000,3
18100,C00901918,pre_primary,10000,10000,1.00,10000,1
18140,C00901918,between_primary_runoff,20820,20820,2.00,20820,2
18140,C00901918,pre_primary,51000,51000,2.00,51000,2
18140,C00919084,between_primary_runoff,1611403,1611403,126.03,1600400,125
18140,C00919084,post_runoff,988794,988794,92.00,988794,92
18140,C00919084,pre_primary,1255657,1255657,86.00,1255657,86
18180,C00901918,between_primary_runoff,5000,5000,1.00,5000,1
18180,C00901918,pre_primary,2500,2500,1.00,2500,1
18180,C00919084,between_primary_runoff,35036,35036,4.00,25000,3
18180,C00919084,post_runoff,434731,434731,6.97,38396,4
18180,C00919084,pre_primary,445000,445000,5.00,445000,5
18260,C00919084,between_primary_runoff,61500,61500,6.00,61500,6
18260,C00919084,post_runoff,34000,34000,5.00,34000,5
18300,C00901918,between_primary_runoff,14000,14000,2.00,14000,2
18300,C00901918,post_runoff,125735,125735,6.00,20735,5
18300,C00919084,between_primary_runoff,5000,5000,1.00,0,0
18300,C00919084,post_runoff,8000,8000,2.00,8000,2
18300,C00919084,pre_primary,97500,97500,9.00,0,0
18460,C00919084,between_primary_runoff,73000,73000,6.00,73000,6
18460,C00919084,post_runoff,22727,22727,4.92,13500,4
18460,C00919084,pre_primary,16000,16000,3.00,16000,3
18500,C00919084,between_primary_runoff,5000,5000,1.00,5000,1
18500,C00919084,post_runoff,435000,435000,4.00,435000,4
18580,C00369033,between_primary_runoff,1259100,1259100,13.00,209100,7
18580,C00369033,pre_primary,441600,441600,41.00,421600,39
18580,C00901918,between_primary_runoff,2958901,2958901,79.00,2009581,57
18580,C00901918,post_runoff,600004,600004,37.00,286074,25
18580,C00901918,pre_primary,1328343,1328343,60.00,1153343,52
18580,C00919084,between_primary_runoff,2646483,2646483,318.38,2182590,299
18580,C00919084,post_runoff,3537508,3537508,216.00,3376008,203
18580,C00919084,pre_primary,6747138,6747138,238.25,5417828,204
18620,C00369033,between_primary_runoff,10018,10018,1.01,10000,1
18620,C00369033,pre_primary,85259,85259,16.10,85000,16
18620,C00901918,between_primary_runoff,360254,360254,2.00,100000,1
18620,C00901918,post_runoff,250,250,1.00,0,0
18620,C00901918,pre_primary,565251,565251,2.99,520508,1
18620,C00919084,between_primary_runoff,121301,121301,17.10,114000,16
18620,C00919084,post_runoff,197594,197594,13.01,177542,11
18620,C00919084,pre_primary,127500,127500,18.00,127500,18
18660,C00919084,between_primary_runoff,10000,10000,1.00,10000,1
18660,C00919084,post_runoff,21096,21096,4.00,21096,4
18660,C00919084,pre_primary,20000,20000,2.00,20000,2
18700,C00901918,pre_primary,25000,25000,2.00,25000,2
18700,C00919084,between_primary_runoff,175000,175000,25.00,165000,24
18700,C00919084,post_runoff,298875,298875,23.01,298500,23
18700,C00919084,pre_primary,243000,243000,25.00,243000,25
18740,C00919084,pre_primary,25000,25000,1.00,25000,1
18820,C00919084,between_primary_runoff,7535,7535,2.00,7500,2
18820,C00919084,pre_primary,8500,8500,4.00,8500,4
18860,C00919084,pre_primary,10000,10000,5.00,10000,5
18880,C00919084,between_primary_runoff,158700,158700,7.00,158700,7
18880,C00919084,post_runoff,139627,139627,15.00,139627,15
18880,C00919084,pre_primary,410000,410000,25.00,410000,25
18900,C00901918,between_primary_runoff,27500,27500,4.00,27500,4
18900,C00901918,post_runoff,2500,2500,1.00,2500,1
18900,C00901918,pre_primary,42500,42500,7.00,42500,7
18900,C00919084,between_primary_runoff,17500,17500,8.00,17500,8
18900,C00919084,post_runoff,17500,17500,10.00,17500,10
18900,C00919084,pre_primary,45000,45000,5.00,45000,5
18980,C00919084,between_primary_runoff,3,3,0.00,0,0
18980,C00919084,post_runoff,31,31,0.00,0,0
18980,C00919084,pre_primary,50000,50000,1.00,50000,1
19060,C00919084,between_primary_runoff,64500,64500,10.00,64500,10
19060,C00919084,post_runoff,10999,10999,3.00,10999,3
19060,C00919084,pre_primary,71000,71000,17.00,71000,17
19100,C00369033,between_primary_runoff,20777511,20762496,256.99,19167566,242
19100,C00369033,pre_primary,33058978,33058978,674.84,29692826,581
19100,C00901918,between_primary_runoff,23522663,20979970,1090.87,22512770,1021
19100,C00901918,post_runoff,18087349,17920942,605.97,17451327,558
19100,C00901918,pre_primary,194022497,191579275,1444.17,179265705,1342
19100,C00919084,between_primary_runoff,146786352,146786352,10736.86,137325027,10383
19100,C00919084,post_runoff,86114408,86114408,7175.81,82819359,6953
19100,C00919084,pre_primary,187422983,187372983,8630.70,176642429,8329
19140,C00919084,between_primary_runoff,40000,40000,4.00,40000,4
19140,C00919084,post_runoff,10000,10000,1.00,10000,1
19140,C00919084,pre_primary,30000,30000,3.00,30000,3
19220,C00919084,between_primary_runoff,5500,5500,6.00,5500,6
19220,C00919084,post_runoff,4000,4000,3.00,4000,3
19220,C00919084,pre_primary,50000,50000,1.00,50000,1
19260,C00919084,between_primary_runoff,7000,7000,3.00,7000,3
19260,C00919084,post_runoff,44000,44000,5.00,6500,3
19300,C00369033,between_primary_runoff,2500,2500,1.00,2500,1
19300,C00369033,pre_primary,35000,35000,14.00,35000,14
19300,C00901918,between_primary_runoff,10000,10000,1.00,10000,1
19300,C00919084,between_primary_runoff,217000,217000,36.00,207000,35
19300,C00919084,post_runoff,196000,196000,25.00,176000,23
19300,C00919084,pre_primary,329601,329601,38.00,298601,34
19340,C00919084,between_primary_runoff,135500,135500,12.00,133000,11
19340,C00919084,post_runoff,56324,56324,10.00,53824,9
19340,C00919084,pre_primary,15000,15000,2.00,15000,2
19430,C00901918,between_primary_runoff,4164,4164,1.00,4164,1
19430,C00901918,post_runoff,21000,21000,2.00,21000,2
19430,C00919084,between_primary_runoff,368377,368377,39.00,368377,39
19430,C00919084,post_runoff,480500,480500,25.00,480500,25
19430,C00919084,pre_primary,728874,728874,37.00,728874,37
19460,C00919084,post_runoff,97532,97532,0.98,0,0
19500,C00919084,between_primary_runoff,3700,3700,1.00,3700,1
19500,C00919084,post_runoff,2500,2500,1.00,2500,1
19500,C00919084,pre_primary,25000,25000,1.00,25000,1
19620,C00369033,pre_primary,10000,10000,1.00,0,0
19620,C00901918,post_runoff,85,85,0.00,0,0
19620,C00919084,between_primary_runoff,115500,115500,6.00,112500,5
19620,C00919084,post_runoff,44500,44500,5.00,39500,4
19620,C00919084,pre_primary,58000,58000,3.00,58000,3
19660,C00369033,between_primary_runoff,25000,25000,1.00,25000,1
19660,C00369033,pre_primary,50000,50000,1.00,0,0
19660,C00901918,between_primary_runoff,83525,83525,7.00,83525,7
19660,C00901918,post_runoff,20000,20000,1.00,20000,1
19660,C00901918,pre_primary,78051,78051,6.00,78051,6
19660,C00919084,between_primary_runoff,221200,221200,20.00,196200,19
19660,C00919084,post_runoff,317800,317800,19.00,317800,19
19660,C00919084,pre_primary,232500,232500,13.00,232500,13
19740,C00369033,between_primary_runoff,215000,215000,4.00,215000,4
19740,C00369033,pre_primary,7518651,7518651,34.00,7418651,33
19740,C00901918,between_primary_runoff,2495125,2495125,33.00,2495125,33
19740,C00901918,post_runoff,411724,411724,22.00,211724,21
19740,C00901918,pre_primary,943352,943352,21.00,891301,20
19740,C00919084,between_primary_runoff,7763844,7763844,630.00,7487338,598
19740,C00919084,post_runoff,5896924,5896924,439.89,5495617,418
19740,C00919084,pre_primary,7022677,7022677,568.12,6223511,525
19780,C00369033,between_primary_runoff,100000,100000,2.00,100000,2
19780,C00369033,pre_primary,50200,50200,2.00,50200,2
19780,C00901918,between_primary_runoff,15000,15000,3.00,15000,3
19780,C00919084,between_primary_runoff,614527,614527,27.00,614527,27
19780,C00919084,post_runoff,155575,155575,26.42,143500,24
19780,C00919084,pre_primary,283100,283100,33.00,283100,33
19820,C00369033,between_primary_runoff,2000000,2000000,17.00,1850000,15
19820,C00369033,pre_primary,13500,13500,5.00,11000,4
19820,C00901918,between_primary_runoff,113923,113923,23.00,99369,19
19820,C00901918,post_runoff,43423,43423,15.00,19205,9
19820,C00901918,pre_primary,108963,108963,29.00,108963,29
19820,C00919084,between_primary_runoff,1341211,1341211,184.00,1290211,177
19820,C00919084,post_runoff,1764116,1764116,158.00,1561116,153
19820,C00919084,pre_primary,2035204,2035204,160.00,1865204,154
19860,C00919084,between_primary_runoff,5000,5000,1.00,5000,1
19940,C00901918,between_primary_runoff,20000,20000,2.00,20000,2
19940,C00901918,pre_primary,70000,70000,2.00,70000,2
20020,C00919084,between_primary_runoff,20000,20000,1.00,20000,1
20020,C00919084,pre_primary,50000,50000,1.00,50000,1
20100,C00901918,between_primary_runoff,48927,48927,4.00,48927,4
20100,C00901918,post_runoff,10000,10000,1.00,10000,1
20220,C00919084,between_primary_runoff,5000,5000,1.00,5000,1
20220,C00919084,pre_primary,55000,55000,2.00,55000,2
20260,C00369033,pre_primary,50000,50000,1.00,50000,1
20260,C00919084,between_primary_runoff,44000,44000,8.00,44000,8
20260,C00919084,post_runoff,49620,49620,8.00,49620,8
20260,C00919084,pre_primary,48500,48500,9.00,48500,9
20300,C00369033,between_primary_runoff,1,1,0.00,0,0
20300,C00369033,pre_primary,7,7,0.00,0,0
20300,C00901918,pre_primary,2185,2185,0.00,0,0
20300,C00919084,post_runoff,5000,5000,1.00,5000,1
20340,C00919084,between_primary_runoff,15000,15000,4.00,0,0
20340,C00919084,post_runoff,7500,7500,2.00,0,0
20420,C00919084,between_primary_runoff,363692,363692,24.00,351200,20
20420,C00919084,post_runoff,130191,130191,11.00,122500,9
20420,C00919084,pre_primary,221281,221281,9.99,167000,8
20460,C00901918,between_primary_runoff,7500,7500,1.00,7500,1
20460,C00919084,between_primary_runoff,117500,117500,10.00,27500,6
20460,C00919084,post_runoff,15000,15000,4.00,15000,4
20460,C00919084,pre_primary,7500,7500,2.00,7500,2
20500,C00369033,between_primary_runoff,350000,350000,1.00,350000,1
20500,C00901918,between_primary_runoff,17000,17000,2.00,17000,2
20500,C00901918,post_runoff,70820,70820,3.00,70820,3
20500,C00919084,between_primary_runoff,1231018,1231018,203.98,1153573,191
20500,C00919084,post_runoff,1507182,1507182,148.99,1470572,142
20500,C00919084,pre_primary,1607126,1607126,118.00,1496126,115
20580,C00369033,pre_primary,20000,20000,2.00,20000,2
20580,C00919084,between_primary_runoff,57000,57000,9.00,47000,8
20580,C00919084,post_runoff,50866,50866,7.00,16500,5
20580,C00919084,pre_primary,50000,50000,5.00,50000,5
20660,C00369033,pre_primary,350000,350000,1.00,350000,1
20660,C00919084,between_primary_runoff,162600,162600,29.00,162600,29
20660,C00919084,post_runoff,141800,141800,17.00,141800,17
20660,C00919084,pre_primary,158000,158000,23.00,158000,23
20700,C00919084,between_primary_runoff,12000,12000,2.00,12000,2
20700,C00919084,post_runoff,10000,10000,1.00,10000,1
20700,C00919084,pre_primary,7987,7987,2.08,4000,2
20740,C00919084,between_primary_runoff,13000,13000,2.00,13000,2
20740,C00919084,post_runoff,56724,56724,4.00,56724,4
20740,C00919084,pre_primary,130000,130000,3.00,130000,3
20780,C00369033,between_primary_runoff,330000,330000,1.00,330000,1
20780,C00369033,pre_primary,350000,350000,1.00,350000,1
20780,C00919084,between_primary_runoff,266194,266194,14.80,199000,12
20780,C00919084,post_runoff,500518,500518,11.48,64000,6
20780,C00919084,pre_primary,163059,163059,31.34,89500,19
20820,C00919084,post_runoff,25000,25000,1.00,25000,1
20820,C00919084,pre_primary,15046,15046,2.00,15000,2
20900,C00369033,between_primary_runoff,55000,55000,2.00,55000,2
20900,C00369033,pre_primary,2915,2915,1.17,0,0
20900,C00901918,between_primary_runoff,148815,148815,11.39,53542,6
20900,C00901918,post_runoff,47839,47839,9.10,41623,8
20900,C00901918,pre_primary,62651,62651,10.10,20000,2
20900,C00919084,between_primary_runoff,124225,124225,14.00,84225,7
20900,C00919084,post_runoff,42321,42321,8.00,17321,4
20900,C00919084,pre_primary,146259,146259,16.00,40000,5
20940,C00919084,between_primary_runoff,19500,19500,8.00,19500,8
20940,C00919084,post_runoff,21000,21000,8.00,21000,8
20980,C00919084,post_runoff,5000,5000,1.00,5000,1
20980,C00919084,pre_primary,97493,97493,1.95,50000,1
21060,C00369033,pre_primary,50000,50000,1.00,50000,1
21060,C00919084,between_primary_runoff,2500,2500,1.00,2500,1
21060,C00919084,post_runoff,14885,14885,3.00,14885,3
21060,C00919084,pre_primary,27500,27500,2.00,27500,2
21120,C00919084,post_runoff,25000,25000,1.00,25000,1
21140,C00369033,between_primary_runoff,30000,30000,1.00,30000,1
21140,C00919084,between_primary_runoff,67500,67500,16.00,67500,16
21140,C00919084,post_runoff,117546,117546,5.19,115500,5
21140,C00919084,pre_primary,198000,198000,25.00,198000,25
21180,C00901918,between_primary_runoff,22500,22500,2.00,22500,2
21180,C00919084,between_primary_runoff,25000,25000,1.00,25000,1
21180,C00919084,post_runoff,10000,10000,1.00,10000,1
21220,C00901918,between_primary_runoff,26026,26026,2.00,26026,2
21220,C00919084,post_runoff,20000,20000,2.00,20000,2
21220,C00919084,pre_primary,22500,22500,3.00,0,0
21260,C00919084,between_primary_runoff,26100,26100,5.00,11100,4
21260,C00919084,post_runoff,158500,158500,4.00,158500,4
21300,C00919084,between_primary_runoff,9000,9000,4.00,9000,4
21300,C00919084,post_runoff,6500,6500,4.00,6500,4
21340,C00369033,between_primary_runoff,125000,125000,4.00,125000,4
21340,C00369033,pre_primary,1180000,1180000,8.00,830000,7
21340,C00901918,between_primary_runoff,1123260,1123260,38.00,1062850,35
21340,C00901918,post_runoff,359982,359982,29.00,304777,27
21340,C00901918,pre_primary,5833200,5833200,49.00,5083200,42
21340,C00919084,between_primary_runoff,4180505,4180505,372.00,4101505,366
21340,C00919084,post_runoff,3724775,3724775,246.00,3580275,238
21340,C00919084,pre_primary,7851890,7851890,314.00,7281890,300
21380,C00901918,between_primary_runoff,100000,100000,5.00,100000,5
21380,C00901918,post_runoff,20000,20000,1.00,20000,1
21380,C00901918,pre_primary,30000,30000,1.00,30000,1
21420,C00919084,between_primary_runoff,20000,20000,1.00,20000,1
21420,C00919084,pre_primary,35000,35000,2.00,0,0
21500,C00919084,between_primary_runoff,19000,19000,5.00,19000,5
21500,C00919084,post_runoff,90127,90127,9.00,90127,9
21500,C00919084,pre_primary,123500,123500,15.00,123500,15
21540,C00919084,between_primary_runoff,10000,10000,1.00,10000,1
21540,C00919084,post_runoff,10000,10000,1.00,10000,1
21580,C00901918,between_primary_runoff,8000,8000,3.00,8000,3
21580,C00901918,post_runoff,5000,5000,1.00,5000,1
21580,C00901918,pre_primary,13500,13500,5.00,13500,5
21580,C00919084,between_primary_runoff,37000,37000,4.00,10000,1
21580,C00919084,post_runoff,86000,86000,5.00,0,0
21580,C00919084,pre_primary,35000,35000,4.00,35000,4
21640,C00919084,between_primary_runoff,2500,2500,1.00,2500,1
21640,C00919084,post_runoff,13000,13000,3.00,13000,3
21660,C00369033,between_primary_runoff,50000,50000,1.00,50000,1
21660,C00901918,between_primary_runoff,45713,45713,2.97,26025,1
21660,C00901918,pre_primary,9844,9844,0.98,0,0
21660,C00919084,between_primary_runoff,816410,816410,106.02,754700,101
21660,C00919084,post_runoff,571315,571315,80.04,569552,79
21660,C00919084,pre_primary,425352,425352,49.02,398800,47
21700,C00919084,between_primary_runoff,351800,351800,29.00,323100,25
21700,C00919084,post_runoff,90000,90000,9.00,55000,6
21700,C00919084,pre_primary,160000,160000,13.00,145000,11
21780,C00901918,post_runoff,5000,5000,1.00,5000,1
21780,C00919084,between_primary_runoff,164200,164200,23.00,154200,22
21780,C00919084,post_runoff,100696,100696,18.00,100696,18
21780,C00919084,pre_primary,90000,90000,7.00,90000,7
21820,C00919084,between_primary_runoff,104000,104000,22.00,84000,20
21820,C00919084,post_runoff,83500,83500,14.00,73500,13
21820,C00919084,pre_primary,249000,249000,26.00,249000,26
21860,C00919084,between_primary_runoff,9000,9000,4.00,9000,4
21860,C00919084,post_runoff,6000,6000,2.00,6000,2
21980,C00919084,between_primary_runoff,44,44,0.01,0,0
21980,C00919084,post_runoff,15,15,0.01,0,0
22020,C00369033,between_primary_runoff,50000,50000,1.00,50000,1
22020,C00369033,pre_primary,50000,50000,1.00,50000,1
22020,C00901918,between_primary_runoff,46845,46845,4.00,46845,4
22020,C00901918,pre_primary,25000,25000,1.00,25000,1
22020,C00919084,between_primary_runoff,75000,75000,13.00,75000,13
22020,C00919084,post_runoff,100696,100696,11.00,100696,11
22020,C00919084,pre_primary,20000,20000,3.00,20000,3
22060,C00919084,between_primary_runoff,25000,25000,6.00,25000,6
22060,C00919084,post_runoff,42000,42000,6.00,42000,6
22060,C00919084,pre_primary,2500,2500,1.00,2500,1
22100,C00369033,between_primary_runoff,2,2,0.00,0,0
22100,C00919084,post_runoff,956,956,0.04,0,0
22100,C00919084,pre_primary,1912,1912,0.04,0,0
22140,C00919084,between_primary_runoff,45000,45000,3.00,0,0
22140,C00919084,post_runoff,50000,50000,5.00,0,0
22180,C00919084,between_primary_runoff,110000,110000,7.00,110000,7
22180,C00919084,post_runoff,5000,5000,2.00,5000,2
22180,C00919084,pre_primary,75000,75000,2.00,75000,2
22190,C00919084,between_primary_runoff,20000,20000,2.00,20000,2
22190,C00919084,pre_primary,20000,20000,2.00,20000,2
22220,C00369033,pre_primary,825000,825000,5.00,475000,4
22220,C00901918,pre_primary,15615,15615,2.00,15615,2
22220,C00919084,between_primary_runoff,891330,891330,92.95,781100,83
22220,C00919084,post_runoff,1196410,1196410,49.00,841410,47
22220,C00919084,pre_primary,778030,778030,68.90,754000,66
22260,C00919084,between_primary_runoff,4000,4000,2.00,4000,2
22260,C00919084,post_runoff,2000,2000,1.00,2000,1
22260,C00919084,pre_primary,10000,10000,2.00,10000,2
22300,C00919084,between_primary_runoff,30800,30800,3.00,30800,3
22300,C00919084,post_runoff,2900,2900,1.00,2900,1
22300,C00919084,pre_primary,10000,10000,2.00,0,0
22380,C00901918,between_primary_runoff,73,73,0.03,0,0
22380,C00901918,post_runoff,35,35,0.02,0,0
22380,C00901918,pre_primary,51,51,0.02,0,0
22380,C00919084,between_primary_runoff,90500,90500,11.00,55500,8
22380,C00919084,post_runoff,25000,25000,3.00,15000,2
22380,C00919084,pre_primary,161000,161000,28.00,126000,24
22420,C00919084,between_primary_runoff,103700,103700,16.00,103700,16
22420,C00919084,post_runoff,91027,91027,13.00,91027,13
22420,C00919084,pre_primary,5000,5000,1.00,5000,1
22500,C00919084,between_primary_runoff,43500,43500,6.00,43500,6
22500,C00919084,post_runoff,12000,12000,2.00,12000,2
22500,C00919084,pre_primary,5000,5000,1.00,5000,1
22520,C00901918,between_primary_runoff,20000,20000,3.00,20000,3
22520,C00901918,pre_primary,5000,5000,1.00,5000,1
22520,C00919084,between_primary_runoff,25000,25000,1.00,25000,1
22520,C00919084,post_runoff,17468,17468,3.02,15000,3
22520,C00919084,pre_primary,60000,60000,2.00,60000,2
22540,C00919084,between_primary_runoff,2500,2500,1.00,2500,1
22540,C00919084,post_runoff,40000,40000,4.00,40000,4
22580,C00919084,between_primary_runoff,18000,18000,6.00,18000,6
22580,C00919084,post_runoff,11134,11134,3.01,11000,3
22580,C00919084,pre_primary,77053,77053,19.01,77000,19
22660,C00369033,between_primary_runoff,50000,50000,1.00,0,0
22660,C00901918,between_primary_runoff,76952,76952,7.98,72050,7
22660,C00901918,post_runoff,31230,31230,2.00,31230,2
22660,C00901918,pre_primary,213884,213884,25.00,213884,25
22660,C00919084,between_primary_runoff,1238577,1238577,82.96,1083550,77
22660,C00919084,post_runoff,1200661,1200661,63.00,980574,55
22660,C00919084,pre_primary,685500,685500,48.00,685500,48
22780,C00919084,between_primary_runoff,25000,25000,1.00,25000,1
22900,C00901918,between_primary_runoff,50073,50073,1.92,0,0
22900,C00901918,post_runoff,31000,31000,5.00,31000,5
22900,C00919084,between_primary_runoff,131100,131100,9.00,131100,9
22900,C00919084,pre_primary,7500,7500,2.00,7500,2
23060,C00901918,between_primary_runoff,38520,38520,9.00,38520,9
23060,C00901918,post_runoff,28628,28628,3.00,28628,3
23060,C00901918,pre_primary,20000,20000,1.00,20000,1
23060,C00919084,between_primary_runoff,120000,120000,16.00,120000,16
23060,C00919084,post_runoff,64500,64500,13.00,64500,13
23060,C00919084,pre_primary,158000,158000,34.00,158000,34
23140,C00919084,between_primary_runoff,115,115,0.03,0,0
23140,C00919084,post_runoff,97,97,0.03,0,0
23180,C00369033,pre_primary,99695,99695,1.99,0,0
23180,C00919084,between_primary_runoff,20000,20000,1.00,0,0
23180,C00919084,post_runoff,50000,50000,1.00,50000,1
23240,C00369033,between_primary_runoff,80542,80542,2.02,80000,2
23240,C00369033,pre_primary,415744,415744,10.01,365000,9
23240,C00901918,between_primary_runoff,101104,101104,12.00,101104,12
23240,C00901918,post_runoff,130483,130483,6.00,130461,6
23240,C00901918,pre_primary,1186970,1186970,14.74,1113000,6
23240,C00919084,between_primary_runoff,1906613,1906613,136.47,1726945,117
23240,C00919084,post_runoff,1225601,1225601,83.74,1134994,74
23240,C00919084,pre_primary,1193139,1193139,129.55,986990,104
23300,C00919084,between_primary_runoff,8000,8000,2.00,0,0
23340,C00919084,between_primary_runoff,2500,2500,1.00,2500,1
23420,C00369033,between_primary_runoff,36970,36970,7.00,36970,7
23420,C00369033,pre_primary,30780,30780,16.00,30780,16
23420,C00901918,between_primary_runoff,101865,101865,23.00,101865,23
23420,C00901918,post_runoff,80405,80405,4.00,80405,4
23420,C00901918,pre_primary,382595,382595,10.91,364471,10
23420,C00919084,between_primary_runoff,426500,426500,39.00,391500,36
23420,C00919084,post_runoff,592485,592485,31.00,572485,29
23420,C00919084,pre_primary,483816,483816,28.00,478816,26
23460,C00901918,between_primary_runoff,8644,8644,2.00,8644,2
23460,C00901918,post_runoff,9644,9644,2.00,9644,2
23500,C00901918,post_runoff,41640,41640,4.00,41640,4
23500,C00919084,between_primary_runoff,6000,6000,2.00,6000,2
23500,C00919084,post_runoff,21000,21000,5.00,21000,5
23500,C00919084,pre_primary,47500,47500,3.00,47500,3
23540,C00901918,between_primary_runoff,654,654,0.28,0,0
23540,C00901918,post_runoff,663,663,0.28,0,0
23540,C00901918,pre_primary,25727,25727,3.09,10500,1
23540,C00919084,between_primary_runoff,429026,429026,52.00,344026,44
23540,C00919084,post_runoff,269000,269000,34.00,246000,28
23540,C00919084,pre_primary,357500,357500,49.00,340000,44
23580,C00369033,between_primary_runoff,50000,50000,1.00,50000,1
23580,C00919084,between_primary_runoff,119026,119026,9.00,119026,9
23580,C00919084,post_runoff,178725,178725,10.70,143500,10
23580,C00919084,pre_primary,13000,13000,4.00,13000,4
23620,C00369033,between_primary_runoff,35023,35023,2.00,0,0
23620,C00369033,pre_primary,100000,100000,3.00,75000,2
23620,C00901918,between_primary_runoff,31961,31961,3.04,31230,3
23620,C00901918,post_runoff,184620,184620,4.46,136435,4
23620,C00901918,pre_primary,2456764,2456764,22.02,2456150,22
23620,C00919084,between_primary_runoff,146153,146153,24.01,124000,21
23620,C00919084,post_runoff,130584,130584,13.20,108542,11
23620,C00919084,pre_primary,395888,395888,31.17,375500,23
23700,C00901918,between_primary_runoff,10000,10000,1.00,10000,1
23700,C00919084,between_primary_runoff,117345,117345,2.97,0,0
23700,C00919084,post_runoff,97345,97345,1.95,0,0
23700,C00919084,pre_primary,63673,63673,3.97,0,0
23780,C00369033,pre_primary,100000,100000,1.00,100000,1
23820,C00369033,pre_primary,50000,50000,1.00,50000,1
23820,C00901918,between_primary_runoff,53526,53526,6.00,27500,4
23820,C00901918,post_runoff,57500,57500,3.00,2500,1
23820,C00901918,pre_primary,1399956,1399956,5.99,12500,5
23820,C00919084,between_primary_runoff,13500,13500,5.00,5500,2
23820,C00919084,post_runoff,102500,102500,9.00,62500,4
23820,C00919084,pre_primary,20000,20000,3.00,20000,3
23900,C00901918,post_runoff,15000,15000,2.00,15000,2
23900,C00919084,between_primary_runoff,65000,65000,3.00,55000,2
23900,C00919084,post_runoff,42000,42000,7.00,27000,5
23900,C00919084,pre_primary,44596,44596,4.00,44596,4
23940,C00901918,pre_primary,10410,10410,1.00,10410,1
24020,C00901918,between_primary_runoff,90883,90883,7.00,5000,1
24020,C00919084,between_primary_runoff,124600,124600,11.00,124600,11
24020,C00919084,post_runoff,92711,92711,12.00,67711,11
24020,C00919084,pre_primary,5000,5000,1.00,5000,1
24100,C00901918,between_primary_runoff,33000,33000,3.00,33000,3
24100,C00901918,post_runoff,5000,5000,1.00,5000,1
24100,C00901918,pre_primary,5000,5000,1.00,5000,1
24140,C00901918,between_primary_runoff,15500,15500,3.00,15500,3
24140,C00901918,pre_primary,10000,10000,3.00,10000,3
24140,C00919084,between_primary_runoff,20527,20527,2.07,20200,2
24140,C00919084,post_runoff,2640,2640,1.04,2500,1
24140,C00919084,pre_primary,2500,2500,1.00,2500,1
24180,C00369033,between_primary_runoff,20914,20914,1.17,1000,1
24180,C00369033,pre_primary,30845,30845,28.06,28000,28
24180,C00901918,between_primary_runoff,327221,327221,24.96,260000,22
24180,C00901918,post_runoff,78143,78143,11.02,77980,11
24180,C00901918,pre_primary,1818752,1818752,14.92,1746688,11
24180,C00919084,between_primary_runoff,752763,752763,81.06,720275,75
24180,C00919084,post_runoff,1511819,1511819,50.95,1465924,44
24180,C00919084,pre_primary,1352184,1352184,81.40,1351200,81
24220,C00919084,between_primary_runoff,5000,5000,1.00,5000,1
24220,C00919084,pre_primary,112500,112500,5.00,112500,5
24260,C00919084,between_primary_runoff,25000,25000,5.00,25000,5
24260,C00919084,post_runoff,16500,16500,5.00,16500,5
24260,C00919084,pre_primary,52500,52500,11.00,52500,11
24300,C00901918,between_primary_runoff,10000,10000,1.00,10000,1
24300,C00919084,between_primary_runoff,28500,28500,6.00,28500,6
24300,C00919084,post_runoff,52500,52500,2.00,52500,2
24300,C00919084,pre_primary,32500,32500,6.00,32500,6
24330,C00919084,between_primary_runoff,12500,12500,5.00,12500,5
24330,C00919084,pre_primary,7500,7500,2.00,7500,2
24340,C00369033,between_primary_runoff,40000,40000,1.00,40000,1
24340,C00901918,between_primary_runoff,8500,8500,2.00,8500,2
24340,C00901918,post_runoff,6000,6000,2.00,6000,2
24340,C00919084,between_primary_runoff,728963,728963,121.80,557195,105
24340,C00919084,post_runoff,908805,908805,98.48,841346,91
24340,C00919084,pre_primary,1189044,1189044,72.67,1000800,58
24420,C00919084,between_primary_runoff,17000,17000,4.00,17000,4
24420,C00919084,post_runoff,5093,5093,1.01,5000,1
24420,C00919084,pre_primary,55000,55000,7.00,55000,7
24460,C00901918,between_primary_runoff,7000,7000,4.00,7000,4
24460,C00901918,pre_primary,4000,4000,2.00,4000,2
24460,C00919084,between_primary_runoff,10500,10500,4.00,10500,4
24460,C00919084,pre_primary,2500,2500,1.00,2500,1
24540,C00901918,between_primary_runoff,98,98,0.02,0,0
24540,C00919084,between_primary_runoff,66229,66229,28.40,57300,27
24540,C00919084,post_runoff,47695,47695,12.36,37500,11
24540,C00919084,pre_primary,106990,106990,23.36,88300,22
24580,C00919084,between_primary_runoff,79700,79700,16.00,79700,16
24580,C00919084,post_runoff,67100,67100,11.00,67100,11
24580,C00919084,pre_primary,128026,128026,15.00,128026,15
24620,C00919084,between_primary_runoff,18000,18000,5.00,18000,5
24620,C00919084,post_runoff,16724,16724,2.00,16724,2
24640,C00919084,between_primary_runoff,451000,451000,18.00,401000,17
24640,C00919084,post_runoff,418000,418000,14.00,393000,13
24640,C00919084,pre_primary,40000,40000,3.00,40000,3
24660,C00901918,between_primary_runoff,51000,51000,4.00,51000,4
24660,C00901918,post_runoff,10500,10500,2.00,10500,2
24660,C00901918,pre_primary,100820,100820,4.00,100820,4
24660,C00919084,between_primary_runoff,986800,986800,62.00,636800,61
24660,C00919084,post_runoff,496500,496500,34.00,496500,34
24660,C00919084,pre_primary,400000,400000,40.00,400000,40
24780,C00369033,pre_primary,50000,50000,1.00,50000,1
24780,C00901918,between_primary_runoff,20820,20820,2.00,20820,2
24780,C00901918,post_runoff,20820,20820,2.00,20820,2
24780,C00919084,between_primary_runoff,74800,74800,8.00,65000,3
24780,C00919084,post_runoff,30500,30500,5.00,25000,3
24780,C00919084,pre_primary,75000,75000,1.00,0,0
24860,C00369033,pre_primary,150000,150000,3.00,150000,3
24860,C00901918,between_primary_runoff,89918,89918,12.00,89918,12
24860,C00901918,post_runoff,40300,40300,10.00,40300,10
24860,C00901918,pre_primary,143400,143400,17.00,143400,17
24860,C00919084,between_primary_runoff,987300,987300,72.00,899800,65
24860,C00919084,post_runoff,819296,819296,46.00,803996,44
24860,C00919084,pre_primary,1026957,1026957,56.00,1007057,55
24940,C00919084,between_primary_runoff,20000,20000,2.00,20000,2
24940,C00919084,post_runoff,39196,39196,3.00,39196,3
25060,C00369033,between_primary_runoff,200000,200000,1.00,200000,1
25060,C00901918,between_primary_runoff,60000,60000,3.00,60000,3
25060,C00901918,post_runoff,6123,6123,2.00,6123,2
25060,C00919084,between_primary_runoff,96500,96500,8.00,85000,4
25060,C00919084,post_runoff,9000,9000,4.00,7000,2
25060,C00919084,pre_primary,187600,187600,3.00,177600,1
25100,C00919084,between_primary_runoff,30000,30000,3.00,30000,3
25100,C00919084,post_runoff,10000,10000,1.00,10000,1
25100,C00919084,pre_primary,50000,50000,5.00,50000,5
25180,C00901918,between_primary_runoff,10410,10410,1.00,10410,1
25180,C00919084,between_primary_runoff,144457,144457,13.27,142000,13
25180,C00919084,post_runoff,183447,183447,9.04,183000,9
25180,C00919084,pre_primary,295000,295000,8.00,295000,8
25200,C00919084,between_primary_runoff,175000,175000,18.00,0,0
25200,C00919084,post_runoff,187500,187500,11.00,0,0
25200,C00919084,pre_primary,795000,795000,7.00,75000,3
25220,C00901918,post_runoff,4000,4000,1.00,4000,1
25220,C00919084,between_primary_runoff,215143,215143,17.76,57500,6
25220,C00919084,post_runoff,109146,109146,11.57,95300,8
25220,C00919084,pre_primary,102570,102570,15.38,45000,4
25300,C00369033,pre_primary,15000,15000,6.00,15000,6
25420,C00369033,pre_primary,50000,50000,1.00,0,0
25420,C00901918,between_primary_runoff,2095243,2095243,3.98,1408500,3
25420,C00901918,post_runoff,114095,114095,3.95,114000,3
25420,C00901918,pre_primary,20000,20000,1.00,20000,1
25420,C00919084,between_primary_runoff,250000,250000,44.00,250000,44
25420,C00919084,post_runoff,565477,565477,40.00,565477,40
25420,C00919084,pre_primary,375000,375000,70.00,375000,70
25460,C00919084,between_primary_runoff,970,970,0.05,0,0
25460,C00919084,pre_primary,970,970,0.10,0,0
25500,C00369033,pre_primary,150000,150000,3.00,150000,3
25500,C00919084,between_primary_runoff,93000,93000,12.00,53000,10
25500,C00919084,post_runoff,43500,43500,10.00,33500,9
25500,C00919084,pre_primary,22500,22500,3.00,22500,3
25540,C00369033,between_primary_runoff,50000,50000,1.00,50000,1
25540,C00901918,between_primary_runoff,69443,69443,13.00,69443,13
25540,C00901918,post_runoff,18228,18228,4.00,18228,4
25540,C00901918,pre_primary,44559,44559,9.00,44559,9
25540,C00919084,between_primary_runoff,1293600,1293600,131.00,1118100,126
25540,C00919084,post_runoff,1033133,1033133,86.00,908133,80
25540,C00919084,pre_primary,1606574,1606574,74.00,1456500,72
25580,C00919084,pre_primary,25000,25000,1.00,25000,1
25620,C00369033,between_primary_runoff,50000,50000,1.00,50000,1
25620,C00369033,pre_primary,50000,50000,1.00,50000,1
25620,C00919084,post_runoff,33759,33759,2.00,5000,1
25620,C00919084,pre_primary,50000,50000,1.00,0,0
25700,C00919084,between_primary_runoff,75500,75500,11.00,68000,8
25700,C00919084,post_runoff,7000,7000,4.00,4500,3
25700,C00919084,pre_primary,1250,1250,1.00,1250,1
25720,C00369033,between_primary_runoff,575000,575000,3.00,225000,2
25720,C00369033,pre_primary,500000,500000,1.00,500000,1
25720,C00901918,pre_primary,370000,370000,2.00,0,0
25720,C00919084,between_primary_runoff,585500,585500,18.00,235500,17
25720,C00919084,post_runoff,466999,466999,20.00,446500,16
25720,C00919084,pre_primary,530000,530000,22.00,480000,21
25740,C00901918,post_runoff,51025,51025,2.00,51025,2
25740,C00901918,pre_primary,50000,50000,1.00,0,0
25740,C00919084,between_primary_runoff,39000,39000,10.00,27500,5
25740,C00919084,post_runoff,117000,117000,11.00,108000,7
25740,C00919084,pre_primary,115000,115000,3.00,115000,3
25770,C00919084,between_primary_runoff,25000,25000,1.00,25000,1
25770,C00919084,post_runoff,117327,117327,4.00,67327,3
25820,C00369033,between_primary_runoff,15000,15000,2.00,15000,2
25820,C00369033,pre_primary,104990,104990,1.97,7500,1
25820,C00919084,between_primary_runoff,22500,22500,6.00,22500,6
25820,C00919084,post_runoff,7500,7500,3.00,7500,3
25820,C00919084,pre_primary,80000,80000,10.00,80000,10
25840,C00919084,between_primary_runoff,14200,14200,9.00,14200,9
25840,C00919084,post_runoff,31600,31600,6.00,31600,6
25840,C00919084,pre_primary,22500,22500,6.00,22500,6
25850,C00919084,post_runoff,10000,10000,1.00,10000,1
25850,C00919084,pre_primary,10000,10000,2.00,10000,2
25860,C00901918,between_primary_runoff,25000,25000,1.00,25000,1
25860,C00919084,between_primary_runoff,167571,167571,18.11,167000,18
25860,C00919084,post_runoff,97227,97227,17.29,95500,17
25860,C00919084,pre_primary,433071,433071,7.11,432500,7
25880,C00919084,between_primary_runoff,9500,9500,4.00,9500,4
25880,C00919084,post_runoff,1500,1500,1.00,1500,1
25900,C00919084,between_primary_runoff,292300,292300,36.00,112000,10
25900,C00919084,post_runoff,341624,341624,38.00,230500,16
25900,C00919084,pre_primary,399700,399700,36.00,192500,8
25940,C00369033,pre_primary,150000,150000,2.00,50000,1
25940,C00919084,between_primary_runoff,814300,814300,46.00,814300,46
25940,C00919084,post_runoff,383296,383296,28.00,383296,28
25940,C00919084,pre_primary,645000,645000,36.00,645000,36
25980,C00901918,between_primary_runoff,3500,3500,1.00,3500,1
25980,C00901918,pre_primary,3500,3500,1.00,3500,1
25980,C00919084,pre_primary,25000,25000,1.00,25000,1
26020,C00919084,between_primary_runoff,12500,12500,3.00,12500,3
26020,C00919084,post_runoff,5000,5000,1.00,5000,1
26020,C00919084,pre_primary,2500,2500,1.00,2500,1
26090,C00919084,between_primary_runoff,77006,77006,6.77,61920,3
26090,C00919084,post_runoff,78925,78925,7.40,78500,7
26090,C00919084,pre_primary,134435,134435,14.18,118755,10
26140,C00369033,between_primary_runoff,150000,150000,1.00,150000,1
26140,C00901918,pre_primary,10000,10000,1.00,10000,1
26140,C00919084,between_primary_runoff,95000,95000,10.00,95000,10
26140,C00919084,post_runoff,23000,23000,5.00,23000,5
26140,C00919084,pre_primary,137500,137500,10.00,137500,10
26220,C00919084,between_primary_runoff,40000,40000,3.00,40000,3
26220,C00919084,post_runoff,104085,104085,9.00,104085,9
26220,C00919084,pre_primary,350000,350000,1.00,350000,1
26300,C00369033,pre_primary,50000,50000,1.00,50000,1
26300,C00901918,between_primary_runoff,10410,10410,1.00,10410,1
26300,C00901918,post_runoff,10410,10410,1.00,10410,1
26300,C00919084,between_primary_runoff,75500,75500,16.00,67000,12
26300,C00919084,post_runoff,54500,54500,10.00,52000,9
26300,C00919084,pre_primary,23500,23500,7.00,0,0
26340,C00919084,between_primary_runoff,5000,5000,1.00,5000,1
26340,C00919084,post_runoff,20000,20000,2.00,20000,2
26380,C00919084,between_primary_runoff,465000,465000,5.00,465000,5
26380,C00919084,post_runoff,5000,5000,1.00,5000,1
26380,C00919084,pre_primary,10000,10000,2.00,10000,2
26420,C00369033,between_primary_runoff,19563006,19563006,231.00,19009538,218
26420,C00369033,pre_primary,21665725,21642725,575.79,21291564,558
26420,C00901918,between_primary_runoff,15448064,14237654,913.20,14368461,847
26420,C00901918,post_runoff,10727514,10717104,524.60,10265893,488
26420,C00901918,pre_primary,81545794,80794873,1008.21,72873894,917
26420,C00919084,between_primary_runoff,173897151,173897151,8733.77,168173399,8380
26420,C00919084,post_runoff,72117273,72052273,5558.25,69271312,5339
26420,C00919084,pre_primary,162852747,162852747,7526.83,155866853,7189
26460,C00919084,between_primary_runoff,486176,486176,47.07,484500,47
26460,C00919084,post_runoff,137547,137547,23.53,84492,23
26460,C00919084,pre_primary,416421,416421,25.16,308500,23
26500,C00919084,pre_primary,572,572,0.19,0,0
26580,C00919084,between_primary_runoff,57500,57500,3.00,57500,3
26580,C00919084,post_runoff,15000,15000,2.00,15000,2
26580,C00919084,pre_primary,143751,143751,5.95,48727,5
26620,C00901918,between_primary_runoff,25000,25000,4.00,25000,4
26620,C00901918,post_runoff,5000,5000,1.00,5000,1
26620,C00901918,pre_primary,50410,50410,9.00,50410,9
26620,C00919084,between_primary_runoff,432065,432065,49.00,317065,45
26620,C00919084,post_runoff,350605,350605,31.00,240605,26
26620,C00919084,pre_primary,207800,207800,22.00,97800,17
26660,C00369033,between_primary_runoff,40000,40000,1.00,40000,1
26660,C00901918,between_primary_runoff,316596,316596,14.90,241584,9
26660,C00901918,post_runoff,37066,37066,9.00,14993,6
26660,C00901918,pre_primary,1518097,1518097,20.00,1437411,17
26660,C00919084,between_primary_runoff,331563,331563,36.03,272609,25
26660,C00919084,post_runoff,296742,296742,30.06,270876,25
26660,C00919084,pre_primary,238064,238064,15.00,223000,13
26740,C00919084,between_primary_runoff,43500,43500,9.00,43500,9
26740,C00919084,pre_primary,10500,10500,2.00,10500,2
26780,C00919084,between_primary_runoff,13002,13002,4.00,13000,4
26780,C00919084,post_runoff,15001,15001,3.00,15000,3
26820,C00369033,pre_primary,17300,17300,18.00,17300,18
26820,C00901918,between_primary_runoff,57256,57256,2.00,57256,2
26820,C00919084,between_primary_runoff,31200,31200,6.00,31200,6
26820,C00919084,post_runoff,22000,22000,2.00,22000,2
26820,C00919084,pre_primary,47600,47600,7.00,47600,7
26900,C00369033,between_primary_runoff,100499,100499,3.00,100499,3
26900,C00369033,pre_primary,435060,435060,54.00,435060,54
26900,C00901918,between_primary_runoff,33232,33232,13.00,33232,13
26900,C00901918,post_runoff,23534,23534,4.00,23534,4
26900,C00901918,pre_primary,260360,260360,8.00,260360,8
26900,C00919084,between_primary_runoff,1462877,1462877,129.97,1312527,124
26900,C00919084,post_runoff,1568219,1568219,103.97,1212816,96
26900,C00919084,pre_primary,1246225,1246225,99.00,1161225,97
26980,C00919084,between_primary_runoff,215000,215000,21.00,215000,21
26980,C00919084,post_runoff,52827,52827,7.00,52827,7
26980,C00919084,pre_primary,327500,327500,17.00,205000,11
27060,C00919084,between_primary_runoff,313000,313000,25.00,295000,22
27060,C00919084,post_runoff,268000,268000,16.00,262000,15
27060,C00919084,pre_primary,82500,82500,13.00,76500,12
27100,C00369033,between_primary_runoff,75300,75300,1.00,75300,1
27100,C00919084,between_primary_runoff,2500,2500,1.00,2500,1
27100,C00919084,post_runoff,3000,3000,1.00,3000,1
27140,C00369033,pre_primary,216153,216153,4.00,216153,4
27140,C00901918,between_primary_runoff,50000,50000,1.00,50000,1
27140,C00901918,post_runoff,7250,7250,3.00,0,0
27140,C00901918,pre_primary,50000,50000,1.00,50000,1
27140,C00919084,between_primary_runoff,685124,685124,35.00,685124,35
27140,C00919084,post_runoff,294120,294120,14.00,294120,14
27140,C00919084,pre_primary,791926,791926,37.00,741926,35
27180,C00901918,between_primary_runoff,10410,10410,1.00,10410,1
27180,C00919084,between_primary_runoff,53496,53496,7.00,47496,4
27180,C00919084,post_runoff,7000,7000,2.00,5000,1
27180,C00919084,pre_primary,31492,31492,3.00,31492,3
27220,C00901918,pre_primary,700000,700000,1.00,0,0
27220,C00919084,between_primary_runoff,1205834,1205834,16.00,635000,10
27220,C00919084,post_runoff,1705621,1705621,21.00,935696,13
27220,C00919084,pre_primary,1966298,1966298,15.00,315000,7
27260,C00369033,between_primary_runoff,50000,50000,1.00,50000,1
27260,C00369033,pre_primary,100000,100000,2.00,100000,2
27260,C00901918,between_primary_runoff,88020,88020,12.00,83020,11
27260,C00901918,post_runoff,196000,196000,7.00,191000,6
27260,C00901918,pre_primary,753910,753910,7.00,753910,7
27260,C00919084,between_primary_runoff,1004148,1004148,114.00,879148,105
27260,C00919084,post_runoff,1667994,1667994,90.00,1643494,85
27260,C00919084,pre_primary,1685606,1685606,64.00,1658000,62
27340,C00369033,pre_primary,50000,50000,1.00,50000,1
27340,C00901918,between_primary_runoff,20000,20000,2.00,0,0
27340,C00919084,between_primary_runoff,10000,10000,2.00,10000,2
27340,C00919084,pre_primary,55000,55000,2.00,55000,2
27380,C00369033,between_primary_runoff,40000,40000,2.00,40000,2
27380,C00369033,pre_primary,60000,60000,3.00,60000,3
27380,C00901918,between_primary_runoff,92493,82083,6.00,62493,4
27380,C00901918,post_runoff,20324,20324,1.03,0,0
27380,C00901918,pre_primary,463277,463277,14.44,114510,11
27380,C00919084,between_primary_runoff,159643,159643,26.88,106114,20
27380,C00919084,post_runoff,184994,184994,22.44,152230,16
27380,C00919084,pre_primary,415264,415264,20.44,413500,20
27420,C00919084,post_runoff,100000,100000,1.00,100000,1
27500,C00919084,between_primary_runoff,30000,30000,9.00,30000,9
27500,C00919084,post_runoff,2500,2500,1.00,2500,1
27500,C00919084,pre_primary,188000,188000,18.00,188000,18
27540,C00919084,between_primary_runoff,25000,25000,1.00,25000,1
27540,C00919084,post_runoff,25000,25000,1.00,25000,1
27600,C00901918,between_primary_runoff,26026,26026,2.00,26026,2
27600,C00901918,post_runoff,10000,10000,1.00,0,0
27600,C00919084,between_primary_runoff,10400,10400,4.00,10400,4
27600,C00919084,pre_primary,12600,12600,2.00,12600,2
27620,C00369033,between_primary_runoff,25000,25000,1.00,0,0
27620,C00919084,post_runoff,50000,50000,3.00,50000,3
27620,C00919084,pre_primary,20000,20000,1.00,20000,1
27740,C00919084,between_primary_runoff,133000,133000,15.00,133000,15
27740,C00919084,post_runoff,86500,86500,13.00,86500,13
27740,C00919084,pre_primary,138161,138161,22.00,138161,22
27780,C00919084,pre_primary,25000,25000,1.00,25000,1
27860,C00901918,between_primary_runoff,57500,57500,3.00,57500,3
27860,C00919084,between_primary_runoff,23000,23000,4.00,23000,4
27860,C00919084,post_runoff,18000,18000,3.00,18000,3
27860,C00919084,pre_primary,30000,30000,2.00,30000,2
27900,C00369033,between_primary_runoff,50000,50000,1.00,50000,1
27900,C00901918,post_runoff,2500,2500,1.00,0,0
27900,C00919084,between_primary_runoff,13000,13000,4.00,13000,4
27900,C00919084,post_runoff,23224,23224,5.00,23224,5
27900,C00919084,pre_primary,25000,25000,1.00,25000,1
27940,C00919084,between_primary_runoff,128500,128500,17.00,123500,15
27940,C00919084,post_runoff,111000,111000,14.00,106000,12
27940,C00919084,pre_primary,62500,62500,8.00,62500,8
27980,C00919084,between_primary_runoff,134220,134220,15.00,58500,9
27980,C00919084,post_runoff,219000,219000,13.00,149000,9
27980,C00919084,pre_primary,215000,215000,9.00,205000,8
28020,C00901918,post_runoff,25000,25000,1.00,25000,1
28020,C00919084,between_primary_runoff,73406,73406,10.18,47500,9
28020,C00919084,post_runoff,112500,112500,7.00,107500,6
28020,C00919084,pre_primary,189253,189253,10.09,188800,10
28060,C00369033,between_primary_runoff,50000,50000,1.00,0,0
28060,C00901918,between_primary_runoff,3311,3311,2.00,3311,2
28060,C00901918,post_runoff,5372,5372,4.00,5372,4
28060,C00919084,between_primary_runoff,69500,69500,9.00,69500,9
28060,C00919084,post_runoff,115500,115500,7.00,115500,7
28060,C00919084,pre_primary,35000,35000,3.00,35000,3
28100,C00919084,between_primary_runoff,5000,5000,1.00,5000,1
28100,C00919084,post_runoff,5000,5000,1.00,5000,1
28140,C00369033,between_primary_runoff,855000,855000,7.00,755000,6
28140,C00369033,pre_primary,200000,200000,3.00,200000,3
28140,C00901918,between_primary_runoff,197632,197632,16.00,197632,16
28140,C00901918,post_runoff,299899,299899,15.89,294563,15
28140,C00901918,pre_primary,1375000,1375000,7.00,1375000,7
28140,C00919084,between_primary_runoff,1550506,1550506,221.00,1488506,212
28140,C00919084,post_runoff,1293454,1293454,142.00,1225835,134
28140,C00919084,pre_primary,2937000,2937000,179.00,2894500,173
28180,C00919084,between_primary_runoff,116000,116000,12.00,101000,7
28180,C00919084,post_runoff,21627,21627,6.00,8000,3
28180,C00919084,pre_primary,36000,36000,6.00,36000,6
28260,C00919084,post_runoff,5000,5000,1.00,5000,1
28300,C00919084,between_primary_runoff,428450,428450,11.04,410000,6
28300,C00919084,post_runoff,382955,382955,6.99,360000,2
28300,C00919084,pre_primary,47000,47000,9.00,35000,4
28420,C00919084,between_primary_runoff,241200,241200,30.00,241200,30
28420,C00919084,post_runoff,116000,116000,16.00,116000,16
28420,C00919084,pre_primary,252000,252000,14.00,252000,14
28450,C00919084,between_primary_runoff,158958,158958,7.00,59000,6
28450,C00919084,post_runoff,2000,2000,2.00,2000,2
28450,C00919084,pre_primary,49979,49979,5.00,0,0
28500,C00369033,between_primary_runoff,748957,748957,8.98,450000,3
28500,C00369033,pre_primary,397021,397021,5.25,260000,2
28500,C00901918,between_primary_runoff,395657,395657,25.28,392771,25
28500,C00901918,post_runoff,207617,207617,18.00,197617,17
28500,C00901918,pre_primary,409896,409896,34.06,399395,33
28500,C00919084,between_primary_runoff,677118,677118,103.19,559568,94
28500,C00919084,post_runoff,695663,695663,72.32,637928,66
28500,C00919084,pre_primary,2129667,2129667,72.09,1169107,67
28540,C00919084,between_primary_runoff,30500,30500,7.00,30500,7
28540,C00919084,post_runoff,5000,5000,1.00,5000,1
28540,C00919084,pre_primary,64500,64500,15.00,64500,15
28580,C00901918,between_primary_runoff,20000,20000,1.00,0,0
28580,C00901918,post_runoff,10000,10000,1.00,0,0
28580,C00901918,pre_primary,10000,10000,1.00,10000,1
28580,C00919084,between_primary_runoff,127500,127500,3.00,125000,2
28580,C00919084,post_runoff,142500,142500,6.00,135000,3
28580,C00919084,pre_primary,85000,85000,3.00,85000,3
28620,C00919084,between_primary_runoff,7200,7200,2.00,7200,2
28620,C00919084,post_runoff,7200,7200,2.00,7200,2
28620,C00919084,pre_primary,3600,3600,1.00,3600,1
28660,C00369033,between_primary_runoff,1156407,1156407,11.88,715100,11
28660,C00369033,pre_primary,1325011,1325011,23.88,786750,21
28660,C00901918,between_primary_runoff,581324,581324,66.12,436354,51
28660,C00901918,post_runoff,226187,226187,40.09,210971,39
28660,C00901918,pre_primary,2096435,2096435,62.05,577972,46
28660,C00919084,between_primary_runoff,3114248,3114248,442.83,2685329,403
28660,C00919084,post_runoff,2041961,2041961,262.96,1955551,249
28660,C00919084,pre_primary,3391489,3391489,352.78,3240370,333
28680,C00369033,pre_primary,100000,100000,2.00,100000,2
28680,C00919084,between_primary_runoff,28500,28500,16.00,28500,16
28680,C00919084,post_runoff,25196,25196,14.00,25196,14
28680,C00919084,pre_primary,54500,54500,8.00,54500,8
28700,C00369033,pre_primary,50000,50000,1.00,50000,1
28700,C00901918,between_primary_runoff,40000,40000,4.00,40000,4
28700,C00901918,pre_primary,5000,5000,1.00,5000,1
28700,C00919084,between_primary_runoff,194000,194000,10.00,176500,8
28700,C00919084,post_runoff,160000,160000,5.00,60000,4
28700,C00919084,pre_primary,230427,230427,8.00,230427,8
28740,C00919084,between_primary_runoff,397804,397804,31.00,275300,22
28740,C00919084,post_runoff,541489,541489,34.01,492481,28
28740,C00919084,pre_primary,358157,358157,12.06,320000,9
28780,C00369033,between_primary_runoff,100000,100000,1.00,0,0
28780,C00369033,pre_primary,100000,100000,2.00,100000,2
28780,C00919084,between_primary_runoff,20000,20000,5.00,20000,5
28780,C00919084,post_runoff,12042,12042,4.00,12042,4
28780,C00919084,pre_primary,27626,27626,3.00,27626,3
28880,C00369033,between_primary_runoff,200000,200000,1.00,200000,1
28880,C00901918,between_primary_runoff,16000,16000,2.00,16000,2
28880,C00901918,post_runoff,30000,30000,1.00,30000,1
28880,C00919084,between_primary_runoff,1258900,1258900,69.93,1235576,69
28880,C00919084,post_runoff,1308368,1308368,64.47,567923,56
28880,C00919084,pre_primary,1700879,1700879,51.84,1633800,48
28900,C00919084,between_primary_runoff,2500,2500,1.00,2500,1
28900,C00919084,post_runoff,5000,5000,2.00,5000,2
28900,C00919084,pre_primary,4655,4655,1.52,2500,1
28940,C00369033,between_primary_runoff,115000,115000,3.00,115000,3
28940,C00369033,pre_primary,135300,135300,24.00,135300,24
28940,C00901918,between_primary_runoff,122435,122435,16.00,122435,16
28940,C00901918,post_runoff,26135,26135,10.00,26135,10
28940,C00901918,pre_primary,6588,6588,4.00,6588,4
28940,C00919084,between_primary_runoff,2271350,2271350,111.00,2271350,111
28940,C00919084,post_runoff,543066,543066,58.00,543066,58
28940,C00919084,pre_primary,1595900,1595900,46.00,1595900,46
29020,C00919084,between_primary_runoff,21500,21500,9.00,21500,9
29020,C00919084,post_runoff,5500,5500,2.00,5500,2
29020,C00919084,pre_primary,5500,5500,2.00,5500,2
29060,C00901918,between_primary_runoff,20000,20000,1.00,0,0
29060,C00901918,post_runoff,10000,10000,1.00,0,0
29060,C00901918,pre_primary,30000,30000,3.00,0,0
29060,C00919084,between_primary_runoff,49000,49000,12.00,49000,12
29060,C00919084,post_runoff,33500,33500,9.00,33500,9
29060,C00919084,pre_primary,50000,50000,1.00,50000,1
29100,C00919084,between_primary_runoff,64500,64500,9.00,64500,9
29100,C00919084,post_runoff,12000,12000,3.00,12000,3
29100,C00919084,pre_primary,7500,7500,2.00,7500,2
29180,C00369033,between_primary_runoff,250580,250580,4.00,250580,4
29180,C00369033,pre_primary,62520,62520,11.00,62520,11
29180,C00901918,between_primary_runoff,7000,7000,2.00,7000,2
29180,C00901918,post_runoff,4000,4000,1.00,4000,1
29180,C00901918,pre_primary,1400000,1400000,2.00,1400000,2
29180,C00919084,between_primary_runoff,145000,145000,12.00,145000,12
29180,C00919084,post_runoff,80000,80000,6.00,80000,6
29180,C00919084,pre_primary,200000,200000,13.00,200000,13
29200,C00919084,between_primary_runoff,32500,32500,3.00,32500,3
29200,C00919084,post_runoff,67500,67500,7.00,42500,5
29260,C00919084,between_primary_runoff,49500,49500,6.00,32500,3
29260,C00919084,post_runoff,5000,5000,1.00,5000,1
29300,C00901918,between_primary_runoff,34276,34276,4.00,34276,4
29300,C00901918,post_runoff,2000,2000,1.00,2000,1
29300,C00901918,pre_primary,10000,10000,1.00,10000,1
29300,C00919084,between_primary_runoff,10000,10000,1.00,10000,1
29300,C00919084,post_runoff,20000,20000,2.00,20000,2
29340,C00369033,between_primary_runoff,350000,350000,1.00,0,0
29340,C00901918,pre_primary,20000,20000,2.00,0,0
29340,C00919084,between_primary_runoff,58500,58500,11.00,42500,7
29340,C00919084,post_runoff,25000,25000,2.00,25000,2
29340,C00919084,pre_primary,196081,196081,19.00,50000,4
29380,C00901918,between_primary_runoff,112550,112550,5.00,0,0
29380,C00901918,post_runoff,10000,10000,1.00,0,0
29420,C00369033,between_primary_runoff,50000,50000,1.00,50000,1
29420,C00369033,pre_primary,50000,50000,1.00,0,0
29420,C00901918,between_primary_runoff,43849,43849,4.00,43849,4
29420,C00901918,pre_primary,12500,12500,2.00,12500,2
29420,C00919084,post_runoff,100000,100000,1.00,100000,1
29460,C00369033,between_primary_runoff,100000,100000,1.00,100000,1
29460,C00369033,pre_primary,100000,100000,1.00,100000,1
29460,C00901918,between_primary_runoff,10000,10000,1.00,10000,1
29460,C00901918,post_runoff,45820,45820,3.00,45820,3
29460,C00901918,pre_primary,10000,10000,1.00,10000,1
29460,C00919084,between_primary_runoff,74100,74100,48.00,74100,48
29460,C00919084,post_runoff,36500,36500,21.00,36500,21
29460,C00919084,pre_primary,269000,269000,26.00,269000,26
29470,C00919084,between_primary_runoff,42500,42500,4.00,42500,4
29470,C00919084,post_runoff,22500,22500,4.00,22500,4
29540,C00369033,pre_primary,50000,50000,1.00,50000,1
29540,C00919084,between_primary_runoff,361824,361824,40.00,290124,28
29540,C00919084,post_runoff,321385,321385,29.00,265385,22
29540,C00919084,pre_primary,342600,342600,35.00,207600,24
29620,C00901918,between_primary_runoff,60000,40000,3.00,60000,3
29620,C00919084,between_primary_runoff,332000,332000,32.00,332000,32
29620,C00919084,post_runoff,238500,238500,19.00,238500,19
29620,C00919084,pre_primary,222500,222500,24.00,222500,24
29660,C00901918,pre_primary,700000,700000,1.00,0,0
29660,C00919084,between_primary_runoff,15000,15000,3.00,15000,3
29660,C00919084,post_runoff,60000,60000,7.00,60000,7
29700,C00369033,between_primary_runoff,110000,109944,2.00,10000,1
29700,C00369033,pre_primary,680056,680056,9.00,580056,8
29700,C00901918,between_primary_runoff,53525,53525,2.45,5000,1
29700,C00901918,post_runoff,28423,28423,1.45,5000,1
29700,C00901918,pre_primary,1063151,1063151,5.00,1011100,4
29700,C00919084,between_primary_runoff,375427,375427,82.70,352727,78
29700,C00919084,post_runoff,273164,273164,53.90,222600,48
29700,C00919084,pre_primary,544277,544277,76.90,535637,76
29740,C00901918,between_primary_runoff,24320,24320,2.00,3500,1
29740,C00901918,post_runoff,7000,7000,2.00,7000,2
29740,C00901918,pre_primary,31230,31230,1.00,0,0
29740,C00919084,between_primary_runoff,224800,224800,52.00,213300,47
29740,C00919084,post_runoff,301392,301392,55.00,263892,43
29740,C00919084,pre_primary,706400,706400,80.00,706400,80
29780,C00919084,pre_primary,100000,100000,1.00,0,0
29820,C00369033,between_primary_runoff,150000,150000,2.00,150000,2
29820,C00369033,pre_primary,850000,850000,7.00,500000,6
29820,C00901918,between_primary_runoff,538423,538423,17.00,538423,17
29820,C00901918,post_runoff,51312,51312,10.00,51312,10
29820,C00901918,pre_primary,2675000,2675000,12.00,2325000,11
29820,C00919084,between_primary_runoff,1821356,1821356,121.00,1745156,104
29820,C00919084,post_runoff,1578242,1578242,84.00,1562242,80
29820,C00919084,pre_primary,1534526,1534526,90.00,1487026,81
29940,C00369033,between_primary_runoff,100000,100000,2.00,100000,2
29940,C00369033,pre_primary,1200000,1200000,11.00,1200000,11
29940,C00919084,between_primary_runoff,340100,340100,25.00,340100,25
29940,C00919084,post_runoff,409496,409496,18.00,409496,18
29940,C00919084,pre_primary,333000,333000,18.00,333000,18
29980,C00919084,between_primary_runoff,57411,57411,3.95,10000,3
29980,C00919084,post_runoff,6000,6000,2.00,6000,2
29980,C00919084,pre_primary,2500,2500,1.00,2500,1
30020,C00369033,between_primary_runoff,10000,10000,1.00,10000,1
30020,C00901918,between_primary_runoff,10410,10410,1.00,10410,1
30020,C00919084,between_primary_runoff,70500,70500,10.00,60500,9
30020,C00919084,post_runoff,52897,52897,9.00,32500,5
30020,C00919084,pre_primary,125000,125000,5.00,110000,3
30140,C00919084,between_primary_runoff,37500,37500,6.00,37500,6
30140,C00919084,post_runoff,40985,40985,7.00,40985,7
30140,C00919084,pre_primary,30000,30000,2.00,30000,2
30150,C00901918,post_runoff,10410,10410,1.00,0,0
30150,C00919084,between_primary_runoff,1977084,1977084,64.96,904500,51
30150,C00919084,post_runoff,1258735,1258735,51.04,790522,34
30150,C00919084,pre_primary,305081,305081,24.00,270081,22
30180,C00919084,post_runoff,35000,35000,2.00,10000,1
30260,C00919084,post_runoff,25000,25000,1.00,25000,1
30300,C00901918,between_primary_runoff,7718,7718,0.77,0,0
30300,C00901918,post_runoff,2573,2573,0.26,0,0
30300,C00901918,pre_primary,2573,2573,0.26,0,0
30300,C00919084,between_primary_runoff,19000,19000,7.00,19000,7
30300,C00919084,post_runoff,52000,52000,4.00,52000,4
30300,C00919084,pre_primary,25000,25000,5.00,25000,5
30340,C00919084,between_primary_runoff,31000,31000,7.00,31000,7
30340,C00919084,post_runoff,25696,25696,7.00,25696,7
30340,C00919084,pre_primary,8000,8000,5.00,8000,5
30380,C00919084,between_primary_runoff,13018,13018,4.00,10000,1
30380,C00919084,post_runoff,30006,30006,6.00,29000,5
30380,C00919084,pre_primary,15506,15506,6.00,10000,3
30460,C00901918,between_primary_runoff,98895,98895,5.00,98895,5
30460,C00901918,post_runoff,0,-78075,0.00,0,0
30460,C00901918,pre_primary,53091,53091,5.00,53091,5
30460,C00919084,between_primary_runoff,296926,296926,45.00,296926,45
30460,C00919084,post_runoff,308877,308877,27.00,308877,27
30460,C00919084,pre_primary,528352,528352,57.00,528352,57
30500,C00901918,post_runoff,26025,26025,1.00,26025,1
30500,C00919084,between_primary_runoff,80300,80300,12.00,70300,11
30500,C00919084,post_runoff,73600,73600,10.00,73600,10
30500,C00919084,pre_primary,155300,155300,6.00,40300,3
30620,C00919084,between_primary_runoff,16000,16000,5.00,16000,5
30620,C00919084,post_runoff,5500,5500,2.00,5500,2
30620,C00919084,pre_primary,5000,5000,1.00,5000,1
30700,C00919084,between_primary_runoff,227996,227996,33.00,227996,33
30700,C00919084,post_runoff,291247,291247,21.00,291247,21
30700,C00919084,pre_primary,230500,230500,25.00,230500,25
30780,C00369033,between_primary_runoff,60000,60000,2.00,10000,1
30780,C00369033,pre_primary,1618204,1618204,5.00,918204,4
30780,C00901918,between_primary_runoff,12811,12811,2.00,12811,2
30780,C00901918,post_runoff,1052811,1052811,4.00,2811,1
30780,C00919084,between_primary_runoff,1112326,1112326,117.00,1067326,103
30780,C00919084,post_runoff,478070,478070,63.00,428070,54
30780,C00919084,pre_primary,651000,651000,61.00,643500,59
30860,C00919084,between_primary_runoff,15000,15000,5.00,15000,5
30860,C00919084,post_runoff,13000,13000,3.00,13000,3
30860,C00919084,pre_primary,7500,7500,3.00,7500,3
30900,C00369033,pre_primary,100000,100000,2.00,100000,2
30980,C00369033,between_primary_runoff,340000,340000,5.00,340000,5
30980,C00369033,pre_primary,883815,883815,19.99,574117,15
30980,C00901918,between_primary_runoff,407192,407192,31.00,402192,30
30980,C00901918,post_runoff,290726,290726,12.00,265726,11
30980,C00901918,pre_primary,1065562,1065562,24.95,206540,19
30980,C00919084,between_primary_runoff,2067938,2067938,157.65,1822176,138
30980,C00919084,post_runoff,1459797,1459797,103.81,1085239,87
30980,C00919084,pre_primary,2440676,2440676,133.91,2203474,113
31020,C00369033,between_primary_runoff,50000,50000,1.00,50000,1
31020,C00369033,pre_primary,50000,50000,1.00,50000,1
31020,C00919084,between_primary_runoff,10000,10000,2.00,10000,2
31020,C00919084,post_runoff,79111,79111,7.82,75000,7
31020,C00919084,pre_primary,4111,4111,0.82,0,0
31060,C00901918,between_primary_runoff,52051,52051,1.00,52051,1
31060,C00919084,between_primary_runoff,35000,35000,4.00,35000,4
31060,C00919084,post_runoff,195004,195004,9.00,195000,9
31060,C00919084,pre_primary,70011,70011,2.00,20000,1
31080,C00369033,between_primary_runoff,2097075,2097075,22.00,1897075,21
31080,C00369033,pre_primary,2847746,2842746,74.00,2844346,68
31080,C00901918,between_primary_runoff,817385,817385,63.00,791360,62
31080,C00901918,post_runoff,1333961,1305249,35.00,1333961,35
31080,C00901918,pre_primary,3108750,2758750,48.00,3003750,41
31080,C00919084,between_primary_runoff,24877579,24877579,1897.00,23834679,1826
31080,C00919084,post_runoff,21768735,21768735,1407.00,20692041,1345
31080,C00919084,pre_primary,48211595,48211595,1709.00,47154095,1668
31140,C00369033,between_primary_runoff,250000,250000,2.00,50000,1
31140,C00369033,pre_primary,550051,550051,4.00,450000,3
31140,C00901918,between_primary_runoff,15615,15615,2.00,15615,2
31140,C00901918,post_runoff,5205,5205,1.00,5205,1
31140,C00901918,pre_primary,2807500,1407500,3.00,2807500,3
31140,C00919084,between_primary_runoff,429124,429124,88.00,414000,77
31140,C00919084,post_runoff,737555,737555,67.01,624100,57
31140,C00919084,pre_primary,1702000,1702000,58.00,1602000,57
31180,C00369033,between_primary_runoff,411443,411443,9.61,350000,9
31180,C00369033,pre_primary,766443,766443,16.61,705000,16
31180,C00901918,between_primary_runoff,816917,816917,54.00,814280,53
31180,C00901918,post_runoff,437620,437620,35.00,427620,34
31180,C00901918,pre_primary,19462988,19348632,68.00,14727192,60
31180,C00919084,between_primary_runoff,2971182,2971182,314.03,2852142,304
31180,C00919084,post_runoff,1846645,1846645,209.01,1744484,197
31180,C00919084,pre_primary,2923195,2923195,212.07,2829028,200
31220,C00919084,between_primary_runoff,12954,12954,1.30,0,0
31260,C00369033,pre_primary,135500,135500,3.00,55500,2
31260,C00901918,between_primary_runoff,45223,45223,8.00,24410,6
31260,C00901918,post_runoff,15410,15410,3.00,15410,3
31260,C00901918,pre_primary,12910,12910,2.00,12910,2
31260,C00919084,between_primary_runoff,1018921,1018921,25.00,663921,23
31260,C00919084,post_runoff,338655,338655,17.00,327655,15
31260,C00919084,pre_primary,742000,742000,20.00,737000,19
31300,C00369033,between_primary_runoff,10000,10000,2.00,10000,2
31300,C00369033,pre_primary,70000,70000,14.00,70000,14
31340,C00369033,pre_primary,50000,50000,1.00,50000,1
31340,C00901918,between_primary_runoff,5812,5812,1.46,3500,1
31340,C00901918,post_runoff,12500,12500,2.00,12500,2
31340,C00919084,between_primary_runoff,38000,38000,4.00,38000,4
31340,C00919084,post_runoff,50000,50000,2.00,50000,2
31340,C00919084,pre_primary,3935,3935,0.08,0,0
31420,C00369033,pre_primary,23680,23680,8.00,23680,8
31420,C00901918,between_primary_runoff,10000,10000,1.00,10000,1
31420,C00901918,post_runoff,38115,38115,2.00,38115,2
31420,C00919084,between_primary_runoff,68000,68000,11.00,68000,11
31420,C00919084,post_runoff,75700,75700,7.00,50700,6
31420,C00919084,pre_primary,220000,220000,6.00,170000,5
31540,C00369033,between_primary_runoff,50000,50000,1.00,50000,1
31540,C00901918,between_primary_runoff,43500,43500,7.00,43500,7
31540,C00901918,post_runoff,35000,35000,2.00,35000,2
31540,C00901918,pre_primary,126115,126115,13.00,126115,13
31540,C00919084,between_primary_runoff,824788,824788,85.00,793348,82
31540,C00919084,post_runoff,1002158,1002158,69.00,917687,62
31540,C00919084,pre_primary,1112928,1112928,65.00,1102957,64
31700,C00369033,pre_primary,50000,50000,1.00,50000,1
31700,C00901918,between_primary_runoff,27,27,0.00,0,0
31700,C00919084,between_primary_runoff,241853,241853,29.00,236820,27
31700,C00919084,post_runoff,241609,241609,26.00,237109,24
31700,C00919084,pre_primary,268100,268100,23.00,268100,23
31740,C00901918,between_primary_runoff,2082,2082,2.00,2082,2
31740,C00901918,post_runoff,6174,6174,7.00,6174,7
31740,C00919084,between_primary_runoff,6026,6026,5.00,6026,5
31740,C00919084,post_runoff,66000,66000,6.00,66000,6
31740,C00919084,pre_primary,100000,100000,1.00,100000,1
31820,C00919084,between_primary_runoff,15000,15000,6.00,15000,6
31820,C00919084,post_runoff,1000,1000,1.00,1000,1
31820,C00919084,pre_primary,5000,5000,2.00,5000,2
31860,C00919084,between_primary_runoff,7600,7600,2.00,7600,2
31860,C00919084,post_runoff,3000,3000,1.00,3000,1
31900,C00901918,pre_primary,3500,3500,1.00,3500,1
31900,C00919084,pre_primary,10000,10000,1.00,10000,1
31930,C00901918,between_primary_runoff,9821,9821,0.98,0,0
31930,C00919084,between_primary_runoff,10000,10000,1.00,10000,1
31930,C00919084,post_runoff,10000,10000,1.00,10000,1
31940,C00919084,between_primary_runoff,20000,20000,1.00,20000,1
31940,C00919084,post_runoff,3796,3796,1.00,3796,1
31940,C00919084,pre_primary,2500,2500,1.00,2500,1
31980,C00919084,post_runoff,15000,15000,2.00,15000,2
32000,C00901918,pre_primary,5000,5000,1.00,5000,1
32000,C00919084,between_primary_runoff,4452,4452,0.89,0,0
32000,C00919084,post_runoff,9843,9843,1.81,0,0
32000,C00919084,pre_primary,7340,7340,1.93,2500,1
32020,C00919084,between_primary_runoff,28997,28997,0.97,0,0
32060,C00919084,between_primary_runoff,2500,2500,1.00,2500,1
32060,C00919084,post_runoff,5000,5000,2.00,5000,2
32100,C00901918,between_primary_runoff,7000,7000,1.00,7000,1
32100,C00901918,post_runoff,13200,13200,3.00,13200,3
32100,C00919084,between_primary_runoff,56500,56500,11.00,31500,10
32100,C00919084,post_runoff,27000,27000,4.00,27000,4
32100,C00919084,pre_primary,7000,7000,5.00,7000,5
32280,C00919084,post_runoff,50000,50000,1.00,50000,1
32300,C00919084,between_primary_runoff,20000,20000,2.00,20000,2
32300,C00919084,post_runoff,15000,15000,2.00,15000,2
32300,C00919084,pre_primary,22500,22500,3.00,22500,3
32390,C00919084,between_primary_runoff,80000,80000,14.00,0,0
32390,C00919084,post_runoff,36200,36200,12.00,0,0
32390,C00919084,pre_primary,32500,32500,2.00,25000,1
32460,C00919084,pre_primary,30000,30000,1.00,30000,1
32540,C00919084,pre_primary,40000,40000,8.00,40000,8
32580,C00369033,between_primary_runoff,212500,212500,9.00,100000,2
32580,C00369033,pre_primary,1486768,1486768,64.71,1060000,13
32580,C00901918,between_primary_runoff,141830,141830,16.00,124330,10
32580,C00901918,post_runoff,86205,86205,29.00,78705,26
32580,C00901918,pre_primary,8910808,8910808,38.00,7895808,32
32580,C00919084,between_primary_runoff,1462117,1462117,277.00,1370366,258
32580,C00919084,post_runoff,1262377,1262377,187.00,1191624,178
32580,C00919084,pre_primary,2560756,2560756,180.00,2492532,164
32660,C00919084,between_primary_runoff,30000,30000,2.00,30000,2
32700,C00919084,between_primary_runoff,2500,2500,1.00,2500,1
32740,C00919084,between_primary_runoff,5000,5000,2.00,5000,2
32780,C00901918,between_primary_runoff,49900,49900,6.00,39900,4
32780,C00901918,post_runoff,12500,12500,3.00,2500,1
32780,C00901918,pre_primary,38000,38000,9.00,13000,6
32780,C00919084,between_primary_runoff,293327,293327,41.00,266327,31
32780,C00919084,post_runoff,444508,444508,31.99,411601,23
32780,C00919084,pre_primary,560800,560800,43.00,514500,30
32820,C00369033,between_primary_runoff,50000,50000,1.00,50000,1
32820,C00369033,pre_primary,52500,52500,2.00,52500,2
32820,C00901918,between_primary_runoff,25000,25000,3.00,25000,3
32820,C00901918,pre_primary,52051,52051,1.00,52051,1
32820,C00919084,between_primary_runoff,1185800,1185800,80.00,1102800,75
32820,C00919084,post_runoff,779069,779069,59.00,769069,58
32820,C00919084,pre_primary,1115000,1115000,61.00,880000,49
32860,C00369033,pre_primary,25000,25000,10.00,25000,10
32860,C00919084,between_primary_runoff,34,34,0.00,0,0
32860,C00919084,post_runoff,17,17,0.00,0,0
32860,C00919084,pre_primary,15000,15000,3.00,15000,3
32900,C00919084,between_primary_runoff,52000,52000,11.00,52000,11
32900,C00919084,post_runoff,44000,44000,8.00,44000,8
32900,C00919084,pre_primary,48000,48000,7.00,48000,7
32940,C00901918,post_runoff,10000,10000,1.00,10000,1
32940,C00919084,between_primary_runoff,50000,50000,1.00,50000,1
32940,C00919084,post_runoff,10000,10000,1.00,10000,1
32940,C00919084,pre_primary,25000,25000,1.00,25000,1
33100,C00369033,between_primary_runoff,14235950,11633410,90.00,13735950,85
33100,C00369033,pre_primary,10702014,10689014,89.00,9563814,82
33100,C00901918,between_primary_runoff,1005796,555796,52.00,984558,33
33100,C00901918,post_runoff,556062,556062,77.00,550856,73
33100,C00901918,pre_primary,1996778,1996778,55.00,1697582,38
33100,C00919084,between_primary_runoff,6812152,6812152,473.00,5628652,447
33100,C00919084,post_runoff,5393543,5393543,340.98,4670778,316
33100,C00919084,pre_primary,8118901,8118901,339.00,7900401,329
33140,C00901918,between_primary_runoff,104102,104102,1.00,104102,1
33140,C00919084,between_primary_runoff,30000,30000,3.00,30000,3
33140,C00919084,post_runoff,20000,20000,2.00,20000,2
33140,C00919084,pre_primary,125000,125000,11.00,125000,11
33220,C00919084,between_primary_runoff,90500,90500,14.00,90500,14
33220,C00919084,post_runoff,35196,35196,6.00,35196,6
33220,C00919084,pre_primary,110000,110000,12.00,110000,12
33260,C00369033,between_primary_runoff,712500,712500,9.00,185000,6
33260,C00369033,pre_primary,500000,500000,21.00,105000,5
33260,C00901918,between_primary_runoff,1441258,841258,18.00,1405643,14
33260,C00901918,post_runoff,220284,220284,10.00,115079,8
33260,C00901918,pre_primary,17878459,16478459,83.73,10375606,53
33260,C00919084,between_primary_runoff,2503046,2503046,112.08,1839180,89
33260,C00919084,post_runoff,1114319,1114319,65.08,1098990,58
33260,C00919084,pre_primary,2094402,2094402,114.71,1705573,84
33300,C00919084,between_primary_runoff,25000,25000,1.00,25000,1
33300,C00919084,post_runoff,50000,50000,1.00,50000,1
33340,C00369033,between_primary_runoff,100000,100000,1.00,100000,1
33340,C00369033,pre_primary,152400,152400,4.00,152400,4
33340,C00901918,between_primary_runoff,42500,42500,7.00,42500,7
33340,C00901918,post_runoff,2525,2525,2.00,2525,2
33340,C00919084,between_primary_runoff,805441,805441,92.94,740831,86
33340,C00919084,post_runoff,790831,790831,72.98,770959,70
33340,C00919084,pre_primary,1367596,1367596,48.00,1332596,43
33380,C00919084,between_primary_runoff,15234,15234,3.02,15000,3
33380,C00919084,post_runoff,15273,15273,2.02,15000,2
33380,C00919084,pre_primary,390,390,0.04,0,0
33420,C00369033,between_primary_runoff,25000,25000,1.00,25000,1
33420,C00901918,between_primary_runoff,268658,268658,2.04,268254,2
33420,C00901918,post_runoff,8000,8000,1.00,8000,1
33420,C00901918,pre_primary,12844,12844,1.08,8000,1
33420,C00919084,between_primary_runoff,42999,42999,12.72,29400,10
33420,C00919084,post_runoff,102905,102905,9.81,91573,8
33420,C00919084,pre_primary,153212,153212,15.61,102500,2
33460,C00369033,between_primary_runoff,402500,402500,7.00,402500,7
33460,C00369033,post_runoff,0,-50000,0.00,0,0
33460,C00369033,pre_primary,956449,931449,58.00,954554,52
33460,C00901918,between_primary_runoff,625140,625140,10.00,625140,10
33460,C00901918,post_runoff,40000,40000,3.00,40000,3
33460,C00901918,pre_primary,231230,231230,16.00,231230,16
33460,C00919084,between_primary_runoff,5671045,5671045,450.00,5519969,423
33460,C00919084,post_runoff,3907333,3907333,285.00,3708533,268
33460,C00919084,pre_primary,7963457,7963457,300.99,7500428,262
33500,C00919084,between_primary_runoff,34000,34000,9.00,30000,7
33500,C00919084,post_runoff,11196,11196,3.00,2500,1
33500,C00919084,pre_primary,54526,54526,11.00,34526,9
33540,C00901918,post_runoff,7809,7809,3.00,7809,3
33540,C00919084,between_primary_runoff,171059,171059,14.38,95000,12
33540,C00919084,post_runoff,100928,100928,8.58,99196,8
33540,C00919084,pre_primary,215000,215000,8.00,215000,8
33580,C00901918,between_primary_runoff,50000,50000,1.00,50000,1
33660,C00901918,between_primary_runoff,33833,33833,4.00,23423,3
33660,C00919084,between_primary_runoff,169492,169492,13.00,166492,12
33660,C00919084,post_runoff,78027,78027,15.00,70527,13
33660,C00919084,pre_primary,105000,105000,5.00,105000,5
33700,C00369033,between_primary_runoff,20000,20000,1.00,0,0
33700,C00919084,between_primary_runoff,146500,146500,20.00,146500,20
33700,C00919084,post_runoff,110000,110000,15.00,100000,14
33700,C00919084,pre_primary,150000,150000,11.00,150000,11
33740,C00369033,pre_primary,50000,50000,1.00,50000,1
33740,C00901918,between_primary_runoff,25000,25000,1.00,0,0
33740,C00919084,between_primary_runoff,50100,50100,13.00,50100,13
33740,C00919084,post_runoff,33722,33722,8.00,33722,8
33740,C00919084,pre_primary,115000,115000,4.00,115000,4
33780,C00919084,between_primary_runoff,25000,25000,1.00,25000,1
33780,C00919084,pre_primary,10000,10000,1.00,10000,1
33860,C00901918,between_primary_runoff,36435,36435,2.00,36435,2
33860,C00901918,post_runoff,105143,105143,2.00,105143,2
33860,C00919084,between_primary_runoff,65194,65194,10.33,63000,10
33860,C00919084,post_runoff,69706,69706,12.00,69706,12
33860,C00919084,pre_primary,52000,52000,9.00,52000,9
33900,C00901918,between_primary_runoff,122870,122870,5.00,122870,5
33900,C00901918,post_runoff,41640,41640,2.00,41640,2
33900,C00901918,pre_primary,88485,88485,7.00,88485,7
33910,C00919084,between_primary_runoff,75000,75000,2.00,25000,1
33940,C00369033,between_primary_runoff,50000,50000,1.00,50000,1
33940,C00919084,between_primary_runoff,20000,20000,2.00,20000,2
33940,C00919084,post_runoff,60000,60000,2.00,60000,2
33940,C00919084,pre_primary,25000,25000,1.00,25000,1
33980,C00369033,pre_primary,50000,50000,1.00,50000,1
33980,C00919084,between_primary_runoff,29600,29600,19.00,24600,18
33980,C00919084,post_runoff,24700,24700,10.00,24700,10
33980,C00919084,pre_primary,65500,65500,4.00,5500,2
34060,C00901918,between_primary_runoff,10410,10410,1.00,10410,1
34060,C00901918,post_runoff,10410,10410,1.00,10410,1
34060,C00919084,between_primary_runoff,15000,15000,2.00,5000,1
34060,C00919084,post_runoff,28000,28000,2.00,28000,2
34060,C00919084,pre_primary,61000,61000,7.00,50000,2
34100,C00369033,pre_primary,150000,150000,3.00,150000,3
34100,C00919084,between_primary_runoff,10000,10000,1.00,10000,1
34100,C00919084,post_runoff,10000,10000,1.00,10000,1
34100,C00919084,pre_primary,10000,10000,1.00,10000,1
34140,C00901918,between_primary_runoff,18544,18544,1.86,0,0
34140,C00901918,post_runoff,6181,6181,0.62,0,0
34140,C00901918,pre_primary,6181,6181,0.62,0,0
34140,C00919084,between_primary_runoff,50000,50000,1.00,50000,1
34140,C00919084,post_runoff,35000,35000,2.00,35000,2
34140,C00919084,pre_primary,7500,7500,2.00,7500,2
34180,C00901918,between_primary_runoff,10410,10410,1.00,10410,1
34180,C00919084,between_primary_runoff,25000,25000,17.00,25000,17
34180,C00919084,post_runoff,72000,72000,7.00,72000,7
34180,C00919084,pre_primary,6500,6500,8.00,6500,8
34220,C00369033,between_primary_runoff,100000,100000,1.00,100000,1
34220,C00369033,pre_primary,300000,300000,3.00,300000,3
34220,C00919084,between_primary_runoff,4500,4500,3.00,0,0
34220,C00919084,post_runoff,8000,8000,3.00,0,0
34260,C00919084,between_primary_runoff,2500,2500,1.00,2500,1
34260,C00919084,post_runoff,10000,10000,1.00,10000,1
34300,C00919084,between_primary_runoff,25000,25000,3.00,25000,3
34300,C00919084,post_runoff,30000,30000,3.00,30000,3
34340,C00919084,between_primary_runoff,30000,30000,3.00,30000,3
34340,C00919084,post_runoff,85000,85000,4.00,85000,4
34340,C00919084,pre_primary,10000,10000,2.00,10000,2
34420,C00901918,between_primary_runoff,14198,14198,2.00,14198,2
34420,C00901918,pre_primary,3498176,3498176,5.96,0,0
34420,C00919084,between_primary_runoff,160013,160013,9.01,160000,9
34420,C00919084,post_runoff,75868,75868,8.01,75820,8
34420,C00919084,pre_primary,25000,25000,3.00,25000,3
34540,C00919084,post_runoff,3000,3000,1.00,3000,1
34580,C00369033,pre_primary,314767,314767,0.90,0,0
34580,C00919084,between_primary_runoff,179817,179817,34.90,128324,31
34580,C00919084,post_runoff,157407,157407,22.90,135224,21
34580,C00919084,pre_primary,198927,198927,42.00,153927,39
34620,C00919084,between_primary_runoff,52500,52500,7.00,52500,7
34620,C00919084,post_runoff,30000,30000,3.00,30000,3
34620,C00919084,pre_primary,41000,41000,6.00,41000,6
34680,C00369033,pre_primary,99300,99300,27.00,99300,27
34680,C00919084,between_primary_runoff,32000,32000,7.00,32000,7
34680,C00919084,post_runoff,33500,33500,4.00,33500,4
34680,C00919084,pre_primary,138819,138819,12.38,135000,12
34740,C00919084,between_primary_runoff,50240,50240,7.25,45000,7
34740,C00919084,post_runoff,34116,34116,6.12,33500,6
34740,C00919084,pre_primary,54623,54623,1.06,50000,1
34780,C00919084,between_primary_runoff,100000,100000,1.00,100000,1
34780,C00919084,post_runoff,100000,100000,1.00,100000,1
34780,C00919084,pre_primary,285000,285000,3.00,275000,2
34820,C00369033,between_primary_runoff,50000,50000,1.00,50000,1
34820,C00369033,pre_primary,100000,100000,2.00,100000,2
34820,C00901918,between_primary_runoff,5000,5000,1.00,5000,1
34820,C00901918,post_runoff,7500,7500,1.00,7500,1
34820,C00919084,between_primary_runoff,255000,255000,11.00,230000,8
34820,C00919084,post_runoff,51000,51000,10.00,41000,8
34820,C00919084,pre_primary,65181,65181,4.62,59000,4
34860,C00369033,between_primary_runoff,50000,50000,1.00,50000,1
34860,C00369033,pre_primary,335500,335500,12.00,135500,9
34860,C00901918,between_primary_runoff,2010000,2010000,7.00,1660000,6
34860,C00901918,post_runoff,35000,35000,2.00,35000,2
34860,C00901918,pre_primary,384356,384356,2.00,20000,1
34860,C00919084,between_primary_runoff,580662,580662,73.00,546666,66
34860,C00919084,post_runoff,490753,490753,66.00,432967,58
34860,C00919084,pre_primary,368606,368606,57.00,249731,43
34880,C00369033,pre_primary,100000,100000,1.00,100000,1
34880,C00919084,between_primary_runoff,564900,564900,16.00,524300,12
34880,C00919084,post_runoff,63700,63700,8.00,63700,8
34880,C00919084,pre_primary,60000,60000,8.00,50000,5
34900,C00369033,pre_primary,49976,49976,1.00,0,0
34900,C00901918,between_primary_runoff,1,1,0.00,0,0
34900,C00901918,post_runoff,15000,15000,2.00,0,0
34900,C00919084,between_primary_runoff,515500,515500,42.00,485500,39
34900,C00919084,post_runoff,625509,625509,38.00,615509,37
34900,C00919084,pre_primary,260988,260988,21.00,236000,20
34940,C00369033,between_primary_runoff,230000,230000,4.00,230000,4
34940,C00369033,pre_primary,970410,970410,5.00,470410,4
34940,C00901918,between_primary_runoff,62845,62845,5.00,42025,3
34940,C00901918,post_runoff,100000,100000,1.00,0,0
34940,C00901918,pre_primary,775147,775147,4.00,775147,4
34940,C00919084,between_primary_runoff,1137800,1137800,56.00,845300,50
34940,C00919084,post_runoff,953196,953196,35.00,840196,32
34940,C00919084,pre_primary,610500,610500,46.00,550500,44
34980,C00369033,between_primary_runoff,100000,100000,1.00,100000,1
34980,C00369033,pre_primary,650000,650000,6.00,600000,5
34980,C00901918,between_primary_runoff,1451230,1101230,10.00,1426230,9
34980,C00901918,post_runoff,25000,25000,3.00,15000,2
34980,C00901918,pre_primary,1138928,1138928,11.00,1138928,11
34980,C00919084,between_primary_runoff,3371042,3371042,260.01,3066027,253
34980,C00919084,post_runoff,3278496,3278496,186.00,3183496,182
34980,C00919084,pre_primary,3765159,3765159,179.00,3560159,174
35060,C00369033,pre_primary,25405,25405,8.92,0,0
35100,C00919084,between_primary_runoff,225000,225000,9.00,125000,8
35100,C00919084,post_runoff,161000,161000,7.00,161000,7
35100,C00919084,pre_primary,268020,268020,12.00,235000,11
35140,C00901918,pre_primary,18794,18794,2.55,0,0
35220,C00919084,post_runoff,70000,70000,3.00,70000,3
35220,C00919084,pre_primary,25000,25000,1.00,25000,1
35300,C00369033,between_primary_runoff,100000,100000,1.00,100000,1
35300,C00901918,between_primary_runoff,10000,10000,1.00,10000,1
35300,C00901918,post_runoff,73160,73160,9.00,73160,9
35300,C00901918,pre_primary,10000,10000,1.00,10000,1
35300,C00919084,between_primary_runoff,948901,948901,102.00,938950,101
35300,C00919084,post_runoff,782185,782185,52.00,782185,52
35300,C00919084,pre_primary,1258161,1258161,70.00,1173100,67
35340,C00901918,between_primary_runoff,52051,52051,1.00,52051,1
35380,C00369033,pre_primary,25000,25000,1.00,25000,1
35380,C00901918,between_primary_runoff,103965,103965,12.00,103965,12
35380,C00901918,post_runoff,106230,106230,4.00,106230,4
35380,C00901918,pre_primary,6246,6246,2.00,6246,2
35380,C00919084,between_primary_runoff,1588285,1588285,113.00,1550785,108
35380,C00919084,post_runoff,888518,888518,79.00,868518,77
35380,C00919084,pre_primary,1107200,1107200,64.00,1057200,59
35420,C00901918,between_primary_runoff,300000,300000,1.00,300000,1
35420,C00901918,pre_primary,300000,300000,1.00,300000,1
35440,C00369033,between_primary_runoff,50000,50000,1.00,50000,1
35440,C00901918,between_primary_runoff,30820,30820,3.00,10000,1
35440,C00901918,pre_primary,510000,510000,2.00,510000,2
35440,C00919084,between_primary_runoff,69790,69790,5.98,60000,5
35440,C00919084,post_runoff,179237,179237,5.96,20500,3
35440,C00919084,pre_primary,48948,48948,0.98,0,0
35460,C00369033,pre_primary,50000,50000,1.00,50000,1
35620,C00369033,between_primary_runoff,15041070,15041070,60.00,14441070,58
35620,C00369033,pre_primary,20310973,20260973,135.00,19110973,131
35620,C00901918,between_primary_runoff,878932,827907,101.00,835106,87
35620,C00901918,post_runoff,871059,871059,85.00,731837,63
35620,C00901918,pre_primary,4499297,4499297,80.00,4483297,78
35620,C00919084,between_primary_runoff,52067590,52067590,2072.00,49969013,1999
35620,C00919084,post_runoff,26999302,26999302,1470.00,25915051,1414
35620,C00919084,pre_primary,58586602,58586602,1735.00,53679316,1627
35660,C00369033,pre_primary,350000,350000,1.00,350000,1
35660,C00901918,pre_primary,60000,60000,2.00,0,0
35660,C00919084,between_primary_runoff,258953,258953,16.02,252834,13
35660,C00919084,post_runoff,100284,100284,7.01,98224,6
35660,C00919084,pre_primary,212000,212000,8.00,210000,7
35700,C00919084,between_primary_runoff,24904,24904,1.44,0,0
35700,C00919084,post_runoff,24904,24904,1.44,0,0
35740,C00919084,post_runoff,10000,10000,1.00,10000,1
35820,C00919084,post_runoff,10000,10000,1.00,10000,1
35820,C00919084,pre_primary,50000,50000,1.00,50000,1
35840,C00369033,between_primary_runoff,650000,650000,5.00,650000,5
35840,C00369033,pre_primary,412000,412000,3.00,412000,3
35840,C00901918,between_primary_runoff,47997,47997,5.00,47997,5
35840,C00901918,post_runoff,180409,180409,8.00,107539,4
35840,C00901918,pre_primary,189673,189673,23.00,189673,23
35840,C00919084,between_primary_runoff,1204957,1204957,111.00,1198457,108
35840,C00919084,post_runoff,1208500,1208500,100.00,1207500,99
35840,C00919084,pre_primary,1216300,1216300,73.00,1203300,69
35900,C00901918,between_primary_runoff,5000,5000,1.00,5000,1
35900,C00919084,between_primary_runoff,3500,3500,2.00,3500,2
35900,C00919084,post_runoff,32500,32500,2.00,32500,2
35900,C00919084,pre_primary,8500,8500,3.00,8500,3
35940,C00919084,post_runoff,100000,100000,1.00,100000,1
35940,C00919084,pre_primary,50000,50000,1.00,50000,1
35980,C00919084,between_primary_runoff,142974,142974,11.00,118000,10
35980,C00919084,post_runoff,160503,160503,13.00,122500,10
35980,C00919084,pre_primary,160000,160000,3.00,150000,2
36020,C00919084,between_primary_runoff,651620,651620,47.00,627620,40
36020,C00919084,post_runoff,271127,271127,26.00,258627,23
36020,C00919084,pre_primary,749000,749000,42.00,727500,35
36100,C00901918,between_primary_runoff,14054,14054,3.72,7808,1
36100,C00901918,post_runoff,6337,6337,2.72,0,0
36100,C00901918,pre_primary,32173,32173,2.91,30000,2
36100,C00919084,between_primary_runoff,209000,209000,20.00,154000,16
36100,C00919084,post_runoff,36000,36000,8.00,36000,8
36100,C00919084,pre_primary,247500,247500,18.00,237500,17
36180,C00919084,between_primary_runoff,25000,25000,1.00,0,0
36180,C00919084,pre_primary,110000,110000,6.00,60000,5
36220,C00369033,between_primary_runoff,114600,114600,9.00,85000,6
36220,C00369033,pre_primary,311800,311800,33.00,164000,17
36220,C00901918,between_primary_runoff,52051,52051,1.00,52051,1
36220,C00901918,post_runoff,3500,3500,1.00,3500,1
36220,C00901918,pre_primary,4782336,4082336,9.28,3954102,7
36220,C00919084,between_primary_runoff,800734,800734,73.92,786100,71
36220,C00919084,post_runoff,216610,216610,43.92,212439,42
36220,C00919084,pre_primary,623902,623902,48.29,615665,46
36260,C00369033,pre_primary,50000,50000,1.00,50000,1
36260,C00901918,between_primary_runoff,25000,25000,1.00,25000,1
36260,C00901918,post_runoff,15000,15000,1.00,15000,1
36260,C00901918,pre_primary,230000,230000,5.00,230000,5
36260,C00919084,between_primary_runoff,333000,333000,19.00,323000,17
36260,C00919084,post_runoff,181095,181095,26.00,148094,19
36260,C00919084,pre_primary,240000,240000,19.00,140000,17
36380,C00919084,pre_primary,36942,36942,2.22,0,0
36420,C00369033,between_primary_runoff,50000,50000,1.00,50000,1
36420,C00369033,pre_primary,490000,490000,11.00,490000,11
36420,C00901918,between_primary_runoff,440053,440053,18.00,440053,18
36420,C00901918,post_runoff,98772,98772,13.00,98772,13
36420,C00901918,pre_primary,293702,293702,35.00,293702,35
36420,C00919084,between_primary_runoff,2485481,2485481,180.48,2257701,173
36420,C00919084,post_runoff,1597039,1597039,111.00,1541539,105
36420,C00919084,pre_primary,1345019,1345019,113.00,1260019,109
36500,C00901918,between_primary_runoff,29000,29000,2.00,0,0
36500,C00901918,post_runoff,7000,7000,2.00,0,0
36500,C00901918,pre_primary,22500,22500,4.00,0,0
36500,C00919084,between_primary_runoff,581649,581649,85.00,467649,78
36500,C00919084,post_runoff,572320,572320,53.00,414820,46
36500,C00919084,pre_primary,327800,327800,41.00,272800,39
36540,C00369033,between_primary_runoff,5000,5000,1.00,5000,1
36540,C00369033,pre_primary,60000,60000,2.00,60000,2
36540,C00901918,between_primary_runoff,253730,253730,11.00,253730,11
36540,C00901918,post_runoff,58500,58500,3.00,58500,3
36540,C00901918,pre_primary,231500,231500,10.00,231500,10
36540,C00919084,between_primary_runoff,782300,782300,71.00,782300,71
36540,C00919084,post_runoff,841815,841815,49.00,841815,49
36540,C00919084,pre_primary,696320,696320,37.00,696320,37
36580,C00919084,between_primary_runoff,24000,24000,9.00,24000,9
36580,C00919084,post_runoff,21000,21000,7.00,21000,7
36580,C00919084,pre_primary,20000,20000,2.00,0,0
36620,C00919084,between_primary_runoff,16201,16201,2.55,15000,2
36620,C00919084,post_runoff,40218,40218,2.22,40000,2
36620,C00919084,pre_primary,15273,15273,2.11,15000,2
36700,C00369033,pre_primary,250000,250000,1.00,250000,1
36740,C00369033,between_primary_runoff,210030,210030,8.00,210000,7
36740,C00369033,pre_primary,997126,997126,22.00,972051,20
36740,C00901918,between_primary_runoff,321228,295203,38.00,321228,38
36740,C00901918,post_runoff,380068,380068,38.00,378068,37
36740,C00901918,pre_primary,1302059,1302059,57.00,1272059,53
36740,C00919084,between_primary_runoff,1936635,1936635,142.00,1771635,132
36740,C00919084,post_runoff,1411646,1411646,85.00,1383950,80
36740,C00919084,pre_primary,1789500,1789500,90.00,1689500,89
36780,C00919084,between_primary_runoff,16400,16400,5.00,16400,5
36780,C00919084,post_runoff,5700,5700,2.00,5700,2
36780,C00919084,pre_primary,3700,3700,4.00,3700,4
36820,C00369033,between_primary_runoff,1000,1000,2.00,1000,2
36820,C00369033,pre_primary,7000,7000,14.00,7000,14
36820,C00919084,between_primary_runoff,13550,13550,10.00,13550,10
36820,C00919084,post_runoff,4000,4000,4.00,4000,4
36820,C00919084,pre_primary,2900,2900,2.00,2900,2
36837,C00901918,between_primary_runoff,3500,3500,1.00,3500,1
36837,C00901918,post_runoff,6500,6500,2.00,6500,2
36837,C00919084,between_primary_runoff,80000,80000,7.00,80000,7
36837,C00919084,post_runoff,5000,5000,1.00,5000,1
36837,C00919084,pre_primary,159596,159596,10.00,159596,10
36900,C00919084,between_primary_runoff,4372,4372,0.70,0,0
36900,C00919084,post_runoff,1312,1312,0.35,0,0
36980,C00901918,between_primary_runoff,4000,4000,1.00,4000,1
36980,C00919084,between_primary_runoff,15000,15000,6.00,15000,6
36980,C00919084,post_runoff,47000,47000,5.00,47000,5
36980,C00919084,pre_primary,37500,37500,3.00,37500,3
37020,C00919084,between_primary_runoff,10000,10000,2.00,10000,2
37020,C00919084,post_runoff,37500,37500,4.00,37500,4
37060,C00919084,between_primary_runoff,28952,28952,6.86,15000,5
37060,C00919084,post_runoff,114302,114302,2.93,105000,2
37060,C00919084,pre_primary,184990,184990,12.00,175000,11
37100,C00369033,pre_primary,52051,52051,1.00,52051,1
37100,C00901918,between_primary_runoff,203442,203442,16.00,203442,16
37100,C00901918,post_runoff,168852,168852,5.00,168852,5
37100,C00919084,between_primary_runoff,2232100,2232100,145.00,2219300,136
37100,C00919084,post_runoff,1207892,1207892,109.00,1138892,100
37100,C00919084,pre_primary,1427700,1427700,119.00,1370200,115
37140,C00919084,between_primary_runoff,5690,5690,1.01,5000,1
37140,C00919084,post_runoff,3000,3000,1.00,3000,1
37140,C00919084,pre_primary,10690,10690,2.01,10000,2
37220,C00901918,between_primary_runoff,16700,16700,2.00,0,0
37220,C00901918,post_runoff,56051,56051,3.00,56051,3
37220,C00901918,pre_primary,25000,25000,1.00,0,0
37220,C00919084,between_primary_runoff,30500,30500,5.00,30500,5
37220,C00919084,post_runoff,13500,13500,3.00,13500,3
37260,C00919084,between_primary_runoff,20000,20000,4.00,20000,4
37260,C00919084,post_runoff,11000,11000,3.00,11000,3
37260,C00919084,pre_primary,45000,45000,4.00,45000,4
37300,C00369033,pre_primary,63274,63274,1.53,10000,1
37300,C00901918,between_primary_runoff,122938,122938,20.45,104104,17
37300,C00901918,post_runoff,183145,183145,25.09,156784,19
37300,C00901918,pre_primary,79930,79930,21.43,78591,21
37300,C00919084,between_primary_runoff,166276,166276,21.98,148826,16
37300,C00919084,post_runoff,114504,114504,15.99,107025,13
37300,C00919084,pre_primary,154408,154408,22.97,122000,14
37340,C00369033,pre_primary,110000,110000,3.00,110000,3
37340,C00901918,between_primary_runoff,54156,54156,8.00,54156,8
37340,C00901918,post_runoff,130165,130165,8.00,80165,7
37340,C00901918,pre_primary,60820,60820,9.00,60820,9
37340,C00919084,between_primary_runoff,373200,373200,46.00,340200,39
37340,C00919084,post_runoff,341600,341600,40.00,336000,38
37340,C00919084,pre_primary,255900,255900,22.00,244800,16
37420,C00919084,between_primary_runoff,27500,27500,4.00,27500,4
37420,C00919084,post_runoff,17500,17500,6.00,17500,6
37420,C00919084,pre_primary,9275,9275,2.05,7500,2
37460,C00901918,between_primary_runoff,100000,100000,2.00,50000,1
37460,C00919084,between_primary_runoff,97500,97500,13.00,97500,13
37460,C00919084,post_runoff,122500,122500,9.00,122500,9
37460,C00919084,pre_primary,87500,87500,11.00,87500,11
37580,C00369033,between_primary_runoff,110000,110000,4.00,110000,4
37580,C00901918,between_primary_runoff,22910,22910,2.00,22910,2
37580,C00901918,post_runoff,48123,48123,4.00,48123,4
37580,C00901918,pre_primary,1452500,1452500,7.00,737500,5
37580,C00919084,between_primary_runoff,399145,399145,27.00,189894,20
37580,C00919084,post_runoff,419899,419899,21.02,412201,19
37580,C00919084,pre_primary,497500,497500,17.00,197500,10
37620,C00901918,between_primary_runoff,17000,17000,2.00,17000,2
37620,C00901918,pre_primary,10500,10500,2.00,10500,2
37740,C00919084,between_primary_runoff,60000,60000,3.00,60000,3
37740,C00919084,post_runoff,5000,5000,1.00,5000,1
37740,C00919084,pre_primary,25000,25000,1.00,25000,1
37800,C00369033,pre_primary,50000,50000,1.00,50000,1
37860,C00369033,between_primary_runoff,13100,13100,15.00,13100,15
37860,C00369033,pre_primary,83350,83350,40.00,83350,40
37860,C00901918,between_primary_runoff,60000,60000,2.00,60000,2
37860,C00901918,post_runoff,37123,37123,13.00,37123,13
37860,C00901918,pre_primary,500000,500000,1.00,500000,1
37860,C00919084,between_primary_runoff,460200,460200,46.00,460200,46
37860,C00919084,post_runoff,152100,152100,30.00,152100,30
37860,C00919084,pre_primary,148400,148400,15.00,148400,15
37900,C00369033,pre_primary,330000,330000,1.00,330000,1
37900,C00901918,between_primary_runoff,27066,27066,2.00,27066,2
37900,C00919084,between_primary_runoff,282000,282000,19.00,273000,14
37900,C00919084,post_runoff,78000,78000,11.00,71000,8
37900,C00919084,pre_primary,185000,185000,13.00,185000,13
37950,C00919084,between_primary_runoff,74425,74425,20.61,63000,18
37950,C00919084,post_runoff,28264,28264,6.65,25000,6
37950,C00919084,pre_primary,48264,48264,7.65,45000,7
37980,C00369033,between_primary_runoff,152500,152500,4.00,152500,4
37980,C00369033,pre_primary,759551,759551,61.00,759551,61
37980,C00901918,between_primary_runoff,286298,286298,39.00,286298,39
37980,C00901918,post_runoff,192655,192655,33.00,192655,33
37980,C00901918,pre_primary,1956525,1901525,12.00,1880500,10
37980,C00919084,between_primary_runoff,6906931,6906931,558.00,5733431,522
37980,C00919084,post_runoff,5814397,5814397,392.00,5396597,365
37980,C00919084,pre_primary,6712258,6712258,441.00,5847009,410
38060,C00369033,between_primary_runoff,144241,144241,14.00,144181,14
38060,C00369033,pre_primary,557226,557226,55.00,557166,55
38060,C00901918,between_primary_runoff,988036,988036,61.00,887348,42
38060,C00901918,post_runoff,240770,240770,45.00,193774,20
38060,C00901918,pre_primary,3236103,3236103,20.00,3181103,18
38060,C00919084,between_primary_runoff,3836178,3836178,370.00,3635125,359
38060,C00919084,post_runoff,3995090,3995090,288.00,3832317,270
38060,C00919084,pre_primary,4228704,4228704,271.00,4118702,266
38100,C00919084,post_runoff,375000,375000,2.00,375000,2
38180,C00919084,between_primary_runoff,5000,5000,1.00,5000,1
38180,C00919084,post_runoff,5000,5000,1.00,5000,1
38180,C00919084,pre_primary,15000,15000,2.00,15000,2
38240,C00369033,between_primary_runoff,25000,25000,1.00,25000,1
38240,C00901918,between_primary_runoff,10410,10410,1.00,10410,1
38240,C00901918,pre_primary,20820,20820,2.00,20820,2
38240,C00919084,between_primary_runoff,142000,142000,7.00,142000,7
38240,C00919084,post_runoff,6000,6000,2.00,6000,2
38240,C00919084,pre_primary,30000,30000,3.00,30000,3
38260,C00919084,pre_primary,15000,15000,2.00,15000,2
38300,C00369033,between_primary_runoff,506500,506500,4.00,506500,4
38300,C00369033,pre_primary,70000,70000,1.00,70000,1
38300,C00901918,between_primary_runoff,60045,60045,6.00,60045,6
38300,C00901918,post_runoff,11500,11500,3.00,11500,3
38300,C00919084,between_primary_runoff,1973796,1973796,141.00,1880796,133
38300,C00919084,post_runoff,1069446,1069446,104.00,923765,95
38300,C00919084,pre_primary,1397005,1397005,118.00,1322005,116
38340,C00919084,between_primary_runoff,336500,336500,30.00,288500,23
38340,C00919084,post_runoff,378250,378250,28.00,255250,23
38340,C00919084,pre_primary,160000,160000,23.00,150000,22
38380,C00369033,between_primary_runoff,25000,25000,1.00,25000,1
38380,C00369033,pre_primary,10000,10000,1.00,10000,1
38380,C00901918,between_primary_runoff,120650,120650,7.26,45306,5
38380,C00901918,post_runoff,10175,10175,3.09,5000,2
38380,C00901918,pre_primary,444270,444270,5.17,120000,3
38380,C00919084,between_primary_runoff,335441,335441,19.96,111250,10
38380,C00919084,post_runoff,68752,68752,5.99,22500,3
38380,C00919084,pre_primary,759707,759707,38.90,79500,11
38420,C00919084,pre_primary,25000,25000,1.00,25000,1
38460,C00919084,post_runoff,23883,23883,2.60,6000,2
38500,C00919084,post_runoff,19224,19224,2.00,19224,2
38540,C00919084,between_primary_runoff,160000,160000,9.00,160000,9
38540,C00919084,post_runoff,13000,13000,2.00,13000,2
38540,C00919084,pre_primary,2500,2500,1.00,2500,1
38620,C00919084,post_runoff,5000,5000,1.00,5000,1
38820,C00919084,between_primary_runoff,292250,292250,23.00,288250,22
38820,C00919084,post_runoff,145200,145200,16.00,127200,13
38820,C00919084,pre_primary,189052,189052,16.99,139727,16
38860,C00369033,pre_primary,50000,50000,1.00,50000,1
38860,C00919084,between_primary_runoff,1482693,1482693,123.00,1354336,103
38860,C00919084,post_runoff,1663815,1663815,112.00,1145315,96
38860,C00919084,pre_primary,1072796,1072796,76.00,937796,73
38900,C00369033,between_primary_runoff,200000,200000,1.00,200000,1
38900,C00901918,between_primary_runoff,158825,158825,18.00,122800,14
38900,C00901918,post_runoff,54410,54410,6.00,19000,4
38900,C00901918,pre_primary,128000,128000,30.00,73000,24
38900,C00919084,between_primary_runoff,5509298,5509298,590.10,5068383,561
38900,C00919084,post_runoff,5333488,5333488,420.26,4918955,395
38900,C00919084,pre_primary,5305063,5305063,405.31,5114377,385
38920,C00901918,between_primary_runoff,180000,180000,8.00,180000,8
38920,C00901918,pre_primary,245000,245000,7.00,245000,7
38920,C00919084,between_primary_runoff,84020,84020,18.02,60000,9
38920,C00919084,post_runoff,73297,73297,15.99,50856,8
38920,C00919084,pre_primary,50037,50037,5.04,20000,2
38940,C00369033,between_primary_runoff,300000,300000,2.00,300000,2
38940,C00369033,pre_primary,2100000,2100000,2.00,2100000,2
38940,C00901918,between_primary_runoff,92823,92823,10.00,82823,9
38940,C00901918,post_runoff,23603,23603,12.00,13603,11
38940,C00901918,pre_primary,75000,75000,2.00,50000,1
38940,C00919084,between_primary_runoff,392000,392000,51.00,356500,42
38940,C00919084,post_runoff,712735,712735,39.02,686500,34
38940,C00919084,pre_primary,548397,548397,38.05,342500,34
39040,C00919084,between_primary_runoff,184950,184950,24.00,184950,24
39040,C00919084,post_runoff,194500,194500,14.00,169500,13
39040,C00919084,pre_primary,181675,181675,18.01,181000,18
39150,C00369033,between_primary_runoff,52500,52500,2.00,52500,2
39150,C00369033,pre_primary,19000,19000,8.00,19000,8
39150,C00901918,between_primary_runoff,74656,74656,11.00,48631,10
39150,C00901918,post_runoff,18719,18719,5.00,18719,5
39150,C00901918,pre_primary,20412,20412,5.00,20412,5
39150,C00919084,between_primary_runoff,306400,306400,58.00,245400,49
39150,C00919084,post_runoff,211600,211600,43.00,197600,38
39150,C00919084,pre_primary,504600,504600,46.00,309600,41
39300,C00369033,pre_primary,350000,350000,1.00,350000,1
39300,C00901918,between_primary_runoff,45910,45910,7.00,45910,7
39300,C00901918,post_runoff,25000,25000,4.00,25000,4
39300,C00901918,pre_primary,100000,100000,6.00,100000,6
39300,C00919084,between_primary_runoff,2114631,2114631,167.00,2021622,149
39300,C00919084,post_runoff,1478377,1478377,107.00,1421374,99
39300,C00919084,pre_primary,1772574,1772574,121.00,1637554,116
39340,C00369033,between_primary_runoff,50000,50000,1.00,50000,1
39340,C00369033,pre_primary,52000,52000,5.00,2000,4
39340,C00901918,pre_primary,3050000,3050000,6.00,2900000,4
39340,C00919084,between_primary_runoff,195337,195337,24.16,170000,20
39340,C00919084,post_runoff,154092,154092,12.11,153000,12
39340,C00919084,pre_primary,436275,436275,19.11,433000,19
39380,C00919084,between_primary_runoff,205000,205000,13.00,205000,13
39380,C00919084,post_runoff,120079,120079,5.01,120000,5
39380,C00919084,pre_primary,80198,80198,6.01,80000,6
39460,C00369033,pre_primary,50000,50000,1.00,50000,1
39460,C00901918,between_primary_runoff,20820,20820,2.00,20820,2
39460,C00919084,between_primary_runoff,150000,150000,11.00,140000,9
39460,C00919084,post_runoff,98000,98000,10.00,93000,9
39460,C00919084,pre_primary,25000,25000,2.00,25000,2
39480,C00919084,between_primary_runoff,61226,61226,12.00,28700,8
39480,C00919084,post_runoff,45797,45797,10.00,26800,6
39480,C00919084,pre_primary,78824,78824,6.00,78824,6
39500,C00919084,pre_primary,10000,10000,1.00,10000,1
39540,C00919084,between_primary_runoff,54054,54054,11.24,52500,11
39540,C00919084,post_runoff,83200,83200,8.14,82800,8
39540,C00919084,pre_primary,18521,18521,5.00,18500,5
39580,C00369033,between_primary_runoff,52500,52500,2.00,52500,2
39580,C00369033,pre_primary,385000,385000,15.00,385000,15
39580,C00901918,between_primary_runoff,79607,79607,5.00,79607,5
39580,C00901918,post_runoff,26700,26700,3.00,26700,3
39580,C00901918,pre_primary,16100,16100,2.00,16100,2
39580,C00919084,between_primary_runoff,1783635,1783635,154.41,1583900,141
39580,C00919084,post_runoff,1355443,1355443,117.12,1188024,110
39580,C00919084,pre_primary,2841607,2841607,175.61,2410286,157
39660,C00919084,between_primary_runoff,106500,106500,28.00,50500,12
39660,C00919084,post_runoff,58696,58696,21.00,39696,10
39660,C00919084,pre_primary,50000,50000,16.00,27000,5
39700,C00369033,pre_primary,100000,100000,1.00,100000,1
39700,C00919084,between_primary_runoff,45502,45502,12.00,43000,11
39700,C00919084,post_runoff,74001,74001,9.00,69000,7
39700,C00919084,pre_primary,8502,8502,5.00,8500,5
39740,C00369033,between_primary_runoff,7500,7500,1.00,7500,1
39740,C00369033,pre_primary,600,600,1.00,600,1
39740,C00901918,pre_primary,55205,55205,8.00,55205,8
39740,C00919084,between_primary_runoff,65000,65000,6.00,65000,6
39740,C00919084,post_runoff,7500,7500,2.00,7500,2
39740,C00919084,pre_primary,197500,197500,15.00,197500,15
39780,C00369033,pre_primary,15770,15770,3.00,15770,3
39780,C00901918,pre_primary,350000,350000,1.00,350000,1
39780,C00919084,between_primary_runoff,42,42,0.00,0,0
39780,C00919084,post_runoff,42,42,0.00,0,0
39780,C00919084,pre_primary,25000,25000,1.00,25000,1
39820,C00901918,between_primary_runoff,30320,30320,4.00,30320,4
39820,C00901918,post_runoff,1000,1000,1.00,1000,1
39820,C00901918,pre_primary,15000,15000,2.00,15000,2
39820,C00919084,between_primary_runoff,281600,281600,22.00,271600,21
39820,C00919084,post_runoff,148000,148000,17.00,63000,13
39820,C00919084,pre_primary,65000,65000,8.00,65000,8
39860,C00901918,between_primary_runoff,11509,11509,4.82,0,0
39860,C00901918,post_runoff,12558,12558,4.82,0,0
39860,C00919084,between_primary_runoff,12000,12000,11.00,12000,11
39860,C00919084,post_runoff,6500,6500,9.00,6500,9
39900,C00369033,between_primary_runoff,20000,20000,2.00,0,0
39900,C00369033,pre_primary,200000,200000,2.00,0,0
39900,C00901918,between_primary_runoff,158151,158151,17.00,158151,17
39900,C00901918,post_runoff,111414,111414,10.00,111414,10
39900,C00901918,pre_primary,179718,179718,15.00,179718,15
39900,C00919084,between_primary_runoff,1485456,1485456,53.99,1434000,42
39900,C00919084,post_runoff,666581,666581,56.99,642596,50
39900,C00919084,pre_primary,754627,754627,18.00,704627,17
39940,C00919084,post_runoff,75,75,0.00,0,0
39940,C00919084,pre_primary,2,2,0.00,0,0
39960,C00919084,between_primary_runoff,9214,9214,0.92,0,0
39960,C00919084,post_runoff,4607,4607,0.92,0,0
39980,C00919084,between_primary_runoff,31520,31520,4.00,31520,4
39980,C00919084,post_runoff,3000,3000,1.00,3000,1
39980,C00919084,pre_primary,3000,3000,1.00,3000,1
40060,C00369033,between_primary_runoff,30000,30000,3.00,10000,1
40060,C00369033,pre_primary,50000,50000,1.00,0,0
40060,C00901918,between_primary_runoff,9000,9000,2.00,9000,2
40060,C00901918,post_runoff,51345,51345,4.00,51345,4
40060,C00901918,pre_primary,51025,51025,2.00,51025,2
40060,C00919084,between_primary_runoff,1239422,1239422,109.01,1171896,103
40060,C00919084,post_runoff,974895,974895,83.00,957886,80
40060,C00919084,pre_primary,623009,623009,34.00,548000,32
40080,C00919084,post_runoff,15000,15000,2.00,15000,2
40090,C00369033,pre_primary,750000,750000,3.00,50000,1
40090,C00901918,between_primary_runoff,15616,15616,2.00,15616,2
40090,C00901918,pre_primary,700000,700000,1.00,0,0
40090,C00919084,between_primary_runoff,977315,977315,25.16,838000,16
40090,C00919084,post_runoff,653010,653010,22.48,341000,16
40090,C00919084,pre_primary,610659,610659,26.59,521000,24
40100,C00369033,between_primary_runoff,49787,0,1.99,0,0
40100,C00369033,pre_primary,351982,351982,1.29,350000,1
40100,C00919084,between_primary_runoff,25000,25000,3.00,25000,3
40100,C00919084,post_runoff,5000,5000,1.00,5000,1
40100,C00919084,pre_primary,405000,405000,6.00,405000,6
40140,C00369033,pre_primary,59700,59700,32.00,22000,9
40140,C00901918,between_primary_runoff,239197,239197,47.00,231197,45
40140,C00901918,post_runoff,246266,246266,51.00,228766,48
40140,C00901918,pre_primary,126905,126905,20.00,126905,20
40140,C00919084,between_primary_runoff,5430250,5430250,281.00,5328750,268
40140,C00919084,post_runoff,2682365,2682365,191.00,2456365,181
40140,C00919084,pre_primary,2513780,2513780,172.00,2076280,163
40180,C00919084,between_primary_runoff,12500,12500,5.00,12500,5
40180,C00919084,post_runoff,67500,67500,5.00,67500,5
40180,C00919084,pre_primary,5000,5000,2.00,5000,2
40220,C00369033,between_primary_runoff,350000,350000,1.00,0,0
40220,C00369033,pre_primary,400000,400000,2.00,50000,1
40220,C00901918,between_primary_runoff,60000,60000,3.00,0,0
40220,C00901918,post_runoff,5000,5000,1.00,0,0
40220,C00919084,between_primary_runoff,152500,152500,17.00,152500,17
40220,C00919084,post_runoff,89100,89100,17.00,89092,17
40220,C00919084,pre_primary,162600,162600,8.00,162600,8
40260,C00901918,between_primary_runoff,40000,40000,1.00,40000,1
40260,C00901918,pre_primary,142051,142051,4.00,142051,4
40300,C00919084,between_primary_runoff,2500,2500,1.00,2500,1
40300,C00919084,post_runoff,5000,5000,2.00,5000,2
40300,C00919084,pre_primary,3500,3500,2.00,3500,2
40340,C00901918,between_primary_runoff,418,418,0.18,0,0
40340,C00901918,post_runoff,456,456,0.18,0,0
40340,C00919084,between_primary_runoff,343700,343700,17.00,343700,17
40340,C00919084,post_runoff,139000,139000,12.00,139000,12
40340,C00919084,pre_primary,405000,405000,15.00,405000,15
40380,C00901918,between_primary_runoff,5000,5000,1.00,5000,1
40380,C00901918,post_runoff,8500,8500,2.00,8500,2
40380,C00919084,between_primary_runoff,351526,351526,52.00,283026,45
40380,C00919084,post_runoff,445720,445720,48.00,404500,43
40380,C00919084,pre_primary,930316,930316,36.00,855666,28
40420,C00369033,pre_primary,50000,50000,1.00,50000,1
40420,C00901918,between_primary_runoff,30000,30000,3.00,30000,3
40420,C00901918,post_runoff,20000,20000,2.00,20000,2
40420,C00919084,between_primary_runoff,55000,55000,4.00,55000,4
40420,C00919084,post_runoff,35000,35000,2.00,35000,2
40420,C00919084,pre_primary,175000,175000,6.00,175000,6
40540,C00901918,between_primary_runoff,34574,34574,4.00,34574,4
40580,C00369033,between_primary_runoff,35000,35000,2.00,35000,2
40580,C00919084,between_primary_runoff,2793,2793,2.54,0,0
40580,C00919084,post_runoff,931,931,0.85,0,0
40580,C00919084,pre_primary,7279,7279,3.39,0,0
40620,C00369033,pre_primary,50000,50000,1.00,50000,1
40620,C00919084,between_primary_runoff,8200,8200,6.00,8200,6
40620,C00919084,post_runoff,2400,2400,4.00,2400,4
40620,C00919084,pre_primary,1100,1100,2.00,1100,2
40660,C00369033,between_primary_runoff,25000,25000,1.00,25000,1
40660,C00901918,between_primary_runoff,72036,72036,1.92,26025,1
40660,C00901918,post_runoff,27607,27607,0.92,0,0
40660,C00901918,pre_primary,23005,23005,0.92,0,0
40700,C00901918,between_primary_runoff,312,312,0.03,0,0
40700,C00901918,pre_primary,49604,49604,4.02,0,0
40700,C00919084,between_primary_runoff,57500,57500,12.00,57500,12
40700,C00919084,post_runoff,15000,15000,4.00,15000,4
40700,C00919084,pre_primary,50000,50000,6.00,50000,6
40740,C00901918,between_primary_runoff,7500,7500,2.00,7500,2
40740,C00901918,post_runoff,2500,2500,1.00,2500,1
40740,C00901918,pre_primary,8000,8000,3.00,8000,3
40740,C00919084,pre_primary,25000,25000,1.00,25000,1
40760,C00919084,between_primary_runoff,72500,72500,9.00,0,0
40760,C00919084,post_runoff,19265,19265,6.00,14265,5
40770,C00919084,between_primary_runoff,10903,10903,2.62,0,0
40770,C00919084,pre_primary,15265,15265,2.62,0,0
40780,C00919084,between_primary_runoff,37200,37200,7.00,33000,6
40780,C00919084,post_runoff,13900,13900,4.00,5500,2
40820,C00919084,between_primary_runoff,26500,26500,5.00,26500,5
40820,C00919084,post_runoff,8000,8000,3.00,8000,3
40820,C00919084,pre_primary,100000,100000,1.00,100000,1
40860,C00919084,between_primary_runoff,52003,52003,7.80,50000,7
40860,C00919084,post_runoff,2580,2580,1.01,2500,1
40860,C00919084,pre_primary,35235,35235,8.15,17500,5
40900,C00369033,between_primary_runoff,400000,400000,2.00,400000,2
40900,C00369033,pre_primary,125689,125689,16.00,125689,16
40900,C00901918,between_primary_runoff,239736,239736,28.00,229236,25
40900,C00901918,post_runoff,116042,116042,15.00,116042,15
40900,C00901918,pre_primary,97462,97462,8.00,97462,8
40900,C00919084,between_primary_runoff,4276305,4276305,386.00,4016317,375
40900,C00919084,post_runoff,2807359,2807359,290.21,2608828,282
40900,C00919084,pre_primary,2594697,2594697,242.21,2399276,232
40940,C00919084,post_runoff,12500,12500,2.00,12500,2
40980,C00919084,between_primary_runoff,87000,87000,8.00,87000,8
40980,C00919084,post_runoff,260500,260500,4.00,260500,4
40980,C00919084,pre_primary,24300,24300,12.00,24300,12
41060,C00901918,pre_primary,25000,25000,1.00,25000,1
41060,C00919084,post_runoff,130000,130000,6.00,80000,5
41060,C00919084,pre_primary,35000,35000,4.00,35000,4
41100,C00901918,post_runoff,45000,45000,3.00,45000,3
41100,C00919084,between_primary_runoff,106000,106000,3.00,100000,1
41100,C00919084,post_runoff,60600,60600,4.92,0,0
41140,C00901918,pre_primary,10000,10000,1.00,10000,1
41140,C00919084,between_primary_runoff,45000,45000,2.00,45000,2
41180,C00369033,between_primary_runoff,284734,284734,4.97,275000,4
41180,C00369033,pre_primary,493400,485900,7.00,493400,7
41180,C00901918,between_primary_runoff,334541,334541,18.00,334541,18
41180,C00901918,post_runoff,86736,86736,9.00,86736,9
41180,C00901918,pre_primary,585910,585910,14.00,585910,14
41180,C00919084,between_primary_runoff,3014927,3014927,230.00,3000927,208
41180,C00919084,post_runoff,3312834,3312834,182.00,3284834,167
41180,C00919084,pre_primary,2442255,2442255,183.00,2398255,173
41260,C00919084,between_primary_runoff,10000,10000,1.00,10000,1
41260,C00919084,pre_primary,55000,55000,2.00,5000,1
41400,C00919084,between_primary_runoff,50000,50000,1.00,50000,1
41400,C00919084,pre_primary,50000,50000,1.00,50000,1
41420,C00901918,between_primary_runoff,37000,37000,3.00,37000,3
41420,C00901918,pre_primary,10000,10000,1.00,10000,1
41420,C00919084,between_primary_runoff,390550,390550,67.00,357300,59
41420,C00919084,post_runoff,808625,808625,49.99,774500,45
41420,C00919084,pre_primary,245100,245100,38.00,240100,37
41500,C00901918,between_primary_runoff,7500,7500,1.00,7500,1
41500,C00901918,pre_primary,15615,15615,3.00,15615,3
41500,C00919084,between_primary_runoff,1456900,1456900,79.00,1296400,74
41500,C00919084,post_runoff,624323,624323,47.00,592823,43
41500,C00919084,pre_primary,868500,868500,35.00,778500,30
41540,C00901918,between_primary_runoff,111000,111000,3.00,111000,3
41540,C00901918,pre_primary,7500,7500,1.00,7500,1
41540,C00919084,between_primary_runoff,5000,5000,1.00,5000,1
41540,C00919084,post_runoff,10500,10500,2.00,10500,2
41620,C00369033,between_primary_runoff,50000,50000,1.00,50000,1
41620,C00901918,between_primary_runoff,69764,69764,8.00,66641,7
41620,C00901918,pre_primary,6099954,6099954,21.00,5999954,20
41620,C00919084,between_primary_runoff,1067863,1067863,118.84,1019500,114
41620,C00919084,post_runoff,1593949,1593949,96.89,1150041,91
41620,C00919084,pre_primary,1222725,1222725,47.89,1146000,44
41660,C00369033,between_primary_runoff,347500,347500,8.00,297500,7
41660,C00369033,pre_primary,497500,497500,25.00,397500,24
41660,C00901918,between_primary_runoff,266341,266341,15.00,256341,14
41660,C00901918,post_runoff,150000,150000,3.00,150000,3
41660,C00901918,pre_primary,448691,448691,26.00,423691,25
41660,C00919084,between_primary_runoff,1023128,1023128,185.85,977000,176
41660,C00919084,post_runoff,816293,816293,99.93,635979,94
41660,C00919084,pre_primary,1820226,1820226,192.85,1607486,182
41700,C00369033,between_primary_runoff,6503302,6500102,116.05,5944971,108
41700,C00369033,pre_primary,10115956,10115956,257.84,8234061,230
41700,C00901918,between_primary_runoff,7916604,7873536,422.82,7719499,409
41700,C00901918,post_runoff,3620728,3620728,221.10,3482019,217
41700,C00901918,pre_primary,16239836,15539836,493.20,16062667,480
41700,C00919084,between_primary_runoff,36863687,36863687,3805.24,34185619,3597
41700,C00919084,post_runoff,22628832,22628832,2556.68,21333066,2419
41700,C00919084,pre_primary,44830477,44830477,2979.39,41099851,2806
41740,C00369033,between_primary_runoff,147400,147400,6.00,125000,3
41740,C00369033,pre_primary,4775600,4775600,45.00,4700000,31
41740,C00901918,between_primary_runoff,110771,110771,10.00,110771,10
41740,C00901918,post_runoff,187623,187623,9.00,187623,9
41740,C00901918,pre_primary,831050,831050,8.00,810230,6
41740,C00919084,between_primary_runoff,8413826,8413826,507.00,7153779,463
41740,C00919084,post_runoff,6091465,6091465,358.00,4421415,335
41740,C00919084,pre_primary,7469865,7469865,371.00,6726115,350
41760,C00901918,between_primary_runoff,52051,52051,1.00,0,0
41760,C00901918,pre_primary,364356,364356,1.00,364356,1
41760,C00919084,between_primary_runoff,10903,10903,4.69,9500,4
41760,C00919084,post_runoff,23254,23254,2.87,21500,2
41760,C00919084,pre_primary,8000,8000,3.00,8000,3
41780,C00901918,between_primary_runoff,124922,124922,3.00,124922,3
41780,C00901918,post_runoff,10000,10000,1.00,10000,1
41820,C00919084,between_primary_runoff,25000,25000,4.00,25000,4
41820,C00919084,post_runoff,15000,15000,2.00,15000,2
41860,C00369033,between_primary_runoff,435000,435000,5.00,435000,5
41860,C00369033,pre_primary,6762100,6412100,61.00,6212100,59
41860,C00901918,between_primary_runoff,558805,558805,33.00,508805,32
41860,C00901918,post_runoff,472215,472215,28.00,472215,28
41860,C00901918,pre_primary,204354,204354,11.00,104354,9
41860,C00919084,between_primary_runoff,55429745,55429745,1791.04,52587881,1717
41860,C00919084,post_runoff,24826452,24826452,1193.00,22891728,1140
41860,C00919084,pre_primary,29211185,29211185,1040.00,28378685,1015
41940,C00369033,pre_primary,1244102,1244102,24.00,894102,23
41940,C00901918,between_primary_runoff,108871,108871,6.00,108871,6
41940,C00901918,post_runoff,24236,24236,3.00,24236,3
41940,C00901918,pre_primary,85910,85910,12.00,85910,12
41940,C00919084,between_primary_runoff,12898222,12898222,525.98,11838907,494
41940,C00919084,post_runoff,6904028,6904028,361.00,6711528,343
41940,C00919084,pre_primary,8044925,8044925,402.00,7176925,359
41980,C00369033,between_primary_runoff,1400000,1400000,2.00,0,0
41980,C00901918,between_primary_runoff,104102,104102,1.00,104102,1
41980,C00901918,pre_primary,350000,350000,1.00,350000,1
41980,C00919084,between_primary_runoff,1400,1400,2.00,1400,2
41980,C00919084,post_runoff,759227,759227,5.00,409227,4
41980,C00919084,pre_primary,90000,90000,5.00,70000,3
42020,C00901918,between_primary_runoff,35000,35000,1.00,35000,1
42020,C00919084,between_primary_runoff,543500,543500,62.00,396000,50
42020,C00919084,post_runoff,1451000,1451000,49.00,1255500,36
42020,C00919084,pre_primary,611892,611892,59.00,546892,52
42100,C00369033,between_primary_runoff,50000,50000,1.00,50000,1
42100,C00919084,between_primary_runoff,1684560,1684560,112.00,1646560,106
42100,C00919084,post_runoff,1215916,1215916,86.00,1135916,82
42100,C00919084,pre_primary,1060200,1060200,88.00,1035200,83
42140,C00901918,between_primary_runoff,10000,10000,1.00,10000,1
42140,C00901918,post_runoff,354200,354200,2.00,354200,2
42140,C00901918,pre_primary,150000,150000,4.00,150000,4
42140,C00919084,between_primary_runoff,1732042,1732042,182.24,1689627,175
42140,C00919084,post_runoff,2139217,2139217,123.05,2053502,114
42140,C00919084,pre_primary,2492178,2492178,116.10,2256236,110
42200,C00369033,between_primary_runoff,50000,50000,1.00,50000,1
42200,C00901918,between_primary_runoff,7000,7000,3.00,7000,3
42200,C00901918,pre_primary,27999,27999,4.00,27999,4
42200,C00919084,between_primary_runoff,2943350,2943350,168.00,2638350,154
42200,C00919084,post_runoff,1577101,1577101,121.00,1293405,107
42200,C00919084,pre_primary,3822101,3822101,102.00,3612101,96
42220,C00369033,pre_primary,700000,700000,1.00,0,0
42220,C00901918,between_primary_runoff,5024,5024,1.01,5000,1
42220,C00901918,post_runoff,5023,5023,1.00,5000,1
42220,C00901918,pre_primary,7520,7520,2.00,7500,2
42220,C00919084,between_primary_runoff,3172710,3172710,187.98,2014361,178
42220,C00919084,post_runoff,1640954,1640954,137.00,1303454,127
42220,C00919084,pre_primary,1726201,1726201,120.00,1714923,118
42300,C00919084,between_primary_runoff,5500,5500,4.00,5500,4
42300,C00919084,post_runoff,2000,2000,2.00,2000,2
42300,C00919084,pre_primary,5000,5000,2.00,5000,2
42340,C00369033,between_primary_runoff,15000,15000,3.00,15000,3
42340,C00369033,pre_primary,50000,50000,1.00,50000,1
42340,C00901918,between_primary_runoff,51230,51230,5.00,51230,5
42340,C00901918,post_runoff,20820,20820,1.00,20820,1
42340,C00901918,pre_primary,56230,56230,3.00,56230,3
42340,C00919084,between_primary_runoff,176496,176496,60.00,176496,60
42340,C00919084,post_runoff,149696,149696,36.00,149696,36
42340,C00919084,pre_primary,218500,218500,36.00,168500,35
42380,C00919084,post_runoff,100000,100000,1.00,100000,1
42420,C00919084,between_primary_runoff,15000,15000,2.00,15000,2
42420,C00919084,post_runoff,5000,5000,1.00,5000,1
42460,C00919084,between_primary_runoff,40000,40000,1.00,40000,1
42460,C00919084,pre_primary,150000,150000,1.00,150000,1
42540,C00901918,between_primary_runoff,11000,11000,2.00,11000,2
42540,C00919084,between_primary_runoff,90600,90600,16.00,90600,16
42540,C00919084,post_runoff,55100,55100,13.00,55100,13
42540,C00919084,pre_primary,89972,89972,5.54,63000,5
42580,C00369033,between_primary_runoff,260000,260000,4.00,260000,4
42580,C00369033,pre_primary,70000,70000,14.00,70000,14
42580,C00901918,between_primary_runoff,100000,100000,1.00,100000,1
42580,C00919084,between_primary_runoff,412000,412000,29.00,357000,24
42580,C00919084,post_runoff,250296,250296,20.00,185296,18
42580,C00919084,pre_primary,492000,492000,34.00,452000,28
42620,C00919084,between_primary_runoff,20000,20000,10.00,20000,10
42620,C00919084,post_runoff,20000,20000,6.00,20000,6
42660,C00369033,between_primary_runoff,100000,100000,1.00,100000,1
42660,C00369033,pre_primary,1750000,1600000,7.00,1750000,7
42660,C00901918,between_primary_runoff,513320,513320,10.00,463320,9
42660,C00901918,post_runoff,56872,56872,3.00,6872,2
42660,C00901918,pre_primary,509638,509638,20.00,399638,16
42660,C00919084,between_primary_runoff,21517529,21517529,1057.00,20199629,1031
42660,C00919084,post_runoff,12796889,12796889,733.00,11677489,707
42660,C00919084,pre_primary,13526121,13526121,633.00,12997421,605
42680,C00369033,between_primary_runoff,50000,50000,1.00,50000,1
42680,C00369033,pre_primary,150000,150000,1.00,150000,1
42680,C00901918,between_primary_runoff,15000,15000,3.00,15000,3
42680,C00901918,post_runoff,365000,365000,3.00,365000,3
42680,C00901918,pre_primary,161153,161153,3.00,161153,3
42680,C00919084,between_primary_runoff,389600,389600,36.00,389600,36
42680,C00919084,post_runoff,286500,286500,15.00,261500,14
42680,C00919084,pre_primary,317000,317000,23.00,317000,23
42700,C00919084,between_primary_runoff,4200,4200,5.00,4200,5
42700,C00919084,post_runoff,7300,7300,6.00,7300,6
42700,C00919084,pre_primary,11488,11488,1.09,10000,1
42780,C00901918,between_primary_runoff,700000,350000,1.00,700000,1
42780,C00901918,pre_primary,700000,700000,1.00,700000,1
42780,C00919084,between_primary_runoff,50000,50000,1.00,50000,1
42820,C00919084,post_runoff,6000,6000,2.00,6000,2
42860,C00901918,between_primary_runoff,117849,117849,4.00,117849,4
42860,C00919084,between_primary_runoff,50000,50000,1.00,50000,1
42900,C00919084,between_primary_runoff,32500,32500,4.00,32500,4
42900,C00919084,post_runoff,5500,5500,2.00,5500,2
42900,C00919084,pre_primary,50000,50000,1.00,50000,1
42940,C00369033,pre_primary,50000,50000,1.00,50000,1
42940,C00901918,between_primary_runoff,10000,10000,1.00,10000,1
42940,C00901918,post_runoff,10000,10000,1.00,10000,1
42940,C00901918,pre_primary,5000,5000,1.00,5000,1
42940,C00919084,between_primary_runoff,5000,5000,1.00,5000,1
42940,C00919084,post_runoff,5000,5000,1.00,5000,1
42940,C00919084,pre_primary,2500,2500,1.00,2500,1
43020,C00919084,between_primary_runoff,20000,20000,1.00,20000,1
43060,C00919084,between_primary_runoff,45000,45000,6.00,45000,6
43060,C00919084,post_runoff,7000,7000,3.00,7000,3
43100,C00919084,between_primary_runoff,50000,50000,1.00,50000,1
43100,C00919084,post_runoff,50000,50000,1.00,50000,1
43100,C00919084,pre_primary,130000,130000,3.00,130000,3
43140,C00919084,post_runoff,10000,10000,1.00,10000,1
43180,C00919084,pre_primary,5800,5800,2.00,5800,2
43220,C00901918,between_primary_runoff,4000,4000,2.00,4000,2
43220,C00919084,between_primary_runoff,15000,15000,4.00,15000,4
43220,C00919084,post_runoff,32500,32500,3.00,2500,1
43260,C00901918,pre_primary,50000,50000,2.00,0,0
43260,C00919084,between_primary_runoff,60000,60000,3.00,0,0
43260,C00919084,post_runoff,10000,10000,2.00,0,0
43260,C00919084,pre_primary,92400,92400,14.00,2500,1
43300,C00369033,between_primary_runoff,592232,592232,10.00,592222,10
43300,C00369033,pre_primary,255000,255000,8.00,205000,7
43300,C00901918,between_primary_runoff,76937,76937,12.12,72425,11
43300,C00901918,post_runoff,208445,208445,12.54,48426,11
43300,C00901918,pre_primary,1691527,1691527,49.08,1689420,49
43300,C00919084,between_primary_runoff,790712,790712,87.57,652272,75
43300,C00919084,post_runoff,722936,722936,80.38,617307,68
43300,C00919084,pre_primary,616420,616420,71.24,557002,63
43320,C00901918,between_primary_runoff,23247,23247,8.97,0,0
43320,C00901918,post_runoff,11239,11239,5.98,0,0
43320,C00901918,pre_primary,16087,16087,5.98,0,0
43320,C00919084,between_primary_runoff,7500,7500,3.00,7500,3
43320,C00919084,post_runoff,2500,2500,1.00,2500,1
43320,C00919084,pre_primary,100000,100000,1.00,0,0
43340,C00369033,pre_primary,100000,100000,2.00,100000,2
43340,C00919084,between_primary_runoff,351800,351800,35.00,316800,29
43340,C00919084,post_runoff,213700,213700,25.00,150700,20
43340,C00919084,pre_primary,257552,257552,20.00,232552,19
43420,C00901918,between_primary_runoff,53631,53631,10.00,53631,10
43420,C00901918,post_runoff,3103,3103,2.00,3103,2
43420,C00901918,pre_primary,521,521,1.00,521,1
43420,C00919084,between_primary_runoff,32632,32632,20.99,30000,19
43420,C00919084,post_runoff,63527,63527,10.10,60000,9
43420,C00919084,pre_primary,35805,35805,8.89,32500,7
43500,C00369033,pre_primary,10175,10175,5.00,0,0
43500,C00919084,between_primary_runoff,34500,34500,14.00,34500,14
43500,C00919084,post_runoff,88820,88820,13.00,88820,13
43500,C00919084,pre_primary,60000,60000,3.00,60000,3
43620,C00369033,pre_primary,700000,700000,2.00,700000,2
43620,C00901918,pre_primary,25000,25000,1.00,25000,1
43620,C00919084,between_primary_runoff,107600,107600,22.00,85100,14
43620,C00919084,post_runoff,93126,93126,15.00,88126,13
43620,C00919084,pre_primary,265000,265000,23.00,225000,7
43640,C00901918,between_primary_runoff,20820,20820,2.00,20820,2
43640,C00901918,post_runoff,30000,30000,2.00,30000,2
43640,C00901918,pre_primary,100000,100000,1.00,100000,1
43640,C00919084,between_primary_runoff,210500,210500,10.00,160500,9
43640,C00919084,post_runoff,73220,73220,11.00,58619,9
43640,C00919084,pre_primary,200000,200000,3.00,100000,2
43660,C00901918,between_primary_runoff,117350,117350,3.65,104102,1
43660,C00901918,post_runoff,2650,2650,0.88,0,0
43660,C00901918,pre_primary,30299,30299,2.77,25000,1
43660,C00919084,post_runoff,10000,10000,1.00,10000,1
43700,C00919084,pre_primary,25000,25000,1.00,25000,1
43740,C00919084,post_runoff,50000,50000,1.00,50000,1
43740,C00919084,pre_primary,70000,70000,2.00,70000,2
43760,C00919084,between_primary_runoff,13700,13700,3.00,13700,3
43760,C00919084,post_runoff,99020,99020,4.00,99020,4
43780,C00369033,pre_primary,50000,50000,1.00,50000,1
43780,C00901918,between_primary_runoff,5206,5206,2.00,5206,2
43780,C00901918,post_runoff,2603,2603,1.00,2603,1
43780,C00919084,between_primary_runoff,398000,398000,31.00,358000,27
43780,C00919084,post_runoff,180454,180454,18.81,125000,15
43780,C00919084,pre_primary,171000,171000,15.00,166000,14
43900,C00901918,between_primary_runoff,3644,3644,2.00,3644,2
43900,C00901918,post_runoff,7182,7182,9.00,7182,9
43900,C00919084,between_primary_runoff,98750,98750,17.00,98750,17
43900,C00919084,post_runoff,161500,161500,15.00,161500,15
43900,C00919084,pre_primary,15000,15000,5.00,15000,5
43940,C00919084,between_primary_runoff,37500,37500,6.00,37500,6
43940,C00919084,post_runoff,2500,2500,1.00,2500,1
43940,C00919084,pre_primary,12500,12500,2.00,12500,2
43980,C00901918,pre_primary,228,228,0.00,0,0
44020,C00901918,pre_primary,349772,349772,1.00,0,0
44020,C00919084,between_primary_runoff,31000,31000,4.00,31000,4
44020,C00919084,post_runoff,27500,27500,2.00,27500,2
44020,C00919084,pre_primary,42500,42500,5.00,42500,5
44060,C00369033,pre_primary,100000,100000,1.00,100000,1
44060,C00901918,between_primary_runoff,208204,208204,2.00,208204,2
44060,C00901918,post_runoff,169583,65481,6.00,169583,6
44060,C00919084,between_primary_runoff,344000,344000,71.00,341500,70
44060,C00919084,post_runoff,787800,787800,43.00,392800,39
44060,C00919084,pre_primary,560000,560000,43.00,560000,43
44100,C00369033,pre_primary,10000,10000,1.00,10000,1
44100,C00901918,between_primary_runoff,75000,75000,4.00,75000,4
44100,C00901918,post_runoff,50000,50000,1.00,50000,1
44100,C00901918,pre_primary,140000,140000,5.00,140000,5
44100,C00919084,between_primary_runoff,172000,172000,10.00,172000,10
44100,C00919084,post_runoff,142000,142000,9.00,142000,9
44100,C00919084,pre_primary,188500,188500,18.00,188500,18
44140,C00369033,pre_primary,104102,104102,1.00,104102,1
44140,C00901918,post_runoff,29148,29148,4.00,29148,4
44140,C00919084,between_primary_runoff,166600,166600,31.00,151600,27
44140,C00919084,post_runoff,216000,216000,21.00,208500,19
44140,C00919084,pre_primary,56000,56000,10.00,56000,10
44180,C00369033,pre_primary,50000,50000,1.00,50000,1
44180,C00901918,between_primary_runoff,13500,13500,3.00,13500,3
44180,C00901918,post_runoff,36,36,0.02,0,0
44180,C00901918,pre_primary,354000,354000,2.00,354000,2
44180,C00919084,between_primary_runoff,321000,321000,30.00,321000,30
44180,C00919084,post_runoff,509224,509224,29.00,509224,29
44180,C00919084,pre_primary,197500,197500,22.00,197500,22
44220,C00901918,post_runoff,26000,26000,2.00,26000,2
44220,C00901918,pre_primary,20000,20000,1.00,20000,1
44220,C00919084,between_primary_runoff,10000,10000,1.00,10000,1
44220,C00919084,post_runoff,51500,51500,4.00,51500,4
44220,C00919084,pre_primary,25500,25500,2.00,25500,2
44260,C00369033,pre_primary,0,-697,0.00,0,0
44260,C00919084,between_primary_runoff,36300,36300,11.00,36300,11
44260,C00919084,post_runoff,35500,35500,7.00,35500,7
44260,C00919084,pre_primary,90500,90500,21.00,90500,21
44300,C00919084,between_primary_runoff,175500,175500,10.00,175500,10
44300,C00919084,post_runoff,100000,100000,8.00,100000,8
44300,C00919084,pre_primary,94825,94825,8.04,94700,8
44340,C00919084,pre_primary,5000,5000,1.00,5000,1
44420,C00919084,between_primary_runoff,159500,159500,10.00,159500,10
44420,C00919084,post_runoff,26500,26500,5.00,26500,5
44420,C00919084,pre_primary,43302,43302,4.03,42000,4
44460,C00919084,between_primary_runoff,125300,125300,11.00,100300,8
44460,C00919084,post_runoff,78500,78500,5.00,78500,5
44460,C00919084,pre_primary,195000,195000,10.00,82500,6
44500,C00369033,between_primary_runoff,360172,360172,3.66,0,0
44500,C00369033,pre_primary,194310,194310,3.88,150000,3
44500,C00901918,between_primary_runoff,148966,148966,3.19,126602,2
44500,C00901918,post_runoff,25000,6957,1.00,25000,1
44500,C00901918,pre_primary,20000,20000,1.00,20000,1
44500,C00919084,between_primary_runoff,438424,438424,41.07,391196,32
44500,C00919084,post_runoff,211732,211732,22.19,181963,17
44500,C00919084,pre_primary,389155,389155,54.51,323967,41
44540,C00369033,pre_primary,100000,100000,1.00,0,0
44580,C00919084,between_primary_runoff,4500,4500,2.00,4500,2
44580,C00919084,post_runoff,15452,15452,8.00,15452,8
44620,C00919084,between_primary_runoff,2500,2500,1.00,2500,1
44620,C00919084,post_runoff,2500,2500,1.00,2500,1
44660,C00919084,between_primary_runoff,32400,32400,8.00,32400,8
44660,C00919084,post_runoff,53127,53127,7.00,53127,7
44660,C00919084,pre_primary,79900,79900,7.00,79900,7
44700,C00919084,between_primary_runoff,192500,192500,20.00,192500,20
44700,C00919084,post_runoff,140000,140000,16.00,140000,16
44700,C00919084,pre_primary,74500,74500,7.00,74500,7
44860,C00369033,between_primary_runoff,45000,45000,2.00,45000,2
44860,C00369033,pre_primary,112259,112259,2.09,110000,2
44860,C00901918,between_primary_runoff,10410,10410,1.00,10410,1
44860,C00901918,post_runoff,8054,8054,1.09,6246,1
44860,C00901918,pre_primary,1426025,1426025,5.00,1426025,5
44860,C00919084,between_primary_runoff,226085,226085,29.25,218200,26
44860,C00919084,post_runoff,166038,166038,15.43,162148,14
44860,C00919084,pre_primary,83930,83930,12.19,80500,12
44900,C00369033,pre_primary,6300,6300,4.00,6300,4
44900,C00901918,between_primary_runoff,3989,3989,0.08,0,0
44900,C00901918,post_runoff,2393,2393,0.08,0,0
44900,C00901918,pre_primary,31995,31995,1.08,30000,1
44940,C00919084,post_runoff,55000,55000,5.00,55000,5
44980,C00369033,between_primary_runoff,3000,3000,2.00,3000,2
44980,C00369033,pre_primary,8000,8000,5.00,8000,5
44980,C00919084,between_primary_runoff,10000,10000,1.00,10000,1
45000,C00901918,between_primary_runoff,7808,7808,1.00,7808,1
45000,C00901918,post_runoff,7808,7808,1.00,7808,1
45020,C00369033,pre_primary,30000,30000,6.00,30000,6
45020,C00901918,between_primary_runoff,110000,110000,1.00,110000,1
45020,C00901918,post_runoff,4000,4000,1.00,4000,1
45020,C00901918,pre_primary,10000,10000,1.00,10000,1
45020,C00919084,between_primary_runoff,35500,35500,8.00,35500,8
45020,C00919084,post_runoff,64888,64888,10.00,64888,10
45020,C00919084,pre_primary,72170,72170,14.97,48000,14
45060,C00919084,between_primary_runoff,284989,284989,29.00,265000,26
45060,C00919084,post_runoff,266867,266867,21.94,249500,18
45060,C00919084,pre_primary,208327,208327,24.00,208327,24
45140,C00901918,between_primary_runoff,10500,10500,2.00,0,0
45140,C00919084,between_primary_runoff,15000,15000,3.00,15000,3
45140,C00919084,pre_primary,28500,28500,9.00,28500,9
45220,C00369033,between_primary_runoff,50000,50000,1.00,50000,1
45220,C00369033,pre_primary,150000,150000,3.00,150000,3
45220,C00901918,between_primary_runoff,120410,120410,3.00,120410,3
45220,C00901918,post_runoff,60000,60000,2.00,60000,2
45220,C00901918,pre_primary,100000,100000,1.00,100000,1
45220,C00919084,between_primary_runoff,483200,483200,51.00,430200,46
45220,C00919084,post_runoff,330696,330696,34.00,300696,32
45220,C00919084,pre_primary,258100,258100,28.00,223100,26
45300,C00369033,between_primary_runoff,447,447,3.00,447,3
45300,C00369033,pre_primary,1350000,1350000,6.00,1350000,6
45300,C00901918,between_primary_runoff,282551,282551,11.00,182551,10
45300,C00901918,post_runoff,63600,63600,8.00,63600,8
45300,C00901918,pre_primary,2997365,2997365,22.00,2897365,21
45300,C00919084,between_primary_runoff,2465800,2465800,246.00,2318800,229
45300,C00919084,post_runoff,1927001,1927001,168.00,1859501,157
45300,C00919084,pre_primary,2236639,2236639,203.00,1966554,175
45340,C00919084,between_primary_runoff,263000,263000,44.00,126500,15
45340,C00919084,post_runoff,229500,229500,25.00,163000,12
45340,C00919084,pre_primary,428000,428000,42.00,97500,12
45460,C00919084,between_primary_runoff,10000,10000,1.00,10000,1
45460,C00919084,pre_primary,5000,5000,1.00,5000,1
45500,C00369033,between_primary_runoff,11850,11850,3.00,11850,3
45500,C00369033,pre_primary,1050,1050,2.00,1050,2
45500,C00901918,between_primary_runoff,1140415,1140415,14.00,52051,1
45500,C00901918,post_runoff,26549,26549,5.00,5000,1
45500,C00901918,pre_primary,6296751,6296751,18.00,6160000,9
45500,C00919084,between_primary_runoff,1209103,1209103,46.00,1206603,45
45500,C00919084,post_runoff,359069,359069,31.98,349267,31
45500,C00919084,pre_primary,294400,294400,21.00,294400,21
45520,C00919084,between_primary_runoff,18700,18700,3.00,18700,3
45520,C00919084,post_runoff,50000,50000,4.00,25000,3
45520,C00919084,pre_primary,20000,20000,3.00,20000,3
45620,C00919084,between_primary_runoff,20000,20000,2.00,20000,2
45620,C00919084,post_runoff,50000,50000,1.00,50000,1
45620,C00919084,pre_primary,50000,50000,1.00,50000,1
45700,C00901918,pre_primary,41641,41641,2.00,41641,2
45700,C00919084,between_primary_runoff,50000,50000,1.00,50000,1
45740,C00919084,between_primary_runoff,100000,100000,1.00,100000,1
45780,C00919084,between_primary_runoff,71500,71500,12.00,71500,12
45780,C00919084,post_runoff,111000,111000,12.00,111000,12
45780,C00919084,pre_primary,115000,115000,10.00,115000,10
45820,C00369033,between_primary_runoff,101000,101000,2.00,101000,2
45820,C00369033,pre_primary,125000,125000,2.00,125000,2
45820,C00901918,post_runoff,20820,20820,1.00,20820,1
45820,C00919084,post_runoff,100000,100000,1.00,100000,1
45820,C00919084,pre_primary,25000,25000,2.00,25000,2
45860,C00369033,pre_primary,350000,350000,1.00,350000,1
45860,C00919084,between_primary_runoff,785000,785000,42.00,634000,22
45860,C00919084,post_runoff,1054200,1054200,41.00,837500,29
45860,C00919084,pre_primary,1409832,1409832,38.00,1244000,25
45880,C00369033,pre_primary,110000,110000,2.00,100000,1
45880,C00901918,between_primary_runoff,30000,30000,1.00,30000,1
45880,C00901918,pre_primary,20000,20000,1.00,20000,1
45880,C00919084,between_primary_runoff,8000,8000,5.00,0,0
45880,C00919084,post_runoff,6000,6000,3.00,0,0
45880,C00919084,pre_primary,5000,5000,5.00,0,0
45900,C00369033,between_primary_runoff,25000,25000,1.00,25000,1
45900,C00369033,pre_primary,20000,20000,1.00,20000,1
45900,C00901918,pre_primary,105820,105820,4.00,105820,4
45900,C00919084,between_primary_runoff,382121,382121,26.02,331500,25
45900,C00919084,post_runoff,125023,125023,17.02,124526,17
45900,C00919084,pre_primary,357266,357266,35.00,327266,32
45940,C00369033,pre_primary,43870,43870,23.00,43870,23
45940,C00901918,between_primary_runoff,25000,25000,1.00,25000,1
45940,C00919084,between_primary_runoff,1115500,1115500,53.00,1105500,52
45940,C00919084,post_runoff,703500,703500,30.00,703500,30
45940,C00919084,pre_primary,740500,740500,41.00,685500,35
46020,C00901918,between_primary_runoff,30000,30000,2.00,30000,2
46020,C00919084,between_primary_runoff,505800,505800,22.00,452300,19
46020,C00919084,post_runoff,655357,655357,22.79,626400,21
46020,C00919084,pre_primary,185569,185569,6.79,146000,6
46060,C00369033,between_primary_runoff,49940,49940,1.00,0,0
46060,C00369033,pre_primary,99940,99940,2.00,50000,1
46060,C00901918,between_primary_runoff,31636,31636,4.00,5205,1
46060,C00901918,post_runoff,30205,30205,2.00,5205,1
46060,C00901918,pre_primary,740254,740254,7.00,230000,5
46060,C00919084,between_primary_runoff,1461463,1461463,202.57,1138300,168
46060,C00919084,post_runoff,1390856,1390856,153.46,1275787,135
46060,C00919084,pre_primary,949393,949393,104.11,883200,92
46100,C00919084,between_primary_runoff,20000,20000,1.00,20000,1
46100,C00919084,pre_primary,30000,30000,2.00,30000,2
46140,C00369033,between_primary_runoff,451750,451750,6.00,451750,6
46140,C00369033,pre_primary,700000,700000,2.00,700000,2
46140,C00901918,between_primary_runoff,367502,367502,16.00,273810,14
46140,C00901918,post_runoff,262170,262170,8.00,241350,6
46140,C00901918,pre_primary,579717,579717,10.00,579717,10
46140,C00919084,between_primary_runoff,1246300,1246300,114.00,1225300,104
46140,C00919084,post_runoff,845190,845190,105.00,827598,99
46140,C00919084,pre_primary,736438,736438,80.96,634200,75
46180,C00919084,between_primary_runoff,10000,10000,2.00,10000,2
46180,C00919084,post_runoff,14196,14196,2.00,14196,2
46180,C00919084,pre_primary,60000,60000,11.00,60000,11
46220,C00919084,between_primary_runoff,23000,23000,8.00,23000,8
46220,C00919084,post_runoff,131500,131500,7.00,131500,7
46220,C00919084,pre_primary,150000,150000,2.00,150000,2
46300,C00369033,pre_primary,7500,7500,1.00,7500,1
46300,C00901918,between_primary_runoff,6000,6000,2.00,6000,2
46300,C00919084,between_primary_runoff,50000,50000,1.00,50000,1
46340,C00369033,between_primary_runoff,425000,425000,10.00,425000,10
46340,C00369033,pre_primary,1540000,1540000,30.00,1255000,25
46340,C00901918,between_primary_runoff,431761,431761,36.10,430771,36
46340,C00901918,post_runoff,597951,597951,32.97,578855,32
46340,C00901918,pre_primary,9376632,7976632,56.68,8982700,56
46340,C00919084,between_primary_runoff,2449711,2449711,254.68,2352072,235
46340,C00919084,post_runoff,1975506,1975506,173.68,1914235,162
46340,C00919084,pre_primary,2865675,2865675,207.11,2734858,200
46380,C00901918,between_primary_runoff,21317,21317,4.99,0,0
46380,C00901918,post_runoff,20797,20797,2.00,0,0
46380,C00901918,pre_primary,17788,17788,2.00,0,0
46380,C00919084,between_primary_runoff,126472,126472,17.00,60000,7
46380,C00919084,post_runoff,123400,123400,11.00,109900,6
46380,C00919084,pre_primary,99972,99972,7.00,45000,4
46500,C00919084,between_primary_runoff,5000,5000,2.00,5000,2
46500,C00919084,post_runoff,2500,2500,1.00,2500,1
46520,C00369033,pre_primary,50000,50000,1.00,50000,1
46520,C00901918,between_primary_runoff,135985,135985,9.00,123485,6
46520,C00901918,post_runoff,5000,5000,1.00,0,0
46520,C00901918,pre_primary,13410,13410,2.00,13410,2
46520,C00919084,between_primary_runoff,665261,665261,96.00,585261,88
46520,C00919084,post_runoff,1005900,1005900,58.00,945900,54
46520,C00919084,pre_primary,596200,596200,81.00,506200,76
46540,C00919084,between_primary_runoff,235000,235000,14.00,235000,14
46540,C00919084,post_runoff,80000,80000,8.00,80000,8
46540,C00919084,pre_primary,17500,17500,3.00,17500,3
46620,C00919084,between_primary_runoff,282400,282400,14.99,242500,11
46620,C00919084,post_runoff,59482,59482,10.99,49008,9
46620,C00919084,pre_primary,342406,342406,19.99,305000,15
46660,C00919084,between_primary_runoff,116916,116916,7.00,116916,7
46660,C00919084,post_runoff,10000,10000,1.00,10000,1
46660,C00919084,pre_primary,35000,35000,2.00,35000,2
46700,C00369033,pre_primary,24,24,0.00,0,0
46700,C00901918,between_primary_runoff,18015,18015,5.00,8016,4
46700,C00901918,post_runoff,3823,3823,5.00,3823,5
46700,C00919084,between_primary_runoff,271112,271112,33.00,246100,32
46700,C00919084,post_runoff,275408,275408,33.00,275396,33
46700,C00919084,pre_primary,280022,280022,26.00,280000,26
46900,C00369033,between_primary_runoff,5000,5000,2.00,5000,2
46900,C00369033,pre_primary,7500,7500,3.00,7500,3
46900,C00919084,between_primary_runoff,30000,30000,3.00,30000,3
46900,C00919084,pre_primary,15000,15000,3.00,15000,3
46980,C00919084,post_runoff,25000,25000,1.00,25000,1
47020,C00369033,between_primary_runoff,50000,50000,1.00,50000,1
47020,C00369033,pre_primary,40000,40000,2.00,40000,2
47020,C00901918,between_primary_runoff,124944,124944,12.18,124038,12
47020,C00901918,post_runoff,60410,60410,6.00,60410,6
47020,C00901918,pre_primary,185183,185183,17.09,184730,17
47020,C00919084,between_primary_runoff,1250729,1250729,108.01,1203660,103
47020,C00919084,post_runoff,134630,134630,39.01,126084,36
47020,C00919084,pre_primary,937112,937112,107.01,907042,103
47080,C00919084,post_runoff,25000,25000,1.00,25000,1
47240,C00919084,between_primary_runoff,249691,249691,16.00,224000,9
47240,C00919084,post_runoff,187897,187897,9.00,171900,6
47240,C00919084,pre_primary,185980,185980,12.00,132000,3
47260,C00369033,between_primary_runoff,150000,150000,3.00,150000,3
47260,C00369033,pre_primary,120000,120000,4.00,120000,4
47260,C00901918,between_primary_runoff,66215,66215,10.00,66215,10
47260,C00901918,post_runoff,38726,38726,5.00,38726,5
47260,C00901918,pre_primary,5000,5000,1.00,5000,1
47260,C00919084,between_primary_runoff,818824,818824,87.99,773850,80
47260,C00919084,post_runoff,584911,584911,63.00,542420,59
47260,C00919084,pre_primary,547591,547591,50.00,532600,48
47300,C00901918,between_primary_runoff,5000,5000,1.00,5000,1
47300,C00901918,pre_primary,731500,731500,7.00,731500,7
47300,C00919084,between_primary_runoff,141000,141000,17.00,138500,16
47300,C00919084,post_runoff,81000,81000,8.00,68500,6
47300,C00919084,pre_primary,115000,115000,10.00,65000,8
47340,C00919084,between_primary_runoff,10000,10000,2.00,10000,2
47340,C00919084,post_runoff,10000,10000,2.00,10000,2
47340,C00919084,pre_primary,20000,20000,2.00,20000,2
47380,C00369033,between_primary_runoff,451102,451102,12.08,375000,9
47380,C00369033,pre_primary,566247,566247,16.05,565000,16
47380,C00901918,between_primary_runoff,390559,390559,35.81,179353,22
47380,C00901918,post_runoff,146661,143226,13.87,103738,9
47380,C00901918,pre_primary,5031129,5031129,45.73,4754135,38
47380,C00919084,between_primary_runoff,3937818,3937818,390.77,2735248,344
47380,C00919084,post_runoff,2313302,2313302,267.02,2088612,244
47380,C00919084,pre_primary,5195242,5195242,317.76,3825896,274
47460,C00919084,between_primary_runoff,100000,100000,1.00,100000,1
47460,C00919084,post_runoff,102500,102500,2.00,102500,2
47580,C00901918,between_primary_runoff,3123,3123,1.00,3123,1
47580,C00901918,post_runoff,14995,14995,4.00,14995,4
47580,C00901918,pre_primary,22904,22904,7.00,22904,7
47580,C00919084,between_primary_runoff,25000,25000,1.00,25000,1
47660,C00919084,post_runoff,200000,200000,2.00,200000,2
47700,C00901918,between_primary_runoff,10000,10000,2.00,10000,2
47700,C00901918,post_runoff,5500,5500,1.00,5500,1
47700,C00919084,between_primary_runoff,25000,25000,7.00,25000,7
47700,C00919084,post_runoff,8000,8000,3.00,8000,3
47700,C00919084,pre_primary,5000,5000,1.00,5000,1
47820,C00919084,between_primary_runoff,15000,15000,3.00,15000,3
47820,C00919084,post_runoff,32500,32500,4.00,32500,4
47900,C00369033,between_primary_runoff,9918861,9918861,99.00,9918861,99
47900,C00369033,pre_primary,12537904,12537904,151.00,12537904,151
47900,C00901918,between_primary_runoff,2079574,2079574,74.00,2079574,74
47900,C00901918,post_runoff,2286445,2286445,46.00,2286445,46
47900,C00901918,pre_primary,3234828,3234828,89.00,3234828,89
47900,C00919084,between_primary_runoff,34159310,34159310,1687.31,33431797,1627
47900,C00919084,post_runoff,23803608,23803608,1211.82,23434654,1183
47900,C00919084,pre_primary,38069500,38069500,1330.00,37700500,1292
47920,C00919084,between_primary_runoff,16500,16500,7.00,16500,7
47920,C00919084,post_runoff,11500,11500,5.00,11500,5
47920,C00919084,pre_primary,34500,34500,14.00,34500,14
47930,C00901918,post_runoff,10000,10000,1.00,10000,1
47930,C00901918,pre_primary,10000,10000,1.00,10000,1
47930,C00919084,between_primary_runoff,85949,85949,23.00,80500,17
47930,C00919084,post_runoff,48800,48800,10.00,48500,9
47930,C00919084,pre_primary,684065,684065,47.00,502000,15
47940,C00919084,between_primary_runoff,20000,20000,4.00,20000,4
47940,C00919084,post_runoff,57500,57500,4.00,57500,4
47940,C00919084,pre_primary,20000,20000,3.00,20000,3
47980,C00919084,between_primary_runoff,81000,81000,6.00,81000,6
47980,C00919084,post_runoff,19527,19527,2.00,19527,2
47980,C00919084,pre_primary,5000,5000,1.00,5000,1
48020,C00919084,between_primary_runoff,120,120,0.02,0,0
48020,C00919084,post_runoff,170060,170060,3.01,170000,3
48060,C00901918,post_runoff,27410,27410,4.00,27410,4
48060,C00919084,between_primary_runoff,16100,16100,5.00,16100,5
48060,C00919084,post_runoff,10927,10927,5.00,10927,5
48060,C00919084,pre_primary,55000,55000,3.00,10000,1
48140,C00919084,between_primary_runoff,11200,11200,3.00,11200,3
48140,C00919084,post_runoff,5500,5500,2.00,5500,2
48140,C00919084,pre_primary,75000,75000,2.00,50000,1
48180,C00919084,between_primary_runoff,10967,10967,1.10,10000,1
48180,C00919084,pre_primary,6200,6200,2.00,6200,2
48200,C00919084,between_primary_runoff,29000,29000,6.00,29000,6
48200,C00919084,post_runoff,57000,57000,4.00,57000,4
48200,C00919084,pre_primary,105000,105000,7.00,105000,7
48220,C00901918,post_runoff,26000,26000,2.00,26000,2
48300,C00919084,between_primary_runoff,265486,265486,29.00,145900,26
48300,C00919084,post_runoff,98800,98800,17.00,78800,15
48300,C00919084,pre_primary,91100,91100,31.00,71100,29
48460,C00901918,between_primary_runoff,6974,6974,3.00,6974,3
48460,C00901918,post_runoff,5101,5101,2.00,5101,2
48540,C00919084,between_primary_runoff,5500,5500,2.00,5500,2
48540,C00919084,post_runoff,18500,18500,6.00,18500,6
48580,C00901918,between_primary_runoff,50000,50000,1.00,50000,1
48580,C00901918,post_runoff,10000,10000,1.00,10000,1
48580,C00919084,between_primary_runoff,122458,122458,5.80,105000,3
48580,C00919084,post_runoff,64668,64668,3.87,60000,2
48580,C00919084,pre_primary,25000,25000,1.00,25000,1
48620,C00369033,between_primary_runoff,405000,405000,4.00,405000,4
48620,C00369033,pre_primary,61351,58551,16.00,61351,16
48620,C00901918,between_primary_runoff,528256,528256,20.00,528256,20
48620,C00901918,post_runoff,98500,98500,6.00,98500,6
48620,C00901918,pre_primary,92000,92000,17.00,92000,17
48620,C00919084,between_primary_runoff,142000,142000,28.00,122000,26
48620,C00919084,post_runoff,140500,140500,15.00,130500,14
48620,C00919084,pre_primary,364000,364000,20.00,234000,16
48660,C00369033,between_primary_runoff,557500,557500,10.00,320000,7
48660,C00369033,pre_primary,160000,160000,3.00,150000,2
48660,C00901918,between_primary_runoff,577038,577038,46.00,577038,46
48660,C00901918,post_runoff,80553,80553,26.00,80553,26
48660,C00901918,pre_primary,2699788,2699788,43.79,2660260,43
48660,C00919084,between_primary_runoff,765454,765454,136.07,706253,131
48660,C00919084,post_runoff,679404,679404,98.04,673305,94
48660,C00919084,pre_primary,1171475,1171475,115.98,1072300,114
48680,C00901918,between_primary_runoff,288000,288000,11.00,288000,11
48680,C00901918,post_runoff,225800,225800,10.00,225800,10
48680,C00901918,pre_primary,71000,71000,8.00,71000,8
48680,C00919084,between_primary_runoff,142026,142026,10.00,142026,10
48680,C00919084,post_runoff,102500,102500,12.00,102500,12
48680,C00919084,pre_primary,186000,186000,13.00,186000,13
48700,C00919084,post_runoff,25000,25000,1.00,25000,1
48700,C00919084,pre_primary,25000,25000,1.00,25000,1
48780,C00901918,between_primary_runoff,26025,26025,1.00,26025,1
48780,C00901918,post_runoff,26000,26000,1.00,26000,1
48780,C00919084,between_primary_runoff,10000,10000,1.00,10000,1
48780,C00919084,post_runoff,5000,5000,1.00,5000,1
48780,C00919084,pre_primary,22800,22800,1.00,22800,1
48820,C00919084,between_primary_runoff,25400,25400,10.00,25400,10
48820,C00919084,post_runoff,14700,14700,6.00,14700,6
48900,C00919084,between_primary_runoff,549500,549500,43.00,392000,38
48900,C00919084,post_runoff,1642000,1642000,42.00,1287000,36
48900,C00919084,pre_primary,711000,711000,37.00,586000,34
48940,C00919084,between_primary_runoff,30000,30000,3.00,30000,3
48940,C00919084,post_runoff,102500,102500,2.00,102500,2
49010,C00901918,between_primary_runoff,2500,2500,1.00,2500,1
49010,C00901918,post_runoff,8500,8500,2.00,8500,2
49010,C00919084,between_primary_runoff,65000,65000,6.00,65000,6
49010,C00919084,post_runoff,5000,5000,1.00,5000,1
49010,C00919084,pre_primary,35000,35000,2.00,35000,2
49020,C00919084,between_primary_runoff,38000,38000,12.00,30000,10
49020,C00919084,post_runoff,86500,86500,20.00,73500,18
49020,C00919084,pre_primary,110000,110000,17.00,110000,17
49180,C00369033,pre_primary,100000,100000,2.00,100000,2
49180,C00901918,between_primary_runoff,10500,10500,2.00,10500,2
49180,C00919084,between_primary_runoff,208550,208550,38.00,107200,22
49180,C00919084,post_runoff,191996,191996,27.00,141996,19
49180,C00919084,pre_primary,581000,581000,26.00,531000,25
49220,C00369033,between_primary_runoff,100000,100000,1.00,100000,1
49220,C00369033,pre_primary,100000,100000,1.00,100000,1
49220,C00901918,between_primary_runoff,26025,26025,1.00,26025,1
49220,C00919084,between_primary_runoff,5000,5000,1.00,5000,1
49220,C00919084,pre_primary,105000,105000,2.00,105000,2
49300,C00919084,between_primary_runoff,50000,50000,4.00,50000,4
49300,C00919084,post_runoff,80000,80000,3.00,80000,3
49340,C00369033,pre_primary,52051,52051,1.00,52051,1
49340,C00901918,between_primary_runoff,28500,28500,4.00,28500,4
49340,C00901918,post_runoff,3500,3500,1.00,3500,1
49340,C00919084,between_primary_runoff,853500,853500,83.00,778500,81
49340,C00919084,post_runoff,381423,381423,45.00,342283,43
49340,C00919084,pre_primary,316000,316000,27.00,316000,27
49380,C00919084,between_primary_runoff,25000,25000,1.00,25000,1
49420,C00919084,between_primary_runoff,137000,137000,16.00,137000,16
49420,C00919084,post_runoff,57696,57696,8.00,57696,8
49420,C00919084,pre_primary,126120,126120,11.00,126120,11
49460,C00919084,between_primary_runoff,10000,10000,2.00,10000,2
49460,C00919084,pre_primary,5000,5000,1.00,5000,1
49620,C00901918,between_primary_runoff,22962,22962,3.02,9705,3
49620,C00901918,post_runoff,5,5,0.05,0,0
49620,C00901918,pre_primary,132500,132500,4.00,132500,4
49620,C00919084,between_primary_runoff,121000,121000,17.00,121000,17
49620,C00919084,post_runoff,182920,182920,22.00,182920,22
49620,C00919084,pre_primary,210000,210000,4.00,210000,4
49660,C00901918,between_primary_runoff,450000,450000,2.00,450000,2
49660,C00919084,between_primary_runoff,75000,75000,4.00,75000,4
49660,C00919084,pre_primary,145000,145000,6.00,145000,6
49700,C00919084,between_primary_runoff,48797,48797,10.94,38500,8
49700,C00919084,post_runoff,52652,52652,5.94,35000,3
49700,C00919084,pre_primary,39806,39806,2.96,30000,1
49740,C00369033,pre_primary,50000,50000,1.00,50000,1
49740,C00901918,between_primary_runoff,5000,5000,1.00,0,0
49740,C00901918,post_runoff,7500,7500,2.00,0,0
49740,C00901918,pre_primary,30000,30000,1.00,0,0
49740,C00919084,between_primary_runoff,82736,82736,11.00,70736,8
49740,C00919084,post_runoff,12000,12000,14.00,10500,13
49740,C00919084,pre_primary,116747,116747,8.00,116747,8
49820,C00369033,between_primary_runoff,213,0,0.01,0,0
49820,C00901918,pre_primary,91,91,0.00,0,0
49820,C00919084,between_primary_runoff,5000,5000,2.00,0,0
49820,C00919084,post_runoff,38062,38062,3.00,5562,1
