geoid,candidate,phase,positive_cents,net_cents,count,address_cents,address_count
0101,C00369033,between_primary_runoff,2500,2500,1.00,2500,1
0101,C00369033,pre_primary,35000,35000,14.00,35000,14
0101,C00901918,between_primary_runoff,10000,10000,1.00,10000,1
0101,C00919084,between_primary_runoff,268492,268492,42.00,258492,41
0101,C00919084,post_runoff,217000,217000,30.00,197000,28
0101,C00919084,pre_primary,409601,409601,42.00,378601,38
0102,C00901918,between_primary_runoff,70268,70268,6.00,59858,5
0102,C00901918,post_runoff,105143,105143,2.00,105143,2
0102,C00919084,between_primary_runoff,202500,202500,17.00,199500,16
0102,C00919084,post_runoff,132109,132109,23.00,124609,21
0102,C00919084,pre_primary,122000,122000,9.00,122000,9
0103,C00901918,between_primary_runoff,81920,81920,11.00,81920,11
0103,C00901918,post_runoff,22644,22644,5.00,22644,5
0103,C00901918,pre_primary,60000,60000,4.00,60000,4
0103,C00919084,between_primary_runoff,20500,20500,5.00,20500,5
0103,C00919084,post_runoff,39127,39127,4.00,39127,4
0103,C00919084,pre_primary,75000,75000,2.00,75000,2
0104,C00369033,pre_primary,29296,29296,38.00,29296,38
0104,C00901918,between_primary_runoff,520000,370000,4.00,20000,3
0104,C00901918,pre_primary,5000,5000,1.00,5000,1
0104,C00919084,between_primary_runoff,88000,88000,12.00,73000,8
0104,C00919084,post_runoff,134218,134218,12.03,101500,10
0104,C00919084,pre_primary,177500,177500,7.00,160000,4
0105,C00901918,between_primary_runoff,25000,25000,4.00,25000,4
0105,C00901918,post_runoff,5000,5000,1.00,5000,1
0105,C00901918,pre_primary,50410,50410,9.00,50410,9
0105,C00919084,between_primary_runoff,472065,472065,50.00,357065,46
0105,C00919084,post_runoff,447887,447887,31.97,240605,26
0105,C00919084,pre_primary,357800,357800,23.00,247800,18
0106,C00369033,between_primary_runoff,150000,150000,3.00,150000,3
0106,C00369033,pre_primary,100000,100000,2.00,100000,2
0106,C00901918,between_primary_runoff,100000,100000,1.00,100000,1
0106,C00901918,post_runoff,50000,50000,2.00,50000,2
0106,C00919084,between_primary_runoff,164100,164100,26.00,144100,23
0106,C00919084,post_runoff,194624,194624,20.00,194624,20
0106,C00919084,pre_primary,780816,780816,31.66,695000,29
0107,C00369033,between_primary_runoff,25000,25000,1.00,25000,1
0107,C00901918,between_primary_runoff,212600,212600,3.00,212600,3
0107,C00901918,post_runoff,8328,8328,2.00,8328,2
0107,C00901918,pre_primary,50000,50000,2.00,50000,2
0107,C00919084,between_primary_runoff,178320,178320,29.00,178320,29
0107,C00919084,post_runoff,299320,299320,23.00,274320,22
0107,C00919084,pre_primary,360511,360511,18.34,326327,18
0200,C00901918,between_primary_runoff,102617,102617,14.00,76117,11
0200,C00901918,post_runoff,5500,5500,1.00,0,0
0200,C00901918,pre_primary,163447,163447,5.00,59345,4
0200,C00919084,between_primary_runoff,1247600,1247600,122.00,903600,92
0200,C00919084,post_runoff,1690896,1690896,89.00,1556896,72
0200,C00919084,pre_primary,1471100,1471100,135.00,1205100,105
0401,C00369033,between_primary_runoff,20000,20000,2.00,20000,2
0401,C00369033,pre_primary,203076,203076,4.00,203076,4
0401,C00901918,between_primary_runoff,461848,461848,16.96,399203,13
0401,C00901918,post_runoff,116940,116940,10.99,86764,9
0401,C00901918,pre_primary,1515000,1515000,7.00,1460000,5
0401,C00919084,between_primary_runoff,2081423,2081423,120.00,1981423,118
0401,C00919084,post_runoff,2633320,2633320,118.00,2437820,110
0401,C00919084,pre_primary,2153019,2153019,81.00,2043019,76
0402,C00369033,between_primary_runoff,52500,52500,2.00,52500,2
0402,C00369033,pre_primary,19000,19000,8.00,19000,8
0402,C00901918,between_primary_runoff,102976,102976,21.00,53631,11
0402,C00901918,post_runoff,34993,34993,12.00,23719,6
0402,C00901918,pre_primary,36550,36550,11.00,20412,5
0402,C00919084,between_primary_runoff,519400,519400,85.00,423400,73
0402,C00919084,post_runoff,319140,319140,57.01,275100,50
0402,C00919084,pre_primary,850600,850600,80.00,520600,70
0403,C00919084,between_primary_runoff,236400,236400,33.00,236400,33
0403,C00919084,post_runoff,138892,138892,18.00,138892,18
0403,C00919084,pre_primary,137500,137500,10.00,137500,10
0404,C00369033,between_primary_runoff,24181,24181,10.00,24181,10
0404,C00369033,pre_primary,129090,129090,46.00,129090,46
0404,C00901918,between_primary_runoff,262935,262935,10.00,262935,10
0404,C00901918,post_runoff,50000,50000,1.00,50000,1
0404,C00901918,pre_primary,1628500,1628500,7.00,1628500,7
0404,C00919084,between_primary_runoff,331200,331200,35.00,331200,35
0404,C00919084,post_runoff,567600,567600,45.00,567600,45
0404,C00919084,pre_primary,299000,299000,16.00,299000,16
0405,C00369033,between_primary_runoff,50000,50000,1.00,50000,1
0405,C00369033,pre_primary,100000,100000,2.00,100000,2
0405,C00901918,between_primary_runoff,63910,63910,5.00,63910,5
0405,C00901918,post_runoff,9705,9705,3.00,9705,3
0405,C00901918,pre_primary,25000,25000,1.00,25000,1
0405,C00919084,between_primary_runoff,477876,477876,63.00,477876,63
0405,C00919084,post_runoff,319560,319560,36.99,311600,35
0405,C00919084,pre_primary,637987,637987,52.00,637987,52
0406,C00369033,between_primary_runoff,36415,36415,0.73,0,0
0406,C00369033,pre_primary,86415,86415,1.73,50000,1
0406,C00901918,between_primary_runoff,112750,112750,20.00,58836,11
0406,C00901918,post_runoff,40554,40554,7.00,8308,3
0406,C00901918,pre_primary,740775,740775,8.00,230521,6
0406,C00919084,between_primary_runoff,1290212,1290212,179.86,873700,143
0406,C00919084,post_runoff,1164677,1164677,129.14,1075777,112
0406,C00919084,pre_primary,850889,850889,96.97,781696,83
0407,C00369033,between_primary_runoff,13585,13585,0.27,0,0
0407,C00369033,pre_primary,63585,63585,1.27,50000,1
0407,C00901918,between_primary_runoff,4095,4095,0.83,0,0
0407,C00901918,post_runoff,6140,6140,1.65,0,0
0407,C00901918,pre_primary,30000,30000,1.00,0,0
0407,C00919084,between_primary_runoff,392088,392088,62.14,351900,57
0407,C00919084,post_runoff,397110,397110,43.86,341010,39
0407,C00919084,pre_primary,278207,278207,39.03,277900,39
0408,C00369033,between_primary_runoff,50000,50000,1.00,50000,1
0408,C00369033,pre_primary,75000,75000,2.00,75000,2
0408,C00901918,between_primary_runoff,12572,12572,2.04,12000,2
0408,C00901918,post_runoff,47,47,0.01,0,0
0408,C00901918,pre_primary,17603,17603,3.00,17603,3
0408,C00919084,between_primary_runoff,399378,399378,76.00,392326,68
0408,C00919084,post_runoff,205878,205878,48.00,196605,39
0408,C00919084,pre_primary,509800,509800,51.00,509800,51
0409,C00369033,between_primary_runoff,50000,50000,1.00,50000,1
0409,C00369033,pre_primary,100000,100000,2.00,50000,1
0409,C00901918,between_primary_runoff,199042,199042,24.17,188149,15
0409,C00901918,post_runoff,53192,53192,26.35,42305,6
0409,C00901918,pre_primary,62500,62500,4.00,62500,4
0409,C00919084,between_primary_runoff,174336,174336,27.00,174336,27
0409,C00919084,post_runoff,216800,216800,25.00,216800,25
0409,C00919084,pre_primary,404247,404247,42.00,404247,42
0501,C00901918,between_primary_runoff,84819,84819,8.00,84819,8
0501,C00901918,pre_primary,31230,31230,3.00,31230,3
0501,C00919084,between_primary_runoff,51526,51526,15.00,51526,15
0501,C00919084,post_runoff,87262,87262,17.00,87262,17
0501,C00919084,pre_primary,54500,54500,11.00,54500,11
0502,C00369033,between_primary_runoff,60000,60000,2.00,10000,1
0502,C00369033,pre_primary,1618204,1618204,5.00,918204,4
0502,C00901918,between_primary_runoff,12811,12811,2.00,12811,2
0502,C00901918,post_runoff,1052811,1052811,4.00,2811,1
0502,C00919084,between_primary_runoff,1132326,1132326,127.00,1087326,113
0502,C00919084,post_runoff,498070,498070,69.00,448070,60
0502,C00919084,pre_primary,651000,651000,61.00,643500,59
0503,C00369033,pre_primary,825000,825000,5.00,475000,4
0503,C00901918,between_primary_runoff,49663,49663,1.91,0,0
0503,C00901918,post_runoff,31000,31000,5.00,31000,5
0503,C00901918,pre_primary,15615,15615,2.00,15615,2
0503,C00919084,between_primary_runoff,1048100,1048100,109.00,956900,100
0503,C00919084,post_runoff,1213634,1213634,53.00,858634,51
0503,C00919084,pre_primary,799000,799000,76.00,794000,75
0504,C00369033,pre_primary,50000,50000,1.00,50000,1
0504,C00901918,between_primary_runoff,110872,110872,5.09,108485,5
0504,C00901918,post_runoff,36435,36435,2.00,36435,2
0504,C00919084,between_primary_runoff,200092,200092,36.00,167392,30
0504,C00919084,post_runoff,182500,182500,22.00,146600,18
0504,C00919084,pre_primary,202500,202500,26.00,109000,16
0601,C00369033,between_primary_runoff,50000,50000,1.00,50000,1
0601,C00369033,pre_primary,15770,15770,3.00,15770,3
0601,C00901918,between_primary_runoff,38128,38128,5.00,38128,5
0601,C00901918,post_runoff,8808,8808,2.00,8808,2
0601,C00901918,pre_primary,365000,365000,3.00,365000,3
0601,C00919084,between_primary_runoff,790600,790600,72.00,742600,66
0601,C00919084,post_runoff,756196,756196,49.00,628696,40
0601,C00919084,pre_primary,290000,290000,41.00,262500,35
0602,C00369033,pre_primary,1150000,1150000,4.00,450000,3
0602,C00901918,between_primary_runoff,124461,124461,16.00,53120,6
0602,C00901918,post_runoff,43943,43943,5.00,8123,2
0602,C00901918,pre_primary,161539,161539,18.00,38731,5
0602,C00919084,between_primary_runoff,10861318,10861318,396.92,9083765,360
0602,C00919084,post_runoff,3852328,3852328,302.06,3487636,273
0602,C00919084,pre_primary,6430832,6430832,229.03,6095796,214
0603,C00369033,between_primary_runoff,50000,50000,1.00,50000,1
0603,C00369033,pre_primary,75689,75689,15.00,75689,15
0603,C00901918,between_primary_runoff,100410,100410,5.00,100410,5
0603,C00901918,post_runoff,10000,10000,1.00,10000,1
0603,C00901918,pre_primary,5000,5000,1.00,5000,1
0603,C00919084,between_primary_runoff,1599344,1599344,105.00,1510300,95
0603,C00919084,post_runoff,1352936,1352936,94.03,1272292,87
0603,C00919084,pre_primary,847754,847754,66.18,772600,62
0604,C00369033,pre_primary,49966,49966,1.00,0,0
0604,C00901918,between_primary_runoff,59471,59471,14.19,58804,14
0604,C00901918,post_runoff,92135,92135,18.00,77135,16
0604,C00919084,between_primary_runoff,2507464,2507464,243.08,2273317,232
0604,C00919084,post_runoff,1975385,1975385,154.91,1696221,146
0604,C00919084,pre_primary,1535549,1535549,124.94,1360796,115
0605,C00369033,between_primary_runoff,56970,56970,8.00,36970,7
0605,C00369033,pre_primary,130780,130780,18.00,80780,17
0605,C00901918,between_primary_runoff,71000,71000,9.00,71000,9
0605,C00901918,post_runoff,54100,54100,3.00,54100,3
0605,C00901918,pre_primary,25000,25000,2.00,5000,1
0605,C00919084,between_primary_runoff,493226,493226,61.00,368226,59
0605,C00919084,post_runoff,1014020,1014020,55.00,879020,52
0605,C00919084,pre_primary,513790,513790,29.85,442500,28
0606,C00369033,between_primary_runoff,350000,350000,1.00,350000,1
0606,C00901918,between_primary_runoff,39038,39038,5.00,39038,5
0606,C00901918,post_runoff,5205,5205,1.00,5205,1
0606,C00901918,pre_primary,62462,62462,5.00,62462,5
0606,C00919084,between_primary_runoff,663692,663692,80.02,663250,80
0606,C00919084,post_runoff,503273,503273,63.00,503273,63
0606,C00919084,pre_primary,563376,563376,58.00,563376,58
0607,C00369033,pre_primary,50000,50000,1.00,50000,1
0607,C00901918,between_primary_runoff,39849,39849,4.81,30000,2
0607,C00901918,post_runoff,26025,26025,1.00,26025,1
0607,C00901918,pre_primary,25000,25000,1.00,25000,1
0607,C00919084,between_primary_runoff,1606964,1606964,126.98,1582450,126
0607,C00919084,post_runoff,809174,809174,95.00,809174,95
0607,C00919084,pre_primary,865100,865100,90.00,865100,90
0608,C00369033,pre_primary,400034,400034,2.00,400000,2
0608,C00901918,between_primary_runoff,44984,44984,4.00,35000,3
0608,C00901918,post_runoff,10000,10000,1.00,10000,1
0608,C00901918,pre_primary,20000,20000,1.00,20000,1
0608,C00919084,between_primary_runoff,1132800,1132800,87.00,1007800,85
0608,C00919084,post_runoff,1305696,1305696,66.00,1305696,66
0608,C00919084,pre_primary,644017,644017,51.00,644000,51
0609,C00919084,between_primary_runoff,192500,192500,20.00,192500,20
0609,C00919084,post_runoff,140000,140000,16.00,140000,16
0609,C00919084,pre_primary,74500,74500,7.00,74500,7
0610,C00369033,pre_primary,737100,737100,13.00,737100,13
0610,C00901918,between_primary_runoff,157338,157338,3.74,120410,3
0610,C00901918,post_runoff,94208,94208,9.00,94208,9
0610,C00901918,pre_primary,73857,73857,1.48,0,0
0610,C00919084,between_primary_runoff,3642334,3642334,217.00,3223334,202
0610,C00919084,post_runoff,2299810,2299810,156.00,2207810,151
0610,C00919084,pre_primary,1857557,1857557,157.74,1730400,150
0611,C00369033,between_primary_runoff,350000,350000,1.00,350000,1
0611,C00369033,pre_primary,2280000,1930000,10.00,2280000,10
0611,C00901918,between_primary_runoff,168374,168374,13.00,168374,13
0611,C00901918,post_runoff,352383,352383,6.00,352383,6
0611,C00901918,pre_primary,50000,50000,4.00,50000,4
0611,C00919084,between_primary_runoff,19046679,19046679,523.00,18241679,503
0611,C00919084,post_runoff,7111520,7111520,311.00,6351520,293
0611,C00919084,pre_primary,10308379,10308379,303.00,9908379,300
0612,C00369033,pre_primary,525000,525000,7.00,525000,7
0612,C00919084,between_primary_runoff,12802224,12802224,338.00,12572224,332
0612,C00919084,post_runoff,5863728,5863728,210.00,5127004,205
0612,C00919084,pre_primary,4884433,4884433,188.00,4859433,187
0613,C00919084,between_primary_runoff,91000,91000,16.00,91000,16
0613,C00919084,post_runoff,55485,55485,12.00,55485,12
0613,C00919084,pre_primary,48480,48480,7.19,48000,7
0614,C00369033,between_primary_runoff,60000,60000,3.00,60000,3
0614,C00369033,pre_primary,120000,120000,15.00,120000,15
0614,C00901918,between_primary_runoff,23072,23072,1.26,10000,1
0614,C00901918,pre_primary,26143,26143,0.52,0,0
0614,C00919084,between_primary_runoff,823096,823096,92.00,783096,88
0614,C00919084,post_runoff,887717,887717,75.17,865096,73
0614,C00919084,pre_primary,855443,855443,61.26,837600,59
0615,C00369033,between_primary_runoff,25000,25000,1.00,25000,1
0615,C00369033,pre_primary,573553,573553,3.63,400000,3
0615,C00901918,between_primary_runoff,126901,126901,7.00,126901,7
0615,C00901918,post_runoff,12501,12501,11.00,12501,11
0615,C00901918,pre_primary,3123,3123,1.00,3123,1
0615,C00919084,between_primary_runoff,5989770,5989770,177.71,5477244,170
0615,C00919084,post_runoff,2481303,2481303,116.39,2386501,110
0615,C00919084,pre_primary,2574304,2574304,91.00,2566804,89
0616,C00369033,pre_primary,2870073,2870073,30.37,2144102,28
0616,C00901918,between_primary_runoff,98461,98461,5.00,98461,5
0616,C00901918,post_runoff,24236,24236,3.00,24236,3
0616,C00901918,pre_primary,28410,28410,10.00,28410,10
0616,C00919084,between_primary_runoff,14797389,14797389,461.37,13795709,436
0616,C00919084,post_runoff,7370921,7370921,301.78,7167638,286
0616,C00919084,pre_primary,9563786,9563786,294.66,8857800,261
0617,C00901918,between_primary_runoff,10410,10410,1.00,10410,1
0617,C00901918,pre_primary,57500,57500,2.00,57500,2
0617,C00919084,between_primary_runoff,1287940,1287940,113.14,1115929,103
0617,C00919084,post_runoff,1018962,1018962,77.88,986161,74
0617,C00919084,pre_primary,1260254,1260254,106.34,1201301,105
0618,C00919084,between_primary_runoff,578211,578211,51.78,572969,50
0618,C00919084,post_runoff,703409,703409,53.78,701450,53
0618,C00919084,pre_primary,446624,446624,70.00,323624,60
0619,C00369033,between_primary_runoff,50000,50000,1.00,50000,1
0619,C00369033,pre_primary,50476,50476,1.00,50000,1
0619,C00901918,between_primary_runoff,7500,7500,1.00,7500,1
0619,C00901918,pre_primary,15615,15615,3.00,15615,3
0619,C00919084,between_primary_runoff,3608901,3608901,246.00,3370360,227
0619,C00919084,post_runoff,2092740,2092740,155.00,1971206,145
0619,C00919084,pre_primary,2212953,2212953,166.00,2082892,152
0620,C00901918,between_primary_runoff,26025,26025,1.00,26025,1
0620,C00901918,post_runoff,22500,22500,1.00,22500,1
0620,C00901918,pre_primary,365000,365000,3.00,365000,3
0620,C00919084,between_primary_runoff,438200,438200,63.00,434700,61
0620,C00919084,post_runoff,206533,206533,37.00,189033,33
0620,C00919084,pre_primary,474300,474300,37.00,424300,35
0621,C00901918,between_primary_runoff,69865,69865,19.00,69865,19
0621,C00901918,post_runoff,27805,27805,2.00,27805,2
0621,C00901918,pre_primary,714471,714471,9.00,714471,9
0621,C00919084,between_primary_runoff,222500,222500,14.00,212500,12
0621,C00919084,post_runoff,174000,174000,15.00,154000,13
0621,C00919084,pre_primary,241336,241336,16.81,236816,15
0622,C00901918,between_primary_runoff,10000,10000,2.00,10000,2
0622,C00901918,post_runoff,5000,5000,1.00,5000,1
0622,C00901918,pre_primary,31500,31500,6.00,31500,6
0622,C00919084,between_primary_runoff,24500,24500,9.00,24500,9
0622,C00919084,post_runoff,22500,22500,16.00,22500,16
0622,C00919084,pre_primary,76000,76000,10.00,76000,10
0623,C00369033,pre_primary,37700,37700,23.00,0,0
0623,C00901918,between_primary_runoff,24341,24341,5.00,24341,5
0623,C00901918,post_runoff,20410,20410,3.00,10410,2
0623,C00901918,pre_primary,5205,5205,1.00,5205,1
0623,C00919084,between_primary_runoff,174500,174500,29.00,174500,29
0623,C00919084,post_runoff,120807,120807,14.00,120807,14
0623,C00919084,pre_primary,146457,146457,16.99,121700,16
0624,C00369033,between_primary_runoff,50000,50000,1.00,50000,1
0624,C00901918,between_primary_runoff,146102,146102,5.00,146102,5
0624,C00901918,post_runoff,150000,150000,1.00,150000,1
0624,C00901918,pre_primary,27999,27999,4.00,27999,4
0624,C00919084,between_primary_runoff,3821450,3821450,260.00,3401950,238
0624,C00919084,post_runoff,3595281,3595281,206.95,3074405,178
0624,C00919084,pre_primary,4429301,4429301,164.00,4181801,154
0625,C00919084,between_primary_runoff,251276,251276,28.17,250300,28
0625,C00919084,post_runoff,161493,161493,23.07,161200,23
0625,C00919084,pre_primary,15155,15155,2.03,15000,2
0626,C00369033,pre_primary,202051,202051,3.00,202051,3
0626,C00901918,between_primary_runoff,125340,125340,22.00,125340,22
0626,C00901918,post_runoff,21352,21352,6.00,21352,6
0626,C00901918,pre_primary,1000,1000,1.00,1000,1
0626,C00919084,between_primary_runoff,1874155,1874155,95.81,1841200,89
0626,C00919084,post_runoff,722904,722904,73.73,698892,66
0626,C00919084,pre_primary,1321784,1321784,81.01,1270500,80
0627,C00369033,pre_primary,15000,10000,3.00,15000,3
0627,C00901918,between_primary_runoff,52050,52050,2.00,52050,2
0627,C00901918,pre_primary,40410,40410,3.00,10410,2
0627,C00919084,between_primary_runoff,346000,346000,51.00,336000,48
0627,C00919084,post_runoff,231100,231100,30.00,228600,29
0627,C00919084,pre_primary,1035320,1035320,61.00,1020320,60
0628,C00369033,between_primary_runoff,250000,250000,1.00,250000,1
0628,C00369033,pre_primary,50000,50000,1.00,50000,1
0628,C00901918,between_primary_runoff,98827,98827,14.00,98827,14
0628,C00901918,post_runoff,150120,150120,32.00,150120,32
0628,C00901918,pre_primary,63525,63525,9.00,63525,9
0628,C00919084,between_primary_runoff,1770386,1770386,127.99,1566226,122
0628,C00919084,post_runoff,2063701,2063701,135.00,1938701,131
0628,C00919084,pre_primary,1916624,1916624,110.00,1831624,107
0629,C00369033,pre_primary,3400,3400,6.00,0,0
0629,C00919084,between_primary_runoff,229113,229113,53.00,229113,53
0629,C00919084,post_runoff,117192,117192,24.00,117192,24
0629,C00919084,pre_primary,499490,499490,53.00,499490,53
0630,C00901918,between_primary_runoff,13013,13013,2.00,13013,2
0630,C00901918,post_runoff,12287,12287,2.00,12287,2
0630,C00901918,pre_primary,10000,10000,1.00,10000,1
0630,C00919084,between_primary_runoff,5017873,5017873,294.00,4844169,286
0630,C00919084,post_runoff,2708470,2708470,193.00,2612870,187
0630,C00919084,pre_primary,6725072,6725072,288.99,6456891,286
0631,C00369033,between_primary_runoff,10000,10000,1.00,10000,1
0631,C00901918,between_primary_runoff,3500,3500,1.00,3500,1
0631,C00901918,post_runoff,364356,350000,1.00,364356,1
0631,C00919084,between_primary_runoff,155300,155300,27.00,147600,24
0631,C00919084,post_runoff,218000,218000,28.00,208500,25
0631,C00919084,pre_primary,233000,233000,15.00,233000,15
0632,C00369033,between_primary_runoff,275000,275000,3.00,75000,2
0632,C00369033,pre_primary,1426500,1426500,6.00,1426500,6
0632,C00901918,between_primary_runoff,70820,70820,3.00,70820,3
0632,C00901918,post_runoff,57500,57500,2.00,57500,2
0632,C00901918,pre_primary,75000,75000,2.00,75000,2
0632,C00919084,between_primary_runoff,4789403,4789403,282.09,4709601,276
0632,C00919084,post_runoff,5031471,5031471,176.32,4955663,172
0632,C00919084,pre_primary,13163679,13163679,288.68,12841153,283
0633,C00901918,between_primary_runoff,26500,26500,8.00,26500,8
0633,C00901918,post_runoff,12000,12000,5.00,12000,5
0633,C00919084,between_primary_runoff,22500,22500,6.00,22500,6
0633,C00919084,post_runoff,102047,102047,8.00,82047,6
0633,C00919084,pre_primary,230000,230000,8.00,230000,8
0634,C00369033,between_primary_runoff,104300,104300,4.00,104300,4
0634,C00919084,between_primary_runoff,859671,859671,65.81,833000,62
0634,C00919084,post_runoff,767145,767145,47.76,763335,47
0634,C00919084,pre_primary,924610,924610,42.82,888500,39
0635,C00919084,between_primary_runoff,140840,140840,22.01,140000,22
0635,C00919084,post_runoff,72000,72000,10.00,47000,9
0635,C00919084,pre_primary,20500,20500,8.00,20500,8
0636,C00369033,between_primary_runoff,580000,580000,4.00,580000,4
0636,C00369033,pre_primary,570000,570000,5.00,570000,5
0636,C00901918,between_primary_runoff,134871,134871,9.00,134871,9
0636,C00901918,post_runoff,415846,401490,7.00,415846,7
0636,C00901918,pre_primary,210000,210000,8.00,210000,8
0636,C00919084,between_primary_runoff,4215303,4215303,297.11,4004691,293
0636,C00919084,post_runoff,4608532,4608532,256.01,4503293,253
0636,C00919084,pre_primary,12841119,12841119,251.31,12664929,247
0637,C00369033,between_primary_runoff,350000,350000,1.00,350000,1
0637,C00369033,pre_primary,200000,200000,1.00,200000,1
0637,C00901918,between_primary_runoff,5000,5000,1.00,5000,1
0637,C00901918,post_runoff,17500,17500,2.00,17500,2
0637,C00919084,between_primary_runoff,2131976,2131976,93.19,2116147,90
0637,C00919084,post_runoff,1135637,1135637,69.24,1099447,62
0637,C00919084,pre_primary,3314809,3314809,96.19,3286600,91
0638,C00369033,pre_primary,50000,50000,1.00,50000,1
0638,C00919084,between_primary_runoff,300300,300300,40.00,300300,40
0638,C00919084,post_runoff,149300,149300,27.00,124300,26
0638,C00919084,pre_primary,354800,354800,23.00,354800,23
0639,C00901918,between_primary_runoff,14054,14054,3.00,14054,3
0639,C00901918,post_runoff,12736,12736,4.00,12736,4
0639,C00901918,pre_primary,10000,10000,1.00,10000,1
0639,C00919084,between_primary_runoff,152750,152750,35.00,140250,31
0639,C00919084,post_runoff,137500,137500,21.00,126000,16
0639,C00919084,pre_primary,160500,160500,29.00,160500,29
0640,C00369033,between_primary_runoff,175000,175000,2.00,175000,2
0640,C00369033,pre_primary,88000,88000,8.00,88000,8
0640,C00901918,between_primary_runoff,338958,338958,28.00,338958,28
0640,C00901918,post_runoff,10410,10410,1.00,10410,1
0640,C00901918,pre_primary,123601,123601,15.00,123601,15
0640,C00919084,between_primary_runoff,961531,961531,94.92,911596,92
0640,C00919084,post_runoff,953022,953022,78.80,839814,76
0640,C00919084,pre_primary,1204230,1204230,73.20,1160820,70
0641,C00369033,pre_primary,22000,22000,9.00,22000,9
0641,C00901918,between_primary_runoff,44500,44500,6.00,36500,4
0641,C00901918,post_runoff,17500,17500,3.00,10000,1
0641,C00901918,pre_primary,3500,3500,1.00,3500,1
0641,C00919084,between_primary_runoff,4568753,4568753,136.84,4474200,126
0641,C00919084,post_runoff,1893575,1893575,99.94,1695311,92
0641,C00919084,pre_primary,1207148,1207148,75.99,1194080,73
0642,C00901918,post_runoff,10000,10000,1.00,10000,1
0642,C00919084,between_primary_runoff,864893,864893,119.18,845077,115
0642,C00919084,post_runoff,369212,369212,65.18,334896,61
0642,C00919084,pre_primary,681643,681643,100.36,678920,100
0643,C00369033,between_primary_runoff,2000,2000,2.00,2000,2
0643,C00369033,pre_primary,14000,14000,14.00,14000,14
0643,C00901918,pre_primary,700000,350000,1.00,700000,1
0643,C00919084,between_primary_runoff,79841,79841,13.99,69914,13
0643,C00919084,post_runoff,48007,48007,8.99,28152,7
0643,C00919084,pre_primary,180000,180000,7.00,180000,7
0644,C00901918,between_primary_runoff,13621,13621,6.00,13621,6
0644,C00901918,post_runoff,50,50,1.00,50,1
0644,C00901918,pre_primary,2109,2109,1.00,2109,1
0644,C00919084,between_primary_runoff,229500,229500,29.00,229500,29
0644,C00919084,post_runoff,196026,196026,21.00,189526,19
0644,C00919084,pre_primary,396000,396000,23.00,396000,23
0645,C00369033,pre_primary,50000,50000,1.00,50000,1
0645,C00901918,between_primary_runoff,94272,94272,6.00,94272,6
0645,C00901918,post_runoff,13301,13301,4.00,13301,4
0645,C00901918,pre_primary,60093,60093,2.16,52050,2
0645,C00919084,between_primary_runoff,294532,294532,35.82,261345,34
0645,C00919084,post_runoff,264002,264002,30.82,255817,30
0645,C00919084,pre_primary,660777,660777,35.64,648500,34
0646,C00901918,pre_primary,41975,41975,0.84,0,0
0646,C00919084,between_primary_runoff,102065,102065,13.08,88000,12
0646,C00919084,post_runoff,238159,238159,16.08,236127,16
0646,C00919084,pre_primary,262090,262090,15.80,245500,14
0647,C00369033,between_primary_runoff,350775,350775,4.00,350775,4
0647,C00369033,pre_primary,230846,230846,26.00,230846,26
0647,C00901918,between_primary_runoff,31230,31230,2.00,5205,1
0647,C00901918,post_runoff,301300,301300,2.00,301300,2
0647,C00901918,pre_primary,1430187,1430187,7.00,1405205,2
0647,C00919084,between_primary_runoff,1569697,1569697,168.00,1565700,164
0647,C00919084,post_runoff,2277011,2277011,140.00,1925012,137
0647,C00919084,pre_primary,2947548,2947548,144.00,2917548,141
0648,C00901918,between_primary_runoff,37000,37000,5.00,37000,5
0648,C00901918,post_runoff,38500,38500,5.00,38500,5
0648,C00901918,pre_primary,100956,100956,9.89,81230,8
0648,C00919084,between_primary_runoff,616765,616765,79.99,516800,75
0648,C00919084,post_runoff,338139,338139,52.99,324196,48
0648,C00919084,pre_primary,919209,919209,61.99,394700,53
0649,C00369033,pre_primary,125000,125000,3.00,125000,3
0649,C00901918,between_primary_runoff,47025,47025,6.00,47025,6
0649,C00901918,post_runoff,130911,130911,11.00,130911,11
0649,C00901918,pre_primary,1134050,1134050,11.00,1134050,11
0649,C00919084,between_primary_runoff,2329472,2329472,205.00,2141726,183
0649,C00919084,post_runoff,1326974,1326974,145.49,1246577,134
0649,C00919084,pre_primary,1866845,1866845,157.00,1835596,150
0650,C00369033,between_primary_runoff,122400,122400,5.00,100000,2
0650,C00369033,pre_primary,4399261,4399261,38.46,4325000,25
0650,C00901918,between_primary_runoff,63246,63246,4.00,63246,4
0650,C00901918,post_runoff,153123,153123,3.00,153123,3
0650,C00901918,pre_primary,55094,55094,1.11,54000,1
0650,C00919084,between_primary_runoff,4836538,4836538,207.55,3780073,185
0650,C00919084,post_runoff,4095355,4095355,131.63,2538942,124
0650,C00919084,pre_primary,4121901,4121901,167.00,3689400,158
0651,C00369033,between_primary_runoff,25000,25000,1.00,25000,1
0651,C00369033,pre_primary,251339,251339,3.54,250000,3
0651,C00901918,between_primary_runoff,28525,28525,2.00,28525,2
0651,C00901918,post_runoff,27500,27500,4.00,27500,4
0651,C00919084,between_primary_runoff,1421472,1421472,95.45,1381630,90
0651,C00919084,post_runoff,654800,654800,80.00,609800,74
0651,C00919084,pre_primary,1662003,1662003,75.00,1596992,71
0652,C00919084,between_primary_runoff,193750,193750,36.00,171250,33
0652,C00919084,post_runoff,158196,158196,23.00,157696,22
0652,C00919084,pre_primary,328427,328427,19.00,218427,17
0801,C00369033,between_primary_runoff,100000,100000,1.00,100000,1
0801,C00369033,pre_primary,2424389,2424389,11.74,2350000,11
0801,C00901918,between_primary_runoff,126025,126025,2.00,126025,2
0801,C00901918,post_runoff,104102,104102,1.00,104102,1
0801,C00901918,pre_primary,745000,745000,4.00,745000,4
0801,C00919084,between_primary_runoff,3519294,3519294,230.99,3509322,228
0801,C00919084,post_runoff,1913650,1913650,169.93,1897535,168
0801,C00919084,pre_primary,2747698,2747698,225.98,2677461,219
0802,C00369033,between_primary_runoff,380000,380000,2.00,330000,1
0802,C00369033,pre_primary,550000,550000,2.00,550000,2
0802,C00901918,between_primary_runoff,72460,72460,7.08,72050,7
0802,C00901918,post_runoff,56230,56230,3.00,56230,3
0802,C00901918,pre_primary,265935,265935,26.00,265935,26
0802,C00919084,between_primary_runoff,5833519,5833519,308.06,4957400,283
0802,C00919084,post_runoff,3593390,3593390,198.67,2534233,177
0802,C00919084,pre_primary,5272009,5272009,227.60,4354655,198
0803,C00369033,between_primary_runoff,50000,50000,1.00,50000,1
0803,C00369033,pre_primary,750000,750000,3.00,50000,1
0803,C00901918,between_primary_runoff,25616,25616,3.00,25616,3
0803,C00901918,pre_primary,804102,804102,2.00,104102,1
0803,C00919084,between_primary_runoff,2212023,2212023,109.10,1958426,88
0803,C00919084,post_runoff,1296345,1296345,73.22,851188,55
0803,C00919084,pre_primary,1275172,1275172,81.57,1037000,69
0804,C00369033,pre_primary,152051,152051,2.00,52051,1
0804,C00901918,between_primary_runoff,2259780,2259780,18.92,2255190,18
0804,C00901918,post_runoff,37101,37101,3.00,37101,3
0804,C00901918,pre_primary,114409,114409,5.00,62358,4
0804,C00919084,between_primary_runoff,1166400,1166400,123.00,1023900,112
0804,C00919084,post_runoff,1028029,1028029,93.11,752398,86
0804,C00919084,pre_primary,1114824,1114824,81.00,714824,76
0805,C00369033,between_primary_runoff,25000,25000,1.00,25000,1
0805,C00369033,pre_primary,100000,100000,1.00,100000,1
0805,C00901918,between_primary_runoff,15500,15500,2.00,15500,2
0805,C00901918,pre_primary,50000,50000,1.00,50000,1
0805,C00919084,between_primary_runoff,386000,386000,73.00,383000,72
0805,C00919084,post_runoff,412864,412864,54.00,392896,52
0805,C00919084,pre_primary,588741,588741,34.00,563820,33
0806,C00369033,between_primary_runoff,100000,100000,2.00,100000,2
0806,C00369033,pre_primary,2150000,2150000,11.00,2150000,11
0806,C00901918,between_primary_runoff,21410,21410,3.00,21410,3
0806,C00901918,post_runoff,213410,213410,3.00,13410,2
0806,C00901918,pre_primary,38943,38943,5.00,38943,5
0806,C00919084,between_primary_runoff,1103128,1103128,102.01,1103100,102
0806,C00919084,post_runoff,1615612,1615612,64.07,1584227,61
0806,C00919084,pre_primary,1333489,1333489,104.02,1258126,100
0807,C00369033,between_primary_runoff,15000,15000,1.00,15000,1
0807,C00369033,pre_primary,2816600,2816600,9.00,2816600,9
0807,C00901918,between_primary_runoff,92500,92500,10.00,92500,10
0807,C00901918,post_runoff,57111,57111,15.00,57111,15
0807,C00901918,pre_primary,45000,45000,7.00,45000,7
0807,C00919084,between_primary_runoff,2520378,2520378,186.65,2374677,163
0807,C00919084,post_runoff,1629132,1629132,117.84,1444059,101
0807,C00919084,pre_primary,2563385,2563385,223.28,2293561,192
0808,C00369033,pre_primary,75611,75611,1.26,50000,1
0808,C00919084,between_primary_runoff,268372,268372,48.19,260389,47
0808,C00919084,post_runoff,403823,403823,31.16,402594,31
0808,C00919084,pre_primary,300529,300529,32.55,286700,32
0901,C00901918,between_primary_runoff,54243,54243,9.00,54243,9
0901,C00901918,post_runoff,18218,18218,3.00,18218,3
0901,C00901918,pre_primary,44559,44559,9.00,44559,9
0901,C00919084,between_primary_runoff,684375,684375,66.01,662300,59
0901,C00919084,post_runoff,338434,338434,40.01,323166,36
0901,C00919084,pre_primary,690723,690723,25.01,690500,25
0902,C00901918,between_primary_runoff,15200,15200,4.00,15200,4
0902,C00901918,post_runoff,10,10,1.00,10,1
0902,C00919084,between_primary_runoff,537700,537700,68.00,454700,61
0902,C00919084,post_runoff,722133,722133,57.00,605133,47
0902,C00919084,pre_primary,849824,849824,45.00,739824,43
0903,C00369033,between_primary_runoff,100000,100000,1.00,100000,1
0903,C00901918,between_primary_runoff,10000,10000,1.00,10000,1
0903,C00901918,post_runoff,58160,58160,9.00,58160,9
0903,C00901918,pre_primary,10000,10000,1.00,10000,1
0903,C00919084,between_primary_runoff,987733,987733,114.00,977750,113
0903,C00919084,post_runoff,731319,731319,60.00,731319,60
0903,C00919084,pre_primary,1474608,1474608,80.00,1389600,77
0904,C00369033,between_primary_runoff,905000,905000,8.00,905000,8
0904,C00369033,pre_primary,1205000,1205000,20.00,755000,18
0904,C00901918,between_primary_runoff,67910,67910,5.00,67910,5
0904,C00901918,post_runoff,459307,459307,3.00,459307,3
0904,C00901918,pre_primary,2241640,2241640,6.00,2241640,6
0904,C00919084,between_primary_runoff,5415100,5415100,186.00,5088600,174
0904,C00919084,post_runoff,3304416,3304416,127.00,3274416,123
0904,C00919084,pre_primary,7234409,7234409,185.00,6965909,172
0905,C00369033,between_primary_runoff,50000,50000,1.00,50000,1
0905,C00369033,pre_primary,350000,350000,1.00,350000,1
0905,C00901918,post_runoff,25000,25000,1.00,25000,1
0905,C00901918,pre_primary,10000,10000,1.00,10000,1
0905,C00919084,between_primary_runoff,1237842,1237842,91.99,953500,70
0905,C00919084,post_runoff,1485232,1485232,70.99,1218500,59
0905,C00919084,pre_primary,2308801,2308801,100.99,2011000,56
1000,C00369033,between_primary_runoff,260000,260000,4.00,260000,4
1000,C00369033,pre_primary,122051,122051,15.00,122051,15
1000,C00901918,between_primary_runoff,151427,151427,6.00,151427,6
1000,C00901918,post_runoff,17500,17500,2.00,17500,2
1000,C00919084,between_primary_runoff,886500,886500,68.00,831500,63
1000,C00919084,post_runoff,869322,869322,48.00,704322,45
1000,C00919084,pre_primary,839100,839100,57.00,799100,51
1100,C00369033,between_primary_runoff,2516407,2516407,28.00,2516407,28
1100,C00369033,pre_primary,3040000,3040000,21.00,3040000,21
1100,C00901918,between_primary_runoff,26025,26025,1.00,26025,1
1100,C00901918,post_runoff,550000,550000,3.00,550000,3
1100,C00901918,pre_primary,776025,776025,4.00,776025,4
1100,C00919084,between_primary_runoff,13288797,13288797,512.00,13273797,509
1100,C00919084,post_runoff,8413478,8413478,329.00,8310978,327
1100,C00919084,pre_primary,14015328,14015328,473.00,13972828,468
1201,C00369033,between_primary_runoff,13100,13100,15.00,13100,15
1201,C00369033,pre_primary,83350,83350,40.00,83350,40
1201,C00901918,between_primary_runoff,60000,60000,2.00,60000,2
1201,C00901918,post_runoff,37123,37123,13.00,37123,13
1201,C00901918,pre_primary,500000,500000,1.00,500000,1
1201,C00919084,between_primary_runoff,618900,618900,53.00,618900,53
1201,C00919084,post_runoff,291727,291727,45.00,291727,45
1201,C00919084,pre_primary,508400,508400,39.00,508400,39
1202,C00369033,between_primary_runoff,50000,50000,1.00,50000,1
1202,C00369033,pre_primary,150000,150000,3.00,150000,3
1202,C00901918,between_primary_runoff,279749,279749,8.00,229749,7
1202,C00901918,post_runoff,63644,63644,3.00,63644,3
1202,C00901918,pre_primary,126321,126321,12.00,126321,12
1202,C00919084,between_primary_runoff,582700,582700,66.00,529700,61
1202,C00919084,post_runoff,456196,456196,44.00,426196,42
1202,C00919084,pre_primary,395600,395600,40.00,360600,38
1203,C00369033,pre_primary,50000,50000,1.00,50000,1
1203,C00901918,between_primary_runoff,127258,127258,9.00,7808,1
1203,C00901918,post_runoff,17000,17000,4.00,0,0
1203,C00901918,pre_primary,57900,57900,6.00,40500,3
1203,C00919084,between_primary_runoff,518198,518198,62.03,419026,53
1203,C00919084,post_runoff,300500,300500,40.00,277500,34
1203,C00919084,pre_primary,592577,592577,65.26,572500,60
1204,C00369033,between_primary_runoff,50000,50000,1.00,50000,1
1204,C00369033,pre_primary,50000,50000,1.00,50000,1
1204,C00901918,between_primary_runoff,15000,15000,2.00,10000,1
1204,C00901918,post_runoff,190500,190500,6.00,185500,5
1204,C00919084,between_primary_runoff,368000,368000,40.00,243000,31
1204,C00919084,post_runoff,312420,312420,28.00,287920,23
1204,C00919084,pre_primary,255106,255106,16.00,227500,14
1205,C00901918,between_primary_runoff,73020,73020,10.00,73020,10
1205,C00901918,post_runoff,5500,5500,1.00,5500,1
1205,C00901918,pre_primary,753910,753910,7.00,753910,7
1205,C00919084,between_primary_runoff,624723,624723,68.00,624723,68
1205,C00919084,post_runoff,1327974,1327974,56.00,1327974,56
1205,C00919084,pre_primary,1430500,1430500,48.00,1430500,48
1206,C00369033,between_primary_runoff,25000,25000,1.00,25000,1
1206,C00369033,pre_primary,50000,50000,1.00,0,0
1206,C00901918,between_primary_runoff,29300,29300,5.00,29300,5
1206,C00901918,post_runoff,5200,5200,1.00,5200,1
1206,C00901918,pre_primary,96551,96551,9.00,96551,9
1206,C00919084,between_primary_runoff,324963,324963,32.69,255534,28
1206,C00919084,post_runoff,352700,352700,27.00,352700,27
1206,C00919084,pre_primary,247423,247423,15.74,240000,15
1207,C00369033,pre_primary,50000,50000,1.00,50000,1
1207,C00901918,between_primary_runoff,86025,86025,7.00,86025,7
1207,C00901918,post_runoff,65017,65017,8.00,65017,8
1207,C00901918,pre_primary,722500,722500,5.00,722500,5
1207,C00919084,between_primary_runoff,375439,375439,32.47,370700,32
1207,C00919084,post_runoff,589896,589896,20.00,589896,20
1207,C00919084,pre_primary,320000,320000,27.00,320000,27
1208,C00369033,between_primary_runoff,50000,50000,1.00,50000,1
1208,C00369033,pre_primary,260000,260000,4.00,260000,4
1208,C00901918,between_primary_runoff,69156,69156,11.00,69156,11
1208,C00901918,post_runoff,495165,495165,11.00,445165,10
1208,C00901918,pre_primary,221973,221973,12.00,221973,12
1208,C00919084,between_primary_runoff,762800,762800,82.00,729800,75
1208,C00919084,post_runoff,628100,628100,55.00,597500,52
1208,C00919084,pre_primary,572900,572900,45.00,561800,39
1209,C00369033,between_primary_runoff,10000,10000,2.00,10000,2
1209,C00369033,pre_primary,70000,70000,14.00,70000,14
1209,C00901918,between_primary_runoff,188537,188537,21.00,188537,21
1209,C00901918,post_runoff,33028,33028,4.00,33028,4
1209,C00901918,pre_primary,141984,141984,37.00,141984,37
1209,C00919084,between_primary_runoff,282500,282500,15.00,222500,14
1209,C00919084,post_runoff,59000,59000,10.00,59000,10
1209,C00919084,pre_primary,174000,174000,7.00,174000,7
1210,C00369033,between_primary_runoff,125030,125030,4.00,125000,3
1210,C00369033,pre_primary,127126,127126,4.00,102051,2
1210,C00901918,between_primary_runoff,76435,50410,5.00,76435,5
1210,C00901918,post_runoff,2000,2000,1.00,0,0
1210,C00901918,pre_primary,258075,258075,9.00,228075,5
1210,C00919084,between_primary_runoff,861287,861287,53.53,826026,50
1210,C00919084,post_runoff,471254,471254,33.00,461254,32
1210,C00919084,pre_primary,682500,682500,22.00,582500,21
1211,C00369033,between_primary_runoff,75000,75000,2.00,75000,2
1211,C00369033,pre_primary,750000,750000,3.00,750000,3
1211,C00901918,between_primary_runoff,312456,312456,18.00,312456,18
1211,C00901918,post_runoff,520623,520623,35.00,520623,35
1211,C00901918,pre_primary,232000,232000,11.00,232000,11
1211,C00919084,between_primary_runoff,606925,606925,58.28,545526,54
1211,C00919084,post_runoff,402196,402196,37.00,384500,33
1211,C00919084,pre_primary,841500,841500,50.00,841500,50
1212,C00369033,between_primary_runoff,150447,150447,4.00,150447,4
1212,C00901918,between_primary_runoff,92051,92051,2.00,92051,2
1212,C00901918,pre_primary,1436025,1436025,3.00,1436025,3
1212,C00919084,between_primary_runoff,314500,314500,21.00,314500,21
1212,C00919084,post_runoff,52200,52200,10.00,52200,10
1212,C00919084,pre_primary,152500,152500,13.00,152500,13
1213,C00369033,pre_primary,100000,100000,2.00,100000,2
1213,C00901918,between_primary_runoff,25500,25500,4.00,25500,4
1213,C00901918,post_runoff,48600,48600,6.00,48600,6
1213,C00901918,pre_primary,1041340,1041340,13.00,1041340,13
1213,C00919084,between_primary_runoff,1203484,1203484,109.03,1157900,103
1213,C00919084,post_runoff,654182,654182,61.01,611154,57
1213,C00919084,pre_primary,1010167,1010167,104.01,762754,80
1214,C00369033,pre_primary,1200000,1200000,3.00,1200000,3
1214,C00901918,between_primary_runoff,50000,50000,2.00,50000,2
1214,C00901918,pre_primary,300000,300000,2.00,300000,2
1214,C00919084,between_primary_runoff,747116,747116,74.97,645700,64
1214,C00919084,post_runoff,747619,747619,50.99,723147,44
1214,C00919084,pre_primary,781472,781472,49.99,758800,46
1215,C00369033,pre_primary,50000,50000,1.00,50000,1
1215,C00901918,between_primary_runoff,10000,10000,1.00,10000,1
1215,C00901918,post_runoff,35000,35000,2.00,35000,2
1215,C00901918,pre_primary,10000,10000,1.00,10000,1
1215,C00919084,between_primary_runoff,268800,268800,53.00,268800,53
1215,C00919084,post_runoff,187000,187000,35.00,187000,35
1215,C00919084,pre_primary,357500,357500,34.00,357500,34
1216,C00369033,between_primary_runoff,100000,100000,1.00,100000,1
1216,C00369033,pre_primary,250000,250000,1.00,250000,1
1216,C00901918,between_primary_runoff,105000,105000,2.00,5000,1
1216,C00901918,post_runoff,112539,112539,5.00,112539,5
1216,C00901918,pre_primary,376152,376152,8.00,276152,7
1216,C00919084,between_primary_runoff,470176,470176,46.00,470176,46
1216,C00919084,post_runoff,501000,501000,36.00,501000,36
1216,C00919084,pre_primary,285900,285900,29.00,285900,29
1217,C00369033,between_primary_runoff,550000,550000,4.00,550000,4
1217,C00369033,pre_primary,212000,212000,3.00,212000,3
1217,C00901918,between_primary_runoff,71317,71317,8.00,71317,8
1217,C00901918,post_runoff,99698,99698,6.21,5000,2
1217,C00901918,pre_primary,736521,736521,21.00,736521,21
1217,C00919084,between_primary_runoff,977410,977410,95.63,947281,90
1217,C00919084,post_runoff,1136742,1136742,95.21,1125500,93
1217,C00919084,pre_primary,1081134,1081134,65.90,1019900,59
1218,C00369033,between_primary_runoff,100000,100000,1.00,100000,1
1218,C00369033,pre_primary,100000,100000,1.00,100000,1
1218,C00901918,between_primary_runoff,88075,88075,4.00,88075,4
1218,C00901918,post_runoff,20820,20820,2.00,20820,2
1218,C00901918,pre_primary,10000,10000,1.00,10000,1
1218,C00919084,between_primary_runoff,61200,61200,35.00,61200,35
1218,C00919084,post_runoff,86800,86800,24.00,86800,24
1218,C00919084,pre_primary,275200,275200,22.07,274000,22
1219,C00369033,between_primary_runoff,230000,230000,4.00,230000,4
1219,C00369033,pre_primary,575016,575016,9.00,574880,9
1219,C00901918,between_primary_runoff,100690,100690,7.00,72870,4
1219,C00901918,post_runoff,587639,587639,14.78,391621,10
1219,C00901918,pre_primary,733506,733506,4.00,713096,2
1219,C00919084,between_primary_runoff,1532697,1532697,122.37,1188826,114
1219,C00919084,post_runoff,1698449,1698449,83.07,1637646,80
1219,C00919084,pre_primary,833022,833022,57.28,809000,56
1220,C00369033,between_primary_runoff,300000,300000,3.00,300000,3
1220,C00919084,between_primary_runoff,144924,144924,29.07,121500,22
1220,C00919084,post_runoff,275112,275112,25.76,247500,20
1220,C00919084,pre_primary,318752,318752,26.31,287500,26
1221,C00369033,between_primary_runoff,8553500,8553500,62.00,8103500,58
1221,C00369033,pre_primary,2878844,2878844,43.00,2878844,43
1221,C00901918,between_primary_runoff,113131,113131,14.00,103131,13
1221,C00901918,post_runoff,35603,35603,14.00,25603,13
1221,C00901918,pre_primary,100000,100000,4.00,75000,3
1221,C00919084,between_primary_runoff,910500,910500,85.00,875000,76
1221,C00919084,post_runoff,1082600,1082600,76.00,1046600,70
1221,C00919084,pre_primary,1085566,1085566,52.03,880000,48
1222,C00369033,between_primary_runoff,880910,880910,16.00,880910,16
1222,C00369033,pre_primary,2765970,2752970,23.00,2414970,21
1222,C00901918,between_primary_runoff,826700,376700,5.00,826700,5
1222,C00901918,post_runoff,142521,142521,11.00,142521,11
1222,C00901918,pre_primary,163626,163626,3.39,160410,3
1222,C00919084,between_primary_runoff,1722650,1722650,105.00,956650,96
1222,C00919084,post_runoff,1159820,1159820,68.00,895820,62
1222,C00919084,pre_primary,1889100,1889100,57.00,1889100,57
1223,C00369033,between_primary_runoff,1075000,1075000,5.00,1075000,5
1223,C00369033,pre_primary,4450000,4450000,10.00,4100000,9
1223,C00901918,between_primary_runoff,51598,51598,22.21,32362,5
1223,C00901918,post_runoff,106264,106264,20.62,101549,17
1223,C00901918,pre_primary,903699,903699,18.38,610000,3
1223,C00919084,between_primary_runoff,1316374,1316374,89.06,1241000,82
1223,C00919084,post_runoff,1306709,1306709,62.37,1244523,57
1223,C00919084,pre_primary,1807496,1807496,80.69,1695248,74
1224,C00369033,between_primary_runoff,3002540,400000,3.00,2952540,2
1224,C00369033,pre_primary,950000,950000,4.00,900000,3
1224,C00901918,pre_primary,700000,700000,1.00,700000,1
1224,C00919084,between_primary_runoff,1053152,1053152,44.00,1053152,44
1224,C00919084,post_runoff,309726,309726,25.00,309726,25
1224,C00919084,pre_primary,1911000,1911000,56.00,1861000,54
1225,C00901918,between_primary_runoff,103190,103190,19.79,101188,18
1225,C00901918,post_runoff,113311,113311,30.38,112820,30
1225,C00901918,pre_primary,121582,121582,26.23,119301,25
1225,C00919084,between_primary_runoff,299152,299152,45.87,290450,45
1225,C00919084,post_runoff,472761,472761,29.87,464059,29
1225,C00919084,pre_primary,332700,332700,28.00,332700,28
1226,C00369033,pre_primary,849864,849864,2.00,0,0
1226,C00901918,between_primary_runoff,16000,16000,2.00,16000,2
1226,C00901918,post_runoff,756,756,0.01,0,0
1226,C00901918,pre_primary,62051,62051,2.00,62051,2
1226,C00919084,between_primary_runoff,382600,382600,48.00,382600,48
1226,C00919084,post_runoff,291878,291878,30.72,219923,30
1226,C00919084,pre_primary,460978,460978,41.72,425000,41
1227,C00369033,between_primary_runoff,724000,724000,3.00,724000,3
1227,C00369033,pre_primary,1397200,1397200,9.00,1360000,7
1227,C00901918,between_primary_runoff,4000,4000,1.00,4000,1
1227,C00901918,post_runoff,181966,181966,13.00,181966,13
1227,C00901918,pre_primary,30820,30820,3.00,30820,3
1227,C00919084,between_primary_runoff,1563700,1563700,92.00,1253700,90
1227,C00919084,post_runoff,1313500,1313500,71.00,963000,65
1227,C00919084,pre_primary,1143853,1143853,58.00,1118853,57
1228,C00369033,pre_primary,10000,10000,1.00,10000,1
1228,C00901918,between_primary_runoff,20000,20000,1.00,0,0
1228,C00901918,post_runoff,10000,10000,1.00,0,0
1228,C00901918,pre_primary,62051,62051,2.00,62051,2
1228,C00919084,between_primary_runoff,176700,176700,17.00,174200,16
1228,C00919084,post_runoff,176127,176127,11.00,168627,8
1228,C00919084,pre_primary,144000,144000,11.00,144000,11
1301,C00369033,between_primary_runoff,65000,65000,4.00,65000,4
1301,C00369033,pre_primary,150000,150000,3.00,150000,3
1301,C00901918,between_primary_runoff,54730,54730,6.00,54730,6
1301,C00901918,post_runoff,120820,120820,2.00,120820,2
1301,C00901918,pre_primary,59730,59730,4.00,59730,4
1301,C00919084,between_primary_runoff,465979,465979,92.00,435996,89
1301,C00919084,post_runoff,250892,250892,57.00,200892,56
1301,C00919084,pre_primary,444200,444200,53.00,284200,49
1302,C00369033,between_primary_runoff,100,100,1.00,100,1
1302,C00369033,pre_primary,55600,55600,51.00,7500,4
1302,C00901918,between_primary_runoff,10000,10000,1.00,10000,1
1302,C00901918,post_runoff,38115,38115,2.00,38115,2
1302,C00901918,pre_primary,30000,30000,1.00,0,0
1302,C00919084,between_primary_runoff,55955,55955,7.00,55955,7
1302,C00919084,post_runoff,434327,434327,10.00,409327,9
1302,C00919084,pre_primary,160000,160000,6.00,110000,5
1303,C00369033,between_primary_runoff,50000,50000,1.00,50000,1
1303,C00369033,pre_primary,150000,150000,3.00,100000,2
1303,C00901918,between_primary_runoff,12500,12500,4.00,12500,4
1303,C00901918,post_runoff,12500,12500,2.00,12500,2
1303,C00901918,pre_primary,60000,60000,3.00,60000,3
1303,C00919084,between_primary_runoff,109527,109527,28.22,99800,26
1303,C00919084,post_runoff,202919,202919,31.00,192919,30
1303,C00919084,pre_primary,50000,50000,14.00,50000,14
1304,C00369033,pre_primary,50000,50000,1.00,50000,1
1304,C00901918,between_primary_runoff,6000,6000,2.00,6000,2
1304,C00901918,pre_primary,30500,30500,4.00,30500,4
1304,C00919084,between_primary_runoff,687574,687574,28.02,682500,26
1304,C00919084,post_runoff,445832,445832,22.01,443261,21
1304,C00919084,pre_primary,437153,437153,29.89,420000,24
1305,C00369033,pre_primary,100000,100000,1.00,100000,1
1305,C00901918,pre_primary,700000,700000,1.00,700000,1
1305,C00919084,between_primary_runoff,1834451,1834451,139.98,1819527,137
1305,C00919084,post_runoff,1499572,1499572,96.98,1448427,93
1305,C00919084,pre_primary,1838850,1838850,114.00,1838850,114
1306,C00369033,between_primary_runoff,2870000,2870000,8.00,2870000,8
1306,C00369033,pre_primary,540000,540000,6.00,540000,6
1306,C00901918,between_primary_runoff,152706,152706,6.00,152706,6
1306,C00901918,post_runoff,22412,22412,6.00,22412,6
1306,C00901918,pre_primary,572500,572500,3.00,572500,3
1306,C00919084,between_primary_runoff,1256201,1256201,81.07,1242000,79
1306,C00919084,post_runoff,1430281,1430281,63.29,1418778,61
1306,C00919084,pre_primary,1389602,1389602,82.27,1383250,81
1307,C00369033,between_primary_runoff,50000,50000,1.00,50000,1
1307,C00369033,pre_primary,26025,26025,1.00,26025,1
1307,C00901918,between_primary_runoff,510034,510034,5.38,490254,5
1307,C00901918,post_runoff,32101,32101,9.00,32101,9
1307,C00901918,pre_primary,100000,100000,1.00,100000,1
1307,C00919084,between_primary_runoff,588114,588114,86.13,556700,79
1307,C00919084,post_runoff,589619,589619,60.23,575224,57
1307,C00919084,pre_primary,860840,860840,47.45,854800,45
1308,C00369033,between_primary_runoff,100000,100000,1.00,100000,1
1308,C00369033,pre_primary,323680,323680,11.00,323680,11
1308,C00901918,between_primary_runoff,3123,3123,1.00,3123,1
1308,C00901918,post_runoff,14995,14995,4.00,14995,4
1308,C00901918,pre_primary,64545,64545,9.00,64545,9
1308,C00919084,between_primary_runoff,279433,279433,23.00,274916,20
1308,C00919084,post_runoff,73700,73700,7.00,65700,4
1308,C00919084,pre_primary,230000,230000,8.00,230000,8
1309,C00369033,between_primary_runoff,50000,50000,1.00,50000,1
1309,C00369033,pre_primary,100000,100000,2.00,50000,1
1309,C00901918,between_primary_runoff,1087730,480506,7.24,744765,7
1309,C00901918,post_runoff,10000,10000,1.00,0,0
1309,C00901918,pre_primary,1050000,1050000,2.00,1050000,2
1309,C00919084,between_primary_runoff,644476,644476,46.86,414926,33
1309,C00919084,post_runoff,238574,238574,29.78,158500,24
1309,C00919084,pre_primary,262982,262982,30.69,221600,27
1310,C00369033,between_primary_runoff,100000,100000,2.00,100000,2
1310,C00901918,between_primary_runoff,10619,10619,2.00,10619,2
1310,C00901918,pre_primary,25000,25000,1.00,25000,1
1310,C00919084,between_primary_runoff,510227,510227,52.00,505227,51
1310,C00919084,post_runoff,251627,251627,28.00,221627,26
1310,C00919084,pre_primary,431100,431100,35.00,303600,29
1311,C00369033,between_primary_runoff,100000,100000,2.00,100000,2
1311,C00369033,pre_primary,1533872,1533872,35.00,1533872,35
1311,C00901918,between_primary_runoff,1610624,817848,12.38,315666,7
1311,C00901918,post_runoff,46845,46845,3.00,46845,3
1311,C00901918,pre_primary,27025,27025,5.00,27025,5
1311,C00919084,between_primary_runoff,211103,211103,52.40,204000,49
1311,C00919084,post_runoff,497021,497021,34.69,489896,31
1311,C00919084,pre_primary,790745,790745,48.97,780720,45
1312,C00369033,between_primary_runoff,50000,50000,1.00,50000,1
1312,C00369033,pre_primary,50000,50000,1.00,50000,1
1312,C00901918,between_primary_runoff,25000,25000,1.00,25000,1
1312,C00919084,between_primary_runoff,27000,27000,6.00,27000,6
1312,C00919084,post_runoff,170600,170600,8.00,157500,5
1312,C00919084,pre_primary,695000,695000,16.00,655000,9
1313,C00369033,pre_primary,100000,100000,1.00,100000,1
1313,C00901918,between_primary_runoff,8000,8000,2.00,8000,2
1313,C00901918,pre_primary,20000,20000,1.00,20000,1
1313,C00919084,between_primary_runoff,140300,140300,19.00,135300,17
1313,C00919084,post_runoff,115500,115500,12.00,113000,11
1313,C00919084,pre_primary,161000,161000,5.00,161000,5
1314,C00369033,between_primary_runoff,25000,25000,1.00,25000,1
1314,C00369033,pre_primary,6300,6300,4.00,6300,4
1314,C00901918,between_primary_runoff,76025,76025,2.00,26025,1
1314,C00901918,post_runoff,30000,30000,1.00,0,0
1314,C00901918,pre_primary,55000,55000,2.00,30000,1
1314,C00919084,between_primary_runoff,266207,266207,17.32,259000,14
1314,C00919084,post_runoff,74883,74883,7.02,68000,5
1314,C00919084,pre_primary,108648,108648,7.73,105000,7
1501,C00369033,pre_primary,50000,50000,1.00,50000,1
1501,C00901918,between_primary_runoff,105985,105985,8.00,93485,5
1501,C00901918,post_runoff,5000,5000,1.00,0,0
1501,C00901918,pre_primary,13410,13410,2.00,13410,2
1501,C00919084,between_primary_runoff,389200,389200,53.00,379200,51
1501,C00919084,post_runoff,670100,670100,33.00,665100,32
1501,C00919084,pre_primary,242200,242200,47.00,242200,47
1502,C00901918,between_primary_runoff,30000,30000,1.00,30000,1
1502,C00919084,between_primary_runoff,818581,818581,106.00,477561,63
1502,C00919084,post_runoff,918051,918051,82.00,668300,50
1502,C00919084,pre_primary,1004700,1004700,85.00,697500,51
1601,C00369033,between_primary_runoff,100000,100000,2.00,50000,1
1601,C00369033,pre_primary,297786,247786,5.96,250000,5
1601,C00901918,between_primary_runoff,173155,173155,12.00,74448,6
1601,C00901918,post_runoff,104987,104987,2.90,5205,1
1601,C00901918,pre_primary,427433,427433,8.02,390381,6
1601,C00919084,between_primary_runoff,406484,406484,70.00,373880,59
1601,C00919084,post_runoff,353230,353230,48.00,301100,37
1601,C00919084,pre_primary,243075,243075,21.60,223000,20
1602,C00369033,pre_primary,127014,127014,21.04,124800,21
1602,C00901918,between_primary_runoff,227358,227358,10.00,177358,9
1602,C00901918,post_runoff,20268,20268,5.10,10050,5
1602,C00901918,pre_primary,218524,218524,6.98,107500,4
1602,C00919084,between_primary_runoff,1016320,1016320,91.00,831320,72
1602,C00919084,post_runoff,928509,928509,73.00,671009,60
1602,C00919084,pre_primary,1378221,1378221,71.40,645100,66
1701,C00369033,pre_primary,500,500,1.00,500,1
1701,C00901918,post_runoff,26025,26025,3.00,26025,3
1701,C00919084,between_primary_runoff,598000,598000,34.00,598000,34
1701,C00919084,post_runoff,83427,83427,19.00,83427,19
1701,C00919084,pre_primary,645000,645000,41.00,645000,41
1702,C00369033,between_primary_runoff,10000,10000,1.00,10000,1
1702,C00901918,between_primary_runoff,44733,44733,4.00,44733,4
1702,C00901918,post_runoff,3123,3123,1.00,3123,1
1702,C00901918,pre_primary,2026,2026,1.00,2026,1
1702,C00919084,between_primary_runoff,131900,131900,22.00,131900,22
1702,C00919084,post_runoff,80538,80538,20.50,51426,18
1702,C00919084,pre_primary,45500,45500,5.00,45500,5
1703,C00369033,pre_primary,974,974,0.65,0,0
1703,C00901918,between_primary_runoff,26740,26740,9.00,26740,9
1703,C00901918,post_runoff,10000,10000,1.00,10000,1
1703,C00901918,pre_primary,5623,5623,2.00,5623,2
1703,C00919084,between_primary_runoff,557414,557414,38.67,550720,35
1703,C00919084,post_runoff,345779,345779,31.66,338119,28
1703,C00919084,pre_primary,346000,346000,19.00,346000,19
1704,C00901918,between_primary_runoff,15616,15616,2.00,15616,2
1704,C00901918,post_runoff,7000,7000,2.00,7000,2
1704,C00901918,pre_primary,500000,500000,1.00,500000,1
1704,C00919084,between_primary_runoff,243000,243000,16.00,243000,16
1704,C00919084,post_runoff,243649,243649,7.99,145000,7
1704,C00919084,pre_primary,312500,312500,10.00,312500,10
1705,C00369033,between_primary_runoff,223149,223149,10.76,185016,10
1705,C00369033,pre_primary,238133,238133,1.76,200000,1
1705,C00901918,between_primary_runoff,154845,154845,10.00,154845,10
1705,C00901918,post_runoff,30000,30000,3.00,30000,3
1705,C00901918,pre_primary,804000,804000,13.00,804000,13
1705,C00919084,between_primary_runoff,3796781,3796781,242.00,3796781,242
1705,C00919084,post_runoff,2534671,2534671,143.76,2448404,142
1705,C00919084,pre_primary,6031255,6031255,193.00,6031255,193
1706,C00369033,pre_primary,79,79,0.05,0,0
1706,C00901918,between_primary_runoff,144195,144195,21.00,144195,21
1706,C00901918,post_runoff,53100,53100,5.00,53100,5
1706,C00901918,pre_primary,79600,79600,12.00,79600,12
1706,C00919084,between_primary_runoff,1112657,1112657,108.95,1098001,99
1706,C00919084,post_runoff,551546,551546,51.20,522000,44
1706,C00919084,pre_primary,941855,941855,60.85,939000,58
1707,C00369033,between_primary_runoff,111867,111867,2.24,100000,2
1707,C00369033,pre_primary,361867,361867,1.24,350000,1
1707,C00919084,between_primary_runoff,3361000,3361000,125.00,3306000,123
1707,C00919084,post_runoff,2777549,2777549,74.24,2733816,72
1707,C00919084,pre_primary,2661400,2661400,102.00,2661400,102
1708,C00369033,pre_primary,447,447,0.30,0,0
1708,C00901918,between_primary_runoff,71025,71025,4.00,71025,4
1708,C00901918,pre_primary,1050000,1050000,3.00,1050000,3
1708,C00919084,between_primary_runoff,201200,201200,23.00,201200,23
1708,C00919084,post_runoff,238093,238093,25.76,236000,25
1708,C00919084,pre_primary,242800,242800,16.00,242800,16
1709,C00369033,between_primary_runoff,80000,80000,2.00,80000,2
1709,C00369033,pre_primary,286000,286000,2.00,286000,2
1709,C00901918,between_primary_runoff,5726,5726,3.00,5726,3
1709,C00901918,post_runoff,54165,54165,3.00,54165,3
1709,C00901918,pre_primary,725000,725000,2.00,725000,2
1709,C00919084,between_primary_runoff,2316224,2316224,160.83,2285900,159
1709,C00919084,post_runoff,2456692,2456692,112.00,2431692,111
1709,C00919084,pre_primary,2244666,2244666,106.80,2204700,106
1710,C00369033,between_primary_runoff,2655000,2655000,15.00,2455000,14
1710,C00369033,pre_primary,100000,100000,2.00,100000,2
1710,C00901918,between_primary_runoff,360000,360000,2.00,360000,2
1710,C00901918,pre_primary,125000,125000,3.00,125000,3
1710,C00919084,between_primary_runoff,1827600,1827600,103.00,1652600,99
1710,C00919084,post_runoff,2338792,2338792,81.00,2313792,80
1710,C00919084,pre_primary,1874400,1874400,70.00,1874400,70
1711,C00369033,pre_primary,50000,50000,1.00,50000,1
1711,C00901918,between_primary_runoff,14006,14006,7.00,14006,7
1711,C00901918,post_runoff,30749,30749,20.00,30749,20
1711,C00901918,pre_primary,142713,142713,5.70,125000,4
1711,C00919084,between_primary_runoff,421674,421674,46.11,401652,43
1711,C00919084,post_runoff,326776,326776,36.95,302881,31
1711,C00919084,pre_primary,706399,706399,36.35,696220,36
1712,C00369033,pre_primary,73400,65900,7.00,73400,7
1712,C00919084,between_primary_runoff,284200,284200,27.20,216100,22
1712,C00919084,post_runoff,125993,125993,18.80,113700,17
1712,C00919084,pre_primary,232632,232632,18.33,164500,16
1713,C00901918,between_primary_runoff,65000,65000,3.00,65000,3
1713,C00901918,pre_primary,140000,140000,5.00,140000,5
1713,C00919084,between_primary_runoff,400700,400700,44.80,400300,44
1713,C00919084,post_runoff,876522,876522,43.20,868324,42
1713,C00919084,pre_primary,603000,603000,37.00,603000,37
1714,C00369033,pre_primary,100000,100000,1.00,100000,1
1714,C00901918,between_primary_runoff,8500,8500,2.00,8500,2
1714,C00901918,post_runoff,11500,11500,3.00,11500,3
1714,C00901918,pre_primary,35107,35107,3.30,32000,3
1714,C00919084,between_primary_runoff,304596,304596,45.44,274500,39
1714,C00919084,post_runoff,291853,291853,31.44,273196,27
1714,C00919084,pre_primary,436796,436796,37.00,436796,37
1715,C00369033,pre_primary,10000,10000,1.00,10000,1
1715,C00901918,between_primary_runoff,110000,110000,5.00,110000,5
1715,C00901918,post_runoff,88992,88992,8.00,88992,8
1715,C00901918,pre_primary,60000,60000,3.00,60000,3
1715,C00919084,between_primary_runoff,176796,176796,16.24,155700,13
1715,C00919084,post_runoff,190633,190633,11.71,179500,10
1715,C00919084,pre_primary,150368,150368,21.67,108500,20
1716,C00369033,between_primary_runoff,700000,700000,2.00,700000,2
1716,C00369033,pre_primary,730000,730000,3.00,730000,3
1716,C00901918,between_primary_runoff,77066,77066,7.00,77066,7
1716,C00901918,post_runoff,20000,20000,2.00,20000,2
1716,C00901918,pre_primary,70000,70000,2.00,70000,2
1716,C00919084,between_primary_runoff,301408,301408,34.31,286142,27
1716,C00919084,post_runoff,128107,128107,23.03,110120,18
1716,C00919084,pre_primary,261000,261000,21.00,261000,21
1717,C00369033,pre_primary,50000,50000,1.00,50000,1
1717,C00901918,post_runoff,12500,12500,1.00,12500,1
1717,C00919084,between_primary_runoff,253646,253646,31.45,245000,29
1717,C00919084,post_runoff,148856,148856,23.76,146952,23
1717,C00919084,pre_primary,460000,460000,24.00,460000,24
1801,C00901918,between_primary_runoff,104102,104102,1.00,104102,1
1801,C00901918,post_runoff,7695,7695,10.00,0,0
1801,C00919084,between_primary_runoff,236000,236000,31.00,225500,25
1801,C00919084,post_runoff,44500,44500,8.00,41000,6
1801,C00919084,pre_primary,374500,374500,29.00,371000,27
1802,C00369033,between_primary_runoff,30000,30000,1.00,30000,1
1802,C00901918,between_primary_runoff,5206,5206,2.00,5206,2
1802,C00901918,post_runoff,2603,2603,1.00,2603,1
1802,C00919084,between_primary_runoff,482500,482500,49.00,442500,45
1802,C00919084,post_runoff,316224,316224,27.00,258724,23
1802,C00919084,pre_primary,375500,375500,37.00,370500,36
1803,C00901918,between_primary_runoff,48520,48520,11.00,48520,11
1803,C00901918,post_runoff,44538,44538,5.00,44538,5
1803,C00901918,pre_primary,82461,82461,3.00,82461,3
1803,C00919084,between_primary_runoff,126000,126000,23.00,120000,16
1803,C00919084,post_runoff,130600,130600,23.00,127500,19
1803,C00919084,pre_primary,158000,158000,34.00,158000,34
1804,C00369033,pre_primary,100000,100000,2.00,100000,2
1804,C00901918,between_primary_runoff,145772,145772,9.00,145772,9
1804,C00901918,post_runoff,44763,44763,3.00,44763,3
1804,C00901918,pre_primary,93691,93691,9.00,93691,9
1804,C00919084,between_primary_runoff,371195,371195,16.89,266000,14
1804,C00919084,post_runoff,366247,366247,15.75,227500,10
1804,C00919084,pre_primary,149881,149881,10.93,103500,10
1805,C00369033,pre_primary,350000,350000,1.00,350000,1
1805,C00901918,between_primary_runoff,33232,33232,13.00,33232,13
1805,C00901918,post_runoff,23534,23534,4.00,23534,4
1805,C00901918,pre_primary,210410,210410,2.00,210410,2
1805,C00919084,between_primary_runoff,325415,325415,42.10,280500,39
1805,C00919084,post_runoff,675483,675483,38.23,464196,35
1805,C00919084,pre_primary,313429,313429,32.07,310000,32
1806,C00919084,between_primary_runoff,257621,257621,27.00,257621,27
1806,C00919084,post_runoff,323000,323000,23.00,323000,23
1806,C00919084,pre_primary,68000,68000,12.00,68000,12
1807,C00369033,between_primary_runoff,100499,100499,3.00,100499,3
1807,C00369033,pre_primary,85060,85060,53.00,85060,53
1807,C00901918,pre_primary,49950,49950,6.00,49950,6
1807,C00919084,between_primary_runoff,685316,685316,78.01,684926,78
1807,C00919084,post_runoff,459586,459586,54.02,429120,53
1807,C00919084,pre_primary,812915,812915,61.00,777725,60
1808,C00901918,post_runoff,5000,5000,1.00,5000,1
1808,C00919084,between_primary_runoff,199200,199200,25.00,189200,24
1808,C00919084,post_runoff,228665,228665,21.99,175696,20
1808,C00919084,pre_primary,95000,95000,8.00,95000,8
1809,C00901918,between_primary_runoff,13336,13336,3.00,13336,3
1809,C00901918,post_runoff,5418,5418,1.00,5418,1
1809,C00919084,between_primary_runoff,235000,235000,38.00,235000,38
1809,C00919084,post_runoff,303731,303731,29.01,303700,29
1809,C00919084,pre_primary,100000,100000,21.00,100000,21
1901,C00369033,between_primary_runoff,1000,1000,2.00,1000,2
1901,C00369033,pre_primary,57000,57000,15.00,57000,15
1901,C00901918,between_primary_runoff,20000,20000,1.00,0,0
1901,C00919084,between_primary_runoff,359211,359211,40.31,338550,37
1901,C00919084,post_runoff,116849,116849,21.65,110651,20
1901,C00919084,pre_primary,355400,355400,20.00,232900,14
1902,C00901918,between_primary_runoff,15410,15410,2.00,15410,2
1902,C00901918,post_runoff,10410,10410,1.00,10410,1
1902,C00901918,pre_primary,44500,44500,7.00,44500,7
1902,C00919084,between_primary_runoff,167323,167323,33.00,167323,33
1902,C00919084,post_runoff,228696,228696,21.00,228696,21
1902,C00919084,pre_primary,265754,265754,28.00,265754,28
1903,C00369033,between_primary_runoff,100000,100000,2.00,100000,2
1903,C00369033,pre_primary,50200,50200,2.00,50200,2
1903,C00901918,between_primary_runoff,15000,15000,3.00,15000,3
1903,C00919084,between_primary_runoff,613866,613866,26.69,609527,26
1903,C00919084,post_runoff,154802,154802,26.35,138500,23
1903,C00919084,pre_primary,283100,283100,33.00,283100,33
1904,C00369033,between_primary_runoff,2500,2500,1.00,2500,1
1904,C00369033,pre_primary,85000,85000,15.00,35000,14
1904,C00901918,between_primary_runoff,80000,80000,2.00,80000,2
1904,C00901918,pre_primary,350000,350000,1.00,0,0
1904,C00919084,between_primary_runoff,110400,110400,13.00,110400,13
1904,C00919084,post_runoff,227250,227250,12.87,205500,12
1904,C00919084,pre_primary,117500,117500,11.00,117500,11
2001,C00369033,between_primary_runoff,50000,50000,1.00,50000,1
2001,C00369033,pre_primary,800000,800000,2.00,800000,2
2001,C00901918,between_primary_runoff,22096,22096,9.00,9082,6
2001,C00901918,post_runoff,18041,18041,10.00,6174,7
2001,C00901918,pre_primary,24000,24000,4.00,4000,2
2001,C00919084,between_primary_runoff,458126,458126,49.00,450626,46
2001,C00919084,post_runoff,482496,482496,26.00,479996,25
2001,C00919084,pre_primary,347250,347250,22.00,347250,22
2002,C00369033,between_primary_runoff,201000,201000,4.00,201000,4
2002,C00369033,pre_primary,625000,625000,12.00,625000,12
2002,C00901918,between_primary_runoff,140000,140000,7.00,140000,7
2002,C00901918,post_runoff,40820,40820,2.00,40820,2
2002,C00901918,pre_primary,225000,225000,6.00,225000,6
2002,C00919084,between_primary_runoff,99030,99030,27.19,97100,27
2002,C00919084,post_runoff,135825,135825,8.19,131000,8
2002,C00919084,pre_primary,144600,144600,8.00,144600,8
2003,C00369033,between_primary_runoff,780000,780000,5.00,680000,4
2003,C00369033,pre_primary,200000,200000,3.00,200000,3
2003,C00901918,between_primary_runoff,77287,77287,7.00,77287,7
2003,C00901918,post_runoff,273563,273563,11.00,273563,11
2003,C00901918,pre_primary,10000,10000,1.00,10000,1
2003,C00919084,between_primary_runoff,564876,564876,99.81,552806,97
2003,C00919084,post_runoff,609275,609275,61.81,581600,59
2003,C00919084,pre_primary,1232000,1232000,103.00,1212000,101
2004,C00369033,between_primary_runoff,405000,405000,4.00,405000,4
2004,C00369033,pre_primary,61351,58551,16.00,61351,16
2004,C00901918,between_primary_runoff,528256,528256,20.00,528256,20
2004,C00901918,post_runoff,106000,106000,7.00,106000,7
2004,C00901918,pre_primary,109500,109500,20.00,109500,20
2004,C00919084,between_primary_runoff,177000,177000,31.00,157000,29
2004,C00919084,post_runoff,149000,149000,18.00,139000,17
2004,C00919084,pre_primary,381500,381500,24.00,251500,20
2101,C00369033,pre_primary,27090,27090,0.54,0,0
2101,C00919084,between_primary_runoff,48002,48002,13.00,28000,12
2101,C00919084,post_runoff,64500,64500,7.00,64500,7
2101,C00919084,pre_primary,91800,91800,7.00,91800,7
2102,C00369033,pre_primary,100000,100000,2.00,100000,2
2102,C00901918,between_primary_runoff,4000,4000,1.00,4000,1
2102,C00901918,post_runoff,20820,20820,2.00,20820,2
2102,C00919084,between_primary_runoff,150000,150000,16.00,142500,11
2102,C00919084,post_runoff,112685,112685,17.00,106885,13
2102,C00919084,pre_primary,175000,175000,8.00,175000,8
2103,C00369033,between_primary_runoff,250000,250000,2.00,50000,1
2103,C00369033,pre_primary,200000,200000,3.00,100000,2
2103,C00901918,between_primary_runoff,15615,15615,2.00,15615,2
2103,C00901918,post_runoff,5205,5205,1.00,5205,1
2103,C00901918,pre_primary,2807500,1407500,3.00,2807500,3
2103,C00919084,between_primary_runoff,298124,298124,57.00,290500,51
2103,C00919084,post_runoff,461524,461524,42.00,453900,37
2103,C00919084,pre_primary,1531000,1531000,48.00,1431000,47
2104,C00369033,pre_primary,400051,400051,2.00,400000,2
2104,C00919084,between_primary_runoff,178500,178500,20.00,178500,20
2104,C00919084,post_runoff,189500,189500,10.00,89500,9
2104,C00919084,pre_primary,853500,853500,16.00,853500,16
2105,C00919084,between_primary_runoff,15000,15000,3.00,15000,3
2105,C00919084,post_runoff,105000,105000,2.00,5000,1
2105,C00919084,pre_primary,35000,35000,3.00,35000,3
2106,C00369033,pre_primary,72859,72859,1.46,0,0
2106,C00901918,between_primary_runoff,98895,98895,5.00,98895,5
2106,C00901918,post_runoff,0,-78075,0.00,0,0
2106,C00901918,pre_primary,53091,53091,5.00,53091,5
2106,C00919084,between_primary_runoff,296926,296926,45.00,296926,45
2106,C00919084,post_runoff,323877,323877,29.00,323877,29
2106,C00919084,pre_primary,528352,528352,57.00,528352,57
2201,C00369033,pre_primary,50000,50000,1.00,50000,1
2201,C00901918,between_primary_runoff,34320,34320,4.00,34320,4
2201,C00901918,post_runoff,34000,34000,3.00,34000,3
2201,C00901918,pre_primary,100000,100000,1.00,100000,1
2201,C00919084,between_primary_runoff,919089,919089,67.34,787885,63
2201,C00919084,post_runoff,476744,476744,60.00,452143,57
2201,C00919084,pre_primary,841700,841700,32.67,735000,31
2202,C00369033,pre_primary,25000,25000,1.00,25000,1
2202,C00901918,between_primary_runoff,90465,90465,10.00,90465,10
2202,C00901918,post_runoff,106230,106230,4.00,106230,4
2202,C00901918,pre_primary,6246,6246,2.00,6246,2
2202,C00919084,between_primary_runoff,1005900,1005900,62.00,975900,59
2202,C00919084,post_runoff,570295,570295,37.00,560294,36
2202,C00919084,pre_primary,512200,512200,38.00,462200,33
2203,C00369033,between_primary_runoff,600580,600580,5.00,250580,4
2203,C00369033,pre_primary,62520,62520,11.00,62520,11
2203,C00901918,between_primary_runoff,59051,59051,3.00,59051,3
2203,C00901918,post_runoff,4000,4000,1.00,4000,1
2203,C00901918,pre_primary,1419891,1419891,3.99,1400000,2
2203,C00919084,between_primary_runoff,662321,662321,26.71,647500,23
2203,C00919084,post_runoff,110000,110000,9.00,110000,9
2203,C00919084,pre_primary,395314,395314,32.89,260000,19
2204,C00369033,pre_primary,100110,100110,2.04,100000,2
2204,C00901918,between_primary_runoff,4619,4619,0.18,0,0
2204,C00901918,post_runoff,19996,19996,2.00,10000,1
2204,C00901918,pre_primary,109,109,0.01,0,0
2204,C00919084,between_primary_runoff,475563,475563,55.89,413400,47
2204,C00919084,post_runoff,300387,300387,39.60,212422,33
2204,C00919084,pre_primary,508285,508285,27.71,432552,21
2205,C00369033,between_primary_runoff,50000,50000,1.00,50000,1
2205,C00369033,pre_primary,102051,102051,2.00,102051,2
2205,C00901918,between_primary_runoff,77226,77226,4.82,56845,4
2205,C00901918,pre_primary,56205,56205,2.89,33833,2
2205,C00919084,between_primary_runoff,438829,438829,66.77,267500,48
2205,C00919084,post_runoff,470241,470241,36.93,446942,31
2205,C00919084,pre_primary,314750,314750,42.33,250950,29
2206,C00369033,pre_primary,75515,75515,9.96,50000,1
2206,C00901918,between_primary_runoff,85000,85000,3.00,85000,3
2206,C00901918,post_runoff,125004,125004,4.00,125000,4
2206,C00901918,pre_primary,390128,390128,7.11,387500,7
2206,C00919084,between_primary_runoff,215483,215483,19.29,174000,16
2206,C00919084,post_runoff,209783,209783,15.47,190000,13
2206,C00919084,pre_primary,458834,458834,19.40,98800,17
2301,C00369033,pre_primary,50000,50000,1.00,50000,1
2301,C00901918,between_primary_runoff,30000,30000,2.00,30000,2
2301,C00901918,post_runoff,5000,5000,1.00,5000,1
2301,C00901918,pre_primary,40000,40000,3.00,40000,3
2301,C00919084,between_primary_runoff,1662793,1662793,154.00,1440436,127
2301,C00919084,post_runoff,2229766,2229766,143.00,1257266,121
2301,C00919084,pre_primary,1267796,1267796,82.00,937796,73
2302,C00901918,between_primary_runoff,22384,22384,9.00,11453,7
2302,C00901918,post_runoff,5062,5062,2.00,5062,2
2302,C00919084,between_primary_runoff,660581,660581,45.00,242081,38
2302,C00919084,post_runoff,415419,415419,42.00,285919,34
2302,C00919084,pre_primary,558000,558000,29.00,533000,25
2401,C00369033,pre_primary,454102,454102,2.00,454102,2
2401,C00901918,between_primary_runoff,111000,111000,3.00,111000,3
2401,C00901918,post_runoff,12500,12500,1.00,12500,1
2401,C00901918,pre_primary,63000,63000,4.00,63000,4
2401,C00919084,between_primary_runoff,463791,463791,77.66,399550,74
2401,C00919084,post_runoff,578785,578785,69.00,476285,67
2401,C00919084,pre_primary,403076,403076,58.33,318585,55
2402,C00369033,between_primary_runoff,217500,217500,3.00,17500,2
2402,C00369033,pre_primary,120000,120000,3.00,120000,3
2402,C00901918,between_primary_runoff,95743,95743,19.00,95743,19
2402,C00901918,post_runoff,48264,48264,7.00,48264,7
2402,C00901918,pre_primary,10000,10000,2.00,10000,2
2402,C00919084,between_primary_runoff,1350480,1350480,120.75,1314500,116
2402,C00919084,post_runoff,2014019,2014019,87.70,1661909,86
2402,C00919084,pre_primary,968959,968959,92.67,952200,92
2403,C00369033,between_primary_runoff,100000,100000,1.00,100000,1
2403,C00369033,pre_primary,250000,250000,2.00,250000,2
2403,C00901918,between_primary_runoff,20820,20820,2.00,20820,2
2403,C00901918,post_runoff,54132,28107,4.00,54132,4
2403,C00901918,pre_primary,766538,766538,8.00,766538,8
2403,C00919084,between_primary_runoff,2112618,2112618,112.00,2112618,112
2403,C00919084,post_runoff,2372712,2372712,80.03,2347192,79
2403,C00919084,pre_primary,2386500,2386500,69.00,2386500,69
2404,C00901918,pre_primary,104102,104102,1.00,104102,1
2404,C00919084,between_primary_runoff,1346600,1346600,37.00,1326600,33
2404,C00919084,post_runoff,96619,96619,22.00,85892,20
2404,C00919084,pre_primary,982500,982500,25.00,982500,25
2405,C00901918,post_runoff,76025,76025,2.00,76025,2
2405,C00919084,between_primary_runoff,475385,475385,57.00,465385,56
2405,C00919084,post_runoff,256636,256636,39.97,237156,39
2405,C00919084,pre_primary,339726,339726,25.00,224726,22
2406,C00369033,between_primary_runoff,50000,50000,1.00,50000,1
2406,C00919084,between_primary_runoff,912679,912679,91.12,897500,90
2406,C00919084,post_runoff,643478,643478,59.12,643332,59
2406,C00919084,pre_primary,721208,721208,53.04,696000,50
2407,C00369033,between_primary_runoff,455000,455000,5.00,355000,4
2407,C00369033,pre_primary,100000,100000,1.00,0,0
2407,C00919084,between_primary_runoff,497279,497279,55.59,495500,55
2407,C00919084,post_runoff,393390,393390,30.30,392500,30
2407,C00919084,pre_primary,752500,752500,28.00,752500,28
2408,C00369033,between_primary_runoff,1850000,1850000,14.00,1850000,14
2408,C00369033,pre_primary,2319356,2319356,11.00,2319356,11
2408,C00901918,between_primary_runoff,1179602,1179602,11.00,1179602,11
2408,C00901918,post_runoff,220000,220000,5.00,220000,5
2408,C00901918,pre_primary,184859,184859,10.00,184859,10
2408,C00919084,between_primary_runoff,9026975,9026975,401.88,8984854,393
2408,C00919084,post_runoff,6652084,6652084,306.88,6635730,302
2408,C00919084,pre_primary,8905492,8905492,298.96,8825700,294
2501,C00369033,pre_primary,104102,104102,1.00,104102,1
2501,C00901918,post_runoff,29148,29148,4.00,29148,4
2501,C00919084,between_primary_runoff,528600,528600,67.00,465600,56
2501,C00919084,post_runoff,664028,664028,59.00,533528,52
2501,C00919084,pre_primary,261000,261000,35.00,251000,34
2502,C00369033,pre_primary,52051,52051,1.00,52051,1
2502,C00901918,between_primary_runoff,28500,28500,4.00,28500,4
2502,C00901918,post_runoff,3500,3500,1.00,3500,1
2502,C00919084,between_primary_runoff,1973275,1973275,125.00,1848275,122
2502,C00919084,post_runoff,2314315,2314315,90.00,2214259,86
2502,C00919084,pre_primary,958500,958500,41.00,958500,41
2503,C00369033,pre_primary,200000,200000,1.00,200000,1
2503,C00919084,between_primary_runoff,1672671,1672671,96.00,1642671,92
2503,C00919084,post_runoff,929646,929646,66.00,905408,64
2503,C00919084,pre_primary,1427720,1427720,62.00,1427500,62
2504,C00369033,between_primary_runoff,100000,100000,1.00,100000,1
2504,C00369033,pre_primary,3046300,3046300,10.00,3046300,10
2504,C00901918,post_runoff,2500,2500,1.00,2500,1
2504,C00919084,between_primary_runoff,5349576,5349576,153.00,5349576,153
2504,C00919084,post_runoff,6771952,6771952,133.00,6771952,133
2504,C00919084,pre_primary,3503434,3503434,108.00,3473500,106
2505,C00369033,between_primary_runoff,75000,75000,3.00,50000,1
2505,C00369033,pre_primary,454551,454551,9.00,427051,6
2505,C00901918,between_primary_runoff,133500,133500,12.00,56000,6
2505,C00901918,post_runoff,404000,404000,8.00,24000,5
2505,C00901918,pre_primary,246500,246500,16.00,181500,8
2505,C00919084,between_primary_runoff,7877763,7877763,262.39,7357957,256
2505,C00919084,post_runoff,5211242,5211242,190.42,4992469,185
2505,C00919084,pre_primary,5835636,5835636,200.94,5641966,197
2506,C00369033,between_primary_runoff,100000,100000,1.00,100000,1
2506,C00369033,pre_primary,2500,2500,1.00,2500,1
2506,C00901918,between_primary_runoff,62164,62164,6.00,62164,6
2506,C00901918,post_runoff,5000,5000,1.00,5000,1
2506,C00901918,pre_primary,102255,102255,6.00,92255,5
2506,C00919084,between_primary_runoff,1619890,1619890,150.00,1534890,147
2506,C00919084,post_runoff,1632457,1632457,92.00,1382457,91
2506,C00919084,pre_primary,1276619,1276619,100.00,1276619,100
2507,C00369033,between_primary_runoff,350000,350000,1.00,350000,1
2507,C00369033,pre_primary,723640,723640,4.00,723640,4
2507,C00919084,between_primary_runoff,3506286,3506286,126.15,3244096,122
2507,C00919084,post_runoff,3063269,3063269,106.58,3009917,106
2507,C00919084,pre_primary,5106739,5106739,98.83,5085200,98
2508,C00369033,pre_primary,400000,400000,2.00,400000,2
2508,C00901918,between_primary_runoff,13013,13013,3.00,13013,3
2508,C00901918,post_runoff,2603,2603,1.00,2603,1
2508,C00901918,pre_primary,22500,22500,2.00,22500,2
2508,C00919084,between_primary_runoff,2885754,2885754,133.46,2805250,131
2508,C00919084,post_runoff,3379324,3379324,87.00,3354324,86
2508,C00919084,pre_primary,1590137,1590137,84.23,1548000,82
2509,C00369033,between_primary_runoff,325000,325000,3.00,325000,3
2509,C00369033,pre_primary,225000,225000,3.00,225000,3
2509,C00901918,between_primary_runoff,115410,115410,10.00,115410,10
2509,C00901918,post_runoff,10010,10010,6.00,10010,6
2509,C00901918,pre_primary,75500,75500,3.00,75500,3
2509,C00919084,between_primary_runoff,3163600,3163600,173.00,2713300,143
2509,C00919084,post_runoff,1195956,1195956,112.00,976456,97
2509,C00919084,pre_primary,3251311,3251311,132.00,2547611,101
2601,C00369033,between_primary_runoff,25000,25000,1.00,25000,1
2601,C00369033,pre_primary,20000,20000,1.00,20000,1
2601,C00901918,between_primary_runoff,7000,7000,1.00,7000,1
2601,C00901918,post_runoff,31499,31499,14.00,31499,14
2601,C00901918,pre_primary,285820,285820,12.00,285820,12
2601,C00919084,between_primary_runoff,634000,634000,79.00,516500,72
2601,C00919084,post_runoff,316653,316653,44.00,291653,42
2601,C00919084,pre_primary,579266,579266,71.00,544266,67
2602,C00919084,between_primary_runoff,204186,204186,35.08,163700,31
2602,C00919084,post_runoff,137339,137339,21.03,117000,19
2602,C00919084,pre_primary,380194,380194,32.10,329200,29
2603,C00369033,between_primary_runoff,40000,40000,1.00,40000,1
2603,C00901918,between_primary_runoff,8500,8500,2.00,8500,2
2603,C00901918,post_runoff,6000,6000,2.00,6000,2
2603,C00919084,between_primary_runoff,484421,484421,75.96,342195,65
2603,C00919084,post_runoff,578077,578077,61.97,530923,57
2603,C00919084,pre_primary,984715,984715,47.92,863100,42
2604,C00901918,post_runoff,25000,25000,1.00,25000,1
2604,C00919084,between_primary_runoff,338014,338014,54.02,282420,45
2604,C00919084,post_runoff,485430,485430,49.00,474423,46
2604,C00919084,pre_primary,473099,473099,41.01,441555,32
2605,C00369033,between_primary_runoff,75300,75300,1.00,75300,1
2605,C00369033,pre_primary,400000,400000,2.00,400000,2
2605,C00901918,pre_primary,60000,60000,2.00,0,0
2605,C00919084,between_primary_runoff,326334,326334,35.00,320334,32
2605,C00919084,post_runoff,181224,181224,21.00,179224,20
2605,C00919084,pre_primary,225500,225500,17.00,223500,16
2606,C00901918,pre_primary,10000,10000,1.00,10000,1
2606,C00919084,between_primary_runoff,1115444,1115444,106.94,1089750,100
2606,C00919084,post_runoff,1725592,1725592,98.00,1722592,96
2606,C00919084,pre_primary,1343067,1343067,56.97,1260720,53
2607,C00901918,between_primary_runoff,74787,54787,13.00,74787,13
2607,C00901918,post_runoff,12505,12505,7.00,12505,7
2607,C00901918,pre_primary,13869,13869,12.00,13869,12
2607,C00919084,between_primary_runoff,434885,434885,46.00,434885,46
2607,C00919084,post_runoff,320196,320196,31.00,320196,31
2607,C00919084,pre_primary,272500,272500,29.00,272500,29
2608,C00919084,between_primary_runoff,272700,272700,34.00,272700,34
2608,C00919084,post_runoff,384723,384723,22.00,384723,22
2608,C00919084,pre_primary,229300,229300,25.00,229300,25
2609,C00901918,between_primary_runoff,14554,14554,4.00,0,0
2609,C00901918,post_runoff,24218,24218,6.00,0,0
2609,C00901918,pre_primary,30000,30000,3.00,30000,3
2609,C00919084,between_primary_runoff,123500,123500,14.00,123500,14
2609,C00919084,post_runoff,246163,246163,20.42,225411,20
2609,C00919084,pre_primary,303800,303800,20.00,303800,20
2610,C00901918,between_primary_runoff,60000,60000,3.00,60000,3
2610,C00901918,pre_primary,25000,25000,2.00,25000,2
2610,C00919084,between_primary_runoff,151082,151082,24.00,151000,24
2610,C00919084,post_runoff,146748,146748,14.58,117500,14
2610,C00919084,pre_primary,155000,155000,11.00,155000,11
2611,C00369033,between_primary_runoff,1750000,1750000,15.00,1650000,14
2611,C00369033,pre_primary,11000,11000,4.00,11000,4
2611,C00901918,between_primary_runoff,9582,9582,4.00,9582,4
2611,C00901918,post_runoff,2500,2500,1.00,2500,1
2611,C00901918,pre_primary,30094,30094,11.00,30094,11
2611,C00919084,between_primary_runoff,518026,518026,70.00,498026,68
2611,C00919084,post_runoff,759000,759000,50.00,609000,48
2611,C00919084,pre_primary,947919,947919,84.00,777919,78
2612,C00369033,between_primary_runoff,250000,250000,2.00,200000,1
2612,C00369033,pre_primary,2500,2500,1.00,0,0
2612,C00919084,between_primary_runoff,74300,74300,20.00,74300,20
2612,C00919084,post_runoff,205524,205524,20.00,205524,20
2612,C00919084,pre_primary,170000,170000,8.00,170000,8
2613,C00901918,between_primary_runoff,15000,15000,2.00,15000,2
2613,C00901918,post_runoff,4200,4200,1.00,4200,1
2613,C00901918,pre_primary,10000,10000,1.00,10000,1
2613,C00919084,between_primary_runoff,176918,176918,19.00,152000,18
2613,C00919084,post_runoff,269485,269485,21.00,269485,21
2613,C00919084,pre_primary,130985,130985,12.00,130985,12
2701,C00901918,between_primary_runoff,11927,11927,5.00,0,0
2701,C00901918,post_runoff,13014,13014,5.00,0,0
2701,C00919084,between_primary_runoff,409900,409900,38.00,409900,38
2701,C00919084,post_runoff,154500,154500,24.00,154500,24
2701,C00919084,pre_primary,407500,407500,16.00,407500,16
2702,C00369033,between_primary_runoff,100000,100000,2.00,100000,2
2702,C00369033,post_runoff,0,-50000,0.00,0,0
2702,C00369033,pre_primary,126602,126602,10.00,126602,10
2702,C00901918,post_runoff,20000,20000,2.00,20000,2
2702,C00919084,between_primary_runoff,606800,606800,56.00,606800,56
2702,C00919084,post_runoff,373000,373000,38.00,373000,38
2702,C00919084,pre_primary,527600,527600,32.00,527600,32
2703,C00369033,between_primary_runoff,27500,27500,2.00,27500,2
2703,C00369033,pre_primary,135000,135000,15.00,135000,15
2703,C00901918,between_primary_runoff,20000,20000,2.00,20000,2
2703,C00901918,pre_primary,50000,50000,5.00,50000,5
2703,C00919084,between_primary_runoff,1568721,1568721,108.78,1539443,103
2703,C00919084,post_runoff,1017375,1017375,69.02,957324,65
2703,C00919084,pre_primary,3730315,3730315,96.09,3669700,89
2704,C00369033,between_primary_runoff,10000,10000,1.00,10000,1
2704,C00369033,pre_primary,140000,140000,14.00,140000,14
2704,C00901918,between_primary_runoff,580820,580820,5.00,580820,5
2704,C00901918,post_runoff,20000,20000,1.00,20000,1
2704,C00901918,pre_primary,181230,181230,11.00,181230,11
2704,C00919084,between_primary_runoff,1610700,1610700,152.00,1538200,148
2704,C00919084,post_runoff,817596,817596,81.00,702596,76
2704,C00919084,pre_primary,1003500,1003500,64.00,801500,58
2705,C00369033,between_primary_runoff,265000,265000,2.00,265000,2
2705,C00369033,pre_primary,455997,455997,10.00,454102,4
2705,C00901918,between_primary_runoff,24320,24320,3.00,24320,3
2705,C00919084,between_primary_runoff,1751576,1751576,115.00,1705026,99
2705,C00919084,post_runoff,1506004,1506004,79.00,1484704,72
2705,C00919084,pre_primary,2186354,2186354,85.00,2131628,68
2706,C00369033,pre_primary,50000,50000,1.00,50000,1
2706,C00901918,pre_primary,25000,25000,1.00,25000,1
2706,C00919084,between_primary_runoff,67748,67748,11.22,65000,10
2706,C00919084,post_runoff,249634,249634,18.98,197185,17
2706,C00919084,pre_primary,306885,306885,21.91,260000,14
2707,C00919084,between_primary_runoff,133100,133100,34.00,123100,32
2707,C00919084,post_runoff,95300,95300,24.00,90300,23
2707,C00919084,pre_primary,54500,54500,9.00,54500,9
2708,C00369033,pre_primary,98850,73850,9.00,98850,9
2708,C00919084,between_primary_runoff,239500,239500,38.00,149500,29
2708,C00919084,post_runoff,232120,232120,29.00,222120,28
2708,C00919084,pre_primary,160500,160500,23.00,113500,16
2801,C00901918,between_primary_runoff,15000,15000,2.00,15000,2
2801,C00901918,pre_primary,10000,10000,1.00,0,0
2801,C00919084,between_primary_runoff,33539,33539,9.07,30000,8
2801,C00919084,post_runoff,119556,119556,4.04,119196,4
2801,C00919084,pre_primary,270000,270000,26.00,240000,23
2802,C00919084,between_primary_runoff,287761,287761,17.93,253300,15
2802,C00919084,post_runoff,131840,131840,10.96,122200,10
2802,C00919084,pre_primary,275900,275900,10.00,260900,8
2803,C00369033,pre_primary,216153,215456,4.00,216153,4
2803,C00901918,between_primary_runoff,60931,60931,3.00,60931,3
2803,C00901918,post_runoff,17250,17250,4.00,10000,1
2803,C00901918,pre_primary,50000,50000,1.00,50000,1
2803,C00919084,between_primary_runoff,728124,728124,35.00,728124,35
2803,C00919084,post_runoff,340425,340425,18.00,340420,18
2803,C00919084,pre_primary,846526,846526,52.00,796526,50
2804,C00369033,between_primary_runoff,250000,250000,2.00,250000,2
2804,C00369033,pre_primary,50000,50000,1.00,50000,1
2804,C00901918,between_primary_runoff,60000,60000,3.00,60000,3
2804,C00901918,post_runoff,6123,6123,2.00,6123,2
2804,C00919084,between_primary_runoff,96500,96500,8.00,85000,4
2804,C00919084,post_runoff,417791,417791,8.00,387000,5
2804,C00919084,pre_primary,237600,237600,4.00,177600,1
2901,C00369033,between_primary_runoff,50000,50000,1.00,50000,1
2901,C00901918,between_primary_runoff,78800,78800,4.00,78800,4
2901,C00901918,post_runoff,244,244,1.00,244,1
2901,C00919084,between_primary_runoff,1400397,1400397,77.79,1400000,77
2901,C00919084,post_runoff,1054576,1054576,72.42,1054366,72
2901,C00919084,pre_primary,995383,995383,58.37,995196,58
2902,C00369033,between_primary_runoff,225000,225000,3.00,225000,3
2902,C00369033,pre_primary,475000,475000,3.00,475000,3
2902,C00901918,between_primary_runoff,175741,175741,11.00,175741,11
2902,C00901918,post_runoff,47500,47500,1.00,47500,1
2902,C00901918,pre_primary,415910,415910,6.00,415910,6
2902,C00919084,between_primary_runoff,1193403,1193403,88.21,1185300,72
2902,C00919084,post_runoff,1808810,1808810,58.58,1804520,50
2902,C00919084,pre_primary,1031772,1031772,78.63,1027959,71
2903,C00369033,between_primary_runoff,25131,25131,1.01,0,0
2903,C00369033,pre_primary,100000,100000,2.00,100000,2
2903,C00901918,between_primary_runoff,27182,27182,8.00,27182,8
2903,C00901918,post_runoff,13483,13483,7.00,13483,7
2903,C00901918,pre_primary,153625,153625,8.00,117600,6
2903,C00919084,between_primary_runoff,311496,311496,42.28,292627,36
2903,C00919084,post_runoff,328724,328724,39.00,325724,36
2903,C00919084,pre_primary,183127,183127,12.46,132600,9
2904,C00369033,between_primary_runoff,50000,50000,1.00,0,0
2904,C00369033,pre_primary,50000,50000,1.00,50000,1
2904,C00901918,between_primary_runoff,18500,18500,4.00,18500,4
2904,C00901918,post_runoff,6000,6000,1.00,0,0
2904,C00901918,pre_primary,4000,4000,1.00,4000,1
2904,C00919084,between_primary_runoff,115631,115631,8.72,112500,8
2904,C00919084,post_runoff,292500,292500,8.00,292500,8
2904,C00919084,pre_primary,14473,14473,1.54,10000,1
2905,C00369033,between_primary_runoff,75000,75000,2.00,75000,2
2905,C00901918,between_primary_runoff,115345,115345,8.00,115345,8
2905,C00901918,post_runoff,21000,21000,4.00,21000,4
2905,C00901918,pre_primary,1165000,1165000,5.00,1165000,5
2905,C00919084,between_primary_runoff,645200,645200,73.00,645200,73
2905,C00919084,post_runoff,375235,375235,49.00,375235,49
2905,C00919084,pre_primary,1480000,1480000,59.00,1480000,59
2906,C00369033,pre_primary,15000,15000,6.00,15000,6
2906,C00901918,pre_primary,210000,210000,2.00,210000,2
2906,C00919084,between_primary_runoff,291000,291000,44.00,243000,38
2906,C00919084,post_runoff,255619,255619,30.00,195500,22
2906,C00919084,pre_primary,263520,263520,35.00,241020,31
2907,C00369033,between_primary_runoff,100000,100000,2.00,100000,2
2907,C00369033,pre_primary,50000,50000,1.00,50000,1
2907,C00901918,post_runoff,4478,4478,2.00,0,0
2907,C00901918,pre_primary,350000,350000,1.00,350000,1
2907,C00919084,between_primary_runoff,350500,350500,35.00,350500,35
2907,C00919084,post_runoff,533948,533948,35.00,533948,35
2907,C00919084,pre_primary,222500,222500,23.00,222500,23
2908,C00369033,between_primary_runoff,9869,9869,0.99,0,0
2908,C00369033,pre_primary,50000,50000,1.00,50000,1
2908,C00901918,between_primary_runoff,6974,6974,3.00,6974,3
2908,C00901918,post_runoff,5101,5101,2.00,5101,2
2908,C00919084,between_primary_runoff,15700,15700,8.00,15700,8
2908,C00919084,post_runoff,49900,49900,8.00,24900,7
2908,C00919084,pre_primary,61100,61100,4.00,1100,2
3001,C00369033,between_primary_runoff,100000,100000,2.00,50000,1
3001,C00369033,pre_primary,50000,50000,1.00,50000,1
3001,C00901918,between_primary_runoff,124906,124906,10.00,20804,9
3001,C00901918,post_runoff,35809,35809,11.00,35809,11
3001,C00901918,pre_primary,33839,33839,13.00,33839,13
3001,C00919084,between_primary_runoff,662296,662296,78.00,505796,60
3001,C00919084,post_runoff,680696,680696,48.00,635696,40
3001,C00919084,pre_primary,981650,981650,64.00,867150,57
3002,C00901918,post_runoff,51025,51025,2.00,51025,2
3002,C00901918,pre_primary,151230,151230,7.00,101230,6
3002,C00919084,between_primary_runoff,791200,791200,35.00,510000,14
3002,C00919084,post_runoff,255400,255400,27.00,158000,13
3002,C00919084,pre_primary,635526,635526,17.00,590526,14
3101,C00369033,between_primary_runoff,50000,50000,1.00,50000,1
3101,C00901918,between_primary_runoff,37500,37500,6.00,37500,6
3101,C00901918,post_runoff,52500,52500,2.00,52500,2
3101,C00901918,pre_primary,22500,22500,6.00,22500,6
3101,C00919084,between_primary_runoff,265496,265496,39.00,265496,39
3101,C00919084,post_runoff,311247,311247,25.00,311247,25
3101,C00919084,pre_primary,278000,278000,32.00,278000,32
3102,C00369033,between_primary_runoff,5000,5000,1.00,5000,1
3102,C00369033,pre_primary,60000,60000,2.00,60000,2
3102,C00901918,between_primary_runoff,156230,156230,4.00,156230,4
3102,C00901918,pre_primary,210000,210000,3.00,210000,3
3102,C00919084,between_primary_runoff,719300,719300,61.00,719300,61
3102,C00919084,post_runoff,818815,818815,43.00,818815,43
3102,C00919084,pre_primary,638820,638820,28.00,638820,28
3103,C00901918,between_primary_runoff,10000,10000,2.00,10000,2
3103,C00901918,post_runoff,6000,6000,1.00,6000,1
3103,C00901918,pre_primary,9000,9000,2.00,9000,2
3103,C00919084,between_primary_runoff,150100,150100,25.00,136900,22
3103,C00919084,post_runoff,166327,166327,15.00,166327,15
3103,C00919084,pre_primary,423500,423500,28.00,357500,18
3201,C00369033,pre_primary,400000,400000,4.00,400000,4
3201,C00901918,between_primary_runoff,398603,398603,6.00,398603,6
3201,C00901918,post_runoff,26902,26902,5.00,26902,5
3201,C00901918,pre_primary,50000,50000,1.00,50000,1
3201,C00919084,between_primary_runoff,836500,836500,72.00,816500,70
3201,C00919084,post_runoff,1203627,1203627,42.00,1203627,42
3201,C00919084,pre_primary,820500,820500,44.00,810500,43
3202,C00369033,between_primary_runoff,20000,20000,2.00,0,0
3202,C00369033,pre_primary,250000,250000,3.00,50000,1
3202,C00901918,between_primary_runoff,270401,270401,32.00,234375,29
3202,C00901918,post_runoff,187222,187222,18.00,132222,16
3202,C00901918,pre_primary,1609718,1609718,23.00,194718,21
3202,C00919084,between_primary_runoff,1514000,1514000,62.00,1454500,47
3202,C00919084,post_runoff,827096,827096,72.00,763096,60
3202,C00919084,pre_primary,872127,872127,26.00,799627,22
3203,C00369033,between_primary_runoff,50000,50000,1.00,50000,1
3203,C00369033,pre_primary,450000,450000,3.00,100000,2
3203,C00901918,between_primary_runoff,125820,125820,7.00,125820,7
3203,C00901918,post_runoff,6000,6000,1.00,6000,1
3203,C00901918,pre_primary,2625000,2625000,11.00,2275000,10
3203,C00919084,between_primary_runoff,942856,942856,42.00,907656,30
3203,C00919084,post_runoff,327027,327027,36.00,311027,32
3203,C00919084,pre_primary,584026,584026,38.00,576526,36
3204,C00369033,between_primary_runoff,100000,100000,1.00,100000,1
3204,C00901918,between_primary_runoff,30700,30700,6.00,14000,4
3204,C00901918,post_runoff,74461,74461,7.00,74461,7
3204,C00901918,pre_primary,25000,25000,1.00,0,0
3204,C00919084,between_primary_runoff,82500,82500,14.00,51500,9
3204,C00919084,post_runoff,66088,66088,10.00,61088,9
3204,C00919084,pre_primary,130000,130000,8.00,100000,2
3301,C00369033,pre_primary,250000,250000,2.00,50000,1
3301,C00901918,between_primary_runoff,24930,24930,2.00,5000,1
3301,C00901918,post_runoff,9965,9965,1.00,0,0
3301,C00901918,pre_primary,32395,32395,3.99,2500,1
3301,C00919084,between_primary_runoff,934658,934658,68.69,572616,56
3301,C00919084,post_runoff,739441,739441,49.83,530205,42
3301,C00919084,pre_primary,583000,583000,29.00,468500,23
3302,C00901918,between_primary_runoff,10570,10570,1.00,0,0
3302,C00901918,post_runoff,10445,10445,1.00,0,0
3302,C00901918,pre_primary,105,105,0.01,0,0
3302,C00919084,between_primary_runoff,1995558,1995558,83.31,888000,61
3302,C00919084,post_runoff,1736590,1736590,67.17,986326,46
3302,C00919084,pre_primary,936600,936600,41.00,914600,35
3401,C00919084,between_primary_runoff,238577,238577,27.93,236250,27
3401,C00919084,post_runoff,154515,154515,17.79,148000,15
3401,C00919084,pre_primary,503100,503100,26.00,503100,26
3402,C00369033,between_primary_runoff,50000,50000,1.00,50000,1
3402,C00369033,pre_primary,50000,50000,1.00,50000,1
3402,C00901918,between_primary_runoff,6000,6000,2.00,6000,2
3402,C00901918,post_runoff,6000,6000,2.00,6000,2
3402,C00901918,pre_primary,9000,9000,3.00,9000,3
3402,C00919084,between_primary_runoff,601573,601573,59.07,601400,59
3402,C00919084,post_runoff,282031,282031,37.21,281546,37
3402,C00919084,pre_primary,322213,322213,57.00,322213,57
3403,C00369033,between_primary_runoff,2500,2500,2.00,2500,2
3403,C00369033,pre_primary,717500,717500,15.00,717500,15
3403,C00901918,between_primary_runoff,79184,79184,13.00,79184,13
3403,C00901918,post_runoff,45317,45317,15.00,45317,15
3403,C00901918,pre_primary,37500,37500,2.00,37500,2
3403,C00919084,between_primary_runoff,553200,553200,58.00,363200,52
3403,C00919084,post_runoff,437000,437000,43.00,359500,34
3403,C00919084,pre_primary,348750,348750,36.00,297500,34
3404,C00369033,between_primary_runoff,1000,1000,2.00,1000,2
3404,C00369033,pre_primary,55000,55000,11.00,55000,11
3404,C00901918,post_runoff,10000,10000,1.00,10000,1
3404,C00901918,pre_primary,20000,20000,1.00,20000,1
3404,C00919084,between_primary_runoff,299026,299026,39.00,299026,39
3404,C00919084,post_runoff,278827,278827,26.00,178827,25
3404,C00919084,pre_primary,396046,396046,26.00,396046,26
3405,C00369033,between_primary_runoff,950000,950000,5.00,950000,5
3405,C00369033,pre_primary,50000,50000,1.00,50000,1
3405,C00901918,between_primary_runoff,57866,57866,15.00,54740,9
3405,C00901918,post_runoff,116119,116119,20.00,5000,1
3405,C00901918,pre_primary,34500,34500,4.00,34500,4
3405,C00919084,between_primary_runoff,1073892,1073892,71.00,1063892,70
3405,C00919084,post_runoff,472023,472023,58.00,461396,57
3405,C00919084,pre_primary,679500,679500,40.00,679500,40
3406,C00901918,between_primary_runoff,16000,16000,3.00,16000,3
3406,C00901918,post_runoff,5500,5500,1.00,5500,1
3406,C00901918,pre_primary,21000,21000,2.00,21000,2
3406,C00919084,between_primary_runoff,432600,432600,44.00,432600,44
3406,C00919084,post_runoff,233722,233722,33.00,233722,33
3406,C00919084,pre_primary,480000,480000,23.00,480000,23
3407,C00901918,between_primary_runoff,25400,25400,5.00,25400,5
3407,C00901918,post_runoff,6978,6978,2.00,6978,2
3407,C00901918,pre_primary,850000,850000,2.00,850000,2
3407,C00919084,between_primary_runoff,1066100,1066100,131.00,981100,125
3407,C00919084,post_runoff,1121200,1121200,78.00,1066200,75
3407,C00919084,pre_primary,1020450,1020450,116.00,970450,111
3408,C00369033,between_primary_runoff,350000,350000,1.00,350000,1
3408,C00369033,pre_primary,176973,176973,1.00,176973,1
3408,C00919084,between_primary_runoff,277000,277000,27.00,277000,27
3408,C00919084,post_runoff,331500,331500,24.00,331500,24
3408,C00919084,pre_primary,467500,467500,20.00,442500,19
3409,C00901918,between_primary_runoff,123700,123700,6.00,100000,1
3409,C00901918,pre_primary,225000,225000,2.00,225000,2
3409,C00919084,between_primary_runoff,280500,280500,25.00,280500,25
3409,C00919084,post_runoff,122000,122000,22.00,122000,22
3409,C00919084,pre_primary,153600,153600,37.00,153600,37
3410,C00369033,pre_primary,300000,300000,1.00,300000,1
3410,C00901918,between_primary_runoff,6000,6000,2.00,6000,2
3410,C00901918,pre_primary,28000,28000,5.00,28000,5
3410,C00919084,between_primary_runoff,92100,92100,20.00,92100,20
3410,C00919084,post_runoff,101524,101524,18.00,101524,18
3410,C00919084,pre_primary,181200,181200,11.00,181200,11
3411,C00369033,between_primary_runoff,500000,500000,1.00,500000,1
3411,C00369033,pre_primary,800000,800000,2.00,800000,2
3411,C00901918,between_primary_runoff,49260,49260,12.00,49260,12
3411,C00901918,post_runoff,53209,53209,9.00,53209,9
3411,C00901918,pre_primary,55400,55400,16.00,55400,16
3411,C00919084,between_primary_runoff,2742100,2742100,118.00,2692100,117
3411,C00919084,post_runoff,2467523,2467523,97.00,2035023,92
3411,C00919084,pre_primary,1407500,1407500,101.00,1382500,100
3412,C00369033,between_primary_runoff,50000,50000,1.00,50000,1
3412,C00369033,pre_primary,43870,43870,23.00,43870,23
3412,C00901918,between_primary_runoff,96535,96535,7.00,96535,7
3412,C00901918,pre_primary,20000,20000,1.00,20000,1
3412,C00919084,between_primary_runoff,1383400,1383400,101.00,1373400,100
3412,C00919084,post_runoff,951800,951800,55.00,951800,55
3412,C00919084,pre_primary,1035400,1035400,106.00,980400,100
3501,C00369033,between_primary_runoff,1923,1923,4.00,1923,4
3501,C00369033,pre_primary,900,900,1.00,900,1
3501,C00901918,between_primary_runoff,13705,13705,3.00,13705,3
3501,C00901918,post_runoff,2500,2500,1.00,2500,1
3501,C00919084,between_primary_runoff,2943165,2943165,201.88,2669040,178
3501,C00919084,post_runoff,1673796,1673796,163.05,1630179,157
3501,C00919084,pre_primary,2685798,2685798,136.89,2621900,132
3502,C00369033,pre_primary,10175,10175,5.00,0,0
3502,C00901918,between_primary_runoff,24320,24320,2.00,3500,1
3502,C00901918,post_runoff,9500,9500,3.00,9500,3
3502,C00901918,pre_primary,52050,52050,3.00,20820,2
3502,C00919084,between_primary_runoff,481453,481453,87.92,330800,72
3502,C00919084,post_runoff,675733,675733,91.93,503212,64
3502,C00919084,pre_primary,960764,960764,94.87,896400,91
3503,C00901918,between_primary_runoff,93051,93051,9.00,93051,9
3503,C00901918,post_runoff,361700,361700,4.00,361700,4
3503,C00901918,pre_primary,171500,171500,12.00,171500,12
3503,C00919084,between_primary_runoff,2189149,2189149,254.20,1907127,208
3503,C00919084,post_runoff,2847164,2847164,174.02,2559002,142
3503,C00919084,pre_primary,3241507,3241507,175.24,2513669,133
3601,C00369033,between_primary_runoff,350000,350000,1.00,350000,1
3601,C00369033,pre_primary,15000,15000,2.00,15000,2
3601,C00901918,between_primary_runoff,59858,59858,3.00,59858,3
3601,C00901918,post_runoff,24047,24047,5.00,24047,5
3601,C00901918,pre_primary,78597,78597,7.00,78597,7
3601,C00919084,between_primary_runoff,885446,885446,77.00,624196,62
3601,C00919084,post_runoff,971853,971853,64.00,773053,51
3601,C00919084,pre_primary,1426600,1426600,82.00,1170000,49
3602,C00901918,between_primary_runoff,10623,10623,4.00,10623,4
3602,C00901918,post_runoff,11111,11111,22.00,11111,22
3602,C00901918,pre_primary,5000,5000,1.00,5000,1
3602,C00919084,between_primary_runoff,220000,220000,31.00,220000,31
3602,C00919084,post_runoff,243392,243392,20.00,243392,20
3602,C00919084,pre_primary,352500,352500,23.00,327500,22
3603,C00369033,between_primary_runoff,2150000,2150000,7.00,2150000,7
3603,C00369033,pre_primary,1244400,1194400,5.00,1094400,4
3603,C00901918,between_primary_runoff,170000,145000,7.00,170000,7
3603,C00901918,post_runoff,115828,115828,4.00,115828,4
3603,C00901918,pre_primary,122000,122000,9.00,122000,9
3603,C00919084,between_primary_runoff,1616724,1616724,69.00,1591724,67
3603,C00919084,post_runoff,1308933,1308933,52.00,1268933,49
3603,C00919084,pre_primary,1995000,1995000,48.00,1870000,45
3604,C00369033,pre_primary,1075000,1075000,3.00,1075000,3
3604,C00901918,between_primary_runoff,13000,13000,2.00,0,0
3604,C00901918,post_runoff,62700,62700,4.00,62700,4
3604,C00901918,pre_primary,716000,716000,3.00,700000,1
3604,C00919084,between_primary_runoff,405801,405801,37.00,403301,36
3604,C00919084,post_runoff,148940,148940,24.00,143940,22
3604,C00919084,pre_primary,251200,251200,21.00,226200,20
3605,C00369033,between_primary_runoff,50000,50000,1.00,50000,1
3605,C00919084,between_primary_runoff,39500,39500,11.00,39500,11
3605,C00919084,post_runoff,77796,77796,14.00,77796,14
3605,C00919084,pre_primary,39000,39000,9.00,39000,9
3606,C00369033,pre_primary,20000,20000,2.00,20000,2
3606,C00901918,between_primary_runoff,25000,25000,4.00,25000,4
3606,C00901918,pre_primary,53500,53500,12.00,53500,12
3606,C00919084,between_primary_runoff,140216,140216,16.00,140216,16
3606,C00919084,post_runoff,153754,153754,23.00,153754,23
3606,C00919084,pre_primary,142500,142500,14.00,142500,14
3607,C00901918,between_primary_runoff,52050,52050,2.00,52050,2
3607,C00919084,between_primary_runoff,551509,551509,51.00,531520,49
3607,C00919084,post_runoff,569089,569089,35.00,549100,33
3607,C00919084,pre_primary,608195,608195,20.00,598200,19
3608,C00919084,between_primary_runoff,375000,375000,23.00,350000,22
3608,C00919084,post_runoff,90500,90500,11.00,90500,11
3608,C00919084,pre_primary,2107400,2107400,27.00,2082400,26
3609,C00369033,between_primary_runoff,700000,700000,2.00,700000,2
3609,C00369033,pre_primary,47600,47600,35.00,47600,35
3609,C00901918,pre_primary,700000,700000,1.00,700000,1
3609,C00919084,between_primary_runoff,376490,376490,20.00,371500,19
3609,C00919084,post_runoff,192676,192676,13.00,182696,12
3609,C00919084,pre_primary,193000,193000,13.00,193000,13
3610,C00369033,between_primary_runoff,450000,450000,2.00,450000,2
3610,C00369033,pre_primary,1950000,1950000,6.00,1750000,5
3610,C00901918,between_primary_runoff,87189,61164,17.00,87189,17
3610,C00901918,post_runoff,77951,77951,6.00,77951,6
3610,C00901918,pre_primary,735000,735000,3.00,735000,3
3610,C00919084,between_primary_runoff,10104736,10104736,234.38,9571610,228
3610,C00919084,post_runoff,3569742,3569742,178.00,3569722,178
3610,C00919084,pre_primary,14015915,14015915,229.40,13135996,222
3611,C00369033,pre_primary,50000,50000,1.00,50000,1
3611,C00901918,post_runoff,325000,325000,2.00,325000,2
3611,C00919084,between_primary_runoff,150400,150400,38.00,150400,38
3611,C00919084,post_runoff,173696,173696,18.00,173696,18
3611,C00919084,pre_primary,71500,71500,18.00,71500,18
3612,C00369033,between_primary_runoff,6435070,6435070,26.00,5835070,24
3612,C00369033,pre_primary,12787000,12787000,57.00,11937000,55
3612,C00901918,between_primary_runoff,74551,74551,6.00,74551,6
3612,C00901918,post_runoff,28013,28013,3.00,28013,3
3612,C00901918,pre_primary,825000,825000,6.00,825000,6
3612,C00919084,between_primary_runoff,23182654,23182654,560.89,22610283,542
3612,C00919084,post_runoff,10841308,10841308,383.13,10775737,372
3612,C00919084,pre_primary,25011189,25011189,527.59,22233439,498
3613,C00901918,between_primary_runoff,1900,1900,3.00,1900,3
3613,C00901918,post_runoff,500,500,1.00,500,1
3613,C00901918,pre_primary,1300,1300,2.00,1300,2
3613,C00919084,between_primary_runoff,1779440,1779440,75.73,1667100,71
3613,C00919084,post_runoff,602150,602150,52.87,588097,51
3613,C00919084,pre_primary,1773517,1773517,57.01,1413000,52
3614,C00369033,between_primary_runoff,500000,500000,2.00,500000,2
3614,C00901918,post_runoff,5000,5000,1.00,5000,1
3614,C00919084,between_primary_runoff,191011,191011,11.00,188000,10
3614,C00919084,post_runoff,15511,15511,7.00,6000,3
3614,C00919084,pre_primary,67905,67905,11.00,62900,9
3615,C00369033,between_primary_runoff,505000,505000,2.00,505000,2
3615,C00919084,between_primary_runoff,263300,263300,28.00,263300,28
3615,C00919084,post_runoff,190500,190500,9.00,190500,9
3615,C00919084,pre_primary,97100,97100,19.00,97100,19
3616,C00369033,between_primary_runoff,1550000,1550000,4.00,1550000,4
3616,C00369033,pre_primary,990000,990000,6.00,990000,6
3616,C00901918,between_primary_runoff,4000,4000,1.00,0,0
3616,C00901918,post_runoff,3103,3103,2.00,0,0
3616,C00919084,between_primary_runoff,3334533,3334533,115.00,3269533,112
3616,C00919084,post_runoff,1072492,1072492,78.00,987492,75
3616,C00919084,pre_primary,2431055,2431055,65.46,2387600,62
3617,C00369033,between_primary_runoff,450000,450000,2.00,450000,2
3617,C00901918,post_runoff,25000,25000,1.00,0,0
3617,C00919084,between_primary_runoff,1808612,1808612,123.00,1479612,114
3617,C00919084,post_runoff,1194351,1194351,90.00,1156151,85
3617,C00919084,pre_primary,2675745,2675745,84.54,2401700,71
3618,C00369033,between_primary_runoff,200000,200000,1.00,200000,1
3618,C00901918,between_primary_runoff,16000,16000,2.00,16000,2
3618,C00901918,post_runoff,30000,30000,1.00,30000,1
3618,C00919084,between_primary_runoff,1374418,1374418,86.44,1283376,78
3618,C00919084,post_runoff,1573050,1573050,81.24,799208,67
3618,C00919084,pre_primary,1837674,1837674,56.81,1741300,51
3619,C00919084,between_primary_runoff,1283450,1283450,118.56,1115492,103
3619,C00919084,post_runoff,898138,898138,88.76,764784,73
3619,C00919084,pre_primary,817126,817126,54.19,615000,44
3620,C00369033,pre_primary,40000,40000,1.00,40000,1
3620,C00901918,between_primary_runoff,60000,60000,3.00,60000,3
3620,C00901918,post_runoff,52051,52051,1.00,52051,1
3620,C00919084,between_primary_runoff,843078,843078,75.00,833078,74
3620,C00919084,post_runoff,945873,945873,64.00,805873,60
3620,C00919084,pre_primary,588100,588100,45.00,588100,45
3621,C00901918,between_primary_runoff,434883,434883,14.00,49000,6
3621,C00901918,post_runoff,510500,510500,4.00,10500,3
3621,C00901918,pre_primary,5000,5000,1.00,5000,1
3621,C00919084,between_primary_runoff,424100,424100,56.00,296600,38
3621,C00919084,post_runoff,261411,261411,49.00,160211,34
3621,C00919084,pre_primary,170000,170000,10.00,97500,6
3622,C00919084,between_primary_runoff,469989,469989,33.00,450000,30
3622,C00919084,post_runoff,328690,328690,26.00,311000,22
3622,C00919084,pre_primary,268327,268327,27.00,268327,27
3623,C00919084,between_primary_runoff,32500,32500,12.00,32500,12
3623,C00919084,post_runoff,584500,584500,21.00,584500,21
3623,C00919084,pre_primary,78527,78527,4.00,78527,4
3624,C00901918,between_primary_runoff,20000,20000,3.00,20000,3
3624,C00901918,post_runoff,27410,27410,4.00,27410,4
3624,C00901918,pre_primary,15000,15000,2.00,15000,2
3624,C00919084,between_primary_runoff,186273,186273,17.25,135626,16
3624,C00919084,post_runoff,128186,128186,15.08,127927,15
3624,C00919084,pre_primary,357524,357524,10.01,297500,8
3625,C00901918,between_primary_runoff,5000,5000,1.00,5000,1
3625,C00901918,post_runoff,8500,8500,2.00,8500,2
3625,C00919084,between_primary_runoff,293864,293864,47.75,276000,42
3625,C00919084,post_runoff,336467,336467,40.92,295500,36
3625,C00919084,pre_primary,745292,745292,31.99,730666,26
3626,C00901918,between_primary_runoff,20000,20000,5.00,20000,5
3626,C00901918,post_runoff,7500,7500,1.00,7500,1
3626,C00919084,between_primary_runoff,179500,179500,20.00,179500,20
3626,C00919084,post_runoff,278000,278000,17.00,268000,16
3626,C00919084,pre_primary,65000,65000,4.00,65000,4
3701,C00369033,between_primary_runoff,35000,35000,2.00,35000,2
3701,C00369033,pre_primary,50000,50000,1.00,50000,1
3701,C00901918,between_primary_runoff,55500,55500,4.00,55500,4
3701,C00901918,pre_primary,152051,152051,7.00,152051,7
3701,C00919084,between_primary_runoff,25466,25466,5.29,22700,3
3701,C00919084,post_runoff,3458,3458,1.77,2500,1
3701,C00919084,pre_primary,11799,11799,4.93,5500,2
3702,C00369033,between_primary_runoff,2500,2500,1.00,2500,1
3702,C00369033,pre_primary,385000,385000,15.00,385000,15
3702,C00901918,between_primary_runoff,25000,25000,1.00,25000,1
3702,C00901918,post_runoff,25000,25000,1.00,25000,1
3702,C00919084,between_primary_runoff,1300975,1300975,101.03,1130900,97
3702,C00919084,post_runoff,913592,913592,74.03,788524,71
3702,C00919084,pre_primary,1866286,1866286,129.00,1451286,114
3703,C00369033,pre_primary,150000,150000,3.00,150000,3
3703,C00901918,between_primary_runoff,40820,40820,4.00,20820,2
3703,C00901918,post_runoff,20820,20820,2.00,20820,2
3703,C00919084,between_primary_runoff,369080,369080,44.99,254300,38
3703,C00919084,post_runoff,270585,270585,31.00,265096,29
3703,C00919084,pre_primary,489620,489620,23.00,321600,19
3704,C00369033,between_primary_runoff,350000,350000,1.00,350000,1
3704,C00901918,between_primary_runoff,20582,20582,4.00,20582,4
3704,C00901918,post_runoff,72520,72520,5.00,72520,5
3704,C00919084,between_primary_runoff,1398985,1398985,221.61,1322353,209
3704,C00919084,post_runoff,1596981,1596981,159.68,1527848,151
3704,C00919084,pre_primary,1819624,1819624,144.99,1709126,142
3705,C00369033,between_primary_runoff,50000,50000,1.00,0,0
3705,C00901918,between_primary_runoff,36000,36000,3.00,36000,3
3705,C00901918,pre_primary,100820,100820,4.00,100820,4
3705,C00919084,between_primary_runoff,596200,596200,42.00,596200,42
3705,C00919084,post_runoff,583500,583500,30.00,583500,30
3705,C00919084,pre_primary,332800,332800,39.00,332800,39
3706,C00901918,between_primary_runoff,20000,20000,2.00,20000,2
3706,C00901918,post_runoff,10500,10500,2.00,10500,2
3706,C00919084,between_primary_runoff,651650,651650,52.00,210300,39
3706,C00919084,post_runoff,103276,103276,18.04,62000,14
3706,C00919084,pre_primary,123231,123231,18.02,122000,18
3707,C00919084,between_primary_runoff,599500,599500,44.00,442000,39
3707,C00919084,post_runoff,1642000,1642000,42.00,1287000,36
3707,C00919084,pre_primary,761000,761000,38.00,636000,35
3708,C00369033,between_primary_runoff,10000,10000,2.00,10000,2
3708,C00369033,pre_primary,122051,122051,15.00,122051,15
3708,C00901918,post_runoff,52910,52910,5.00,52910,5
3708,C00919084,between_primary_runoff,371700,371700,50.00,332200,29
3708,C00919084,post_runoff,451196,451196,17.00,442696,12
3708,C00919084,pre_primary,402000,402000,22.00,402000,22
3709,C00369033,between_primary_runoff,25000,25000,1.00,25000,1
3709,C00901918,between_primary_runoff,10410,10410,1.00,10410,1
3709,C00901918,pre_primary,20820,20820,2.00,20820,2
3709,C00919084,between_primary_runoff,359518,359518,31.36,358720,31
3709,C00919084,post_runoff,186723,186723,24.29,184424,24
3709,C00919084,pre_primary,145510,145510,19.01,145000,19
3710,C00369033,pre_primary,127300,127300,22.00,100000,2
3710,C00901918,between_primary_runoff,47500,47500,13.00,47500,13
3710,C00901918,post_runoff,3505,3505,8.00,3505,8
3710,C00901918,pre_primary,3000,3000,1.00,3000,1
3710,C00919084,between_primary_runoff,419800,419800,54.00,409800,50
3710,C00919084,post_runoff,383871,383871,56.08,371196,52
3710,C00919084,pre_primary,1026269,1026269,38.98,977500,38
3711,C00369033,between_primary_runoff,55500,55500,3.00,55500,3
3711,C00369033,pre_primary,7000,7000,14.00,7000,14
3711,C00901918,between_primary_runoff,30005,30005,8.00,11787,6
3711,C00901918,post_runoff,148658,148658,18.00,48658,16
3711,C00901918,pre_primary,5000,5000,1.00,5000,1
3711,C00919084,between_primary_runoff,1788422,1788422,180.91,1522300,154
3711,C00919084,post_runoff,1558099,1558099,151.66,1413343,139
3711,C00919084,pre_primary,2447972,2447972,181.86,2208100,154
3712,C00369033,between_primary_runoff,51490,51490,3.00,51490,3
3712,C00369033,pre_primary,54500,54500,4.00,54500,4
3712,C00901918,between_primary_runoff,7200,7200,3.00,7200,3
3712,C00901918,post_runoff,6882,6882,3.00,6882,3
3712,C00919084,between_primary_runoff,714483,714483,69.14,654400,65
3712,C00919084,post_runoff,602211,602211,43.02,558748,41
3712,C00919084,pre_primary,861900,861900,73.00,861900,73
3713,C00369033,between_primary_runoff,50000,50000,1.00,50000,1
3713,C00901918,between_primary_runoff,51025,51025,2.00,51025,2
3713,C00901918,pre_primary,16100,16100,2.00,16100,2
3713,C00919084,between_primary_runoff,246554,246554,34.72,216500,25
3713,C00919084,post_runoff,270653,270653,33.23,263000,31
3713,C00919084,pre_primary,776301,776301,29.07,759000,25
3714,C00369033,between_primary_runoff,50000,50000,1.00,50000,1
3714,C00901918,between_primary_runoff,50410,50410,3.00,50410,3
3714,C00901918,post_runoff,48000,48000,3.00,48000,3
3714,C00901918,pre_primary,1420000,1420000,3.00,1420000,3
3714,C00919084,between_primary_runoff,604690,604690,62.95,551800,60
3714,C00919084,post_runoff,361920,361920,34.20,263766,31
3714,C00919084,pre_primary,417046,417046,90.14,391726,89
3800,C00369033,between_primary_runoff,50000,50000,1.00,50000,1
3800,C00369033,pre_primary,50000,50000,1.00,50000,1
3800,C00901918,between_primary_runoff,106395,106395,7.00,106395,7
3800,C00901918,post_runoff,33500,33500,2.00,33500,2
3800,C00901918,pre_primary,75000,75000,3.00,75000,3
3800,C00919084,between_primary_runoff,159100,159100,29.00,132600,24
3800,C00919084,post_runoff,280892,280892,18.00,262196,15
3800,C00919084,pre_primary,222326,222326,19.00,192326,16
3901,C00369033,between_primary_runoff,120000,120000,4.00,120000,4
3901,C00901918,between_primary_runoff,2500,2500,1.00,2500,1
3901,C00901918,post_runoff,9000,9000,3.00,9000,3
3901,C00919084,between_primary_runoff,686500,686500,58.00,336500,57
3901,C00919084,post_runoff,216500,216500,32.00,216500,32
3901,C00919084,pre_primary,802000,802000,61.00,802000,61
3902,C00901918,post_runoff,104102,104102,1.00,104102,1
3902,C00919084,between_primary_runoff,165500,165500,17.00,165500,17
3902,C00919084,post_runoff,201320,201320,14.00,201320,14
3902,C00919084,pre_primary,257727,257727,20.00,257727,20
3903,C00919084,between_primary_runoff,1232000,1232000,80.00,1232000,80
3903,C00919084,post_runoff,565687,565687,52.00,565687,52
3903,C00919084,pre_primary,901357,901357,38.00,901357,38
3904,C00369033,between_primary_runoff,50000,50000,1.00,50000,1
3904,C00901918,between_primary_runoff,20820,20820,2.00,20820,2
3904,C00901918,pre_primary,54500,54500,3.00,54500,3
3904,C00919084,between_primary_runoff,135362,135362,18.07,104700,17
3904,C00919084,post_runoff,88985,88985,14.00,88985,14
3904,C00919084,pre_primary,169500,169500,19.00,169500,19
3905,C00919084,between_primary_runoff,46306,46306,6.00,46300,6
3905,C00919084,post_runoff,132753,132753,10.00,132750,10
3905,C00919084,pre_primary,185000,185000,6.00,175000,4
3906,C00901918,between_primary_runoff,759812,759812,3.98,750000,3
3906,C00901918,pre_primary,340820,340820,5.00,340820,5
3906,C00919084,between_primary_runoff,87115,87115,6.45,86000,6
3906,C00919084,post_runoff,60557,60557,2.22,60000,2
3906,C00919084,pre_primary,195000,195000,7.00,195000,7
3907,C00369033,between_primary_runoff,25000,25000,1.00,25000,1
3907,C00369033,pre_primary,700000,700000,1.00,700000,1
3907,C00901918,between_primary_runoff,20820,20820,2.00,20820,2
3907,C00901918,post_runoff,2603,2603,1.00,2603,1
3907,C00901918,pre_primary,319260,319260,7.00,319260,7
3907,C00919084,between_primary_runoff,890794,890794,45.00,880800,43
3907,C00919084,post_runoff,408924,408924,29.00,403927,28
3907,C00919084,pre_primary,351400,351400,44.00,351400,44
3908,C00919084,between_primary_runoff,189500,189500,13.00,189500,13
3908,C00919084,post_runoff,164224,164224,16.00,164224,16
3908,C00919084,pre_primary,163752,163752,21.00,153752,20
3909,C00901918,between_primary_runoff,124922,124922,3.00,124922,3
3909,C00901918,post_runoff,10000,10000,1.00,10000,1
3909,C00919084,between_primary_runoff,71500,71500,12.00,71500,12
3909,C00919084,post_runoff,111000,111000,12.00,111000,12
3909,C00919084,pre_primary,115000,115000,10.00,115000,10
3910,C00901918,between_primary_runoff,4164,4164,1.00,4164,1
3910,C00901918,post_runoff,22000,22000,3.00,22000,3
3910,C00919084,between_primary_runoff,373377,373377,38.00,373377,38
3910,C00919084,post_runoff,513200,513200,26.00,513200,26
3910,C00919084,pre_primary,714374,714374,37.00,714374,37
3911,C00369033,between_primary_runoff,800000,800000,3.00,800000,3
3911,C00369033,pre_primary,300000,300000,3.00,300000,3
3911,C00901918,post_runoff,50000,50000,1.00,50000,1
3911,C00919084,between_primary_runoff,1492920,1492920,54.00,1482920,52
3911,C00919084,post_runoff,837624,837624,37.00,769624,32
3911,C00919084,pre_primary,312100,312100,32.00,312100,32
3912,C00901918,between_primary_runoff,188,188,0.02,0,0
3912,C00919084,between_primary_runoff,117200,117200,28.00,87200,26
3912,C00919084,post_runoff,100300,100300,11.00,100300,11
3912,C00919084,pre_primary,171800,171800,29.00,161800,28
3913,C00901918,between_primary_runoff,22000,22000,3.00,22000,3
3913,C00901918,post_runoff,7500,7500,1.00,7500,1
3913,C00919084,between_primary_runoff,687385,687385,34.55,591000,25
3913,C00919084,post_runoff,434943,434943,17.78,385500,11
3913,C00919084,pre_primary,405000,405000,28.00,252500,14
3914,C00369033,between_primary_runoff,50000,50000,1.00,0,0
3914,C00369033,pre_primary,50000,50000,1.00,50000,1
3914,C00901918,between_primary_runoff,40000,40000,1.00,40000,1
3914,C00901918,post_runoff,239434,239434,5.00,239434,5
3914,C00901918,pre_primary,20820,20820,1.00,20820,1
3914,C00919084,between_primary_runoff,123000,123000,13.00,123000,13
3914,C00919084,post_runoff,73500,73500,11.00,73500,11
3914,C00919084,pre_primary,22500,22500,4.00,22500,4
3915,C00901918,post_runoff,25000,25000,1.00,25000,1
3915,C00901918,pre_primary,20000,20000,1.00,20000,1
3915,C00919084,between_primary_runoff,228338,228338,18.93,219000,18
3915,C00919084,post_runoff,325122,325122,26.00,325122,26
3915,C00919084,pre_primary,169500,169500,25.00,169500,25
4001,C00369033,between_primary_runoff,451750,451750,6.00,451750,6
4001,C00369033,pre_primary,700000,700000,2.00,700000,2
4001,C00901918,between_primary_runoff,355102,355102,11.00,261410,9
4001,C00901918,post_runoff,255820,255820,5.00,235000,3
4001,C00901918,pre_primary,574512,574512,9.00,574512,9
4001,C00919084,between_primary_runoff,1246298,1246298,114.00,1225300,104
4001,C00919084,post_runoff,825190,825190,103.00,807598,97
4001,C00919084,pre_primary,672528,672528,66.34,601200,61
4002,C00369033,between_primary_runoff,50000,50000,1.00,50000,1
4002,C00901918,between_primary_runoff,290400,290400,17.00,29900,10
4002,C00901918,post_runoff,58850,58850,9.00,8850,4
4002,C00901918,pre_primary,157705,157705,5.00,7705,2
4002,C00919084,between_primary_runoff,272702,272702,26.00,176500,19
4002,C00919084,post_runoff,282613,282613,18.00,265000,13
4002,C00919084,pre_primary,485970,485970,49.04,454000,46
4003,C00369033,pre_primary,140000,140000,10.00,140000,10
4003,C00901918,between_primary_runoff,26025,26025,1.00,0,0
4003,C00901918,post_runoff,26000,26000,2.00,26000,2
4003,C00901918,pre_primary,52050,52050,2.00,26025,1
4003,C00919084,between_primary_runoff,255769,255769,21.98,137400,20
4003,C00919084,post_runoff,145623,145623,16.00,125627,15
4003,C00919084,pre_primary,300896,300896,18.62,154900,13
4004,C00369033,between_primary_runoff,10000,10000,1.00,10000,1
4004,C00369033,pre_primary,100000,100000,1.00,100000,1
4004,C00901918,between_primary_runoff,398310,398310,6.00,373310,5
4004,C00901918,pre_primary,185000,185000,10.00,135000,8
4004,C00919084,between_primary_runoff,660501,660501,70.00,621501,58
4004,C00919084,post_runoff,221530,221530,49.00,148047,34
4004,C00919084,pre_primary,376400,376400,43.00,361400,41
4005,C00369033,between_primary_runoff,50000,50000,1.00,50000,1
4005,C00369033,pre_primary,350000,350000,1.00,350000,1
4005,C00901918,between_primary_runoff,77153,77153,14.00,77153,14
4005,C00901918,post_runoff,98772,98772,13.00,98772,13
4005,C00901918,pre_primary,158702,158702,27.00,158702,27
4005,C00919084,between_primary_runoff,1838331,1838331,124.02,1686700,122
4005,C00919084,post_runoff,1440496,1440496,77.00,1410492,75
4005,C00919084,pre_primary,988625,988625,71.00,983619,70
4101,C00901918,between_primary_runoff,66525,66525,10.00,30500,6
4101,C00901918,post_runoff,16910,16910,3.00,6500,2
4101,C00901918,pre_primary,118500,118500,27.00,63500,21
4101,C00919084,between_primary_runoff,2523792,2523792,191.18,2067920,176
4101,C00919084,post_runoff,2128448,2128448,129.10,1765346,116
4101,C00919084,pre_primary,2269668,2269668,95.70,2156400,91
4102,C00901918,between_primary_runoff,49900,49900,6.00,39900,4
4102,C00901918,post_runoff,12500,12500,3.00,2500,1
4102,C00901918,pre_primary,38000,38000,9.00,13000,6
4102,C00919084,between_primary_runoff,472524,472524,77.99,418727,64
4102,C00919084,post_runoff,607019,607019,55.02,548928,45
4102,C00919084,pre_primary,838458,838458,90.02,757000,70
4103,C00901918,between_primary_runoff,50000,50000,1.00,50000,1
4103,C00901918,post_runoff,239,239,0.01,0,0
4103,C00919084,between_primary_runoff,1441448,1441448,145.01,1416400,144
4103,C00919084,post_runoff,1303204,1303204,99.01,1233108,96
4103,C00919084,pre_primary,1367300,1367300,120.00,1317300,119
4104,C00369033,between_primary_runoff,100000,100000,2.00,100000,2
4104,C00901918,between_primary_runoff,90845,90845,8.00,50025,4
4104,C00901918,post_runoff,125735,125735,6.00,20735,5
4104,C00901918,pre_primary,594448,594448,9.00,535000,4
4104,C00919084,between_primary_runoff,1193386,1193386,158.99,1037200,142
4104,C00919084,post_runoff,1113012,1113012,122.00,911552,111
4104,C00919084,pre_primary,961642,961642,104.98,691800,78
4105,C00901918,between_primary_runoff,37000,37000,3.00,37000,3
4105,C00901918,post_runoff,24761,24761,0.99,0,0
4105,C00901918,pre_primary,10000,10000,1.00,10000,1
4105,C00919084,between_primary_runoff,1788716,1788716,215.27,1744637,200
4105,C00919084,post_runoff,1867199,1867199,171.06,1766906,153
4105,C00919084,pre_primary,1533044,1533044,142.17,1504353,138
4106,C00369033,between_primary_runoff,200000,200000,1.00,200000,1
4106,C00901918,between_primary_runoff,42300,42300,7.00,42300,7
4106,C00901918,post_runoff,12500,12500,2.00,12500,2
4106,C00901918,pre_primary,9500,9500,3.00,9500,3
4106,C00919084,between_primary_runoff,721400,721400,102.56,687900,93
4106,C00919084,post_runoff,1194111,1194111,85.81,1183986,82
4106,C00919084,pre_primary,742041,742041,86.13,707600,72
4201,C00369033,between_primary_runoff,50000,50000,1.00,50000,1
4201,C00369033,pre_primary,50000,50000,1.00,50000,1
4201,C00901918,between_primary_runoff,42500,42500,4.00,42500,4
4201,C00901918,post_runoff,70000,70000,3.00,70000,3
4201,C00901918,pre_primary,10000,10000,1.00,10000,1
4201,C00919084,between_primary_runoff,1179481,1179481,57.24,356500,49
4201,C00919084,post_runoff,983709,983709,45.26,813000,40
4201,C00919084,pre_primary,901251,901251,56.55,450133,46
4202,C00369033,pre_primary,10000,10000,1.00,10000,1
4202,C00919084,between_primary_runoff,810426,810426,39.00,790426,37
4202,C00919084,post_runoff,258150,258150,35.00,248150,34
4202,C00919084,pre_primary,315182,315182,15.88,297500,15
4203,C00369033,pre_primary,355000,355000,2.00,355000,2
4203,C00919084,between_primary_runoff,950000,950000,86.00,950000,86
4203,C00919084,post_runoff,973192,973192,57.00,973192,57
4203,C00919084,pre_primary,641670,641670,64.12,639352,64
4204,C00369033,between_primary_runoff,7500,7500,1.00,7500,1
4204,C00369033,pre_primary,100000,100000,3.00,100000,3
4204,C00901918,between_primary_runoff,32808,32808,4.00,32808,4
4204,C00901918,post_runoff,20000,20000,1.00,20000,1
4204,C00901918,pre_primary,731128,731128,3.10,700000,2
4204,C00919084,between_primary_runoff,1147345,1147345,79.76,1109326,67
4204,C00919084,post_runoff,344687,344687,45.74,332096,43
4204,C00919084,pre_primary,1452257,1452257,78.42,1187700,63
4205,C00369033,between_primary_runoff,100000,100000,1.00,100000,1
4205,C00369033,pre_primary,107500,107500,4.00,107500,4
4205,C00901918,between_primary_runoff,59031,59031,8.00,59031,8
4205,C00901918,post_runoff,26136,26136,3.00,26136,3
4205,C00901918,pre_primary,58000,3000,2.00,58000,2
4205,C00919084,between_primary_runoff,947560,947560,110.97,897729,106
4205,C00919084,post_runoff,1026248,1026248,71.98,996333,68
4205,C00919084,pre_primary,902324,902324,97.03,899000,97
4206,C00369033,pre_primary,68100,68100,36.00,68100,36
4206,C00901918,between_primary_runoff,95275,95275,10.00,95275,10
4206,C00901918,post_runoff,23702,23702,10.00,23702,10
4206,C00901918,pre_primary,1175102,1175102,11.90,1130205,11
4206,C00919084,between_primary_runoff,638969,638969,65.03,588800,64
4206,C00919084,post_runoff,1119085,1119085,52.02,1109000,51
4206,C00919084,pre_primary,1443124,1443124,61.00,1368124,59
4207,C00369033,between_primary_runoff,75000,25000,2.00,75000,2
4207,C00369033,pre_primary,130000,130000,3.00,130000,3
4207,C00901918,between_primary_runoff,76198,76198,31.00,76198,31
4207,C00901918,post_runoff,18200,18200,12.00,18200,12
4207,C00901918,pre_primary,84965,84965,28.00,84965,28
4207,C00919084,between_primary_runoff,322347,322347,39.00,322347,39
4207,C00919084,post_runoff,195281,195281,21.00,170281,20
4207,C00919084,pre_primary,401000,401000,39.00,301000,38
4208,C00919084,between_primary_runoff,141100,141100,24.00,141100,24
4208,C00919084,post_runoff,195327,195327,22.00,145327,21
4208,C00919084,pre_primary,106500,106500,5.00,56500,4
4209,C00369033,between_primary_runoff,3000,3000,2.00,3000,2
4209,C00369033,pre_primary,8000,8000,5.00,8000,5
4209,C00901918,between_primary_runoff,11000,11000,2.00,11000,2
4209,C00919084,between_primary_runoff,90000,90000,11.00,90000,11
4209,C00919084,post_runoff,169085,169085,11.00,169085,11
4209,C00919084,pre_primary,228000,228000,10.00,228000,10
4210,C00369033,pre_primary,50000,50000,1.00,0,0
4210,C00901918,between_primary_runoff,2118205,2118205,7.00,1418205,6
4210,C00901918,post_runoff,114100,114100,4.00,114000,3
4210,C00901918,pre_primary,145000,145000,3.00,145000,3
4210,C00919084,between_primary_runoff,326000,326000,53.00,326000,53
4210,C00919084,post_runoff,660701,660701,53.00,660701,53
4210,C00919084,pre_primary,462000,462000,68.00,462000,68
4211,C00369033,pre_primary,50000,50000,1.00,50000,1
4211,C00901918,pre_primary,7500,7500,2.00,7500,2
4211,C00919084,between_primary_runoff,403824,403824,45.00,332124,33
4211,C00919084,post_runoff,368081,368081,33.00,312081,26
4211,C00919084,pre_primary,452600,452600,37.00,317600,26
4212,C00901918,between_primary_runoff,26025,26025,1.00,26025,1
4212,C00919084,between_primary_runoff,1080159,1080159,39.70,1069700,39
4212,C00919084,post_runoff,515024,515024,29.97,511300,29
4212,C00919084,pre_primary,309551,309551,27.90,286955,27
4213,C00901918,between_primary_runoff,270520,270520,11.00,270520,11
4213,C00901918,post_runoff,15000,15000,2.00,15000,2
4213,C00901918,pre_primary,172150,172150,6.00,172150,6
4213,C00919084,between_primary_runoff,126000,126000,15.00,73000,7
4213,C00919084,post_runoff,293627,293627,27.00,247627,21
4213,C00919084,pre_primary,188954,188954,22.95,167596,17
4214,C00369033,between_primary_runoff,6500,6500,1.00,6500,1
4214,C00901918,between_primary_runoff,13200,13200,3.00,13200,3
4214,C00901918,post_runoff,6500,6500,2.00,6500,2
4214,C00919084,between_primary_runoff,96593,96593,25.03,66500,22
4214,C00919084,post_runoff,194855,194855,20.09,174500,18
4214,C00919084,pre_primary,144404,144404,18.10,142000,18
4215,C00901918,between_primary_runoff,703500,353500,2.00,703500,2
4215,C00901918,pre_primary,700000,700000,1.00,700000,1
4215,C00919084,between_primary_runoff,243000,243000,15.00,235500,12
4215,C00919084,post_runoff,127500,127500,11.00,125000,9
4215,C00919084,pre_primary,156842,156842,13.05,99700,9
4216,C00369033,between_primary_runoff,150000,150000,2.00,150000,2
4216,C00369033,pre_primary,70000,70000,1.00,70000,1
4216,C00919084,between_primary_runoff,151583,151583,18.10,145100,17
4216,C00919084,post_runoff,114646,114646,15.10,111927,15
4216,C00919084,pre_primary,176000,176000,20.00,176000,20
4217,C00369033,between_primary_runoff,350000,350000,1.00,350000,1
4217,C00901918,between_primary_runoff,20820,20820,2.00,20820,2
4217,C00901918,post_runoff,5000,5000,1.00,5000,1
4217,C00919084,between_primary_runoff,680461,680461,70.17,634496,67
4217,C00919084,post_runoff,402548,402548,52.84,283665,47
4217,C00919084,pre_primary,970550,970550,71.00,920550,70
4401,C00369033,pre_primary,350000,350000,1.00,350000,1
4401,C00901918,between_primary_runoff,20500,20500,4.00,20500,4
4401,C00901918,post_runoff,5000,5000,1.00,5000,1
4401,C00901918,pre_primary,100000,100000,6.00,100000,6
4401,C00919084,between_primary_runoff,1382500,1382500,82.27,1344996,80
4401,C00919084,post_runoff,1015323,1015323,60.00,990323,59
4401,C00919084,pre_primary,1326161,1326161,77.24,1279054,75
4402,C00901918,between_primary_runoff,15000,15000,2.00,15000,2
4402,C00901918,post_runoff,17500,17500,2.00,17500,2
4402,C00919084,between_primary_runoff,422596,422596,49.73,367100,34
4402,C00919084,post_runoff,382566,382566,35.00,350566,28
4402,C00919084,pre_primary,293893,293893,25.76,206000,23
4501,C00369033,between_primary_runoff,100000,100000,2.00,100000,2
4501,C00369033,pre_primary,250000,250000,4.00,150000,3
4501,C00901918,between_primary_runoff,5205,5205,1.00,5205,1
4501,C00901918,post_runoff,5205,5205,1.00,5205,1
4501,C00919084,between_primary_runoff,2114700,2114700,119.00,2090700,113
4501,C00919084,post_runoff,1544919,1544919,88.00,1486419,79
4501,C00919084,pre_primary,2773500,2773500,134.00,2729000,119
4502,C00901918,post_runoff,25000,25000,1.00,25000,1
4502,C00901918,pre_primary,10220,10220,1.39,0,0
4502,C00919084,between_primary_runoff,484600,484600,68.00,464600,66
4502,C00919084,post_runoff,428230,428230,29.02,400450,27
4502,C00919084,pre_primary,591816,591816,49.00,571816,47
4503,C00901918,between_primary_runoff,117849,117849,4.00,117849,4
4503,C00901918,pre_primary,29280,29280,3.61,10000,1
4503,C00919084,between_primary_runoff,250000,250000,22.00,194500,18
4503,C00919084,post_runoff,155496,155496,15.00,150196,14
4503,C00919084,pre_primary,115900,115900,9.00,96000,8
4504,C00369033,pre_primary,150000,150000,3.00,150000,3
4504,C00901918,between_primary_runoff,93562,93562,14.00,93562,14
4504,C00901918,post_runoff,47482,47482,19.00,47482,19
4504,C00901918,pre_primary,133400,133400,16.00,133400,16
4504,C00919084,between_primary_runoff,912050,912050,72.00,880050,69
4504,C00919084,post_runoff,869996,869996,51.00,859996,50
4504,C00919084,pre_primary,921057,921057,51.00,921057,51
4505,C00369033,pre_primary,50000,50000,1.00,50000,1
4505,C00901918,post_runoff,41640,41640,4.00,41640,4
4505,C00901918,pre_primary,700000,700000,1.00,700000,1
4505,C00919084,between_primary_runoff,177500,177500,16.00,77500,15
4505,C00919084,post_runoff,324347,324347,25.98,257127,23
4505,C00919084,pre_primary,185000,185000,11.00,185000,11
4506,C00369033,pre_primary,300000,300000,2.00,300000,2
4506,C00901918,between_primary_runoff,10000,10000,1.00,10000,1
4506,C00901918,post_runoff,20000,20000,1.00,20000,1
4506,C00919084,between_primary_runoff,241450,241450,47.00,241450,47
4506,C00919084,post_runoff,490581,490581,32.00,365581,30
4506,C00919084,pre_primary,783900,783900,45.00,633900,43
4507,C00369033,between_primary_runoff,50000,50000,1.00,50000,1
4507,C00369033,pre_primary,199300,199300,29.00,199300,29
4507,C00901918,between_primary_runoff,5000,5000,1.00,5000,1
4507,C00901918,post_runoff,7500,7500,1.00,7500,1
4507,C00901918,pre_primary,20000,20000,1.00,20000,1
4507,C00919084,between_primary_runoff,330500,330500,24.00,305500,21
4507,C00919084,post_runoff,121500,121500,17.00,111500,15
4507,C00919084,pre_primary,209000,209000,18.00,199000,17
4600,C00369033,between_primary_runoff,50000,50000,1.00,50000,1
4600,C00369033,pre_primary,750000,750000,3.00,750000,3
4600,C00901918,between_primary_runoff,50000,50000,1.00,50000,1
4600,C00901918,pre_primary,75000,75000,2.00,75000,2
4600,C00919084,between_primary_runoff,456100,456100,76.00,377600,52
4600,C00919084,post_runoff,234619,234619,45.13,207369,32
4600,C00919084,pre_primary,477500,477500,48.00,414500,21
4701,C00369033,pre_primary,300000,300000,6.00,300000,6
4701,C00901918,between_primary_runoff,10000,10000,1.00,10000,1
4701,C00901918,post_runoff,10000,10000,1.00,10000,1
4701,C00901918,pre_primary,5000,5000,1.00,5000,1
4701,C00919084,between_primary_runoff,335000,335000,28.00,335000,28
4701,C00919084,post_runoff,150724,150724,19.00,150724,19
4701,C00919084,pre_primary,361088,361088,30.00,361088,30
4702,C00369033,between_primary_runoff,115000,115000,3.00,115000,3
4702,C00369033,pre_primary,135300,135300,24.00,135300,24
4702,C00901918,between_primary_runoff,105573,105573,11.00,105573,11
4702,C00901918,post_runoff,26135,26135,10.00,26135,10
4702,C00919084,between_primary_runoff,2203850,2203850,104.00,2203850,104
4702,C00919084,post_runoff,510539,510539,51.00,510539,51
4702,C00919084,pre_primary,1468400,1468400,43.00,1468400,43
4703,C00369033,between_primary_runoff,5000,5000,2.00,5000,2
4703,C00369033,pre_primary,64400,64400,23.00,64400,23
4703,C00901918,between_primary_runoff,91135,91135,13.00,39478,8
4703,C00901918,post_runoff,27308,27308,4.00,27308,4
4703,C00901918,pre_primary,1419088,1419088,8.00,1419088,8
4703,C00919084,between_primary_runoff,516000,516000,54.00,516000,54
4703,C00919084,post_runoff,432409,432409,46.08,405527,45
4703,C00919084,pre_primary,2246000,2246000,73.00,2246000,73
4704,C00369033,pre_primary,50000,50000,1.00,50000,1
4704,C00901918,between_primary_runoff,12500,12500,2.00,2500,1
4704,C00901918,post_runoff,8500,8500,2.00,8500,2
4704,C00919084,between_primary_runoff,509940,509940,23.14,503000,23
4704,C00919084,post_runoff,296618,296618,7.92,273500,7
4704,C00919084,pre_primary,223300,223300,15.00,223300,15
4705,C00369033,pre_primary,400000,400000,2.00,400000,2
4705,C00901918,between_primary_runoff,385000,385000,4.00,385000,4
4705,C00901918,post_runoff,5000,5000,1.00,5000,1
4705,C00901918,pre_primary,250000,250000,2.00,250000,2
4705,C00919084,between_primary_runoff,1907172,1907172,124.28,1704000,121
4705,C00919084,post_runoff,1879274,1879274,88.38,1812580,86
4705,C00919084,pre_primary,1635880,1635880,74.78,1532833,73
4706,C00369033,pre_primary,100000,100000,2.00,50000,1
4706,C00901918,between_primary_runoff,396820,396820,12.00,371820,11
4706,C00901918,post_runoff,13500,13500,3.00,3500,2
4706,C00901918,pre_primary,876838,876838,28.00,876838,28
4706,C00919084,between_primary_runoff,535760,535760,68.99,511000,68
4706,C00919084,post_runoff,389892,389892,56.00,389892,56
4706,C00919084,pre_primary,630526,630526,48.00,630526,48
4707,C00369033,between_primary_runoff,100000,100000,1.00,100000,1
4707,C00369033,pre_primary,100000,100000,1.00,100000,1
4707,C00901918,between_primary_runoff,730410,380410,4.00,730410,4
4707,C00901918,post_runoff,20000,20000,2.00,20000,2
4707,C00901918,pre_primary,185000,185000,8.00,185000,8
4707,C00919084,between_primary_runoff,827153,827153,82.59,702027,77
4707,C00919084,post_runoff,849330,849330,57.62,821024,56
4707,C00919084,pre_primary,1500253,1500253,66.22,1398300,63
4708,C00369033,between_primary_runoff,50000,50000,1.00,50000,1
4708,C00901918,between_primary_runoff,20410,20410,2.00,20410,2
4708,C00901918,pre_primary,52051,52051,1.00,52051,1
4708,C00919084,between_primary_runoff,931109,931109,61.99,830796,50
4708,C00919084,post_runoff,465300,465300,38.00,440323,33
4708,C00919084,pre_primary,975990,975990,54.98,761492,45
4709,C00369033,pre_primary,52500,52500,2.00,52500,2
4709,C00919084,between_primary_runoff,322187,322187,30.01,322000,30
4709,C00919084,post_runoff,389269,389269,29.00,389246,29
4709,C00919084,pre_primary,150502,150502,7.02,150000,7
4801,C00369033,between_primary_runoff,1101850,1101850,28.00,876850,22
4801,C00369033,pre_primary,2404713,2404713,51.29,1880167,42
4801,C00901918,between_primary_runoff,2143811,2143811,100.41,1056107,87
4801,C00901918,post_runoff,972269,972269,56.43,905401,51
4801,C00901918,pre_primary,21309852,19909852,114.15,15733240,88
4801,C00919084,between_primary_runoff,6048626,6048626,501.89,5688382,456
4801,C00919084,post_runoff,4178585,4178585,350.15,3618477,313
4801,C00919084,pre_primary,5855040,5855040,399.00,5412532,362
4802,C00369033,between_primary_runoff,566174,566174,45.00,566174,45
4802,C00369033,pre_primary,1038100,1033100,82.00,1038100,82
4802,C00901918,between_primary_runoff,1308416,1308416,104.00,1146964,99
4802,C00901918,post_runoff,831010,831010,60.14,795531,58
4802,C00901918,pre_primary,6650236,6650236,95.15,5922478,87
4802,C00919084,between_primary_runoff,10516860,10516860,863.87,10117476,822
4802,C00919084,post_runoff,6363744,6363744,568.63,6212800,540
4802,C00919084,pre_primary,10874070,10874070,727.82,9710484,693
4803,C00369033,between_primary_runoff,1394000,1378985,27.00,1394000,27
4803,C00369033,pre_primary,2272034,2272034,43.94,2225000,43
4803,C00901918,between_primary_runoff,3727088,3727088,163.20,3555486,156
4803,C00901918,post_runoff,2244688,2244688,84.37,2206411,79
4803,C00901918,pre_primary,26158703,26148293,213.48,23858245,197
4803,C00919084,between_primary_runoff,11296413,11296413,1247.54,10727371,1184
4803,C00919084,post_runoff,9307076,9307076,850.60,8996131,817
4803,C00919084,pre_primary,11591272,11591272,937.57,10953418,886
4804,C00369033,between_primary_runoff,1768983,1768983,35.00,1768972,35
4804,C00369033,pre_primary,2427678,2427678,77.06,2281601,67
4804,C00901918,between_primary_runoff,1250298,1250298,101.09,1112134,94
4804,C00901918,post_runoff,1027679,975628,54.23,837643,49
4804,C00901918,pre_primary,23374595,23374595,183.93,20883293,169
4804,C00919084,between_primary_runoff,8643540,8643540,911.82,7491880,851
4804,C00919084,post_runoff,7098353,7098353,629.22,6742450,595
4804,C00919084,pre_primary,9275971,9275971,782.67,8412051,717
4805,C00369033,between_primary_runoff,680000,680000,12.00,330000,11
4805,C00369033,pre_primary,1067148,1067148,48.60,562500,39
4805,C00901918,between_primary_runoff,868581,868581,81.92,659886,77
4805,C00901918,post_runoff,563634,563634,44.39,538306,43
4805,C00901918,pre_primary,1920125,1920125,65.39,1624994,63
4805,C00919084,between_primary_runoff,3319217,3319217,394.30,3117797,361
4805,C00919084,post_runoff,2832541,2832541,273.18,2433358,246
4805,C00919084,pre_primary,4200525,4200525,284.64,4019933,264
4806,C00369033,between_primary_runoff,242797,242797,10.42,220000,7
4806,C00369033,pre_primary,461549,461549,61.13,260000,25
4806,C00901918,between_primary_runoff,1694811,1320045,94.27,1336574,78
4806,C00901918,post_runoff,306885,306885,53.72,256477,45
4806,C00901918,pre_primary,4057226,4057226,79.89,2140990,67
4806,C00919084,between_primary_runoff,4269310,4269310,470.74,3770566,436
4806,C00919084,post_runoff,3666997,3666997,328.61,3251168,301
4806,C00919084,pre_primary,4036373,4036373,329.62,3586002,303
4807,C00369033,between_primary_runoff,6801390,6801390,45.47,6451350,42
4807,C00369033,pre_primary,5627037,5627037,99.80,5607085,99
4807,C00901918,between_primary_runoff,1728890,1564719,46.90,1096960,44
4807,C00901918,post_runoff,1313449,1313449,40.17,1158224,38
4807,C00901918,pre_primary,12572339,12572339,64.73,12026842,63
4807,C00919084,between_primary_runoff,57146818,57146818,1927.80,55541057,1842
4807,C00919084,post_runoff,18396165,18331165,1113.37,17928326,1058
4807,C00919084,pre_primary,46943767,46943767,1804.90,44348998,1671
4808,C00369033,between_primary_runoff,201807,201807,9.96,196900,8
4808,C00369033,pre_primary,878300,878300,42.00,878300,42
4808,C00901918,between_primary_runoff,2486527,2486527,134.78,2374739,108
4808,C00901918,post_runoff,919944,909944,96.72,857992,87
4808,C00901918,pre_primary,9573140,9523140,195.44,6607446,163
4808,C00919084,between_primary_runoff,6515856,6515856,598.90,5885402,562
4808,C00919084,post_runoff,3919125,3919125,400.72,3680455,380
4808,C00919084,pre_primary,5629715,5629715,416.69,5156706,403
4809,C00369033,between_primary_runoff,292556,292556,11.25,281014,11
4809,C00369033,pre_primary,932000,932000,27.00,832000,26
4809,C00901918,between_primary_runoff,414564,414564,32.06,414251,32
4809,C00901918,post_runoff,891708,891708,17.01,865660,16
4809,C00901918,pre_primary,625835,625835,31.06,625526,31
4809,C00919084,between_primary_runoff,7822763,7822763,581.78,7686109,570
4809,C00919084,post_runoff,4149714,4149714,409.76,4109332,405
4809,C00919084,pre_primary,4928475,4928475,466.04,4881527,463
4810,C00369033,between_primary_runoff,1380907,1380907,35.09,1155750,32
4810,C00369033,pre_primary,3124061,3124061,91.95,2772529,77
4810,C00901918,between_primary_runoff,2502043,2502043,145.00,2061118,124
4810,C00901918,post_runoff,1400237,1400237,73.09,1087302,62
4810,C00901918,pre_primary,18314160,18304160,206.40,17491405,189
4810,C00919084,between_primary_runoff,28309335,28309335,2182.47,27147111,2087
4810,C00919084,post_runoff,15785101,15785101,1370.96,14879056,1309
4810,C00919084,pre_primary,29370570,29340570,1951.77,28430947,1883
4811,C00369033,between_primary_runoff,2097888,2097888,55.39,935950,42
4811,C00369033,pre_primary,1588397,1588397,98.89,771500,50
4811,C00901918,between_primary_runoff,3015068,2415068,79.27,2593507,66
4811,C00901918,post_runoff,851997,851997,35.83,597730,30
4811,C00901918,pre_primary,24802513,22702513,198.03,16078311,148
4811,C00919084,between_primary_runoff,5838179,5838179,596.69,4734936,514
4811,C00919084,post_runoff,3337223,3337223,356.11,2973744,313
4811,C00919084,pre_primary,5907245,5907245,499.77,4930634,412
4812,C00369033,between_primary_runoff,1666750,1666750,27.00,1616750,26
4812,C00369033,pre_primary,2767050,2767050,65.00,2037050,62
4812,C00901918,between_primary_runoff,3061643,3061643,183.17,2923120,170
4812,C00901918,post_runoff,1794497,1694497,99.02,1727036,91
4812,C00901918,pre_primary,14479048,14400973,273.06,12679833,259
4812,C00919084,between_primary_runoff,15958583,15958583,1300.32,15137178,1252
4812,C00919084,post_runoff,7958439,7958439,822.69,7569825,796
4812,C00919084,pre_primary,13176711,13176711,1080.15,12229159,1046
4813,C00369033,between_primary_runoff,1388084,1388084,30.56,781265,22
4813,C00369033,pre_primary,1648975,1648975,47.99,1055000,29
4813,C00901918,between_primary_runoff,2000381,2000381,111.00,1406245,103
4813,C00901918,post_runoff,735776,735776,60.00,728276,58
4813,C00901918,pre_primary,8430377,8430377,152.00,6978356,138
4813,C00919084,between_primary_runoff,6280137,6280137,786.98,5331261,732
4813,C00919084,post_runoff,4458412,4458412,540.06,3891118,501
4813,C00919084,pre_primary,6830098,6830098,627.02,6480570,597
4814,C00369033,between_primary_runoff,523850,523850,20.00,396250,16
4814,C00369033,pre_primary,2492717,2492717,67.08,2434900,66
4814,C00901918,between_primary_runoff,1136726,1136726,106.87,1132401,106
4814,C00901918,post_runoff,530033,530033,38.00,530033,38
4814,C00901918,pre_primary,3290779,3290779,76.87,3265634,72
4814,C00919084,between_primary_runoff,5642618,5642618,688.00,5362118,661
4814,C00919084,post_runoff,4588684,4588684,450.01,4396650,429
4814,C00919084,pre_primary,7433815,7433815,577.01,7097781,559
4815,C00369033,between_primary_runoff,237675,237675,6.11,160000,4
4815,C00369033,pre_primary,1171739,1171739,33.71,820000,9
4815,C00901918,between_primary_runoff,394623,394623,42.35,225296,29
4815,C00901918,post_runoff,215666,215666,37.64,193928,32
4815,C00901918,pre_primary,9088899,9088899,67.86,7972838,53
4815,C00919084,between_primary_runoff,2538154,2538154,416.72,1955642,355
4815,C00919084,post_runoff,2159980,2159980,273.53,1876872,236
4815,C00919084,pre_primary,3538250,3538250,241.23,2953838,205
4816,C00369033,between_primary_runoff,125000,125000,4.00,125000,4
4816,C00369033,pre_primary,1180000,1180000,8.00,830000,7
4816,C00901918,between_primary_runoff,962992,962992,26.00,952582,24
4816,C00901918,post_runoff,319629,319629,24.00,264424,22
4816,C00901918,pre_primary,5454958,5454958,44.00,5054982,39
4816,C00919084,between_primary_runoff,4137505,4137505,359.00,4062505,355
4816,C00919084,post_runoff,3642978,3642978,236.00,3505478,231
4816,C00919084,pre_primary,7831890,7831890,308.00,7281890,300
4817,C00369033,between_primary_runoff,768172,768172,19.42,490000,14
4817,C00369033,pre_primary,1308409,1308409,35.30,756000,27
4817,C00901918,between_primary_runoff,2698995,2698995,86.28,2093772,64
4817,C00901918,post_runoff,311959,311959,38.50,242642,27
4817,C00901918,pre_primary,7473358,7473358,93.61,6518686,76
4817,C00919084,between_primary_runoff,9300928,9300928,1058.76,7595148,977
4817,C00919084,post_runoff,6334197,6334197,711.06,5674547,647
4817,C00919084,pre_primary,10655454,10655454,907.63,8986941,837
4818,C00369033,between_primary_runoff,1336016,1336016,7.68,1310000,7
4818,C00369033,pre_primary,1375000,1375000,8.00,1375000,8
4818,C00901918,between_primary_runoff,714870,714870,73.33,666183,60
4818,C00901918,post_runoff,531216,520806,33.04,498793,26
4818,C00901918,pre_primary,7548263,7548263,70.22,6130135,53
4818,C00919084,between_primary_runoff,19019788,19019788,957.14,17735873,912
4818,C00919084,post_runoff,9338228,9338228,629.60,8356352,598
4818,C00919084,pre_primary,18781220,18781220,906.53,17500668,861
4819,C00369033,between_primary_runoff,1145000,1145000,22.00,745000,19
4819,C00369033,pre_primary,1651025,1651025,36.01,1200000,34
4819,C00901918,between_primary_runoff,2318521,2318521,128.16,2144302,109
4819,C00901918,post_runoff,845658,845658,67.07,809484,60
4819,C00901918,pre_primary,24661167,24546811,167.29,18823565,145
4819,C00919084,between_primary_runoff,5601738,5601738,517.99,4785093,482
4819,C00919084,post_runoff,2763094,2763094,354.00,2500182,327
4819,C00919084,pre_primary,5292011,5292011,384.97,4322689,328
4820,C00369033,between_primary_runoff,357759,357759,7.73,150000,6
4820,C00369033,pre_primary,453097,453097,28.91,72000,16
4820,C00901918,between_primary_runoff,172651,172651,19.55,142206,16
4820,C00901918,post_runoff,232333,232333,16.92,227742,16
4820,C00901918,pre_primary,158855,158855,30.43,120182,23
4820,C00919084,between_primary_runoff,3285343,3285343,476.30,2974501,446
4820,C00919084,post_runoff,2098467,2098467,340.05,1959648,319
4820,C00919084,pre_primary,4205089,4205089,324.74,2911397,309
4821,C00369033,between_primary_runoff,7041190,7038390,102.25,6451175,89
4821,C00369033,pre_primary,9965579,9965579,181.70,8818879,165
4821,C00901918,between_primary_runoff,5087357,5087357,274.06,4999766,264
4821,C00901918,post_runoff,2556034,2556034,176.14,2419855,170
4821,C00901918,pre_primary,20495419,20485009,316.09,20267884,302
4821,C00919084,between_primary_runoff,35379931,35379931,3249.65,32770093,3096
4821,C00919084,post_runoff,21676205,21676205,2217.81,20721653,2122
4821,C00919084,pre_primary,42595101,42595101,2596.01,39460382,2430
4822,C00369033,between_primary_runoff,736947,736947,21.98,731500,20
4822,C00369033,pre_primary,495125,495125,12.04,495015,12
4822,C00901918,between_primary_runoff,3312384,2962384,213.21,3216726,207
4822,C00901918,post_runoff,1412446,1412446,96.84,1344606,88
4822,C00901918,pre_primary,7675455,7675455,194.06,6154483,177
4822,C00919084,between_primary_runoff,9784579,9784579,915.09,9547219,885
4822,C00919084,post_runoff,5928321,5928321,594.64,5608023,570
4822,C00919084,pre_primary,12086997,12086997,735.34,11606660,710
4823,C00369033,between_primary_runoff,647115,647115,15.91,324535,13
4823,C00369033,pre_primary,1627117,1627117,42.10,1030536,36
4823,C00901918,between_primary_runoff,1616789,1602433,111.45,1440123,106
4823,C00901918,post_runoff,1951534,1951534,45.37,1334615,41
4823,C00901918,pre_primary,4768252,4068252,97.43,3522957,87
4823,C00919084,between_primary_runoff,8669579,8669579,891.05,7882722,780
4823,C00919084,post_runoff,4878331,4878331,547.92,4158144,467
4823,C00919084,pre_primary,9746479,9746479,743.24,8099410,630
4824,C00369033,between_primary_runoff,10372427,10372427,96.96,9788301,93
4824,C00369033,pre_primary,16088283,16088283,221.40,15772155,208
4824,C00901918,between_primary_runoff,6286693,5855931,197.56,6125102,175
4824,C00901918,post_runoff,7932623,7932623,122.71,7717671,110
4824,C00901918,pre_primary,77056278,75401541,338.91,73596717,300
4824,C00919084,between_primary_runoff,43417322,43417322,2258.45,41822287,2198
4824,C00919084,post_runoff,22899634,22899634,1466.42,22402247,1435
4824,C00919084,pre_primary,64171765,64171765,1943.73,60910101,1891
4825,C00369033,between_primary_runoff,660500,660500,22.00,260500,18
4825,C00369033,pre_primary,829051,829051,82.99,617520,76
4825,C00901918,between_primary_runoff,1783212,1783212,162.04,1542597,136
4825,C00901918,post_runoff,651793,633598,91.46,546647,83
4825,C00901918,pre_primary,4728426,4728426,153.85,2965588,129
4825,C00919084,between_primary_runoff,6378051,6378051,877.37,5340466,774
4825,C00919084,post_runoff,5753438,5753438,556.79,5085882,493
4825,C00919084,pre_primary,9611981,9611981,678.88,8027314,555
4826,C00369033,between_primary_runoff,389420,389420,18.44,350000,16
4826,C00369033,pre_primary,2173420,2173420,75.04,1356000,57
4826,C00901918,between_primary_runoff,2363680,1363680,115.37,2243177,109
4826,C00901918,post_runoff,1193536,1193536,66.35,1112210,61
4826,C00901918,pre_primary,15776544,15776544,153.57,15087732,144
4826,C00919084,between_primary_runoff,15642256,15642256,1052.44,13874287,1032
4826,C00919084,post_runoff,6540920,6540920,707.72,6440930,697
4826,C00919084,pre_primary,8614824,8564824,675.90,8206066,657
4827,C00369033,between_primary_runoff,1482966,1482966,20.01,319100,11
4827,C00369033,pre_primary,846124,846124,52.00,797625,48
4827,C00901918,between_primary_runoff,3626346,3626346,133.88,2592953,92
4827,C00901918,post_runoff,753499,753499,65.02,436113,50
4827,C00901918,pre_primary,2656288,2656288,122.04,2019588,95
4827,C00919084,between_primary_runoff,5476122,5476122,641.23,4761311,582
4827,C00919084,post_runoff,5008433,5008433,400.84,4335251,352
4827,C00919084,pre_primary,8994079,8994079,491.96,7429867,433
4828,C00369033,between_primary_runoff,165063,115007,5.00,15000,2
4828,C00369033,pre_primary,1447130,1447130,27.29,995056,25
4828,C00901918,between_primary_runoff,372593,372593,41.93,308901,40
4828,C00901918,post_runoff,217932,217932,21.73,166299,20
4828,C00901918,pre_primary,1548412,1548412,49.22,1450154,46
4828,C00919084,between_primary_runoff,2110218,2110218,293.31,1987409,276
4828,C00919084,post_runoff,1247246,1247246,200.11,1094400,183
4828,C00919084,pre_primary,2589595,2589595,239.45,2399358,225
4829,C00369033,pre_primary,200000,200000,4.00,200000,4
4829,C00901918,between_primary_runoff,129433,129433,14.80,128960,14
4829,C00901918,post_runoff,47677,47677,8.40,47525,8
4829,C00901918,pre_primary,1278052,1278052,24.36,1276986,23
4829,C00919084,between_primary_runoff,3413729,3413729,228.54,3219500,221
4829,C00919084,post_runoff,1880648,1880648,144.14,1874168,142
4829,C00919084,pre_primary,3192537,3192537,159.93,3163565,155
4830,C00369033,between_primary_runoff,3739388,3739388,16.20,3310000,15
4830,C00369033,pre_primary,3299865,3299865,49.95,3142500,46
4830,C00901918,between_primary_runoff,2165397,1815397,30.90,2126360,27
4830,C00901918,post_runoff,2398528,2384172,21.55,2379867,19
4830,C00901918,pre_primary,19126667,19126667,62.31,18430464,58
4830,C00919084,between_primary_runoff,15532333,15532333,886.01,13694399,855
4830,C00919084,post_runoff,8753092,8753092,572.29,8266710,551
4830,C00919084,pre_primary,32170964,32170964,874.73,29340242,831
4831,C00369033,between_primary_runoff,1602540,1602540,108.79,1457504,106
4831,C00369033,pre_primary,2894972,2894972,81.13,2283530,76
4831,C00901918,between_primary_runoff,3023521,3023521,255.59,2663951,225
4831,C00901918,post_runoff,912674,875869,219.60,864468,213
4831,C00901918,pre_primary,7696227,7696227,172.58,6018438,150
4831,C00919084,between_primary_runoff,19095573,19095573,2312.10,17231103,2126
4831,C00919084,post_runoff,13024161,13024161,1461.70,12137041,1381
4831,C00919084,pre_primary,20884778,20884778,1966.56,18850317,1825
4832,C00369033,between_primary_runoff,1166486,1166486,15.84,1015000,13
4832,C00369033,pre_primary,2589157,2589157,56.17,1992500,45
4832,C00901918,between_primary_runoff,2189175,1791600,87.92,2181975,87
4832,C00901918,post_runoff,1120130,1120130,73.97,953148,66
4832,C00901918,pre_primary,15967381,15267381,114.78,15582431,113
4832,C00919084,between_primary_runoff,21753235,21753235,1446.70,20995332,1406
4832,C00919084,post_runoff,13025343,13025343,1024.25,12581843,986
4832,C00919084,pre_primary,32470263,32470263,1244.75,31132570,1216
4833,C00369033,between_primary_runoff,78750,78750,6.00,48750,4
4833,C00369033,pre_primary,416262,416262,8.06,405000,6
4833,C00901918,between_primary_runoff,332623,332623,22.00,332623,22
4833,C00901918,post_runoff,64555,64555,7.80,44684,7
4833,C00901918,pre_primary,4686857,4686857,14.98,2597389,13
4833,C00919084,between_primary_runoff,3766107,3766107,311.27,3514358,295
4833,C00919084,post_runoff,2687153,2687153,233.77,2296164,220
4833,C00919084,pre_primary,3839466,3839466,218.33,3421591,205
4834,C00369033,between_primary_runoff,654845,654845,19.89,495020,13
4834,C00369033,pre_primary,1235000,1235000,50.00,1035000,20
4834,C00901918,between_primary_runoff,819252,752844,30.56,708762,28
4834,C00901918,post_runoff,204299,204299,14.33,203466,14
4834,C00901918,pre_primary,583754,583754,32.00,568754,29
4834,C00919084,between_primary_runoff,1491271,1491271,212.46,1283393,184
4834,C00919084,post_runoff,1265949,1265949,157.00,1157115,138
4834,C00919084,pre_primary,1684777,1684777,150.75,1102426,134
4835,C00369033,between_primary_runoff,542096,541696,21.03,437786,20
4835,C00369033,pre_primary,1356851,1356851,30.34,618960,28
4835,C00901918,between_primary_runoff,1755394,1726682,53.07,1723295,50
4835,C00901918,post_runoff,329538,329538,25.90,294325,23
4835,C00901918,pre_primary,4173594,4173594,139.00,3809066,124
4835,C00919084,between_primary_runoff,13931509,13931509,1338.95,13251004,1286
4835,C00919084,post_runoff,6766515,6766515,806.57,6447646,774
4835,C00919084,pre_primary,19736160,19736160,1148.66,19384226,1123
4836,C00369033,between_primary_runoff,482500,482500,14.00,372500,10
4836,C00369033,pre_primary,904197,904197,157.92,462014,138
4836,C00901918,between_primary_runoff,1028621,1028621,96.00,993416,88
4836,C00901918,post_runoff,863527,863527,48.00,825027,42
4836,C00901918,pre_primary,3227187,3202187,103.00,2345162,89
4836,C00919084,between_primary_runoff,4867280,4867280,565.77,4729555,541
4836,C00919084,post_runoff,4006660,4006660,359.96,3947186,352
4836,C00919084,pre_primary,4116961,4116961,425.07,4016611,410
4837,C00369033,between_primary_runoff,5144430,5144430,70.00,5019430,66
4837,C00369033,pre_primary,13246989,13246989,180.01,12956188,164
4837,C00901918,between_primary_runoff,4486135,3971779,69.08,4397240,57
4837,C00901918,post_runoff,3328345,3285277,87.00,2464208,80
4837,C00901918,pre_primary,22177568,20077568,109.01,21270862,89
4837,C00919084,between_primary_runoff,106348233,106348233,6854.33,103721487,6677
4837,C00919084,post_runoff,51728501,51728501,4202.83,50194788,4093
4837,C00919084,pre_primary,143943704,143938704,6485.20,139107500,6297
4838,C00369033,between_primary_runoff,9202555,9202555,69.62,9080100,68
4838,C00369033,pre_primary,9590800,9572800,91.20,9585752,91
4838,C00901918,between_primary_runoff,4543343,3847104,157.97,4464210,151
4838,C00901918,post_runoff,3477453,3477453,112.54,3448340,109
4838,C00901918,pre_primary,30644979,29944979,227.82,29404297,221
4838,C00919084,between_primary_runoff,52309748,52309748,1667.27,51543732,1614
4838,C00919084,post_runoff,15215921,15215921,1037.93,14860501,1012
4838,C00919084,pre_primary,50879550,50879550,1507.74,50301903,1457
4901,C00369033,between_primary_runoff,250613,250613,2.00,250000,2
4901,C00369033,pre_primary,50000,50000,1.00,50000,1
4901,C00901918,between_primary_runoff,25000,25000,1.00,25000,1
4901,C00901918,post_runoff,15000,15000,1.00,15000,1
4901,C00901918,pre_primary,627086,627086,5.00,627051,5
4901,C00919084,between_primary_runoff,494839,494839,44.48,480000,43
4901,C00919084,post_runoff,795047,795047,49.74,721000,40
4901,C00919084,pre_primary,628339,628339,30.48,563500,28
4902,C00901918,post_runoff,45000,45000,3.00,45000,3
4902,C00901918,pre_primary,930000,930000,6.00,930000,6
4902,C00919084,between_primary_runoff,430161,430161,48.52,409000,44
4902,C00919084,post_runoff,226162,226162,34.26,146615,28
4902,C00919084,pre_primary,577661,577661,17.52,522500,16
4903,C00369033,between_primary_runoff,374387,374387,2.00,25000,1
4903,C00369033,pre_primary,543582,543582,1.87,500000,1
4903,C00901918,between_primary_runoff,66641,66641,7.00,66641,7
4903,C00901918,pre_primary,7736482,7736482,20.44,7172903,16
4903,C00919084,between_primary_runoff,1242641,1242641,84.41,843500,80
4903,C00919084,post_runoff,1263096,1263096,64.61,859000,59
4903,C00919084,pre_primary,961282,961282,55.61,863000,53
4904,C00369033,between_primary_runoff,50000,50000,1.00,50000,1
4904,C00369033,pre_primary,8418,8418,4.13,2000,4
4904,C00901918,between_primary_runoff,3123,3123,1.00,0,0
4904,C00901918,post_runoff,5000,5000,2.00,5000,2
4904,C00901918,pre_primary,456386,456386,2.56,400000,2
4904,C00919084,between_primary_runoff,240059,240059,16.59,210500,12
4904,C00919084,post_runoff,190426,190426,15.39,186520,15
4904,C00919084,pre_primary,394218,394218,9.39,382500,9
5000,C00369033,pre_primary,50000,50000,1.00,50000,1
5000,C00901918,between_primary_runoff,5000,5000,1.00,5000,1
5000,C00919084,between_primary_runoff,2043627,2043627,166.00,1928627,150
5000,C00919084,post_runoff,1814008,1814008,135.00,1500508,118
5000,C00919084,pre_primary,1731481,1731481,127.00,1573981,112
5101,C00369033,between_primary_runoff,112811,112811,3.28,110000,3
5101,C00901918,between_primary_runoff,134574,134574,11.00,99000,5
5101,C00901918,post_runoff,51345,51345,4.00,51345,4
5101,C00901918,pre_primary,96025,96025,5.00,91025,4
5101,C00919084,between_primary_runoff,905994,905994,91.28,825200,82
5101,C00919084,post_runoff,776691,776691,64.70,721978,59
5101,C00919084,pre_primary,475565,475565,30.86,417500,27
5102,C00369033,between_primary_runoff,50000,50000,1.00,50000,1
5102,C00369033,pre_primary,50000,50000,1.00,50000,1
5102,C00901918,between_primary_runoff,3123,3123,1.00,3123,1
5102,C00901918,post_runoff,8726,8726,3.00,8726,3
5102,C00901918,pre_primary,5000,5000,1.00,5000,1
5102,C00919084,between_primary_runoff,139978,139978,40.00,114950,37
5102,C00919084,post_runoff,380541,380541,32.00,380527,32
5102,C00919084,pre_primary,390100,390100,17.00,380100,16
5103,C00369033,pre_primary,70000,70000,3.00,70000,3
5103,C00901918,between_primary_runoff,53092,53092,8.00,53092,8
5103,C00901918,post_runoff,30000,30000,2.00,30000,2
5103,C00919084,between_primary_runoff,503000,503000,30.00,498000,28
5103,C00919084,post_runoff,137323,137323,20.00,134823,19
5103,C00919084,pre_primary,79500,79500,18.00,79500,18
5104,C00369033,between_primary_runoff,7189,7189,0.72,0,0
5104,C00369033,pre_primary,50000,50000,1.00,0,0
5104,C00901918,pre_primary,30000,30000,2.00,30000,2
5104,C00919084,between_primary_runoff,543138,543138,38.42,537596,38
5104,C00919084,post_runoff,408614,408614,32.00,408605,32
5104,C00919084,pre_primary,297404,297404,22.14,265500,21
5105,C00369033,between_primary_runoff,410000,410000,3.00,50000,1
5105,C00369033,pre_primary,790000,790000,3.00,90000,2
5105,C00901918,between_primary_runoff,8500,8500,2.00,3500,1
5105,C00901918,post_runoff,12500,12500,2.00,12500,2
5105,C00901918,pre_primary,57255,57255,2.00,57255,2
5105,C00919084,between_primary_runoff,1303564,1303564,93.30,1192400,89
5105,C00919084,post_runoff,1068358,1068358,76.30,766120,68
5105,C00919084,pre_primary,2805295,2805295,69.99,2705700,68
5106,C00369033,between_primary_runoff,46453,46453,0.13,0,0
5106,C00369033,pre_primary,196453,196453,3.13,150000,3
5106,C00901918,between_primary_runoff,10470,10470,0.52,0,0
5106,C00901918,post_runoff,4873,4873,1.17,4000,1
5106,C00919084,between_primary_runoff,636372,636372,78.00,571400,73
5106,C00919084,post_runoff,367583,367583,63.00,297597,60
5106,C00919084,pre_primary,309336,309336,50.01,308900,50
5107,C00901918,between_primary_runoff,16747,16747,6.00,16747,6
5107,C00901918,post_runoff,57779,57779,5.00,57779,5
5107,C00901918,pre_primary,35000,35000,3.00,35000,3
5107,C00919084,between_primary_runoff,378094,378094,68.98,371505,68
5107,C00919084,post_runoff,592254,592254,73.33,590986,73
5107,C00919084,pre_primary,358126,358126,20.00,358126,20
5108,C00369033,between_primary_runoff,3944102,3944102,39.00,3944102,39
5108,C00369033,pre_primary,6408548,6408548,96.00,6408548,96
5108,C00901918,between_primary_runoff,185011,185011,12.00,185011,12
5108,C00901918,post_runoff,1033833,1033833,8.00,1033833,8
5108,C00901918,pre_primary,829110,829110,12.00,829110,12
5108,C00919084,between_primary_runoff,6189756,6189756,361.00,6144856,353
5108,C00919084,post_runoff,4888668,4888668,267.00,4842668,262
5108,C00919084,pre_primary,8773213,8773213,274.00,8681820,257
5109,C00369033,between_primary_runoff,303547,303547,0.87,0,0
5109,C00369033,pre_primary,353547,353547,1.87,50000,1
5109,C00901918,between_primary_runoff,114530,114530,9.48,60000,6
5109,C00901918,post_runoff,25127,25127,3.83,16000,2
5109,C00901918,pre_primary,5000,5000,1.00,5000,1
5109,C00919084,between_primary_runoff,807200,807200,47.00,779700,44
5109,C00919084,post_runoff,290100,290100,30.00,190100,29
5109,C00919084,pre_primary,484600,484600,38.00,484600,38
5110,C00369033,between_primary_runoff,302051,302051,4.00,302051,4
5110,C00369033,pre_primary,50000,50000,1.00,50000,1
5110,C00901918,between_primary_runoff,51025,51025,4.00,51025,4
5110,C00901918,post_runoff,154102,154102,2.00,154102,2
5110,C00901918,pre_primary,121025,121025,7.00,121025,7
5110,C00919084,between_primary_runoff,819619,819619,92.07,635500,77
5110,C00919084,post_runoff,775263,775263,70.72,710346,63
5110,C00919084,pre_primary,1052416,1052416,48.09,1001500,46
5111,C00369033,between_primary_runoff,1253801,1253801,12.00,1253801,12
5111,C00369033,pre_primary,685000,685000,8.00,685000,8
5111,C00901918,between_primary_runoff,621164,621164,40.00,621164,40
5111,C00901918,post_runoff,270731,270731,23.00,270731,23
5111,C00901918,pre_primary,1214707,1214707,54.00,1214707,54
5111,C00919084,between_primary_runoff,2311342,2311342,127.95,1996800,119
5111,C00919084,post_runoff,1876705,1876705,103.95,1777850,101
5111,C00919084,pre_primary,3506991,3506991,128.91,3427800,123
5301,C00369033,pre_primary,1350000,1200000,4.00,1350000,4
5301,C00901918,pre_primary,110000,110000,4.00,0,0
5301,C00919084,between_primary_runoff,3060693,3060693,166.53,2697232,163
5301,C00919084,post_runoff,1220078,1220078,111.20,1087829,105
5301,C00919084,pre_primary,1521865,1521865,76.29,1493300,74
5302,C00369033,pre_primary,350000,350000,1.00,0,0
5302,C00901918,between_primary_runoff,366400,366400,5.00,350000,1
5302,C00901918,post_runoff,3045,3045,2.00,0,0
5302,C00901918,pre_primary,5000,5000,1.00,0,0
5302,C00919084,between_primary_runoff,1809855,1809855,168.21,1560090,144
5302,C00919084,post_runoff,1505175,1505175,122.07,1330767,105
5302,C00919084,pre_primary,2016088,2016088,166.28,1898527,149
5303,C00369033,between_primary_runoff,50000,50000,1.00,50000,1
5303,C00369033,pre_primary,50000,50000,1.00,50000,1
5303,C00901918,between_primary_runoff,1957,1957,0.49,0,0
5303,C00901918,post_runoff,11233,11233,1.98,7808,1
5303,C00901918,pre_primary,11008,11008,1.96,0,0
5303,C00919084,between_primary_runoff,838044,838044,98.54,656326,90
5303,C00919084,post_runoff,522559,522559,65.17,506416,62
5303,C00919084,pre_primary,642665,642665,58.12,629324,54
5304,C00901918,between_primary_runoff,60410,60410,3.00,60410,3
5304,C00901918,post_runoff,20000,20000,1.00,20000,1
5304,C00901918,pre_primary,25000,25000,1.00,25000,1
5304,C00919084,between_primary_runoff,487577,487577,74.91,458200,69
5304,C00919084,post_runoff,384574,384574,40.92,270696,34
5304,C00919084,pre_primary,645879,645879,51.88,494620,39
5305,C00369033,pre_primary,100000,100000,1.00,100000,1
5305,C00901918,between_primary_runoff,208204,208204,2.00,208204,2
5305,C00901918,post_runoff,169583,65481,6.00,169583,6
5305,C00919084,between_primary_runoff,474000,474000,77.00,471500,76
5305,C00919084,post_runoff,950300,950300,49.00,555300,45
5305,C00919084,pre_primary,585000,585000,48.00,585000,48
5306,C00369033,between_primary_runoff,50000,50000,1.00,50000,1
5306,C00901918,between_primary_runoff,11500,11500,5.00,11500,5
5306,C00901918,post_runoff,6872,6872,2.00,6872,2
5306,C00901918,pre_primary,40820,40820,2.00,20000,1
5306,C00919084,between_primary_runoff,2848520,2848520,222.00,2613520,205
5306,C00919084,post_runoff,1250593,1250593,123.00,1146593,112
5306,C00919084,pre_primary,1709131,1709131,152.00,1452627,138
5307,C00369033,pre_primary,25000,25000,1.00,25000,1
5307,C00901918,between_primary_runoff,10000,10000,1.00,10000,1
5307,C00901918,pre_primary,161357,161357,7.00,161357,7
5307,C00919084,between_primary_runoff,12289562,12289562,483.87,11520396,474
5307,C00919084,post_runoff,6966663,6966663,345.84,6186809,338
5307,C00919084,pre_primary,6773282,6773282,302.97,6563750,295
5308,C00901918,between_primary_runoff,95820,95820,4.00,95820,4
5308,C00901918,pre_primary,130205,130205,5.00,130205,5
5308,C00919084,between_primary_runoff,1731829,1731829,136.39,1558914,126
5308,C00919084,post_runoff,1917026,1917026,110.72,1732113,100
5308,C00919084,pre_primary,2453185,2453185,88.40,2349427,78
5309,C00369033,between_primary_runoff,100000,100000,1.00,100000,1
5309,C00369033,pre_primary,375000,375000,2.00,375000,2
5309,C00901918,pre_primary,88076,88076,3.00,88076,3
5309,C00919084,between_primary_runoff,3206380,3206380,125.00,3169717,124
5309,C00919084,post_runoff,1609613,1609613,79.17,1587941,78
5309,C00919084,pre_primary,1706104,1706104,76.06,1692820,72
5310,C00901918,between_primary_runoff,77043,77043,2.51,0,0
5310,C00901918,post_runoff,53575,53575,2.02,0,0
5310,C00901918,pre_primary,11492,11492,2.04,0,0
5310,C00919084,between_primary_runoff,870408,870408,126.55,759673,121
5310,C00919084,post_runoff,1001999,1001999,78.91,847220,73
5310,C00919084,pre_primary,590620,590620,68.00,510624,65
5401,C00369033,pre_primary,50000,50000,1.00,0,0
5401,C00901918,between_primary_runoff,9500,9500,4.00,4500,3
5401,C00901918,post_runoff,1500,1500,1.00,1500,1
5401,C00901918,pre_primary,10000,10000,2.00,10000,2
5401,C00919084,between_primary_runoff,472500,472500,15.00,467500,13
5401,C00919084,post_runoff,312587,312587,6.01,280000,3
5401,C00919084,pre_primary,575000,575000,11.00,475000,10
5402,C00369033,between_primary_runoff,2500,2500,1.00,2500,1
5402,C00369033,pre_primary,35000,35000,14.00,35000,14
5402,C00901918,between_primary_runoff,60320,60320,6.00,60320,6
5402,C00901918,post_runoff,10410,10410,1.00,10410,1
5402,C00901918,pre_primary,10500,10500,2.00,10500,2
5402,C00919084,between_primary_runoff,202320,202320,29.00,113000,16
5402,C00919084,post_runoff,179809,179809,27.99,130000,19
5402,C00919084,pre_primary,247000,247000,21.00,236000,16
5501,C00901918,between_primary_runoff,50000,50000,1.00,50000,1
5501,C00901918,post_runoff,10000,10000,1.00,10000,1
5501,C00919084,between_primary_runoff,375956,375956,34.71,271500,33
5501,C00919084,post_runoff,155987,155987,15.46,154800,15
5501,C00919084,pre_primary,291500,291500,30.00,231500,24
5502,C00369033,between_primary_runoff,50000,50000,1.00,50000,1
5502,C00369033,pre_primary,25000,25000,1.00,25000,1
5502,C00901918,between_primary_runoff,43500,43500,7.00,43500,7
5502,C00901918,post_runoff,85000,85000,3.00,35000,2
5502,C00901918,pre_primary,126115,126115,13.00,126115,13
5502,C00919084,between_primary_runoff,804848,804848,84.00,793348,82
5502,C00919084,post_runoff,944687,944687,67.00,870187,61
5502,C00919084,pre_primary,1021957,1021957,63.00,1021957,63
5503,C00369033,pre_primary,25000,25000,10.00,25000,10
5503,C00901918,between_primary_runoff,5299,5299,0.51,0,0
5503,C00919084,between_primary_runoff,100032,100032,16.00,95000,14
5503,C00919084,post_runoff,116740,116740,14.00,114224,13
5503,C00919084,pre_primary,302500,302500,13.00,302500,13
5504,C00369033,between_primary_runoff,100000,100000,1.00,100000,1
5504,C00369033,pre_primary,100000,100000,1.00,100000,1
5504,C00901918,between_primary_runoff,12500,12500,5.00,12500,5
5504,C00901918,post_runoff,2525,2525,2.00,2525,2
5504,C00919084,between_primary_runoff,379700,379700,49.00,379700,49
5504,C00919084,post_runoff,445640,445640,39.00,435640,38
5504,C00919084,pre_primary,1066296,1066296,30.00,1051296,27
5505,C00369033,pre_primary,52400,52400,3.00,52400,3
5505,C00901918,between_primary_runoff,30000,30000,2.00,30000,2
5505,C00919084,between_primary_runoff,289376,289376,35.28,210200,26
5505,C00919084,post_runoff,501228,501228,34.54,487415,31
5505,C00919084,pre_primary,156300,156300,12.00,146300,11
5506,C00901918,between_primary_runoff,5111,5111,0.49,0,0
5506,C00919084,between_primary_runoff,229899,229899,21.01,209831,20
5506,C00919084,post_runoff,224200,224200,17.00,214200,16
5506,C00919084,pre_primary,384700,384700,18.00,374700,17
5507,C00369033,between_primary_runoff,100000,100000,1.00,100000,1
5507,C00369033,pre_primary,100000,100000,1.00,100000,1
5507,C00901918,between_primary_runoff,26025,26025,1.00,26025,1
5507,C00919084,between_primary_runoff,244668,244668,25.00,229700,22
5507,C00919084,post_runoff,207128,207128,20.00,146948,17
5507,C00919084,pre_primary,312500,312500,14.00,177500,8
5508,C00901918,between_primary_runoff,25000,25000,1.00,25000,1
5508,C00901918,pre_primary,75000,75000,2.00,75000,2
5508,C00919084,between_primary_runoff,229700,229700,27.00,174700,25
5508,C00919084,post_runoff,118896,118896,19.00,108396,16
5508,C00919084,pre_primary,135526,135526,17.00,135526,17
5600,C00369033,between_primary_runoff,50000,50000,1.00,50000,1
5600,C00369033,pre_primary,50000,50000,1.00,50000,1
5600,C00901918,between_primary_runoff,60599,60599,5.00,60599,5
5600,C00901918,post_runoff,15000,15000,2.00,15000,2
5600,C00901918,pre_primary,1522870,1522870,8.00,72870,4
5600,C00919084,between_primary_runoff,1452734,1452734,42.00,811900,32
5600,C00919084,post_runoff,1865896,1865896,42.00,1100896,31
5600,C00919084,pre_primary,2218400,2218400,34.00,478500,14
7200,C00369033,between_primary_runoff,1400000,1400000,2.00,0,0
7200,C00901918,between_primary_runoff,104102,104102,1.00,104102,1
7200,C00901918,pre_primary,350000,350000,1.00,350000,1
7200,C00919084,between_primary_runoff,1400,1400,2.00,1400,2
7200,C00919084,post_runoff,759227,759227,5.00,409227,4
7200,C00919084,pre_primary,90000,90000,5.00,70000,3
