geoid,candidate,phase,positive_cents,net_cents,count,address_cents,address_count
01001,C00919084,between_primary_runoff,2194,2194,0.33,0,0
01003,C00369033,between_primary_runoff,2500,2500,1.00,2500,1
01003,C00369033,pre_primary,35000,35000,14.00,35000,14
01003,C00901918,between_primary_runoff,10000,10000,1.00,10000,1
01003,C00919084,between_primary_runoff,217000,217000,36.00,207000,35
01003,C00919084,post_runoff,196000,196000,25.00,176000,23
01003,C00919084,pre_primary,329601,329601,38.00,298601,34
01005,C00919084,between_primary_runoff,2500,2500,1.00,2500,1
01005,C00919084,post_runoff,13000,13000,3.00,13000,3
01009,C00919084,between_primary_runoff,69,69,0.03,0,0
01009,C00919084,post_runoff,825,825,0.06,0,0
01015,C00901918,pre_primary,50000,50000,3.00,50000,3
01015,C00919084,between_primary_runoff,5000,5000,2.00,5000,2
01015,C00919084,post_runoff,14127,14127,3.00,14127,3
01017,C00901918,between_primary_runoff,34276,34276,4.00,34276,4
01017,C00901918,post_runoff,2000,2000,1.00,2000,1
01017,C00901918,pre_primary,10000,10000,1.00,10000,1
01021,C00919084,between_primary_runoff,17806,17806,2.67,0,0
01027,C00901918,between_primary_runoff,39000,39000,5.00,39000,5
01027,C00901918,post_runoff,11000,11000,2.00,11000,2
01033,C00901918,between_primary_runoff,20000,20000,3.00,20000,3
01033,C00901918,pre_primary,5000,5000,1.00,5000,1
01033,C00919084,between_primary_runoff,25000,25000,1.00,25000,1
01033,C00919084,post_runoff,2468,2468,0.02,0,0
01033,C00919084,pre_primary,60000,60000,2.00,60000,2
01043,C00919084,between_primary_runoff,3,3,0.00,0,0
01043,C00919084,post_runoff,31,31,0.00,0,0
01043,C00919084,pre_primary,50000,50000,1.00,50000,1
01047,C00919084,post_runoff,6000,6000,2.00,6000,2
01051,C00919084,between_primary_runoff,1000,1000,2.00,1000,2
01051,C00919084,post_runoff,7624,7624,2.00,7624,2
01051,C00919084,pre_primary,5000,5000,2.00,5000,2
01055,C00901918,between_primary_runoff,8644,8644,2.00,8644,2
01055,C00901918,post_runoff,9644,9644,2.00,9644,2
01057,C00919084,pre_primary,50000,50000,1.00,50000,1
01059,C00919084,between_primary_runoff,10903,10903,2.62,0,0
01059,C00919084,pre_primary,15265,15265,2.62,0,0
01067,C00919084,between_primary_runoff,20000,20000,1.00,20000,1
01067,C00919084,pre_primary,50000,50000,1.00,50000,1
01071,C00919084,between_primary_runoff,40000,40000,1.00,40000,1
01071,C00919084,pre_primary,150000,150000,1.00,150000,1
01073,C00369033,between_primary_runoff,175000,175000,4.00,175000,4
01073,C00369033,pre_primary,100000,100000,2.00,100000,2
01073,C00901918,between_primary_runoff,302600,302600,2.00,302600,2
01073,C00901918,post_runoff,58328,58328,4.00,58328,4
01073,C00901918,pre_primary,50000,50000,2.00,50000,2
01073,C00919084,between_primary_runoff,265820,265820,36.00,265820,36
01073,C00919084,post_runoff,325820,325820,30.00,300820,29
01073,C00919084,pre_primary,743903,743903,34.55,688827,34
01077,C00919084,post_runoff,15000,15000,3.00,15000,3
01079,C00919084,post_runoff,97532,97532,0.98,0,0
01081,C00919084,between_primary_runoff,15500,15500,3.00,15500,3
01081,C00919084,post_runoff,25000,25000,1.00,25000,1
01083,C00919084,between_primary_runoff,38701,38701,2.74,35000,2
01083,C00919084,post_runoff,56234,56234,3.25,0,0
01083,C00919084,pre_primary,52468,52468,2.49,0,0
01089,C00901918,between_primary_runoff,25000,25000,4.00,25000,4
01089,C00901918,post_runoff,5000,5000,1.00,5000,1
01089,C00901918,pre_primary,50410,50410,9.00,50410,9
01089,C00919084,between_primary_runoff,393364,393364,46.26,282065,43
01089,C00919084,post_runoff,294371,294371,27.75,240605,26
01089,C00919084,pre_primary,155332,155332,19.51,97800,17
01091,C00901918,between_primary_runoff,10000,10000,2.00,10000,2
01093,C00369033,pre_primary,29296,29296,38.00,29296,38
01093,C00919084,between_primary_runoff,1597,1597,0.38,0,0
01093,C00919084,pre_primary,2235,2235,0.38,0,0
01095,C00901918,between_primary_runoff,500000,350000,1.00,0,0
01095,C00919084,between_primary_runoff,12428,12428,1.97,10000,1
01095,C00919084,post_runoff,39144,39144,2.94,10000,1
01097,C00901918,between_primary_runoff,33833,33833,4.00,23423,3
01097,C00919084,between_primary_runoff,169492,169492,13.00,166492,12
01097,C00919084,post_runoff,78027,78027,15.00,70527,13
01097,C00919084,pre_primary,105000,105000,5.00,105000,5
01101,C00901918,between_primary_runoff,36435,36435,2.00,36435,2
01101,C00901918,post_runoff,105143,105143,2.00,105143,2
01101,C00919084,between_primary_runoff,62000,62000,8.00,62000,8
01101,C00919084,post_runoff,62082,62082,10.00,62082,10
01101,C00919084,pre_primary,47000,47000,7.00,47000,7
01107,C00919084,post_runoff,100000,100000,1.00,100000,1
01107,C00919084,pre_primary,150000,150000,2.00,150000,2
01115,C00919084,pre_primary,25000,25000,1.00,25000,1
01117,C00919084,between_primary_runoff,45600,45600,11.00,45600,11
01117,C00919084,post_runoff,49500,49500,7.00,49500,7
01117,C00919084,pre_primary,242424,242424,11.45,177500,9
01123,C00919084,pre_primary,50000,50000,1.00,50000,1
01125,C00919084,between_primary_runoff,23000,23000,8.00,23000,8
01125,C00919084,post_runoff,31500,31500,6.00,31500,6
01127,C00919084,between_primary_runoff,25000,25000,1.00,25000,1
01133,C00919084,post_runoff,50000,50000,1.00,50000,1
02020,C00901918,between_primary_runoff,65707,65707,10.00,65707,10
02020,C00919084,between_primary_runoff,654600,654600,43.00,639600,40
02020,C00919084,post_runoff,1357896,1357896,41.00,1355396,40
02020,C00919084,pre_primary,643100,643100,44.00,535600,38
02060,C00919084,between_primary_runoff,5000,5000,1.00,0,0
02060,C00919084,post_runoff,20000,20000,2.00,0,0
02063,C00919084,between_primary_runoff,40000,40000,2.00,0,0
02063,C00919084,post_runoff,10000,10000,1.00,0,0
02063,C00919084,pre_primary,10000,10000,1.00,0,0
02070,C00919084,between_primary_runoff,7000,7000,3.00,0,0
02070,C00919084,post_runoff,1000,1000,1.00,0,0
02070,C00919084,pre_primary,5000,5000,1.00,0,0
02090,C00919084,between_primary_runoff,104000,104000,22.00,84000,20
02090,C00919084,post_runoff,83500,83500,14.00,73500,13
02090,C00919084,pre_primary,249000,249000,26.00,249000,26
02110,C00919084,between_primary_runoff,128500,128500,17.00,123500,15
02110,C00919084,post_runoff,111000,111000,14.00,106000,12
02110,C00919084,pre_primary,62500,62500,8.00,62500,8
02122,C00919084,between_primary_runoff,261500,261500,18.00,19500,5
02122,C00919084,post_runoff,76500,76500,11.00,13500,4
02122,C00919084,pre_primary,243500,243500,26.00,192500,15
02130,C00919084,between_primary_runoff,30500,30500,7.00,30500,7
02130,C00919084,post_runoff,5000,5000,1.00,5000,1
02130,C00919084,pre_primary,64500,64500,15.00,64500,15
02150,C00919084,between_primary_runoff,4000,4000,4.00,1500,3
02150,C00919084,post_runoff,500,500,1.00,500,1
02150,C00919084,pre_primary,111000,111000,4.00,101000,3
02170,C00901918,between_primary_runoff,10410,10410,1.00,10410,1
02170,C00901918,pre_primary,59345,59345,4.00,59345,4
02170,C00919084,between_primary_runoff,5000,5000,2.00,5000,2
02170,C00919084,post_runoff,3000,3000,1.00,3000,1
02180,C00919084,post_runoff,10000,10000,1.00,0,0
02185,C00901918,between_primary_runoff,10000,10000,1.00,0,0
02185,C00919084,post_runoff,12500,12500,1.00,0,0
02188,C00919084,between_primary_runoff,7500,7500,3.00,0,0
02188,C00919084,pre_primary,27500,27500,8.00,0,0
02220,C00901918,between_primary_runoff,16500,16500,2.00,0,0
02220,C00901918,post_runoff,5500,5500,1.00,0,0
02220,C00901918,pre_primary,104102,104102,1.00,0,0
02220,C00919084,pre_primary,50000,50000,1.00,0,0
02275,C00919084,pre_primary,5000,5000,1.00,0,0
04001,C00919084,post_runoff,70000,70000,2.00,0,0
04003,C00901918,between_primary_runoff,53631,53631,10.00,53631,10
04003,C00901918,post_runoff,3103,3103,2.00,3103,2
04003,C00901918,pre_primary,521,521,1.00,521,1
04003,C00919084,between_primary_runoff,32632,32632,20.99,30000,19
04003,C00919084,post_runoff,63527,63527,10.10,60000,9
04003,C00919084,pre_primary,35805,35805,8.89,32500,7
04005,C00901918,between_primary_runoff,73,73,0.03,0,0
04005,C00901918,post_runoff,35,35,0.02,0,0
04005,C00901918,pre_primary,51,51,0.02,0,0
04005,C00919084,between_primary_runoff,90500,90500,11.00,55500,8
04005,C00919084,post_runoff,25000,25000,3.00,15000,2
04005,C00919084,pre_primary,161000,161000,28.00,126000,24
04007,C00919084,between_primary_runoff,60000,60000,3.00,60000,3
04007,C00919084,post_runoff,5000,5000,1.00,5000,1
04007,C00919084,pre_primary,25000,25000,1.00,25000,1
04009,C00919084,post_runoff,12500,12500,2.00,12500,2
04011,C00919084,post_runoff,50000,50000,1.00,50000,1
04013,C00369033,between_primary_runoff,144181,144181,14.00,144181,14
04013,C00369033,pre_primary,557166,557166,55.00,557166,55
04013,C00901918,between_primary_runoff,960553,960553,55.00,887348,42
04013,C00901918,post_runoff,233524,233524,42.00,193774,20
04013,C00901918,pre_primary,3236103,3236103,20.00,3181103,18
04013,C00919084,between_primary_runoff,3523377,3523377,342.00,3416325,332
04013,C00919084,post_runoff,3881551,3881551,269.99,3718817,252
04013,C00919084,pre_primary,4032406,4032406,251.00,3922406,246
04015,C00369033,between_primary_runoff,50000,50000,1.00,50000,1
04015,C00369033,pre_primary,50000,50000,1.00,0,0
04015,C00901918,between_primary_runoff,43849,43849,4.00,43849,4
04015,C00901918,pre_primary,12500,12500,2.00,12500,2
04015,C00919084,post_runoff,100000,100000,1.00,100000,1
04017,C00901918,between_primary_runoff,23247,23247,8.97,0,0
04017,C00901918,post_runoff,11239,11239,5.98,0,0
04017,C00901918,pre_primary,16087,16087,5.98,0,0
04017,C00919084,between_primary_runoff,7500,7500,3.00,7500,3
04017,C00919084,post_runoff,2500,2500,1.00,2500,1
04017,C00919084,pre_primary,100000,100000,1.00,0,0
04019,C00369033,between_primary_runoff,49940,49940,1.00,0,0
04019,C00369033,pre_primary,99940,99940,2.00,50000,1
04019,C00901918,between_primary_runoff,31636,31636,4.00,5205,1
04019,C00901918,post_runoff,30205,30205,2.00,5205,1
04019,C00901918,pre_primary,740254,740254,7.00,230000,5
04019,C00919084,between_primary_runoff,1461463,1461463,202.57,1138300,168
04019,C00919084,post_runoff,1390856,1390856,153.46,1275787,135
04019,C00919084,pre_primary,949393,949393,104.11,883200,92
04021,C00369033,between_primary_runoff,60,60,0.00,0,0
04021,C00369033,pre_primary,60,60,0.00,0,0
04021,C00901918,between_primary_runoff,27483,27483,6.00,0,0
04021,C00901918,post_runoff,7246,7246,3.00,0,0
04021,C00919084,between_primary_runoff,312801,312801,28.00,218800,27
04021,C00919084,post_runoff,113539,113539,18.01,113500,18
04021,C00919084,pre_primary,196298,196298,20.00,196296,20
04023,C00919084,between_primary_runoff,24904,24904,1.44,0,0
04023,C00919084,post_runoff,24904,24904,1.44,0,0
04025,C00369033,between_primary_runoff,52500,52500,2.00,52500,2
04025,C00369033,pre_primary,19000,19000,8.00,19000,8
04025,C00901918,between_primary_runoff,74656,74656,11.00,48631,10
04025,C00901918,post_runoff,18719,18719,5.00,18719,5
04025,C00901918,pre_primary,20412,20412,5.00,20412,5
04025,C00919084,between_primary_runoff,306400,306400,58.00,245400,49
04025,C00919084,post_runoff,211600,211600,43.00,197600,38
04025,C00919084,pre_primary,504600,504600,46.00,309600,41
04027,C00369033,pre_primary,50000,50000,1.00,50000,1
04027,C00901918,between_primary_runoff,5000,5000,1.00,0,0
04027,C00901918,post_runoff,7500,7500,2.00,0,0
04027,C00901918,pre_primary,30000,30000,1.00,0,0
04027,C00919084,between_primary_runoff,82736,82736,11.00,70736,8
04027,C00919084,post_runoff,12000,12000,14.00,10500,13
04027,C00919084,pre_primary,116747,116747,8.00,116747,8
05001,C00919084,between_primary_runoff,2026,2026,1.00,2026,1
05001,C00919084,post_runoff,6652,6652,3.00,6652,3
05005,C00919084,between_primary_runoff,2500,2500,1.00,2500,1
05005,C00919084,post_runoff,10000,10000,1.00,10000,1
05007,C00369033,pre_primary,750000,750000,3.00,400000,2
05007,C00919084,between_primary_runoff,252631,252631,38.12,222100,35
05007,C00919084,post_runoff,586722,586722,19.00,236722,18
05007,C00919084,pre_primary,336000,336000,20.00,331000,19
05015,C00919084,between_primary_runoff,44700,44700,8.00,44700,8
05015,C00919084,post_runoff,17224,17224,4.00,17224,4
05015,C00919084,pre_primary,32500,32500,7.00,32500,7
05019,C00919084,between_primary_runoff,25000,25000,1.00,25000,1
05031,C00901918,between_primary_runoff,57500,57500,3.00,57500,3
05031,C00919084,between_primary_runoff,13000,13000,2.00,13000,2
05031,C00919084,post_runoff,18000,18000,3.00,18000,3
05031,C00919084,pre_primary,30000,30000,2.00,30000,2
05033,C00901918,between_primary_runoff,50073,50073,1.92,0,0
05043,C00919084,between_primary_runoff,25000,25000,3.00,25000,3
05043,C00919084,pre_primary,37500,37500,7.00,37500,7
05045,C00919084,between_primary_runoff,22300,22300,4.00,22300,4
05045,C00919084,post_runoff,2300,2300,2.00,2300,2
05045,C00919084,pre_primary,35000,35000,2.00,35000,2
05047,C00901918,between_primary_runoff,100052,100052,4.08,98075,4
05047,C00901918,post_runoff,26025,26025,1.00,26025,1
05051,C00369033,pre_primary,50000,50000,1.00,50000,1
05051,C00901918,between_primary_runoff,10410,10410,1.00,10410,1
05051,C00901918,post_runoff,10410,10410,1.00,10410,1
05051,C00919084,between_primary_runoff,75500,75500,16.00,67000,12
05051,C00919084,post_runoff,54500,54500,10.00,52000,9
05051,C00919084,pre_primary,23500,23500,7.00,0,0
05063,C00919084,between_primary_runoff,5000,5000,2.00,5000,2
05063,C00919084,post_runoff,45610,45610,7.00,45610,7
05071,C00919084,post_runoff,75000,75000,2.00,50000,1
05087,C00919084,between_primary_runoff,19030,19030,0.95,0,0
05087,C00919084,pre_primary,19030,19030,1.90,0,0
05089,C00901918,between_primary_runoff,23319,23319,4.00,23319,4
05089,C00901918,pre_primary,31230,31230,3.00,31230,3
05089,C00919084,between_primary_runoff,19000,19000,7.00,19000,7
05089,C00919084,post_runoff,7000,7000,3.00,7000,3
05089,C00919084,pre_primary,24500,24500,9.00,24500,9
05091,C00919084,post_runoff,27500,27500,1.00,27500,1
05101,C00919084,between_primary_runoff,970,970,0.05,0,0
05101,C00919084,pre_primary,970,970,0.10,0,0
05103,C00919084,between_primary_runoff,12392,12392,6.00,12392,6
05103,C00919084,post_runoff,4100,4100,3.00,4100,3
05103,C00919084,pre_primary,24007,24007,8.05,21500,8
05105,C00919084,between_primary_runoff,23000,23000,7.00,23000,7
05105,C00919084,post_runoff,2500,2500,1.00,2500,1
05105,C00919084,pre_primary,5000,5000,2.00,5000,2
05111,C00919084,between_primary_runoff,10000,10000,2.00,10000,2
05113,C00919084,between_primary_runoff,5000,5000,2.00,5000,2
05113,C00919084,post_runoff,2500,2500,1.00,2500,1
05115,C00919084,between_primary_runoff,37200,37200,7.00,33000,6
05115,C00919084,post_runoff,13900,13900,4.00,5500,2
05119,C00369033,between_primary_runoff,10000,10000,1.00,10000,1
05119,C00369033,pre_primary,1618204,1618204,5.00,918204,4
05119,C00901918,between_primary_runoff,10000,10000,1.00,10000,1
05119,C00901918,post_runoff,1050000,1050000,3.00,0,0
05119,C00919084,between_primary_runoff,1025026,1025026,98.00,980026,84
05119,C00919084,post_runoff,460546,460546,57.00,410546,48
05119,C00919084,pre_primary,601000,601000,56.00,593500,54
05125,C00369033,between_primary_runoff,50000,50000,1.00,0,0
05125,C00901918,between_primary_runoff,2811,2811,1.00,2811,1
05125,C00901918,post_runoff,2811,2811,1.00,2811,1
05125,C00919084,between_primary_runoff,42000,42000,8.00,42000,8
05125,C00919084,post_runoff,12724,12724,3.00,12724,3
05125,C00919084,pre_primary,10000,10000,1.00,10000,1
05131,C00901918,post_runoff,31000,31000,5.00,31000,5
05131,C00919084,between_primary_runoff,131100,131100,9.00,131100,9
05131,C00919084,pre_primary,7500,7500,2.00,7500,2
05135,C00901918,between_primary_runoff,4000,4000,1.00,4000,1
05139,C00919084,post_runoff,5000,5000,1.00,5000,1
05139,C00919084,pre_primary,97493,97493,1.95,50000,1
05143,C00369033,pre_primary,75000,75000,2.00,75000,2
05143,C00901918,pre_primary,15615,15615,2.00,15615,2
05143,C00919084,between_primary_runoff,619669,619669,53.88,559000,48
05143,C00919084,post_runoff,609688,609688,30.00,604688,29
05143,C00919084,pre_primary,423000,423000,47.00,423000,47
05145,C00919084,between_primary_runoff,20000,20000,10.00,20000,10
05145,C00919084,post_runoff,20000,20000,6.00,20000,6
06001,C00369033,between_primary_runoff,60000,60000,3.00,60000,3
06001,C00369033,pre_primary,645000,645000,22.00,645000,22
06001,C00901918,between_primary_runoff,59983,59983,2.00,10000,1
06001,C00901918,pre_primary,99967,99967,2.00,0,0
06001,C00919084,between_primary_runoff,13636320,13636320,432.00,13366320,422
06001,C00919084,post_runoff,6824324,6824324,292.00,6052600,284
06001,C00919084,pre_primary,5767023,5767023,251.00,5702033,247
06005,C00919084,between_primary_runoff,35000,35000,4.00,35000,4
06005,C00919084,post_runoff,40000,40000,5.00,40000,5
06007,C00919084,between_primary_runoff,360958,360958,23.00,328000,20
06007,C00919084,post_runoff,526654,526654,18.00,494196,15
06007,C00919084,pre_primary,92500,92500,8.00,92500,8
06009,C00369033,pre_primary,100000,100000,2.00,50000,1
06009,C00919084,between_primary_runoff,17026,17026,7.00,17026,7
06009,C00919084,post_runoff,28000,28000,3.00,3000,2
06009,C00919084,pre_primary,77500,77500,7.00,27500,6
06011,C00919084,between_primary_runoff,36,36,0.01,0,0
06011,C00919084,post_runoff,72,72,0.01,0,0
06011,C00919084,pre_primary,198,198,0.04,0,0
06013,C00369033,pre_primary,1137100,1137100,15.00,1137100,15
06013,C00901918,between_primary_runoff,155427,155427,6.00,155410,6
06013,C00901918,post_runoff,104208,104208,10.00,104208,10
06013,C00901918,pre_primary,20033,20033,1.00,20000,1
06013,C00919084,between_primary_runoff,4536034,4536034,282.00,4017034,266
06013,C00919084,post_runoff,3409610,3409610,193.00,3317610,188
06013,C00919084,pre_primary,2240410,2240410,188.00,2135400,181
06015,C00919084,pre_primary,10000,10000,5.00,10000,5
06017,C00901918,between_primary_runoff,39000,39000,5.00,39000,5
06017,C00901918,post_runoff,1500,1500,1.00,1500,1
06017,C00901918,pre_primary,5000,5000,1.00,5000,1
06017,C00919084,between_primary_runoff,144000,144000,13.00,44000,12
06017,C00919084,post_runoff,314500,314500,18.00,214500,17
06017,C00919084,pre_primary,82500,82500,10.00,57500,9
06019,C00369033,between_primary_runoff,36970,36970,7.00,36970,7
06019,C00369033,pre_primary,30780,30780,16.00,30780,16
06019,C00901918,between_primary_runoff,79865,79865,20.00,79865,20
06019,C00901918,post_runoff,77805,77805,3.00,77805,3
06019,C00901918,pre_primary,364471,364471,10.00,364471,10
06019,C00919084,between_primary_runoff,392500,392500,35.00,382500,33
06019,C00919084,post_runoff,581000,581000,27.00,561000,25
06019,C00919084,pre_primary,383816,383816,27.00,378816,25
06021,C00919084,between_primary_runoff,12464,12464,5.99,7500,4
06021,C00919084,post_runoff,12928,12928,4.99,3000,3
06021,C00919084,pre_primary,67802,67802,18.96,40500,13
06023,C00919084,between_primary_runoff,351800,351800,29.00,323100,25
06023,C00919084,post_runoff,90000,90000,9.00,55000,6
06023,C00919084,pre_primary,160000,160000,13.00,145000,11
06025,C00919084,between_primary_runoff,19500,19500,8.00,19500,8
06025,C00919084,post_runoff,21000,21000,8.00,21000,8
06027,C00919084,between_primary_runoff,4000,4000,2.00,4000,2
06027,C00919084,post_runoff,6696,6696,2.00,6696,2
06029,C00901918,between_primary_runoff,31025,31025,2.00,31025,2
06029,C00901918,post_runoff,27500,27500,2.00,27500,2
06029,C00901918,pre_primary,15000,15000,1.00,15000,1
06029,C00919084,between_primary_runoff,286200,286200,48.00,285200,47
06029,C00919084,post_runoff,128533,128533,41.00,123533,39
06029,C00919084,pre_primary,418300,418300,32.00,418300,32
06033,C00919084,between_primary_runoff,32500,32500,10.00,32500,10
06033,C00919084,post_runoff,17500,17500,6.00,17500,6
06033,C00919084,pre_primary,107500,107500,16.00,107500,16
06035,C00901918,between_primary_runoff,7808,7808,1.00,7808,1
06035,C00901918,post_runoff,7808,7808,1.00,7808,1
06037,C00369033,between_primary_runoff,1571300,1571300,16.00,1371300,15
06037,C00369033,pre_primary,2478900,2473900,39.00,2475500,33
06037,C00901918,between_primary_runoff,379900,379900,35.00,379900,35
06037,C00901918,post_runoff,885039,856327,19.00,885039,19
06037,C00901918,pre_primary,1092044,742044,24.00,1062044,23
06037,C00919084,between_primary_runoff,21046775,21046775,1482.00,20259838,1437
06037,C00919084,post_runoff,17617004,17617004,1075.09,17075475,1033
06037,C00919084,pre_primary,42309283,42309283,1356.01,41376727,1330
06039,C00901918,between_primary_runoff,22000,22000,3.00,22000,3
06039,C00901918,post_runoff,2600,2600,1.00,2600,1
06039,C00901918,pre_primary,18124,18124,0.91,0,0
06039,C00919084,between_primary_runoff,34000,34000,4.00,9000,3
06039,C00919084,post_runoff,11485,11485,4.00,11485,4
06039,C00919084,pre_primary,100000,100000,1.00,100000,1
06041,C00369033,pre_primary,450000,450000,3.00,450000,3
06041,C00901918,between_primary_runoff,48120,48120,5.00,48120,5
06041,C00901918,post_runoff,3123,3123,1.00,3123,1
06041,C00901918,pre_primary,31231,31231,3.00,31231,3
06041,C00919084,between_primary_runoff,8126683,8126683,247.02,7508504,231
06041,C00919084,post_runoff,2667309,2667309,195.00,2484309,181
06041,C00919084,pre_primary,5097969,5097969,133.00,4842969,124
06043,C00901918,pre_primary,1876,1876,0.09,0,0
06043,C00919084,between_primary_runoff,10000,10000,2.00,10000,2
06043,C00919084,post_runoff,65000,65000,4.00,65000,4
06045,C00901918,between_primary_runoff,21317,21317,4.99,0,0
06045,C00901918,post_runoff,20797,20797,2.00,0,0
06045,C00901918,pre_primary,17788,17788,2.00,0,0
06045,C00919084,between_primary_runoff,126472,126472,17.00,60000,7
06045,C00919084,post_runoff,123400,123400,11.00,109900,6
06045,C00919084,pre_primary,99972,99972,7.00,45000,4
06047,C00919084,between_primary_runoff,52000,52000,11.00,52000,11
06047,C00919084,post_runoff,44000,44000,8.00,44000,8
06047,C00919084,pre_primary,48000,48000,7.00,48000,7
06053,C00901918,between_primary_runoff,7500,7500,1.00,7500,1
06053,C00901918,pre_primary,15615,15615,3.00,15615,3
06053,C00919084,between_primary_runoff,1456900,1456900,79.00,1296400,74
06053,C00919084,post_runoff,624323,624323,47.00,592823,43
06053,C00919084,pre_primary,868500,868500,35.00,778500,30
06055,C00369033,pre_primary,49976,49976,1.00,0,0
06055,C00901918,between_primary_runoff,1,1,0.00,0,0
06055,C00901918,post_runoff,15000,15000,2.00,0,0
06055,C00919084,between_primary_runoff,515500,515500,42.00,485500,39
06055,C00919084,post_runoff,625509,625509,38.00,615509,37
06055,C00919084,pre_primary,260988,260988,21.00,236000,20
06057,C00901918,between_primary_runoff,30000,30000,2.00,30000,2
06057,C00919084,between_primary_runoff,505800,505800,22.00,452300,19
06057,C00919084,post_runoff,655357,655357,22.79,626400,21
06057,C00919084,pre_primary,185569,185569,6.79,146000,6
06059,C00369033,between_primary_runoff,525775,525775,6.00,525775,6
06059,C00369033,pre_primary,368846,368846,35.00,368846,35
06059,C00901918,between_primary_runoff,437485,437485,28.00,411460,27
06059,C00901918,post_runoff,448922,448922,16.00,448922,16
06059,C00901918,pre_primary,2016706,2016706,24.00,1941706,18
06059,C00919084,between_primary_runoff,3830804,3830804,415.00,3574841,389
06059,C00919084,post_runoff,4151731,4151731,331.91,3616566,312
06059,C00919084,pre_primary,5902312,5902312,352.99,5777368,338
06061,C00369033,between_primary_runoff,50000,50000,1.00,50000,1
06061,C00369033,pre_primary,75689,75689,15.00,75689,15
06061,C00901918,between_primary_runoff,70410,70410,3.00,70410,3
06061,C00901918,post_runoff,10000,10000,1.00,10000,1
06061,C00901918,pre_primary,5000,5000,1.00,5000,1
06061,C00919084,between_primary_runoff,334000,334000,50.00,309000,46
06061,C00919084,post_runoff,516239,516239,48.21,477696,45
06061,C00919084,pre_primary,490531,490531,39.21,420100,37
06063,C00919084,between_primary_runoff,215000,215000,5.00,215000,5
06063,C00919084,post_runoff,13000,13000,2.00,13000,2
06063,C00919084,pre_primary,5000,5000,1.00,5000,1
06065,C00369033,pre_primary,22000,22000,9.00,22000,9
06065,C00901918,between_primary_runoff,95554,95554,14.00,87554,12
06065,C00901918,post_runoff,68736,68736,12.00,61236,10
06065,C00901918,pre_primary,63500,63500,7.00,63500,7
06065,C00919084,between_primary_runoff,5064250,5064250,207.00,4962750,194
06065,C00919084,post_runoff,2214511,2214511,144.00,2013511,135
06065,C00919084,pre_primary,1976308,1976308,134.01,1563580,126
06067,C00369033,between_primary_runoff,350000,350000,1.00,350000,1
06067,C00369033,pre_primary,50000,50000,1.00,50000,1
06067,C00901918,between_primary_runoff,78897,78897,9.82,69038,7
06067,C00901918,post_runoff,31230,31230,2.00,31230,2
06067,C00901918,pre_primary,87462,87462,6.00,87462,6
06067,C00919084,between_primary_runoff,2620700,2620700,215.00,2595700,214
06067,C00919084,post_runoff,1382447,1382447,167.00,1382447,167
06067,C00919084,pre_primary,1582476,1582476,157.00,1582476,157
06069,C00919084,between_primary_runoff,25000,25000,1.00,25000,1
06069,C00919084,post_runoff,185000,185000,5.00,185000,5
06071,C00369033,pre_primary,37700,37700,23.00,0,0
06071,C00901918,between_primary_runoff,143643,143643,33.00,143643,33
06071,C00901918,post_runoff,177530,177530,39.00,167530,38
06071,C00901918,pre_primary,63405,63405,13.00,63405,13
06071,C00919084,between_primary_runoff,366000,366000,74.00,366000,74
06071,C00919084,post_runoff,467854,467854,47.00,442854,46
06071,C00919084,pre_primary,537472,537472,37.99,512700,37
06073,C00369033,between_primary_runoff,147400,147400,6.00,125000,3
06073,C00369033,pre_primary,4775600,4775600,45.00,4700000,31
06073,C00901918,between_primary_runoff,110771,110771,10.00,110771,10
06073,C00901918,post_runoff,187623,187623,9.00,187623,9
06073,C00901918,pre_primary,831050,831050,8.00,810230,6
06073,C00919084,between_primary_runoff,8413826,8413826,507.00,7153779,463
06073,C00919084,post_runoff,6091465,6091465,358.00,4421415,335
06073,C00919084,pre_primary,7469865,7469865,371.00,6726115,350
06075,C00369033,between_primary_runoff,350000,350000,1.00,350000,1
06075,C00369033,pre_primary,2280000,1930000,10.00,2280000,10
06075,C00901918,between_primary_runoff,168374,168374,13.00,168374,13
06075,C00901918,post_runoff,352383,352383,6.00,352383,6
06075,C00901918,pre_primary,50000,50000,4.00,50000,4
06075,C00919084,between_primary_runoff,19343679,19343679,535.00,18538679,515
06075,C00919084,post_runoff,7742520,7742520,325.00,6982520,307
06075,C00919084,pre_primary,10418379,10418379,306.00,10018379,303
06077,C00919084,between_primary_runoff,192500,192500,20.00,192500,20
06077,C00919084,post_runoff,140000,140000,16.00,140000,16
06077,C00919084,pre_primary,74500,74500,7.00,74500,7
06079,C00901918,between_primary_runoff,35000,35000,1.00,35000,1
06079,C00919084,between_primary_runoff,543500,543500,62.00,396000,50
06079,C00919084,post_runoff,1451000,1451000,49.00,1255500,36
06079,C00919084,pre_primary,611892,611892,59.00,546892,52
06081,C00369033,between_primary_runoff,25000,25000,1.00,25000,1
06081,C00369033,pre_primary,2250000,2250000,11.00,1700000,9
06081,C00901918,between_primary_runoff,126901,126901,7.00,126901,7
06081,C00901918,post_runoff,12501,12501,11.00,12501,11
06081,C00901918,pre_primary,3123,3123,1.00,3123,1
06081,C00919084,between_primary_runoff,9787029,9787029,295.02,9157344,283
06081,C00919084,post_runoff,4182689,4182689,188.00,4054689,180
06081,C00919084,pre_primary,5687404,5687404,162.00,5679904,160
06083,C00369033,between_primary_runoff,50000,50000,1.00,50000,1
06083,C00901918,between_primary_runoff,7000,7000,3.00,7000,3
06083,C00901918,pre_primary,27999,27999,4.00,27999,4
06083,C00919084,between_primary_runoff,2943350,2943350,168.00,2638350,154
06083,C00919084,post_runoff,1577101,1577101,121.00,1293405,107
06083,C00919084,pre_primary,3822101,3822101,102.00,3612101,96
06085,C00369033,pre_primary,1244102,1244102,24.00,894102,23
06085,C00901918,between_primary_runoff,108871,108871,6.00,108871,6
06085,C00901918,post_runoff,24236,24236,3.00,24236,3
06085,C00901918,pre_primary,85910,85910,12.00,85910,12
06085,C00919084,between_primary_runoff,12873222,12873222,524.98,11813907,493
06085,C00919084,post_runoff,6719028,6719028,356.00,6526528,338
06085,C00919084,pre_primary,8044925,8044925,402.00,7176925,359
06087,C00369033,between_primary_runoff,50000,50000,1.00,50000,1
06087,C00919084,between_primary_runoff,1684560,1684560,112.00,1646560,106
06087,C00919084,post_runoff,1215916,1215916,86.00,1135916,82
06087,C00919084,pre_primary,1060200,1060200,88.00,1035200,83
06089,C00901918,between_primary_runoff,30320,30320,4.00,30320,4
06089,C00901918,post_runoff,1000,1000,1.00,1000,1
06089,C00901918,pre_primary,15000,15000,2.00,15000,2
06089,C00919084,between_primary_runoff,281600,281600,22.00,271600,21
06089,C00919084,post_runoff,148000,148000,17.00,63000,13
06089,C00919084,pre_primary,65000,65000,8.00,65000,8
06091,C00919084,between_primary_runoff,203,203,0.06,0,0
06091,C00919084,post_runoff,348,348,0.06,0,0
06091,C00919084,pre_primary,194,194,0.04,0,0
06093,C00369033,between_primary_runoff,50000,50000,1.00,50000,1
06093,C00919084,between_primary_runoff,97000,97000,13.00,97000,13
06093,C00919084,post_runoff,33500,33500,6.00,33500,6
06093,C00919084,pre_primary,9500,9500,4.00,9500,4
06095,C00369033,pre_primary,24,24,0.00,0,0
06095,C00901918,between_primary_runoff,18015,18015,5.00,8016,4
06095,C00901918,post_runoff,3823,3823,5.00,3823,5
06095,C00919084,between_primary_runoff,271112,271112,33.00,246100,32
06095,C00919084,post_runoff,275408,275408,33.00,275396,33
06095,C00919084,pre_primary,280022,280022,26.00,280000,26
06097,C00369033,pre_primary,700000,700000,1.00,0,0
06097,C00901918,between_primary_runoff,5024,5024,1.01,5000,1
06097,C00901918,post_runoff,5023,5023,1.00,5000,1
06097,C00901918,pre_primary,7520,7520,2.00,7500,2
06097,C00919084,between_primary_runoff,3172710,3172710,187.98,2014361,178
06097,C00919084,post_runoff,1640954,1640954,137.00,1303454,127
06097,C00919084,pre_primary,1726201,1726201,120.00,1714923,118
06099,C00369033,between_primary_runoff,20000,20000,1.00,0,0
06099,C00919084,between_primary_runoff,146500,146500,20.00,146500,20
06099,C00919084,post_runoff,110000,110000,15.00,100000,14
06099,C00919084,pre_primary,150000,150000,11.00,150000,11
06101,C00919084,between_primary_runoff,28500,28500,6.00,28500,6
06101,C00919084,post_runoff,5000,5000,1.00,5000,1
06103,C00369033,pre_primary,15770,15770,3.00,15770,3
06103,C00901918,pre_primary,350000,350000,1.00,350000,1
06103,C00919084,between_primary_runoff,42,42,0.00,0,0
06103,C00919084,post_runoff,42,42,0.00,0,0
06103,C00919084,pre_primary,25000,25000,1.00,25000,1
06105,C00901918,between_primary_runoff,50000,50000,5.00,0,0
06105,C00901918,post_runoff,15000,15000,1.00,0,0
06105,C00901918,pre_primary,105000,105000,11.00,0,0
06105,C00919084,post_runoff,25000,25000,1.00,25000,1
06107,C00901918,between_primary_runoff,5000,5000,1.00,5000,1
06107,C00901918,pre_primary,731500,731500,7.00,731500,7
06107,C00919084,between_primary_runoff,141000,141000,17.00,138500,16
06107,C00919084,post_runoff,81000,81000,8.00,68500,6
06107,C00919084,pre_primary,115000,115000,10.00,65000,8
06109,C00919084,between_primary_runoff,13700,13700,3.00,13700,3
06109,C00919084,post_runoff,99020,99020,4.00,99020,4
06111,C00369033,pre_primary,52051,52051,1.00,52051,1
06111,C00901918,between_primary_runoff,203442,203442,16.00,203442,16
06111,C00901918,post_runoff,168852,168852,5.00,168852,5
06111,C00919084,between_primary_runoff,2232100,2232100,145.00,2219300,136
06111,C00919084,post_runoff,1207892,1207892,109.00,1138892,100
06111,C00919084,pre_primary,1427700,1427700,119.00,1370200,115
06113,C00901918,between_primary_runoff,51429,51429,10.18,50788,10
06113,C00901918,post_runoff,73312,73312,11.00,73312,11
06113,C00919084,between_primary_runoff,1177605,1177605,108.00,1067617,103
06113,C00919084,post_runoff,594173,594173,57.00,534185,53
06113,C00919084,pre_primary,439190,439190,36.00,339200,29
06115,C00919084,between_primary_runoff,20297,20297,4.94,10000,2
06115,C00919084,post_runoff,47652,47652,4.94,30000,2
06115,C00919084,pre_primary,39806,39806,2.96,30000,1
08001,C00369033,pre_primary,75603,75603,1.26,50000,1
08001,C00901918,between_primary_runoff,1400000,1400000,1.00,1400000,1
08001,C00919084,between_primary_runoff,211196,211196,37.26,205389,37
08001,C00919084,post_runoff,370128,370128,25.01,370094,25
08001,C00919084,pre_primary,260676,260676,28.52,246700,28
08003,C00919084,pre_primary,50000,50000,1.00,50000,1
08005,C00369033,between_primary_runoff,100000,100000,2.00,100000,2
08005,C00369033,pre_primary,2150000,2150000,11.00,2150000,11
08005,C00901918,between_primary_runoff,11000,11000,2.00,11000,2
08005,C00901918,post_runoff,203000,203000,2.00,3000,1
08005,C00901918,pre_primary,18123,18123,3.00,18123,3
08005,C00919084,between_primary_runoff,1101219,1101219,99.01,1100600,99
08005,C00919084,post_runoff,1592845,1592845,62.00,1563227,59
08005,C00919084,pre_primary,1363994,1363994,93.76,1291600,90
08007,C00919084,between_primary_runoff,29978,29978,3.00,10000,1
08007,C00919084,post_runoff,36594,36594,7.00,9094,1
08007,C00919084,pre_primary,5716,5716,1.01,5000,1
08013,C00369033,pre_primary,200000,200000,1.00,200000,1
08013,C00901918,post_runoff,25000,25000,1.00,25000,1
08013,C00901918,pre_primary,52051,52051,1.00,52051,1
08013,C00919084,between_primary_runoff,4180580,4180580,193.64,3608050,184
08013,C00919084,post_runoff,1806618,1806618,117.64,1391763,113
08013,C00919084,pre_primary,4048820,4048820,131.72,3466855,125
08014,C00369033,pre_primary,2800000,2800000,4.00,2800000,4
08014,C00919084,between_primary_runoff,264276,264276,13.62,243500,12
08014,C00919084,post_runoff,83622,83622,5.43,82500,5
08014,C00919084,pre_primary,193789,193789,8.54,147500,7
08015,C00919084,between_primary_runoff,571750,571750,24.00,566750,22
08015,C00919084,post_runoff,449762,449762,11.99,367696,8
08015,C00919084,pre_primary,659661,659661,69.00,659661,69
08019,C00919084,between_primary_runoff,4169,4169,0.17,0,0
08019,C00919084,post_runoff,4869,4869,0.17,0,0
08027,C00919084,between_primary_runoff,2520,2520,1.01,2500,1
08027,C00919084,post_runoff,5020,5020,1.01,5000,1
08027,C00919084,pre_primary,5000,5000,1.00,5000,1
08029,C00919084,between_primary_runoff,40500,40500,6.00,40500,6
08029,C00919084,post_runoff,15000,15000,3.00,15000,3
08031,C00369033,between_primary_runoff,100000,100000,1.00,100000,1
08031,C00369033,pre_primary,2424397,2424397,11.74,2350000,11
08031,C00901918,between_primary_runoff,126025,126025,2.00,126025,2
08031,C00901918,post_runoff,104102,104102,1.00,104102,1
08031,C00901918,pre_primary,745000,745000,4.00,745000,4
08031,C00919084,between_primary_runoff,3519219,3519219,230.97,3509322,228
08031,C00919084,post_runoff,1913622,1913622,169.92,1897535,168
08031,C00919084,pre_primary,2747537,2747537,225.93,2677461,219
08035,C00369033,pre_primary,52051,52051,1.00,52051,1
08035,C00901918,between_primary_runoff,855190,855190,17.00,855190,17
08035,C00901918,post_runoff,37101,37101,3.00,37101,3
08035,C00901918,pre_primary,114409,114409,5.00,62358,4
08035,C00919084,between_primary_runoff,1090503,1090503,100.99,953600,92
08035,C00919084,post_runoff,905159,905159,81.07,643398,76
08035,C00919084,pre_primary,941719,941719,72.25,538824,67
08037,C00369033,between_primary_runoff,330000,330000,1.00,330000,1
08037,C00369033,pre_primary,350000,350000,1.00,350000,1
08037,C00919084,between_primary_runoff,266194,266194,14.80,199000,12
08037,C00919084,post_runoff,500518,500518,11.48,64000,6
08037,C00919084,pre_primary,163059,163059,31.34,89500,19
08039,C00919084,between_primary_runoff,4716,4716,1.89,0,0
08039,C00919084,post_runoff,9552,9552,1.89,0,0
08041,C00369033,between_primary_runoff,25000,25000,1.00,25000,1
08041,C00369033,pre_primary,100000,100000,1.00,100000,1
08041,C00901918,between_primary_runoff,15500,15500,2.00,15500,2
08041,C00901918,pre_primary,50000,50000,1.00,50000,1
08041,C00919084,between_primary_runoff,386284,386284,73.11,383000,72
08041,C00919084,post_runoff,413392,413392,54.10,392896,52
08041,C00919084,pre_primary,588622,588622,33.99,563820,33
08043,C00919084,between_primary_runoff,110980,110980,8.99,108000,8
08043,C00919084,post_runoff,23414,23414,4.00,20000,3
08043,C00919084,pre_primary,180000,180000,6.00,180000,6
08045,C00901918,pre_primary,700000,700000,1.00,0,0
08045,C00919084,between_primary_runoff,83404,83404,4.73,65000,4
08045,C00919084,post_runoff,295675,295675,5.73,38000,5
08045,C00919084,pre_primary,170306,170306,16.48,133500,15
08047,C00919084,between_primary_runoff,2500,2500,1.00,2500,1
08047,C00919084,post_runoff,2500,2500,1.00,2500,1
08047,C00919084,pre_primary,808,808,0.07,0,0
08049,C00919084,between_primary_runoff,70000,70000,3.00,0,0
08049,C00919084,post_runoff,10000,10000,1.00,0,0
08049,C00919084,pre_primary,91900,91900,5.00,0,0
08051,C00901918,pre_primary,104102,104102,1.00,104102,1
08051,C00919084,between_primary_runoff,51617,51617,7.04,20726,4
08051,C00919084,post_runoff,77472,77472,5.04,65000,5
08051,C00919084,pre_primary,176782,176782,10.07,125000,5
08053,C00919084,between_primary_runoff,22,22,0.00,0,0
08055,C00919084,between_primary_runoff,14500,14500,6.00,14500,6
08055,C00919084,post_runoff,3500,3500,2.00,3500,2
08059,C00369033,between_primary_runoff,15000,15000,1.00,15000,1
08059,C00369033,pre_primary,16600,16600,5.00,16600,5
08059,C00901918,between_primary_runoff,102910,102910,11.00,102910,11
08059,C00901918,post_runoff,67521,67521,16.00,67521,16
08059,C00901918,pre_primary,65820,65820,9.00,65820,9
08059,C00919084,between_primary_runoff,1535759,1535759,141.98,1442427,126
08059,C00919084,post_runoff,1004614,1004614,92.40,926363,83
08059,C00919084,pre_primary,1483033,1483033,133.85,1316526,113
08065,C00919084,between_primary_runoff,20000,20000,2.00,0,0
08065,C00919084,post_runoff,45000,45000,3.00,25000,1
08065,C00919084,pre_primary,10000,10000,1.00,0,0
08067,C00919084,between_primary_runoff,363692,363692,24.00,351200,20
08067,C00919084,post_runoff,130191,130191,11.00,122500,9
08067,C00919084,pre_primary,221281,221281,9.99,167000,8
08069,C00369033,between_primary_runoff,50000,50000,1.00,0,0
08069,C00901918,between_primary_runoff,76952,76952,7.98,72050,7
08069,C00901918,post_runoff,31230,31230,2.00,31230,2
08069,C00901918,pre_primary,213884,213884,25.00,213884,25
08069,C00919084,between_primary_runoff,1238577,1238577,82.96,1083550,77
08069,C00919084,post_runoff,1200661,1200661,63.00,980574,55
08069,C00919084,pre_primary,685500,685500,48.00,685500,48
08071,C00919084,post_runoff,15000,15000,2.00,0,0
08071,C00919084,pre_primary,25000,25000,1.00,0,0
08075,C00369033,pre_primary,100000,100000,1.00,0,0
08077,C00901918,between_primary_runoff,10000,10000,1.00,10000,1
08077,C00919084,between_primary_runoff,28500,28500,6.00,28500,6
08077,C00919084,post_runoff,52500,52500,2.00,52500,2
08077,C00919084,pre_primary,32500,32500,6.00,32500,6
08083,C00919084,between_primary_runoff,21000,21000,6.00,21000,6
08083,C00919084,post_runoff,14500,14500,3.00,14500,3
08083,C00919084,pre_primary,2000,2000,1.00,2000,1
08085,C00369033,between_primary_runoff,50000,50000,1.00,50000,1
08085,C00919084,between_primary_runoff,20000,20000,2.00,20000,2
08085,C00919084,post_runoff,60000,60000,2.00,60000,2
08085,C00919084,pre_primary,25000,25000,1.00,25000,1
08091,C00919084,between_primary_runoff,300000,300000,1.00,300000,1
08093,C00919084,between_primary_runoff,30287,30287,3.11,30000,3
08093,C00919084,post_runoff,10013,10013,1.00,10000,1
08093,C00919084,pre_primary,31121,31121,5.20,4900,1
08097,C00369033,pre_primary,750000,750000,3.00,50000,1
08097,C00901918,between_primary_runoff,15616,15616,2.00,15616,2
08097,C00919084,between_primary_runoff,893911,893911,20.43,773000,12
08097,C00919084,post_runoff,357335,357335,16.75,303000,11
08097,C00919084,pre_primary,440353,440353,10.11,387500,9
08101,C00919084,between_primary_runoff,205000,205000,13.00,205000,13
08101,C00919084,post_runoff,120079,120079,5.01,120000,5
08101,C00919084,pre_primary,80198,80198,6.01,80000,6
08107,C00919084,between_primary_runoff,125300,125300,11.00,100300,8
08107,C00919084,post_runoff,78500,78500,5.00,78500,5
08107,C00919084,pre_primary,195000,195000,10.00,82500,6
08109,C00919084,between_primary_runoff,7500,7500,2.00,0,0
08109,C00919084,post_runoff,5000,5000,1.00,0,0
08109,C00919084,pre_primary,5000,5000,1.00,0,0
08111,C00919084,between_primary_runoff,8,8,0.00,0,0
08111,C00919084,post_runoff,5,5,0.00,0,0
08111,C00919084,pre_primary,3,3,0.00,0,0
08113,C00919084,between_primary_runoff,100000,100000,1.00,100000,1
08113,C00919084,post_runoff,19094,19094,3.00,19094,3
08117,C00919084,between_primary_runoff,40000,40000,3.00,20000,2
08117,C00919084,post_runoff,201896,201896,6.00,166896,4
08117,C00919084,pre_primary,157500,157500,5.00,107500,4
08119,C00919084,between_primary_runoff,7224,7224,2.89,5000,2
08119,C00919084,post_runoff,11500,11500,3.00,11500,3
08119,C00919084,pre_primary,46979,46979,11.80,26500,8
08123,C00901918,between_primary_runoff,98,98,0.02,0,0
08123,C00919084,between_primary_runoff,66229,66229,28.40,57300,27
08123,C00919084,post_runoff,47695,47695,12.36,37500,11
08123,C00919084,pre_primary,106990,106990,23.36,88300,22
09110,C00369033,between_primary_runoff,50000,50000,1.00,50000,1
09110,C00901918,between_primary_runoff,69443,69443,13.00,69443,13
09110,C00901918,post_runoff,18228,18228,4.00,18228,4
09110,C00901918,pre_primary,44559,44559,9.00,44559,9
09110,C00919084,between_primary_runoff,995800,995800,88.00,845800,85
09110,C00919084,post_runoff,712666,712666,52.00,622666,48
09110,C00919084,pre_primary,887574,887574,36.00,837500,35
09120,C00901918,between_primary_runoff,10410,10410,1.00,10410,1
09120,C00901918,post_runoff,350000,350000,1.00,350000,1
09120,C00919084,between_primary_runoff,1882362,1882362,42.00,1882200,42
09120,C00919084,post_runoff,121005,121005,17.00,121000,17
09120,C00919084,pre_primary,1522123,1522123,63.00,1522009,63
09130,C00919084,between_primary_runoff,297800,297800,43.00,272300,41
09130,C00919084,post_runoff,320467,320467,34.00,285467,32
09130,C00919084,pre_primary,719000,719000,38.00,619000,37
09140,C00901918,post_runoff,10000,10000,1.00,10000,1
09140,C00901918,pre_primary,10000,10000,1.00,10000,1
09140,C00919084,between_primary_runoff,85949,85949,23.00,80500,17
09140,C00919084,post_runoff,48800,48800,10.00,48500,9
09140,C00919084,pre_primary,684065,684065,47.00,502000,15
09150,C00919084,between_primary_runoff,61226,61226,12.00,28700,8
09150,C00919084,post_runoff,45797,45797,10.00,26800,6
09150,C00919084,pre_primary,78824,78824,6.00,78824,6
09160,C00369033,pre_primary,350000,350000,1.00,350000,1
09160,C00919084,between_primary_runoff,785000,785000,42.00,634000,22
09160,C00919084,post_runoff,1054200,1054200,41.00,837500,29
09160,C00919084,pre_primary,1409832,1409832,38.00,1244000,25
09170,C00369033,between_primary_runoff,100000,100000,1.00,100000,1
09170,C00901918,between_primary_runoff,10000,10000,1.00,10000,1
09170,C00901918,post_runoff,73160,73160,9.00,73160,9
09170,C00901918,pre_primary,10000,10000,1.00,10000,1
09170,C00919084,between_primary_runoff,948901,948901,102.00,938950,101
09170,C00919084,post_runoff,782185,782185,52.00,782185,52
09170,C00919084,pre_primary,1258161,1258161,70.00,1173100,67
09180,C00919084,between_primary_runoff,142974,142974,11.00,118000,10
09180,C00919084,post_runoff,160503,160503,13.00,122500,10
09180,C00919084,pre_primary,160000,160000,3.00,150000,2
09190,C00369033,between_primary_runoff,905000,905000,8.00,905000,8
09190,C00369033,pre_primary,1205000,1205000,20.00,755000,18
09190,C00901918,between_primary_runoff,57500,57500,4.00,57500,4
09190,C00901918,post_runoff,109307,109307,2.00,109307,2
09190,C00901918,pre_primary,2241640,2241640,6.00,2241640,6
09190,C00919084,between_primary_runoff,3662738,3662738,163.00,3336400,151
09190,C00919084,post_runoff,3335911,3335911,126.00,3305916,122
09190,C00919084,pre_primary,5838786,5838786,135.00,5670400,123
10001,C00901918,between_primary_runoff,48927,48927,4.00,48927,4
10001,C00901918,post_runoff,10000,10000,1.00,10000,1
10003,C00369033,pre_primary,52051,52051,1.00,52051,1
10003,C00901918,between_primary_runoff,2500,2500,1.00,2500,1
10003,C00901918,post_runoff,7500,7500,1.00,7500,1
10003,C00919084,between_primary_runoff,474500,474500,39.00,474500,39
10003,C00919084,post_runoff,619026,619026,28.00,519026,27
10003,C00919084,pre_primary,347100,347100,23.00,347100,23
10005,C00369033,between_primary_runoff,260000,260000,4.00,260000,4
10005,C00369033,pre_primary,70000,70000,14.00,70000,14
10005,C00901918,between_primary_runoff,100000,100000,1.00,100000,1
10005,C00919084,between_primary_runoff,412000,412000,29.00,357000,24
10005,C00919084,post_runoff,250296,250296,20.00,185296,18
10005,C00919084,pre_primary,492000,492000,34.00,452000,28
11001,C00369033,between_primary_runoff,2516407,2516407,28.00,2516407,28
11001,C00369033,pre_primary,3040000,3040000,21.00,3040000,21
11001,C00901918,between_primary_runoff,26025,26025,1.00,26025,1
11001,C00901918,post_runoff,550000,550000,3.00,550000,3
11001,C00901918,pre_primary,776025,776025,4.00,776025,4
11001,C00919084,between_primary_runoff,13288797,13288797,512.00,13273797,509
11001,C00919084,post_runoff,8413478,8413478,329.00,8310978,327
11001,C00919084,pre_primary,14015328,14015328,473.00,13972828,468
12001,C00901918,pre_primary,10500,10500,1.00,10500,1
12001,C00919084,between_primary_runoff,418026,418026,50.00,333026,42
12001,C00919084,post_runoff,269000,269000,34.00,246000,28
12001,C00919084,pre_primary,347500,347500,48.00,330000,43
12003,C00369033,pre_primary,50000,50000,1.00,50000,1
12005,C00901918,between_primary_runoff,100000,100000,2.00,50000,1
12005,C00919084,between_primary_runoff,87500,87500,11.00,87500,11
12005,C00919084,post_runoff,122500,122500,9.00,122500,9
12005,C00919084,pre_primary,80000,80000,9.00,80000,9
12009,C00369033,pre_primary,110000,110000,3.00,110000,3
12009,C00901918,between_primary_runoff,54156,54156,8.00,54156,8
12009,C00901918,post_runoff,130165,130165,8.00,80165,7
12009,C00901918,pre_primary,60820,60820,9.00,60820,9
12009,C00919084,between_primary_runoff,373200,373200,46.00,340200,39
12009,C00919084,post_runoff,341600,341600,40.00,336000,38
12009,C00919084,pre_primary,255900,255900,22.00,244800,16
12011,C00369033,between_primary_runoff,25000,25000,1.00,25000,1
12011,C00369033,pre_primary,1950000,1950000,5.00,1600000,4
12011,C00901918,between_primary_runoff,122426,122426,37.00,101188,18
12011,C00901918,post_runoff,196349,196349,48.00,191143,44
12011,C00901918,pre_primary,463497,463497,41.00,189301,27
12011,C00919084,between_primary_runoff,1573450,1573450,132.00,1465950,117
12011,C00919084,post_runoff,1711555,1711555,94.00,1613055,82
12011,C00919084,pre_primary,1940148,1940148,104.00,1796648,97
12015,C00369033,pre_primary,50000,50000,1.00,50000,1
12015,C00901918,between_primary_runoff,20820,20820,2.00,20820,2
12015,C00919084,between_primary_runoff,150000,150000,11.00,140000,9
12015,C00919084,post_runoff,98000,98000,10.00,93000,9
12015,C00919084,pre_primary,25000,25000,2.00,25000,2
12017,C00369033,between_primary_runoff,150000,150000,1.00,150000,1
12017,C00901918,pre_primary,10000,10000,1.00,10000,1
12017,C00919084,between_primary_runoff,95000,95000,10.00,95000,10
12017,C00919084,post_runoff,23000,23000,5.00,23000,5
12017,C00919084,pre_primary,137500,137500,10.00,137500,10
12019,C00901918,post_runoff,130000,130000,2.00,130000,2
12019,C00919084,post_runoff,125000,125000,2.00,125000,2
12021,C00369033,between_primary_runoff,230000,230000,4.00,230000,4
12021,C00369033,pre_primary,970410,970410,5.00,470410,4
12021,C00901918,between_primary_runoff,62845,62845,5.00,42025,3
12021,C00901918,post_runoff,100000,100000,1.00,0,0
12021,C00901918,pre_primary,775147,775147,4.00,775147,4
12021,C00919084,between_primary_runoff,1137800,1137800,56.00,845300,50
12021,C00919084,post_runoff,953196,953196,35.00,840196,32
12021,C00919084,pre_primary,610500,610500,46.00,550500,44
12023,C00901918,between_primary_runoff,112550,112550,5.00,0,0
12023,C00901918,post_runoff,10000,10000,1.00,0,0
12031,C00369033,between_primary_runoff,50000,50000,1.00,50000,1
12031,C00369033,pre_primary,50000,50000,1.00,50000,1
12031,C00901918,between_primary_runoff,8700,8700,4.00,8700,4
12031,C00901918,post_runoff,61000,61000,4.00,61000,4
12031,C00901918,pre_primary,725000,725000,3.00,725000,3
12031,C00919084,between_primary_runoff,635023,635023,69.00,561523,65
12031,C00919084,post_runoff,940270,940270,54.00,929770,52
12031,C00919084,pre_primary,734606,734606,38.00,727000,37
12033,C00369033,between_primary_runoff,13100,13100,15.00,13100,15
12033,C00369033,pre_primary,33350,33350,39.00,33350,39
12033,C00901918,between_primary_runoff,10000,10000,1.00,10000,1
12033,C00901918,post_runoff,37123,37123,13.00,37123,13
12033,C00901918,pre_primary,500000,500000,1.00,500000,1
12033,C00919084,between_primary_runoff,384000,384000,24.00,384000,24
12033,C00919084,post_runoff,60000,60000,13.00,60000,13
12033,C00919084,pre_primary,60000,60000,5.00,60000,5
12035,C00369033,between_primary_runoff,25000,25000,1.00,25000,1
12035,C00369033,pre_primary,3828,3828,0.08,0,0
12035,C00919084,between_primary_runoff,2500,2500,1.00,2500,1
12035,C00919084,post_runoff,205500,205500,3.00,205500,3
12039,C00919084,between_primary_runoff,20000,20000,1.00,0,0
12039,C00919084,post_runoff,31000,31000,3.00,6000,2
12039,C00919084,pre_primary,25000,25000,1.00,0,0
12043,C00919084,pre_primary,10673,10673,0.64,0,0
12045,C00901918,between_primary_runoff,52051,52051,1.00,52051,1
12045,C00919084,between_primary_runoff,2000,2000,2.00,2000,2
12045,C00919084,post_runoff,3000,3000,1.00,3000,1
12049,C00901918,between_primary_runoff,78075,78075,3.00,78075,3
12051,C00919084,post_runoff,50000,50000,1.00,50000,1
12053,C00901918,pre_primary,1400000,1400000,1.00,1400000,1
12053,C00919084,between_primary_runoff,4000,4000,3.00,4000,3
12053,C00919084,post_runoff,500,500,1.00,500,1
12055,C00919084,between_primary_runoff,4200,4200,5.00,4200,5
12055,C00919084,post_runoff,7300,7300,6.00,7300,6
12055,C00919084,pre_primary,11488,11488,1.09,10000,1
12057,C00369033,pre_primary,250000,250000,3.00,250000,3
12057,C00901918,between_primary_runoff,155000,155000,4.00,55000,3
12057,C00901918,post_runoff,5000,5000,1.00,5000,1
12057,C00901918,pre_primary,520000,520000,6.00,420000,5
12057,C00919084,between_primary_runoff,628700,628700,68.00,548700,65
12057,C00919084,post_runoff,840647,840647,72.00,830647,70
12057,C00919084,pre_primary,816500,816500,68.00,796300,65
12061,C00369033,between_primary_runoff,50000,50000,1.00,50000,1
12061,C00369033,pre_primary,150000,150000,1.00,150000,1
12061,C00901918,between_primary_runoff,15000,15000,3.00,15000,3
12061,C00901918,post_runoff,365000,365000,3.00,365000,3
12061,C00901918,pre_primary,161153,161153,3.00,161153,3
12061,C00919084,between_primary_runoff,389600,389600,36.00,389600,36
12061,C00919084,post_runoff,286500,286500,15.00,261500,14
12061,C00919084,pre_primary,317000,317000,23.00,317000,23
12063,C00901918,between_primary_runoff,7288,7288,2.00,7288,2
12063,C00901918,post_runoff,3644,3644,1.00,3644,1
12063,C00901918,pre_primary,26321,26321,11.00,26321,11
12069,C00901918,between_primary_runoff,46256,46256,11.00,46256,11
12069,C00901918,post_runoff,50023,50023,25.00,50023,25
12069,C00901918,pre_primary,202000,202000,10.00,202000,10
12069,C00919084,between_primary_runoff,235004,235004,30.82,225909,29
12069,C00919084,post_runoff,110500,110500,18.00,100500,16
12069,C00919084,pre_primary,380000,380000,26.00,380000,26
12071,C00369033,pre_primary,104470,104470,5.00,104470,5
12071,C00901918,between_primary_runoff,56345,56345,5.00,49345,4
12071,C00901918,post_runoff,515223,515223,16.00,396621,12
12071,C00901918,pre_primary,723410,723410,4.00,703000,2
12071,C00919084,between_primary_runoff,681626,681626,98.00,616626,95
12071,C00919084,post_runoff,899950,899950,63.00,874950,62
12071,C00919084,pre_primary,564000,564000,42.00,564000,42
12073,C00369033,between_primary_runoff,50000,50000,1.00,50000,1
12073,C00369033,pre_primary,150000,150000,3.00,150000,3
12073,C00901918,between_primary_runoff,120410,120410,3.00,120410,3
12073,C00901918,post_runoff,60000,60000,2.00,60000,2
12073,C00901918,pre_primary,100000,100000,1.00,100000,1
12073,C00919084,between_primary_runoff,443200,443200,48.00,410200,44
12073,C00919084,post_runoff,289696,289696,30.00,284696,29
12073,C00919084,pre_primary,223100,223100,26.00,213100,25
12075,C00901918,between_primary_runoff,654,654,0.28,0,0
12075,C00901918,post_runoff,663,663,0.28,0,0
12075,C00901918,pre_primary,15227,15227,2.09,0,0
12075,C00919084,between_primary_runoff,11000,11000,2.00,11000,2
12075,C00919084,pre_primary,10000,10000,1.00,10000,1
12081,C00369033,between_primary_runoff,100000,100000,1.00,100000,1
12081,C00369033,pre_primary,250000,250000,1.00,250000,1
12081,C00901918,post_runoff,107539,107539,4.00,107539,4
12081,C00901918,pre_primary,156152,156152,4.00,156152,4
12081,C00919084,between_primary_runoff,426176,426176,30.00,426176,30
12081,C00919084,post_runoff,185000,185000,16.00,185000,16
12081,C00919084,pre_primary,208400,208400,12.00,208400,12
12083,C00901918,between_primary_runoff,14054,14054,3.72,7808,1
12083,C00901918,post_runoff,6337,6337,2.72,0,0
12083,C00901918,pre_primary,32173,32173,2.91,30000,2
12083,C00919084,between_primary_runoff,209000,209000,20.00,154000,16
12083,C00919084,post_runoff,36000,36000,8.00,36000,8
12083,C00919084,pre_primary,247500,247500,18.00,237500,17
12085,C00369033,between_primary_runoff,300000,300000,2.00,300000,2
12085,C00369033,pre_primary,2100000,2100000,2.00,2100000,2
12085,C00901918,between_primary_runoff,20773,20773,7.00,10773,6
12085,C00901918,post_runoff,23603,23603,12.00,13603,11
12085,C00901918,pre_primary,25000,25000,1.00,0,0
12085,C00919084,between_primary_runoff,244100,244100,29.00,218600,22
12085,C00919084,post_runoff,614835,614835,21.02,608600,19
12085,C00919084,pre_primary,480884,480884,22.05,275000,18
12086,C00369033,between_primary_runoff,3726540,1124000,6.00,3676540,5
12086,C00369033,pre_primary,2707200,2707200,15.00,2270000,11
12086,C00901918,between_primary_runoff,4000,4000,1.00,4000,1
12086,C00901918,post_runoff,181966,181966,13.00,181966,13
12086,C00901918,pre_primary,782871,782871,5.00,782871,5
12086,C00919084,between_primary_runoff,2810552,2810552,170.00,2500552,168
12086,C00919084,post_runoff,1809276,1809276,118.00,1458776,112
12086,C00919084,pre_primary,3233353,3233353,133.00,3158353,130
12087,C00901918,between_primary_runoff,20000,20000,1.00,0,0
12087,C00901918,post_runoff,10000,10000,1.00,0,0
12087,C00901918,pre_primary,10000,10000,1.00,10000,1
12087,C00919084,between_primary_runoff,127500,127500,3.00,125000,2
12087,C00919084,post_runoff,142500,142500,6.00,135000,3
12087,C00919084,pre_primary,85000,85000,3.00,85000,3
12089,C00901918,between_primary_runoff,15000,15000,2.00,10000,1
12089,C00901918,post_runoff,5000,5000,1.00,0,0
12089,C00919084,between_primary_runoff,136000,136000,15.00,84500,10
12089,C00919084,post_runoff,61000,61000,8.00,47000,5
12089,C00919084,pre_primary,92500,92500,4.00,72500,3
12091,C00919084,between_primary_runoff,75000,75000,1.00,75000,1
12091,C00919084,post_runoff,34627,34627,5.00,34627,5
12091,C00919084,pre_primary,135000,135000,4.00,135000,4
12093,C00919084,pre_primary,36942,36942,2.22,0,0
12095,C00369033,between_primary_runoff,210030,210030,8.00,210000,7
12095,C00369033,pre_primary,947126,947126,21.00,922051,19
12095,C00901918,between_primary_runoff,264972,238947,26.00,264972,26
12095,C00901918,post_runoff,285028,285028,6.00,283028,5
12095,C00901918,pre_primary,400059,400059,46.00,370059,42
12095,C00919084,between_primary_runoff,1337710,1337710,85.71,1246526,79
12095,C00919084,post_runoff,712450,712450,49.00,694754,46
12095,C00919084,pre_primary,1062000,1062000,38.00,962000,37
12097,C00919084,between_primary_runoff,63000,63000,3.00,3000,2
12097,C00919084,post_runoff,12000,12000,2.00,12000,2
12097,C00919084,pre_primary,70000,70000,2.00,70000,2
12099,C00369033,between_primary_runoff,10484410,10484410,83.00,10034410,79
12099,C00369033,pre_primary,6044814,6031814,69.00,5693814,67
12099,C00901918,between_primary_runoff,879370,429370,14.00,879370,14
12099,C00901918,post_runoff,177747,177747,16.00,177747,16
12099,C00901918,pre_primary,750410,750410,9.00,725410,6
12099,C00919084,between_primary_runoff,2428150,2428150,171.00,1662150,162
12099,C00919084,post_runoff,1872712,1872712,128.98,1598947,122
12099,C00919084,pre_primary,2945400,2945400,102.00,2945400,102
12101,C00369033,between_primary_runoff,447,447,3.00,447,3
12101,C00901918,between_primary_runoff,102051,102051,3.00,102051,3
12101,C00901918,post_runoff,10000,10000,1.00,10000,1
12101,C00901918,pre_primary,36025,36025,2.00,36025,2
12101,C00919084,between_primary_runoff,263200,263200,21.00,263200,21
12101,C00919084,post_runoff,50700,50700,11.00,50700,11
12101,C00919084,pre_primary,121500,121500,15.00,121500,15
12103,C00369033,pre_primary,1100000,1100000,3.00,1100000,3
12103,C00901918,between_primary_runoff,25500,25500,4.00,25500,4
12103,C00901918,post_runoff,48600,48600,6.00,48600,6
12103,C00901918,pre_primary,1041340,1041340,13.00,1041340,13
12103,C00919084,between_primary_runoff,1569900,1569900,154.00,1502900,140
12103,C00919084,post_runoff,1035154,1035154,84.00,977654,75
12103,C00919084,pre_primary,1298639,1298639,120.00,1048754,95
12105,C00369033,between_primary_runoff,100000,100000,1.00,100000,1
12105,C00369033,pre_primary,100000,100000,1.00,100000,1
12105,C00901918,between_primary_runoff,10000,10000,1.00,10000,1
12105,C00901918,post_runoff,45820,45820,3.00,45820,3
12105,C00901918,pre_primary,10000,10000,1.00,10000,1
12105,C00919084,between_primary_runoff,74100,74100,48.00,74100,48
12105,C00919084,post_runoff,36500,36500,21.00,36500,21
12105,C00919084,pre_primary,269000,269000,26.00,269000,26
12107,C00919084,between_primary_runoff,20000,20000,4.00,20000,4
12107,C00919084,post_runoff,11000,11000,3.00,11000,3
12107,C00919084,pre_primary,45000,45000,4.00,45000,4
12109,C00901918,between_primary_runoff,64320,64320,6.00,64320,6
12109,C00901918,pre_primary,28910,28910,4.00,28910,4
12109,C00919084,between_primary_runoff,233125,233125,30.00,233125,30
12109,C00919084,post_runoff,541724,541724,26.00,541724,26
12109,C00919084,pre_primary,858500,858500,22.00,858500,22
12111,C00901918,between_primary_runoff,72050,72050,3.00,72050,3
12111,C00901918,pre_primary,50000,50000,1.00,50000,1
12111,C00919084,between_primary_runoff,147900,147900,22.00,137900,20
12111,C00919084,post_runoff,97900,97900,18.00,77900,15
12111,C00919084,pre_primary,67513,67513,16.00,67500,16
12113,C00369033,pre_primary,50000,50000,1.00,50000,1
12113,C00901918,between_primary_runoff,50000,50000,1.00,50000,1
12113,C00919084,between_primary_runoff,76200,76200,22.00,76200,22
12113,C00919084,post_runoff,92100,92100,17.00,92100,17
12113,C00919084,pre_primary,88400,88400,10.00,88400,10
12115,C00369033,between_primary_runoff,550000,550000,4.00,550000,4
12115,C00369033,pre_primary,162000,162000,2.00,162000,2
12115,C00901918,between_primary_runoff,47997,47997,5.00,47997,5
12115,C00901918,post_runoff,72870,72870,4.00,0,0
12115,C00901918,pre_primary,33521,33521,19.00,33521,19
12115,C00919084,between_primary_runoff,778781,778781,81.00,772281,78
12115,C00919084,post_runoff,1023500,1023500,84.00,1022500,83
12115,C00919084,pre_primary,1007900,1007900,61.00,994900,57
12117,C00369033,pre_primary,50000,50000,1.00,50000,1
12117,C00901918,between_primary_runoff,10000,10000,1.00,10000,1
12117,C00901918,post_runoff,45017,45017,7.00,45017,7
12117,C00901918,pre_primary,700000,700000,1.00,700000,1
12117,C00919084,between_primary_runoff,300921,300921,22.47,296200,22
12117,C00919084,post_runoff,576696,576696,16.00,576696,16
12117,C00919084,pre_primary,277500,277500,24.00,277500,24
12119,C00901918,between_primary_runoff,288000,288000,11.00,288000,11
12119,C00901918,post_runoff,225800,225800,10.00,225800,10
12119,C00901918,pre_primary,71000,71000,8.00,71000,8
12119,C00919084,between_primary_runoff,142026,142026,10.00,142026,10
12119,C00919084,post_runoff,102500,102500,12.00,102500,12
12119,C00919084,pre_primary,186000,186000,13.00,186000,13
12127,C00369033,pre_primary,46172,46172,0.92,0,0
12127,C00901918,between_primary_runoff,83525,83525,7.00,83525,7
12127,C00901918,post_runoff,20000,20000,1.00,20000,1
12127,C00901918,pre_primary,78051,78051,6.00,78051,6
12127,C00919084,between_primary_runoff,218700,218700,19.00,193700,18
12127,C00919084,post_runoff,112300,112300,16.00,112300,16
12127,C00919084,pre_primary,232500,232500,13.00,232500,13
12129,C00919084,between_primary_runoff,20000,20000,2.00,20000,2
12129,C00919084,post_runoff,10000,10000,1.00,10000,1
12129,C00919084,pre_primary,10000,10000,1.00,10000,1
12131,C00919084,between_primary_runoff,83700,83700,6.00,83700,6
12131,C00919084,post_runoff,105000,105000,10.00,105000,10
12131,C00919084,pre_primary,275000,275000,21.00,275000,21
12133,C00919084,between_primary_runoff,10000,10000,2.00,10000,2
12133,C00919084,pre_primary,7500,7500,2.00,7500,2
13005,C00919084,between_primary_runoff,28988,28988,2.90,0,0
13009,C00919084,between_primary_runoff,25000,25000,1.00,25000,1
13009,C00919084,post_runoff,50000,50000,1.00,50000,1
13011,C00919084,post_runoff,14751,14751,0.30,0,0
13013,C00369033,between_primary_runoff,50000,50000,1.00,50000,1
13013,C00919084,between_primary_runoff,12500,12500,7.00,12500,7
13013,C00919084,post_runoff,4000,4000,2.00,4000,2
13013,C00919084,pre_primary,5000,5000,2.00,5000,2
13015,C00919084,between_primary_runoff,3000,3000,1.00,3000,1
13015,C00919084,post_runoff,3500,3500,2.00,3500,2
13021,C00369033,pre_primary,23680,23680,8.00,23680,8
13021,C00901918,between_primary_runoff,10000,10000,1.00,10000,1
13021,C00901918,post_runoff,38115,38115,2.00,38115,2
13021,C00919084,between_primary_runoff,68000,68000,11.00,68000,11
13021,C00919084,post_runoff,50700,50700,4.00,25700,3
13021,C00919084,pre_primary,220000,220000,6.00,170000,5
13029,C00369033,pre_primary,50000,50000,1.00,50000,1
13029,C00919084,between_primary_runoff,13700,13700,7.00,13700,7
13029,C00919084,post_runoff,10500,10500,4.00,10500,4
13029,C00919084,pre_primary,50000,50000,1.00,50000,1
13031,C00919084,pre_primary,5000,5000,1.00,5000,1
13039,C00369033,pre_primary,100000,100000,2.00,100000,2
13039,C00919084,between_primary_runoff,28500,28500,16.00,28500,16
13039,C00919084,post_runoff,25196,25196,14.00,25196,14
13039,C00919084,pre_primary,54500,54500,8.00,54500,8
13043,C00919084,between_primary_runoff,5000,5000,1.00,5000,1
13045,C00369033,pre_primary,50000,50000,1.00,50000,1
13045,C00901918,between_primary_runoff,7500,7500,3.00,7500,3
13045,C00901918,post_runoff,2500,2500,1.00,2500,1
13045,C00919084,between_primary_runoff,7000,7000,3.00,7000,3
13045,C00919084,post_runoff,2915,2915,1.04,2500,1
13045,C00919084,pre_primary,2500,2500,1.00,2500,1
13051,C00369033,between_primary_runoff,15000,15000,3.00,15000,3
13051,C00901918,between_primary_runoff,51230,51230,5.00,51230,5
13051,C00901918,post_runoff,20820,20820,1.00,20820,1
13051,C00901918,pre_primary,56230,56230,3.00,56230,3
13051,C00919084,between_primary_runoff,162796,162796,53.00,162796,53
13051,C00919084,post_runoff,139196,139196,32.00,139196,32
13051,C00919084,pre_primary,138500,138500,32.00,88500,31
13055,C00369033,pre_primary,6300,6300,4.00,6300,4
13055,C00901918,between_primary_runoff,3989,3989,0.08,0,0
13055,C00901918,post_runoff,2393,2393,0.08,0,0
13055,C00901918,pre_primary,31995,31995,1.08,30000,1
13057,C00369033,pre_primary,728711,728711,1.00,728711,1
13057,C00901918,between_primary_runoff,523470,523470,6.91,270254,2
13057,C00901918,post_runoff,20820,20820,2.00,20820,2
13057,C00919084,between_primary_runoff,62049,62049,11.02,62000,11
13057,C00919084,post_runoff,115851,115851,9.03,115800,9
13057,C00919084,pre_primary,267996,267996,3.04,267900,3
13059,C00919084,between_primary_runoff,188500,188500,12.00,188500,12
13059,C00919084,post_runoff,107127,107127,10.00,87127,9
13059,C00919084,pre_primary,336000,336000,13.00,236000,12
13063,C00901918,between_primary_runoff,8000,8000,2.00,8000,2
13067,C00369033,between_primary_runoff,2180000,2180000,5.00,2180000,5
13067,C00369033,pre_primary,845161,845161,35.00,845161,35
13067,C00901918,between_primary_runoff,49899,49899,5.09,45412,5
13067,C00901918,post_runoff,26025,26025,1.00,26025,1
13067,C00901918,pre_primary,27025,27025,5.00,27025,5
13067,C00919084,between_primary_runoff,481463,481463,70.79,467000,65
13067,C00919084,post_runoff,419859,419859,33.79,405896,30
13067,C00919084,pre_primary,625283,625283,54.79,616320,53
13071,C00369033,between_primary_runoff,100000,100000,1.00,100000,1
13071,C00369033,pre_primary,300000,300000,3.00,300000,3
13071,C00919084,between_primary_runoff,4500,4500,3.00,0,0
13071,C00919084,post_runoff,8000,8000,3.00,0,0
13073,C00369033,between_primary_runoff,50000,50000,1.00,50000,1
13073,C00919084,between_primary_runoff,10000,10000,1.00,10000,1
13073,C00919084,post_runoff,127407,127407,3.53,125000,2
13073,C00919084,pre_primary,76635,76635,5.57,50000,1
13077,C00901918,pre_primary,50000,50000,2.00,50000,2
13077,C00919084,between_primary_runoff,37269,37269,7.23,35000,7
13077,C00919084,post_runoff,51119,51119,9.00,51119,9
13077,C00919084,pre_primary,42500,42500,11.00,42500,11
13079,C00919084,post_runoff,25000,25000,3.00,25000,3
13085,C00919084,between_primary_runoff,527,527,0.20,0,0
13085,C00919084,post_runoff,547,547,0.30,0,0
13085,C00919084,pre_primary,1023,1023,0.41,0,0
13089,C00369033,pre_primary,150000,150000,2.00,150000,2
13089,C00901918,pre_primary,30500,30500,4.00,30500,4
13089,C00919084,between_primary_runoff,1649942,1649942,110.00,1639942,108
13089,C00919084,post_runoff,1136760,1136760,82.00,1120464,80
13089,C00919084,pre_primary,1567350,1567350,99.00,1567350,99
13091,C00919084,pre_primary,25000,25000,1.00,25000,1
13095,C00901918,pre_primary,28751,28751,0.96,0,0
13095,C00919084,post_runoff,100000,100000,1.00,100000,1
13095,C00919084,pre_primary,25000,25000,1.00,25000,1
13097,C00901918,post_runoff,2000,2000,1.00,2000,1
13097,C00919084,between_primary_runoff,3,3,0.00,0,0
13097,C00919084,post_runoff,3,3,0.00,0,0
13097,C00919084,pre_primary,3,3,0.00,0,0
13099,C00919084,post_runoff,200000,200000,1.00,200000,1
13101,C00919084,between_primary_runoff,50000,50000,1.00,50000,1
13103,C00919084,pre_primary,30000,30000,3.00,30000,3
13111,C00369033,pre_primary,47300,47300,0.95,0,0
13111,C00919084,between_primary_runoff,1883,1883,0.08,0,0
13111,C00919084,post_runoff,88,88,0.01,0,0
13111,C00919084,pre_primary,350,350,0.03,0,0
13113,C00369033,between_primary_runoff,50000,50000,1.00,50000,1
13113,C00369033,pre_primary,50000,50000,1.00,50000,1
13113,C00901918,between_primary_runoff,5206,5206,2.00,5206,2
13113,C00901918,post_runoff,10412,10412,4.00,10412,4
13113,C00919084,between_primary_runoff,20300,20300,9.00,20300,9
13113,C00919084,post_runoff,71800,71800,13.00,71800,13
13115,C00369033,between_primary_runoff,25000,25000,1.00,25000,1
13115,C00901918,between_primary_runoff,72036,72036,1.92,26025,1
13115,C00901918,post_runoff,27607,27607,0.92,0,0
13115,C00901918,pre_primary,23005,23005,0.92,0,0
13117,C00369033,between_primary_runoff,50000,50000,1.00,50000,1
13117,C00901918,post_runoff,22101,22101,8.00,22101,8
13117,C00919084,between_primary_runoff,130581,130581,32.79,125200,31
13117,C00919084,post_runoff,84215,84215,20.02,80500,19
13117,C00919084,pre_primary,195512,195512,7.26,195000,7
13119,C00919084,between_primary_runoff,6288,6288,1.76,2500,1
13119,C00919084,post_runoff,12577,12577,2.76,5000,2
13119,C00919084,pre_primary,20836,20836,3.79,0,0
13121,C00369033,between_primary_runoff,790000,790000,5.00,790000,5
13121,C00369033,pre_primary,476025,476025,5.00,476025,5
13121,C00901918,between_primary_runoff,637754,637754,9.00,637754,9
13121,C00901918,post_runoff,20000,20000,2.00,20000,2
13121,C00901918,pre_primary,1372500,1372500,5.00,1372500,5
13121,C00919084,between_primary_runoff,2094980,2094980,136.00,2056585,129
13121,C00919084,post_runoff,2416864,2416864,110.13,2366426,105
13121,C00919084,pre_primary,2571466,2571466,134.15,2566050,132
13123,C00369033,pre_primary,2700,2700,0.05,0,0
13123,C00901918,between_primary_runoff,365646,91412,0.26,0,0
13123,C00919084,between_primary_runoff,42506,42506,5.00,42500,5
13123,C00919084,post_runoff,10006,10006,2.00,10000,2
13123,C00919084,pre_primary,60012,60012,8.00,60000,8
13127,C00901918,post_runoff,100000,100000,1.00,100000,1
13127,C00919084,between_primary_runoff,221000,221000,12.00,221000,12
13127,C00919084,post_runoff,76000,76000,7.00,26000,6
13127,C00919084,pre_primary,140000,140000,6.00,30000,3
13129,C00901918,between_primary_runoff,2965,741,0.00,0,0
13129,C00919084,pre_primary,40000,40000,1.00,40000,1
13133,C00919084,between_primary_runoff,25000,25000,1.00,25000,1
13133,C00919084,post_runoff,25000,25000,1.00,25000,1
13135,C00901918,between_primary_runoff,721616,371616,6.00,721616,6
13135,C00901918,pre_primary,1050000,1050000,2.00,1050000,2
13135,C00919084,between_primary_runoff,299982,299982,41.98,275027,33
13135,C00919084,post_runoff,287847,287847,26.85,272500,22
13135,C00919084,pre_primary,169572,169572,22.59,151000,16
13137,C00919084,between_primary_runoff,73000,73000,6.00,73000,6
13137,C00919084,post_runoff,22727,22727,4.92,13500,4
13137,C00919084,pre_primary,16000,16000,3.00,16000,3
13139,C00369033,between_primary_runoff,50000,50000,1.00,50000,1
13139,C00919084,between_primary_runoff,119026,119026,9.00,119026,9
13139,C00919084,post_runoff,178725,178725,10.70,143500,10
13139,C00919084,pre_primary,13000,13000,4.00,13000,4
13143,C00919084,between_primary_runoff,17500,17500,5.00,17500,5
13143,C00919084,post_runoff,22085,22085,3.96,12500,3
13143,C00919084,pre_primary,5000,5000,2.00,5000,2
13145,C00919084,between_primary_runoff,17500,17500,3.00,10000,1
13145,C00919084,post_runoff,10000,10000,1.00,10000,1
13147,C00919084,between_primary_runoff,1212,1212,0.24,0,0
13147,C00919084,post_runoff,2423,2423,0.24,0,0
13147,C00919084,pre_primary,6664,6664,1.21,0,0
13151,C00369033,pre_primary,50000,50000,1.00,50000,1
13151,C00901918,pre_primary,20000,20000,1.00,20000,1
13153,C00901918,between_primary_runoff,3123,3123,1.00,3123,1
13153,C00901918,post_runoff,14995,14995,4.00,14995,4
13153,C00901918,pre_primary,22904,22904,7.00,22904,7
13153,C00919084,between_primary_runoff,25000,25000,1.00,25000,1
13157,C00901918,between_primary_runoff,26026,26026,2.00,26026,2
13157,C00901918,post_runoff,10000,10000,1.00,0,0
13157,C00919084,between_primary_runoff,10400,10400,4.00,10400,4
13157,C00919084,pre_primary,12600,12600,2.00,12600,2
13161,C00919084,between_primary_runoff,45,45,0.00,0,0
13177,C00369033,between_primary_runoff,100,100,1.00,100,1
13177,C00901918,pre_primary,1249,1249,0.04,0,0
13179,C00901918,between_primary_runoff,3500,3500,1.00,3500,1
13179,C00901918,pre_primary,3500,3500,1.00,3500,1
13183,C00919084,pre_primary,25000,25000,1.00,25000,1
13185,C00919084,between_primary_runoff,66916,66916,6.00,66916,6
13185,C00919084,post_runoff,10000,10000,1.00,10000,1
13185,C00919084,pre_primary,35000,35000,2.00,35000,2
13187,C00919084,between_primary_runoff,23569,23569,6.00,23500,6
13187,C00919084,post_runoff,13503,13503,3.00,13500,3
13187,C00919084,pre_primary,15013,15013,3.00,15000,3
13189,C00919084,post_runoff,9929,9929,0.99,0,0
13189,C00919084,pre_primary,4964,4964,0.99,0,0
13191,C00369033,between_primary_runoff,50000,50000,1.00,50000,1
13215,C00369033,pre_primary,57500,57500,5.00,7500,4
13215,C00901918,between_primary_runoff,5000,5000,1.00,5000,1
13215,C00901918,post_runoff,10000,10000,1.00,10000,1
13215,C00901918,pre_primary,10000,10000,1.00,10000,1
13215,C00919084,between_primary_runoff,15000,15000,3.00,15000,3
13215,C00919084,post_runoff,30000,30000,2.00,30000,2
13215,C00919084,pre_primary,35000,35000,3.00,35000,3
13217,C00369033,pre_primary,100000,100000,1.00,100000,1
13217,C00919084,post_runoff,50000,50000,2.00,50000,2
13217,C00919084,pre_primary,100000,100000,2.00,100000,2
13219,C00369033,between_primary_runoff,50000,50000,1.00,50000,1
13219,C00901918,between_primary_runoff,10619,10619,2.00,10619,2
13219,C00901918,pre_primary,25000,25000,1.00,25000,1
13219,C00919084,between_primary_runoff,210000,210000,13.00,210000,13
13219,C00919084,post_runoff,50000,50000,5.00,50000,5
13219,C00919084,pre_primary,25000,25000,3.00,25000,3
13221,C00919084,post_runoff,10000,10000,1.00,10000,1
13223,C00919084,between_primary_runoff,10034,10034,4.21,9000,4
13223,C00919084,post_runoff,9034,9034,3.21,8000,3
13223,C00919084,pre_primary,21034,21034,2.21,20000,2
13227,C00901918,between_primary_runoff,1031389,257847,0.74,0,0
13227,C00919084,between_primary_runoff,18618,18618,7.78,14000,6
13227,C00919084,post_runoff,16296,16296,5.67,11500,3
13227,C00919084,pre_primary,43969,43969,11.55,35000,8
13229,C00919084,between_primary_runoff,10967,10967,1.10,10000,1
13229,C00919084,pre_primary,6200,6200,2.00,6200,2
13233,C00919084,between_primary_runoff,25000,25000,1.00,25000,1
13241,C00901918,between_primary_runoff,3123,3123,1.00,3123,1
13241,C00919084,post_runoff,752,752,0.08,0,0
13241,C00919084,pre_primary,50000,50000,1.00,50000,1
13245,C00369033,pre_primary,50000,50000,1.00,50000,1
13245,C00901918,between_primary_runoff,25000,25000,1.00,25000,1
13245,C00919084,between_primary_runoff,12000,12000,4.00,12000,4
13245,C00919084,post_runoff,8243,8243,2.48,7500,2
13245,C00919084,pre_primary,608390,608390,8.44,600000,7
13257,C00919084,between_primary_runoff,100000,100000,1.00,100000,1
13259,C00369033,pre_primary,37931,37931,37.06,0,0
13261,C00919084,between_primary_runoff,10955,10955,1.00,10955,1
13261,C00919084,post_runoff,9327,9327,1.00,9327,1
13275,C00919084,between_primary_runoff,20000,20000,2.00,20000,2
13275,C00919084,post_runoff,50000,50000,1.00,50000,1
13275,C00919084,pre_primary,50000,50000,1.00,50000,1
13277,C00901918,pre_primary,41641,41641,2.00,41641,2
13279,C00919084,post_runoff,25000,25000,1.00,25000,1
13281,C00919084,pre_primary,10000,10000,1.00,10000,1
13285,C00919084,between_primary_runoff,10000,10000,1.00,10000,1
13285,C00919084,post_runoff,20000,20000,2.00,20000,2
13287,C00919084,between_primary_runoff,50000,50000,1.00,50000,1
13291,C00369033,pre_primary,50000,50000,1.00,50000,1
13291,C00919084,between_primary_runoff,288048,288048,16.92,75000,8
13291,C00919084,post_runoff,84909,84909,9.99,75000,9
13291,C00919084,pre_primary,39637,39637,2.97,0,0
13295,C00919084,between_primary_runoff,185000,185000,5.00,185000,5
13295,C00919084,post_runoff,50000,50000,1.00,50000,1
13297,C00919084,between_primary_runoff,35500,35500,14.00,35500,14
13297,C00919084,post_runoff,5500,5500,4.00,5500,4
13297,C00919084,pre_primary,37600,37600,12.00,37600,12
13301,C00919084,post_runoff,21,21,0.00,0,0
13301,C00919084,pre_primary,11,11,0.00,0,0
13307,C00369033,pre_primary,10169,10169,9.94,0,0
13311,C00919084,post_runoff,45,45,0.00,0,0
13313,C00919084,between_primary_runoff,40000,40000,4.00,40000,4
13313,C00919084,post_runoff,10000,10000,1.00,10000,1
13313,C00919084,pre_primary,30000,30000,3.00,30000,3
15001,C00919084,between_primary_runoff,292300,292300,36.00,112000,10
15001,C00919084,post_runoff,341624,341624,38.00,230500,16
15001,C00919084,pre_primary,399700,399700,36.00,192500,8
15003,C00369033,pre_primary,50000,50000,1.00,50000,1
15003,C00901918,between_primary_runoff,135985,135985,9.00,123485,6
15003,C00901918,post_runoff,5000,5000,1.00,0,0
15003,C00901918,pre_primary,13410,13410,2.00,13410,2
15003,C00919084,between_primary_runoff,665261,665261,96.00,585261,88
15003,C00919084,post_runoff,1005900,1005900,58.00,945900,54
15003,C00919084,pre_primary,596200,596200,81.00,506200,76
15007,C00919084,between_primary_runoff,116000,116000,12.00,101000,7
15007,C00919084,post_runoff,21627,21627,6.00,8000,3
15007,C00919084,pre_primary,36000,36000,6.00,36000,6
15009,C00919084,between_primary_runoff,134220,134220,15.00,58500,9
15009,C00919084,post_runoff,219000,219000,13.00,149000,9
15009,C00919084,pre_primary,215000,215000,9.00,205000,8
16001,C00369033,between_primary_runoff,50000,50000,1.00,50000,1
16001,C00369033,pre_primary,350000,300000,7.00,300000,6
16001,C00901918,between_primary_runoff,84448,84448,10.00,84448,10
16001,C00901918,post_runoff,115156,115156,7.00,15255,6
16001,C00901918,pre_primary,110068,110068,9.95,33525,8
16001,C00919084,between_primary_runoff,689900,689900,65.00,689900,65
16001,C00919084,post_runoff,652509,652509,64.00,652509,64
16001,C00919084,pre_primary,656896,656896,63.00,627500,62
16003,C00919084,between_primary_runoff,92,92,0.01,0,0
16003,C00919084,post_runoff,136,136,0.01,0,0
16005,C00919084,between_primary_runoff,160000,160000,9.00,160000,9
16005,C00919084,post_runoff,13000,13000,2.00,13000,2
16005,C00919084,pre_primary,2500,2500,1.00,2500,1
16011,C00919084,between_primary_runoff,10000,10000,2.00,10000,2
16011,C00919084,post_runoff,6500,6500,2.00,6500,2
16011,C00919084,pre_primary,5000,5000,1.00,5000,1
16013,C00919084,between_primary_runoff,175000,175000,18.00,0,0
16013,C00919084,post_runoff,187500,187500,11.00,0,0
16013,C00919084,pre_primary,795000,795000,7.00,75000,3
16015,C00901918,pre_primary,154,154,0.00,0,0
16015,C00919084,post_runoff,25000,25000,1.00,25000,1
16017,C00901918,between_primary_runoff,52051,52051,1.00,0,0
16017,C00901918,pre_primary,364356,364356,1.00,364356,1
16017,C00919084,between_primary_runoff,10903,10903,4.69,9500,4
16017,C00919084,post_runoff,23254,23254,2.87,21500,2
16017,C00919084,pre_primary,8000,8000,3.00,8000,3
16019,C00369033,pre_primary,17300,17300,18.00,17300,18
16019,C00901918,between_primary_runoff,57256,57256,2.00,57256,2
16019,C00919084,between_primary_runoff,31200,31200,6.00,31200,6
16019,C00919084,post_runoff,22000,22000,2.00,22000,2
16019,C00919084,pre_primary,47600,47600,7.00,47600,7
16021,C00919084,post_runoff,20000,20000,2.00,0,0
16027,C00369033,between_primary_runoff,50000,50000,1.00,0,0
16027,C00369033,pre_primary,50000,50000,1.00,50000,1
16027,C00901918,between_primary_runoff,16656,16656,2.00,0,0
16027,C00901918,pre_primary,1379,1379,0.05,0,0
16027,C00919084,between_primary_runoff,51299,51299,14.45,41500,10
16027,C00919084,post_runoff,32782,32782,4.78,31000,3
16027,C00919084,pre_primary,59727,59727,3.89,57500,3
16031,C00901918,between_primary_runoff,104102,104102,1.00,104102,1
16031,C00901918,pre_primary,100000,100000,1.00,100000,1
16035,C00901918,between_primary_runoff,3738,3738,0.37,0,0
16035,C00901918,post_runoff,1246,1246,0.12,0,0
16035,C00901918,pre_primary,1246,1246,0.12,0,0
16037,C00901918,between_primary_runoff,49955,49955,1.00,0,0
16037,C00901918,pre_primary,59947,59947,2.00,0,0
16037,C00919084,between_primary_runoff,42500,42500,5.00,32500,4
16037,C00919084,post_runoff,60000,60000,3.00,40000,2
16039,C00919084,between_primary_runoff,25000,25000,3.00,25000,3
16039,C00919084,post_runoff,30000,30000,3.00,30000,3
16045,C00901918,post_runoff,99,99,0.00,0,0
16055,C00919084,between_primary_runoff,108301,108301,25.31,101600,22
16055,C00919084,post_runoff,51976,51976,13.13,43600,9
16055,C00919084,pre_primary,7500,7500,2.00,7500,2
16057,C00901918,between_primary_runoff,18544,18544,1.86,0,0
16057,C00901918,post_runoff,6181,6181,0.62,0,0
16057,C00901918,pre_primary,6181,6181,0.62,0,0
16057,C00919084,between_primary_runoff,50000,50000,1.00,50000,1
16057,C00919084,post_runoff,35000,35000,2.00,35000,2
16057,C00919084,pre_primary,7500,7500,2.00,7500,2
16059,C00901918,between_primary_runoff,45,45,0.00,0,0
16059,C00901918,pre_primary,53,53,0.00,0,0
16065,C00919084,post_runoff,75,75,0.00,0,0
16065,C00919084,pre_primary,2,2,0.00,0,0
16069,C00901918,between_primary_runoff,7718,7718,0.77,0,0
16069,C00901918,post_runoff,2573,2573,0.26,0,0
16069,C00901918,pre_primary,2573,2573,0.26,0,0
16069,C00919084,between_primary_runoff,4000,4000,4.00,4000,4
16069,C00919084,post_runoff,2000,2000,2.00,2000,2
16075,C00919084,between_primary_runoff,1201,1201,0.55,0,0
16075,C00919084,post_runoff,40218,40218,2.22,40000,2
16075,C00919084,pre_primary,273,273,0.11,0,0
16079,C00919084,post_runoff,10000,10000,1.00,10000,1
16081,C00919084,post_runoff,49925,49925,1.00,0,0
16081,C00919084,pre_primary,31298,31298,3.00,30000,2
16083,C00369033,pre_primary,7500,7500,1.00,7500,1
16083,C00901918,between_primary_runoff,6000,6000,2.00,6000,2
16083,C00919084,between_primary_runoff,50000,50000,1.00,50000,1
16085,C00919084,between_primary_runoff,13408,13408,1.99,0,0
16085,C00919084,post_runoff,19864,19864,1.99,0,0
17001,C00919084,pre_primary,10000,10000,1.00,10000,1
17005,C00901918,post_runoff,30492,30492,5.00,30492,5
17007,C00901918,between_primary_runoff,10000,10000,1.00,10000,1
17007,C00901918,post_runoff,10000,10000,1.00,10000,1
17019,C00901918,between_primary_runoff,20000,20000,1.00,20000,1
17019,C00919084,between_primary_runoff,165800,165800,21.00,145300,18
17019,C00919084,post_runoff,629240,629240,22.97,589600,19
17019,C00919084,pre_primary,240000,240000,9.00,240000,9
17025,C00919084,between_primary_runoff,991,991,0.17,0,0
17025,C00919084,pre_primary,566,566,0.06,0,0
17029,C00919084,between_primary_runoff,20000,20000,3.00,20000,3
17029,C00919084,pre_primary,54954,54954,3.00,5000,1
17031,C00369033,between_primary_runoff,1405016,1405016,25.00,1155016,23
17031,C00369033,pre_primary,936000,936000,6.00,886000,5
17031,C00901918,between_primary_runoff,352580,352580,34.00,352580,34
17031,C00901918,post_runoff,180313,180313,14.00,180313,14
17031,C00901918,pre_primary,1661649,1661649,22.00,1661649,22
17031,C00919084,between_primary_runoff,12014947,12014947,656.18,11908301,653
17031,C00919084,post_runoff,10016645,10016645,425.43,9820984,418
17031,C00919084,pre_primary,13080555,13080555,493.00,13080555,493
17033,C00369033,pre_primary,5000,5000,2.00,5000,2
17035,C00919084,pre_primary,46,46,0.00,0,0
17037,C00901918,between_primary_runoff,5000,5000,1.00,5000,1
17037,C00919084,between_primary_runoff,28000,28000,4.00,13000,2
17037,C00919084,post_runoff,75000,75000,6.00,75000,6
17037,C00919084,pre_primary,12500,12500,4.00,12500,4
17043,C00369033,pre_primary,1500,1500,1.00,0,0
17043,C00901918,between_primary_runoff,80300,80300,18.00,80300,18
17043,C00901918,post_runoff,3100,3100,4.00,3100,4
17043,C00901918,pre_primary,643371,643371,15.32,629600,14
17043,C00919084,between_primary_runoff,1164442,1164442,115.56,1137728,100
17043,C00919084,post_runoff,563780,563780,63.43,446200,51
17043,C00919084,pre_primary,1361220,1361220,77.00,1358220,74
17049,C00919084,post_runoff,25000,25000,1.00,25000,1
17049,C00919084,pre_primary,15000,15000,2.00,15000,2
17057,C00919084,post_runoff,3000,3000,1.00,3000,1
17057,C00919084,pre_primary,17500,17500,4.00,17500,4
17063,C00919084,between_primary_runoff,5000,5000,1.00,5000,1
17069,C00919084,between_primary_runoff,2465,2465,0.05,0,0
17069,C00919084,pre_primary,2465,2465,0.05,0,0
17073,C00919084,between_primary_runoff,5000,5000,1.00,5000,1
17073,C00919084,post_runoff,5000,5000,1.00,5000,1
17075,C00901918,between_primary_runoff,40000,40000,2.00,40000,2
17077,C00919084,between_primary_runoff,30000,30000,6.00,30000,6
17077,C00919084,post_runoff,7500,7500,3.00,7500,3
17077,C00919084,pre_primary,10000,10000,1.00,10000,1
17079,C00919084,between_primary_runoff,50000,50000,1.00,50000,1
17079,C00919084,post_runoff,10000,10000,1.00,10000,1
17085,C00919084,between_primary_runoff,15426,15426,8.00,10426,6
17085,C00919084,post_runoff,30747,30747,8.00,20120,6
17087,C00919084,between_primary_runoff,131,131,0.00,0,0
17087,C00919084,pre_primary,131,131,0.00,0,0
17089,C00901918,between_primary_runoff,800,800,4.00,800,4
17089,C00901918,post_runoff,12249,12249,18.00,12249,18
17089,C00901918,pre_primary,350000,350000,1.00,350000,1
17089,C00919084,between_primary_runoff,373425,373425,31.00,373425,31
17089,C00919084,post_runoff,229877,229877,26.00,218877,22
17089,C00919084,pre_primary,351300,351300,20.00,351300,20
17091,C00919084,between_primary_runoff,5000,5000,1.00,5000,1
17091,C00919084,post_runoff,5000,5000,1.00,5000,1
17093,C00919084,between_primary_runoff,20200,20200,11.00,20200,11
17093,C00919084,post_runoff,6200,6200,6.00,6200,6
17093,C00919084,pre_primary,41700,41700,10.00,41700,10
17097,C00369033,between_primary_runoff,1675000,1675000,6.00,1675000,6
17097,C00369033,pre_primary,50000,50000,1.00,50000,1
17097,C00901918,between_primary_runoff,350000,350000,1.00,350000,1
17097,C00901918,pre_primary,700000,700000,1.00,700000,1
17097,C00919084,between_primary_runoff,866709,866709,89.86,742400,87
17097,C00919084,post_runoff,938414,938414,57.70,920792,57
17097,C00919084,pre_primary,906109,906109,52.04,904200,52
17099,C00901918,between_primary_runoff,3500,3500,1.00,3500,1
17099,C00901918,post_runoff,6500,6500,2.00,6500,2
17099,C00919084,between_primary_runoff,80000,80000,7.00,80000,7
17099,C00919084,post_runoff,5000,5000,1.00,5000,1
17099,C00919084,pre_primary,159596,159596,10.00,159596,10
17103,C00901918,between_primary_runoff,20000,20000,2.00,20000,2
17103,C00901918,pre_primary,70000,70000,2.00,70000,2
17111,C00369033,pre_primary,50000,50000,1.00,50000,1
17111,C00901918,between_primary_runoff,13206,13206,3.00,13206,3
17111,C00901918,post_runoff,18500,18500,2.00,18500,2
17111,C00901918,pre_primary,25000,25000,2.00,25000,2
17111,C00919084,between_primary_runoff,140745,140745,19.96,96700,17
17111,C00919084,post_runoff,156900,156900,20.00,156900,20
17111,C00919084,pre_primary,245091,245091,12.96,197000,12
17113,C00369033,between_primary_runoff,700000,700000,2.00,700000,2
17113,C00369033,pre_primary,400000,400000,2.00,400000,2
17113,C00901918,post_runoff,12500,12500,1.00,12500,1
17113,C00919084,between_primary_runoff,147716,147716,20.00,147716,20
17113,C00919084,post_runoff,102860,102860,13.03,102500,13
17113,C00919084,pre_primary,312500,312500,14.00,312500,14
17115,C00919084,between_primary_runoff,3700,3700,1.00,3700,1
17115,C00919084,post_runoff,2500,2500,1.00,2500,1
17115,C00919084,pre_primary,25000,25000,1.00,25000,1
17117,C00919084,between_primary_runoff,25000,25000,2.00,25000,2
17117,C00919084,post_runoff,25000,25000,2.00,25000,2
17117,C00919084,pre_primary,10000,10000,1.00,10000,1
17119,C00901918,between_primary_runoff,80000,80000,3.00,80000,3
17119,C00901918,post_runoff,8500,8500,2.00,8500,2
17119,C00901918,pre_primary,60000,60000,3.00,60000,3
17119,C00919084,between_primary_runoff,85001,85001,19.00,85000,19
17119,C00919084,post_runoff,82026,82026,8.00,82000,8
17119,C00919084,pre_primary,95500,95500,19.00,95500,19
17121,C00919084,between_primary_runoff,20600,20600,3.00,20600,3
17121,C00919084,post_runoff,21200,21200,5.00,21200,5
17121,C00919084,pre_primary,50000,50000,1.00,50000,1
17123,C00919084,between_primary_runoff,3058,3058,1.70,0,0
17123,C00919084,post_runoff,2378,2378,1.02,0,0
17127,C00919084,between_primary_runoff,690,690,0.01,0,0
17127,C00919084,pre_primary,690,690,0.01,0,0
17131,C00919084,between_primary_runoff,794,794,0.32,0,0
17131,C00919084,post_runoff,794,794,0.32,0,0
17133,C00919084,between_primary_runoff,51000,51000,3.00,51000,3
17133,C00919084,post_runoff,10000,10000,1.00,10000,1
17133,C00919084,pre_primary,47500,47500,4.00,47500,4
17135,C00919084,between_primary_runoff,100000,100000,2.00,100000,2
17135,C00919084,post_runoff,75000,75000,2.00,75000,2
17141,C00919084,between_primary_runoff,2500,2500,1.00,2500,1
17141,C00919084,post_runoff,5000,5000,2.00,5000,2
17141,C00919084,pre_primary,3500,3500,2.00,3500,2
17143,C00369033,pre_primary,330000,330000,1.00,330000,1
17143,C00919084,between_primary_runoff,233000,233000,11.00,233000,11
17143,C00919084,post_runoff,43500,43500,6.00,43500,6
17143,C00919084,pre_primary,77500,77500,5.00,77500,5
17147,C00919084,between_primary_runoff,10000,10000,1.00,10000,1
17151,C00919084,between_primary_runoff,46714,46714,0.94,0,0
17151,C00919084,pre_primary,46714,46714,0.94,0,0
17159,C00919084,between_primary_runoff,21058,21058,3.75,5000,1
17159,C00919084,post_runoff,5000,5000,1.00,5000,1
17159,C00919084,pre_primary,9177,9177,0.91,0,0
17161,C00919084,between_primary_runoff,24706,24706,5.68,23000,5
17161,C00919084,post_runoff,1706,1706,0.68,0,0
17161,C00919084,pre_primary,15000,15000,2.00,15000,2
17163,C00369033,pre_primary,18400,10900,4.00,18400,4
17163,C00919084,between_primary_runoff,52999,52999,10.00,52000,8
17163,C00919084,post_runoff,182198,182198,17.00,161724,14
17163,C00919084,pre_primary,179500,179500,15.00,179500,15
17165,C00369033,pre_primary,50000,50000,1.00,50000,1
17167,C00369033,pre_primary,10000,10000,1.00,10000,1
17167,C00901918,between_primary_runoff,75000,75000,4.00,75000,4
17167,C00901918,post_runoff,50000,50000,1.00,50000,1
17167,C00901918,pre_primary,140000,140000,5.00,140000,5
17167,C00919084,between_primary_runoff,172000,172000,10.00,172000,10
17167,C00919084,post_runoff,142000,142000,9.00,142000,9
17167,C00919084,pre_primary,188500,188500,18.00,188500,18
17177,C00919084,between_primary_runoff,8000,8000,2.00,0,0
17179,C00919084,between_primary_runoff,35000,35000,2.00,35000,2
17179,C00919084,pre_primary,60000,60000,4.00,60000,4
17191,C00919084,between_primary_runoff,451,451,0.08,0,0
17191,C00919084,pre_primary,257,257,0.03,0,0
17195,C00919084,between_primary_runoff,4500,4500,2.00,4500,2
17195,C00919084,post_runoff,15452,15452,8.00,15452,8
17197,C00369033,pre_primary,100500,100500,2.00,100500,2
17197,C00901918,post_runoff,5000,5000,1.00,5000,1
17197,C00901918,pre_primary,89049,89049,4.68,82000,4
17197,C00919084,between_primary_runoff,183586,183586,31.44,168500,27
17197,C00919084,post_runoff,243437,243437,26.44,224800,22
17197,C00919084,pre_primary,343000,343000,22.00,343000,22
17199,C00919084,between_primary_runoff,2500,2500,1.00,2500,1
17199,C00919084,post_runoff,5000,5000,2.00,5000,2
17201,C00369033,pre_primary,50000,50000,1.00,50000,1
17201,C00901918,between_primary_runoff,20000,20000,2.00,20000,2
17201,C00901918,post_runoff,10000,10000,1.00,10000,1
17201,C00919084,between_primary_runoff,55000,55000,4.00,55000,4
17201,C00919084,post_runoff,35000,35000,2.00,35000,2
17201,C00919084,pre_primary,175000,175000,6.00,175000,6
17203,C00901918,between_primary_runoff,27066,27066,2.00,27066,2
17203,C00919084,between_primary_runoff,10942,10942,4.30,5000,1
17203,C00919084,post_runoff,32122,32122,3.98,27500,2
17203,C00919084,pre_primary,47500,47500,4.00,47500,4
18003,C00901918,between_primary_runoff,38520,38520,9.00,38520,9
18003,C00901918,post_runoff,28628,28628,3.00,28628,3
18003,C00901918,pre_primary,20000,20000,1.00,20000,1
18003,C00919084,between_primary_runoff,120000,120000,16.00,120000,16
18003,C00919084,post_runoff,59500,59500,12.00,59500,12
18003,C00919084,pre_primary,150500,150500,31.00,150500,31
18005,C00919084,between_primary_runoff,20000,20000,5.00,20000,5
18005,C00919084,post_runoff,37500,37500,4.00,37500,4
18005,C00919084,pre_primary,10000,10000,2.00,10000,2
18009,C00919084,post_runoff,8000,8000,2.00,8000,2
18011,C00919084,between_primary_runoff,106181,106181,2.88,0,0
18011,C00919084,post_runoff,190012,190012,5.75,75000,2
18011,C00919084,pre_primary,101943,101943,2.94,55000,2
18017,C00369033,pre_primary,100000,100000,2.00,100000,2
18019,C00919084,between_primary_runoff,30000,30000,2.00,30000,2
18019,C00919084,post_runoff,5000,5000,1.00,5000,1
18019,C00919084,pre_primary,20000,20000,2.00,20000,2
18023,C00919084,between_primary_runoff,115,115,0.03,0,0
18023,C00919084,post_runoff,97,97,0.03,0,0
18025,C00919084,post_runoff,2969,2969,0.99,0,0
18029,C00919084,post_runoff,35000,35000,2.00,35000,2
18033,C00919084,post_runoff,45000,45000,3.00,45000,3
18035,C00919084,between_primary_runoff,52500,52500,7.00,52500,7
18035,C00919084,post_runoff,30000,30000,3.00,30000,3
18035,C00919084,pre_primary,41000,41000,6.00,41000,6
18037,C00919084,between_primary_runoff,25000,25000,1.00,25000,1
18037,C00919084,post_runoff,25000,25000,1.00,25000,1
18039,C00369033,between_primary_runoff,30000,30000,1.00,30000,1
18039,C00919084,between_primary_runoff,67500,67500,16.00,67500,16
18039,C00919084,post_runoff,117546,117546,5.19,115500,5
18039,C00919084,pre_primary,198000,198000,25.00,198000,25
18043,C00919084,between_primary_runoff,42500,42500,15.00,42500,15
18043,C00919084,post_runoff,134700,134700,14.00,134700,14
18043,C00919084,pre_primary,31000,31000,4.00,31000,4
18053,C00919084,post_runoff,15000,15000,2.00,15000,2
18057,C00369033,pre_primary,350000,350000,1.00,350000,1
18057,C00901918,between_primary_runoff,23444,23444,9.00,23444,9
18057,C00901918,post_runoff,20410,20410,2.00,20410,2
18057,C00901918,pre_primary,210410,210410,2.00,210410,2
18057,C00919084,between_primary_runoff,247046,247046,25.12,206500,23
18057,C00919084,post_runoff,620319,620319,30.23,413696,28
18057,C00919084,pre_primary,266194,266194,24.05,263500,24
18063,C00919084,between_primary_runoff,200019,200019,2.00,200000,2
18063,C00919084,post_runoff,100022,100022,1.00,100000,1
18063,C00919084,pre_primary,25009,25009,1.00,25000,1
18065,C00919084,post_runoff,70000,70000,3.00,70000,3
18065,C00919084,pre_primary,25000,25000,1.00,25000,1
18067,C00919084,between_primary_runoff,21500,21500,9.00,21500,9
18067,C00919084,post_runoff,5500,5500,2.00,5500,2
18067,C00919084,pre_primary,5500,5500,2.00,5500,2
18081,C00919084,between_primary_runoff,83500,83500,11.00,83500,11
18081,C00919084,post_runoff,142500,142500,10.00,142500,10
18081,C00919084,pre_primary,30000,30000,8.00,30000,8
18085,C00901918,between_primary_runoff,10000,10000,2.00,10000,2
18085,C00901918,post_runoff,5500,5500,1.00,5500,1
18085,C00919084,between_primary_runoff,25000,25000,7.00,25000,7
18085,C00919084,post_runoff,8000,8000,3.00,8000,3
18085,C00919084,pre_primary,5000,5000,1.00,5000,1
18087,C00919084,between_primary_runoff,1228,1228,1.43,0,0
18087,C00919084,post_runoff,634,634,0.82,0,0
18089,C00901918,post_runoff,7695,7695,10.00,0,0
18089,C00919084,between_primary_runoff,172000,172000,17.00,172000,17
18089,C00919084,post_runoff,13000,13000,2.00,13000,2
18089,C00919084,pre_primary,97500,97500,9.00,97500,9
18091,C00901918,between_primary_runoff,104102,104102,1.00,104102,1
18091,C00919084,between_primary_runoff,30000,30000,3.00,30000,3
18091,C00919084,post_runoff,20000,20000,2.00,20000,2
18091,C00919084,pre_primary,125000,125000,11.00,125000,11
18093,C00901918,between_primary_runoff,10836,10836,2.00,10836,2
18093,C00901918,post_runoff,5418,5418,1.00,5418,1
18097,C00369033,between_primary_runoff,100499,100499,3.00,100499,3
18097,C00369033,pre_primary,85060,85060,53.00,85060,53
18097,C00901918,pre_primary,49950,49950,6.00,49950,6
18097,C00919084,between_primary_runoff,808252,808252,85.01,807527,85
18097,C00919084,post_runoff,512487,512487,56.03,481620,55
18097,C00919084,pre_primary,813079,813079,61.01,777725,60
18099,C00919084,post_runoff,19224,19224,2.00,19224,2
18105,C00901918,between_primary_runoff,2500,2500,1.00,2500,1
18105,C00919084,between_primary_runoff,162500,162500,21.00,162500,21
18105,C00919084,post_runoff,129000,129000,12.00,129000,12
18105,C00919084,pre_primary,49000,49000,15.00,49000,15
18107,C00919084,between_primary_runoff,7535,7535,2.00,7500,2
18107,C00919084,pre_primary,8500,8500,4.00,8500,4
18109,C00919084,between_primary_runoff,15000,15000,3.00,15000,3
18109,C00919084,pre_primary,10000,10000,2.00,10000,2
18111,C00901918,between_primary_runoff,22902,22902,4.00,22902,4
18111,C00901918,post_runoff,3123,3123,1.00,3123,1
18111,C00901918,pre_primary,5206,5206,2.00,5206,2
18111,C00919084,between_primary_runoff,11000,11000,4.00,11000,4
18111,C00919084,post_runoff,10000,10000,2.00,10000,2
18111,C00919084,pre_primary,5000,5000,1.00,5000,1
18119,C00919084,post_runoff,50000,50000,1.00,0,0
18125,C00919084,post_runoff,50000,50000,1.00,50000,1
18127,C00919084,between_primary_runoff,34000,34000,11.00,23500,5
18127,C00919084,post_runoff,11500,11500,4.00,8000,2
18127,C00919084,pre_primary,152000,152000,9.00,148500,7
18129,C00919084,between_primary_runoff,4500,4500,3.00,4500,3
18129,C00919084,post_runoff,11000,11000,4.00,11000,4
18135,C00919084,post_runoff,10000,10000,1.00,10000,1
18139,C00919084,post_runoff,17500,17500,3.00,17500,3
18141,C00901918,between_primary_runoff,5206,5206,2.00,5206,2
18141,C00901918,post_runoff,2603,2603,1.00,2603,1
18141,C00919084,between_primary_runoff,380000,380000,24.00,340000,20
18141,C00919084,post_runoff,161454,161454,14.81,106000,11
18141,C00919084,pre_primary,152500,152500,9.00,147500,8
18151,C00901918,post_runoff,10410,10410,1.00,10410,1
18151,C00901918,pre_primary,62461,62461,2.00,62461,2
18151,C00919084,between_primary_runoff,4772,4772,5.57,0,0
18151,C00919084,post_runoff,2466,2466,3.18,0,0
18157,C00919084,between_primary_runoff,32500,32500,3.00,32500,3
18157,C00919084,post_runoff,67500,67500,7.00,42500,5
18159,C00901918,between_primary_runoff,9788,9788,4.00,9788,4
18159,C00901918,post_runoff,3124,3124,2.00,3124,2
18159,C00919084,between_primary_runoff,2879,2879,0.96,0,0
18159,C00919084,post_runoff,2879,2879,0.96,0,0
18163,C00919084,between_primary_runoff,62125,62125,10.01,62000,10
18163,C00919084,post_runoff,27500,27500,8.00,27500,8
18163,C00919084,pre_primary,70000,70000,5.00,70000,5
18167,C00919084,between_primary_runoff,10000,10000,1.00,10000,1
18167,C00919084,pre_primary,5000,5000,1.00,5000,1
18169,C00919084,between_primary_runoff,10000,10000,2.00,10000,2
18169,C00919084,post_runoff,10000,10000,2.00,10000,2
18169,C00919084,pre_primary,20000,20000,2.00,20000,2
18173,C00901918,post_runoff,5000,5000,1.00,5000,1
18173,C00919084,between_primary_runoff,97575,97575,9.99,87700,9
18173,C00919084,post_runoff,62196,62196,6.00,62196,6
18173,C00919084,pre_primary,20000,20000,2.00,20000,2
18175,C00919084,post_runoff,31,31,0.01,0,0
18177,C00919084,between_primary_runoff,31520,31520,4.00,31520,4
18177,C00919084,post_runoff,3000,3000,1.00,3000,1
18177,C00919084,pre_primary,3000,3000,1.00,3000,1
18181,C00901918,between_primary_runoff,122870,122870,5.00,122870,5
18181,C00901918,post_runoff,41640,41640,2.00,41640,2
18181,C00901918,pre_primary,88485,88485,7.00,88485,7
18183,C00919084,post_runoff,5000,5000,1.00,5000,1
18183,C00919084,pre_primary,7500,7500,3.00,7500,3
19001,C00919084,post_runoff,2925,2925,0.58,0,0
19005,C00919084,between_primary_runoff,60000,60000,2.00,60000,2
19005,C00919084,pre_primary,80000,80000,3.00,80000,3
19013,C00919084,between_primary_runoff,20000,20000,4.00,20000,4
19013,C00919084,post_runoff,57500,57500,4.00,57500,4
19013,C00919084,pre_primary,20000,20000,3.00,20000,3
19041,C00901918,pre_primary,228,228,0.00,0,0
19043,C00919084,post_runoff,20000,20000,1.00,20000,1
19049,C00369033,between_primary_runoff,50000,50000,1.00,50000,1
19049,C00919084,between_primary_runoff,10000,10000,2.00,10000,2
19049,C00919084,post_runoff,8500,8500,4.00,8500,4
19057,C00901918,between_primary_runoff,20000,20000,1.00,0,0
19059,C00901918,pre_primary,349772,349772,1.00,0,0
19059,C00919084,between_primary_runoff,31000,31000,4.00,31000,4
19059,C00919084,post_runoff,27500,27500,2.00,27500,2
19059,C00919084,pre_primary,42500,42500,5.00,42500,5
19061,C00919084,between_primary_runoff,5000,5000,1.00,5000,1
19061,C00919084,pre_primary,55000,55000,2.00,55000,2
19067,C00919084,post_runoff,20000,20000,1.00,20000,1
19067,C00919084,pre_primary,25000,25000,1.00,25000,1
19077,C00919084,post_runoff,12075,12075,2.42,0,0
19083,C00919084,between_primary_runoff,40027,40027,18.00,40027,18
19083,C00919084,post_runoff,500,500,1.00,500,1
19083,C00919084,pre_primary,26000,26000,11.00,26000,11
19087,C00919084,pre_primary,25000,25000,1.00,25000,1
19091,C00919084,between_primary_runoff,6400,6400,1.00,6400,1
19091,C00919084,post_runoff,5000,5000,1.00,5000,1
19101,C00919084,between_primary_runoff,401,401,0.06,0,0
19101,C00919084,post_runoff,120,120,0.03,0,0
19103,C00919084,between_primary_runoff,215000,215000,21.00,215000,21
19103,C00919084,post_runoff,52827,52827,7.00,52827,7
19103,C00919084,pre_primary,327500,327500,17.00,205000,11
19107,C00919084,between_primary_runoff,20227,20227,3.24,0,0
19107,C00919084,post_runoff,6068,6068,1.62,0,0
19113,C00901918,between_primary_runoff,15410,15410,2.00,15410,2
19113,C00901918,post_runoff,10410,10410,1.00,10410,1
19113,C00901918,pre_primary,44500,44500,7.00,44500,7
19113,C00919084,between_primary_runoff,37500,37500,7.00,37500,7
19113,C00919084,post_runoff,124000,124000,13.00,124000,13
19113,C00919084,pre_primary,47000,47000,6.00,47000,6
19123,C00369033,between_primary_runoff,1000,1000,2.00,1000,2
19123,C00369033,pre_primary,7000,7000,14.00,7000,14
19123,C00919084,between_primary_runoff,13550,13550,10.00,13550,10
19123,C00919084,post_runoff,4000,4000,4.00,4000,4
19123,C00919084,pre_primary,2900,2900,2.00,2900,2
19125,C00369033,pre_primary,50000,50000,1.00,50000,1
19129,C00919084,between_primary_runoff,15000,15000,3.00,15000,3
19129,C00919084,post_runoff,5000,5000,1.00,5000,1
19129,C00919084,pre_primary,10000,10000,2.00,10000,2
19149,C00919084,post_runoff,35000,35000,2.00,10000,1
19153,C00369033,between_primary_runoff,50000,50000,1.00,50000,1
19153,C00369033,pre_primary,50200,50200,2.00,50200,2
19153,C00901918,between_primary_runoff,15000,15000,3.00,15000,3
19153,C00919084,between_primary_runoff,599527,599527,24.00,599527,24
19153,C00919084,post_runoff,130000,130000,19.00,130000,19
19153,C00919084,pre_primary,283100,283100,33.00,283100,33
19155,C00901918,between_primary_runoff,80000,80000,2.00,80000,2
19155,C00919084,between_primary_runoff,3000,3000,1.00,3000,1
19155,C00919084,post_runoff,8000,8000,2.00,8000,2
19157,C00919084,between_primary_runoff,4796,4796,1.00,4796,1
19157,C00919084,post_runoff,6696,6696,1.00,6696,1
19157,C00919084,pre_primary,12754,12754,2.00,12754,2
19163,C00919084,between_primary_runoff,105000,105000,5.00,105000,5
19163,C00919084,post_runoff,48824,48824,8.00,48824,8
19165,C00369033,between_primary_runoff,2500,2500,1.00,2500,1
19165,C00369033,pre_primary,35000,35000,14.00,35000,14
19169,C00369033,pre_primary,50000,50000,1.00,0,0
19169,C00919084,between_primary_runoff,55000,55000,4.00,55000,4
19169,C00919084,post_runoff,150000,150000,5.00,150000,5
19169,C00919084,pre_primary,65000,65000,4.00,65000,4
19179,C00919084,between_primary_runoff,4372,4372,0.70,0,0
19179,C00919084,post_runoff,1312,1312,0.35,0,0
19181,C00919084,between_primary_runoff,5000,5000,1.00,5000,1
19181,C00919084,post_runoff,5000,5000,1.00,5000,1
20009,C00901918,between_primary_runoff,7000,7000,4.00,7000,4
20009,C00901918,pre_primary,4000,4000,2.00,4000,2
20009,C00919084,between_primary_runoff,10500,10500,4.00,10500,4
20009,C00919084,pre_primary,2500,2500,1.00,2500,1
20015,C00901918,between_primary_runoff,7500,7500,2.00,7500,2
20015,C00919084,between_primary_runoff,27000,27000,5.00,27000,5
20015,C00919084,post_runoff,28500,28500,3.00,28500,3
20035,C00919084,between_primary_runoff,35000,35000,3.00,35000,3
20035,C00919084,post_runoff,8500,8500,3.00,8500,3
20035,C00919084,pre_primary,17500,17500,4.00,17500,4
20037,C00919084,pre_primary,15000,15000,2.00,15000,2
20041,C00369033,between_primary_runoff,50000,50000,1.00,50000,1
20045,C00369033,between_primary_runoff,100000,100000,2.00,100000,2
20045,C00369033,pre_primary,1200000,1200000,11.00,1200000,11
20045,C00919084,between_primary_runoff,340100,340100,25.00,340100,25
20045,C00919084,post_runoff,409496,409496,18.00,409496,18
20045,C00919084,pre_primary,333000,333000,18.00,333000,18
20051,C00919084,between_primary_runoff,75500,75500,11.00,68000,8
20051,C00919084,post_runoff,7000,7000,4.00,4500,3
20051,C00919084,pre_primary,1250,1250,1.00,1250,1
20055,C00369033,pre_primary,100000,100000,1.00,100000,1
20079,C00919084,between_primary_runoff,20000,20000,1.00,20000,1
20091,C00369033,between_primary_runoff,780000,780000,5.00,680000,4
20091,C00369033,pre_primary,200000,200000,3.00,200000,3
20091,C00901918,between_primary_runoff,77287,77287,7.00,77287,7
20091,C00901918,post_runoff,273563,273563,11.00,273563,11
20091,C00901918,pre_primary,10000,10000,1.00,10000,1
20091,C00919084,between_primary_runoff,550299,550299,96.25,547806,95
20091,C00919084,post_runoff,588158,588158,60.62,581600,59
20091,C00919084,pre_primary,1227000,1227000,102.00,1207000,100
20095,C00901918,post_runoff,7500,7500,1.00,7500,1
20095,C00901918,pre_primary,17500,17500,3.00,17500,3
20103,C00919084,between_primary_runoff,2067,2067,0.21,0,0
20103,C00919084,post_runoff,15168,15168,1.21,10000,1
20111,C00901918,between_primary_runoff,100000,100000,5.00,100000,5
20111,C00901918,post_runoff,20000,20000,1.00,20000,1
20111,C00901918,pre_primary,30000,30000,1.00,30000,1
20113,C00919084,between_primary_runoff,2500,2500,1.00,2500,1
20121,C00919084,between_primary_runoff,1507,1507,0.75,0,0
20121,C00919084,post_runoff,942,942,0.38,0,0
20125,C00919084,between_primary_runoff,5600,5600,3.00,5600,3
20125,C00919084,pre_primary,600,600,1.00,600,1
20131,C00901918,between_primary_runoff,40000,40000,2.00,40000,2
20131,C00901918,pre_primary,195000,195000,5.00,195000,5
20133,C00919084,between_primary_runoff,14000,14000,7.00,14000,7
20133,C00919084,pre_primary,4000,4000,2.00,4000,2
20135,C00901918,between_primary_runoff,11381,11381,2.62,0,0
20135,C00901918,post_runoff,10378,10378,2.62,0,0
20149,C00901918,between_primary_runoff,2082,2082,2.00,2082,2
20149,C00901918,post_runoff,6174,6174,7.00,6174,7
20149,C00919084,between_primary_runoff,6026,6026,5.00,6026,5
20149,C00919084,post_runoff,1000,1000,1.00,1000,1
20155,C00919084,between_primary_runoff,43500,43500,9.00,43500,9
20155,C00919084,pre_primary,10500,10500,2.00,10500,2
20161,C00919084,post_runoff,65000,65000,5.00,65000,5
20161,C00919084,pre_primary,100000,100000,1.00,100000,1
20163,C00901918,pre_primary,20000,20000,2.00,0,0
20173,C00369033,between_primary_runoff,405000,405000,4.00,405000,4
20173,C00369033,pre_primary,61351,58551,16.00,61351,16
20173,C00901918,between_primary_runoff,520756,520756,18.00,520756,18
20173,C00901918,post_runoff,73500,73500,5.00,73500,5
20173,C00901918,pre_primary,92000,92000,17.00,92000,17
20173,C00919084,between_primary_runoff,90000,90000,20.00,70000,18
20173,C00919084,post_runoff,112000,112000,12.00,102000,11
20173,C00919084,pre_primary,361500,361500,19.00,231500,15
20177,C00369033,between_primary_runoff,101000,101000,2.00,101000,2
20177,C00369033,pre_primary,125000,125000,2.00,125000,2
20177,C00901918,post_runoff,20820,20820,1.00,20820,1
20177,C00919084,post_runoff,100000,100000,1.00,100000,1
20177,C00919084,pre_primary,25000,25000,2.00,25000,2
20191,C00901918,post_runoff,25000,25000,1.00,25000,1
20191,C00919084,between_primary_runoff,5000,5000,2.00,5000,2
20191,C00919084,pre_primary,2500,2500,1.00,2500,1
20193,C00919084,between_primary_runoff,10000,10000,1.00,10000,1
20193,C00919084,post_runoff,10000,10000,1.00,10000,1
20195,C00901918,between_primary_runoff,1633,1633,0.38,0,0
20195,C00901918,post_runoff,1489,1489,0.38,0,0
20209,C00919084,between_primary_runoff,60433,60433,12.79,52500,12
20209,C00919084,post_runoff,30832,30832,3.79,11000,3
20209,C00919084,pre_primary,5000,5000,1.00,5000,1
21005,C00369033,pre_primary,99695,99695,2.00,0,0
21015,C00369033,pre_primary,50000,50000,1.00,50000,1
21015,C00919084,between_primary_runoff,62500,62500,6.00,62500,6
21015,C00919084,post_runoff,21500,21500,4.00,21500,4
21015,C00919084,pre_primary,38500,38500,4.00,38500,4
21021,C00919084,between_primary_runoff,5500,5500,6.00,5500,6
21021,C00919084,post_runoff,4000,4000,3.00,4000,3
21021,C00919084,pre_primary,50000,50000,1.00,50000,1
21023,C00919084,between_primary_runoff,5000,5000,2.00,5000,2
21023,C00919084,post_runoff,2500,2500,1.00,2500,1
21029,C00919084,post_runoff,15000,15000,2.00,15000,2
21029,C00919084,pre_primary,10000,10000,1.00,10000,1
21037,C00919084,between_primary_runoff,50000,50000,2.00,50000,2
21037,C00919084,post_runoff,50000,50000,1.00,50000,1
21037,C00919084,pre_primary,35000,35000,7.00,35000,7
21047,C00919084,between_primary_runoff,10000,10000,2.00,10000,2
21047,C00919084,post_runoff,5000,5000,1.00,5000,1
21059,C00901918,between_primary_runoff,4000,4000,1.00,4000,1
21059,C00919084,between_primary_runoff,15000,15000,6.00,15000,6
21059,C00919084,post_runoff,47000,47000,5.00,47000,5
21059,C00919084,pre_primary,37500,37500,3.00,37500,3
21067,C00901918,between_primary_runoff,98895,98895,5.00,98895,5
21067,C00901918,post_runoff,0,-78075,0.00,0,0
21067,C00901918,pre_primary,53091,53091,5.00,53091,5
21067,C00919084,between_primary_runoff,271926,271926,40.00,271926,40
21067,C00919084,post_runoff,258877,258877,22.00,258877,22
21067,C00919084,pre_primary,498352,498352,51.00,498352,51
21073,C00919084,between_primary_runoff,20000,20000,1.00,0,0
21073,C00919084,post_runoff,50000,50000,1.00,50000,1
21083,C00919084,pre_primary,30000,30000,1.00,30000,1
21093,C00369033,pre_primary,50000,50000,1.00,50000,1
21093,C00919084,between_primary_runoff,2500,2500,1.00,2500,1
21093,C00919084,post_runoff,14885,14885,3.00,14885,3
21093,C00919084,pre_primary,2500,2500,1.00,2500,1
21111,C00369033,between_primary_runoff,250000,250000,2.00,50000,1
21111,C00369033,pre_primary,200000,200000,3.00,100000,2
21111,C00901918,between_primary_runoff,15615,15615,2.00,15615,2
21111,C00901918,post_runoff,5205,5205,1.00,5205,1
21111,C00901918,pre_primary,2807500,1407500,3.00,2807500,3
21111,C00919084,between_primary_runoff,305624,305624,62.00,290500,51
21111,C00919084,post_runoff,567324,567324,47.00,453900,37
21111,C00919084,pre_primary,1581000,1581000,49.00,1481000,48
21113,C00919084,between_primary_runoff,10000,10000,2.00,10000,2
21113,C00919084,post_runoff,30000,30000,2.00,30000,2
21117,C00919084,between_primary_runoff,10000,10000,1.00,10000,1
21117,C00919084,pre_primary,720000,720000,3.00,720000,3
21119,C00919084,post_runoff,100000,100000,1.00,0,0
21123,C00919084,pre_primary,25000,25000,1.00,25000,1
21133,C00919084,between_primary_runoff,15000,15000,3.00,15000,3
21133,C00919084,post_runoff,5000,5000,1.00,5000,1
21133,C00919084,pre_primary,10000,10000,2.00,10000,2
21141,C00919084,between_primary_runoff,7500,7500,3.00,7500,3
21141,C00919084,post_runoff,2500,2500,1.00,2500,1
21141,C00919084,pre_primary,1800,1800,3.00,1800,3
21145,C00919084,between_primary_runoff,5000,5000,1.00,5000,1
21145,C00919084,post_runoff,3000,3000,1.00,3000,1
21145,C00919084,pre_primary,10000,10000,2.00,10000,2
21151,C00919084,post_runoff,15000,15000,2.00,15000,2
21167,C00369033,pre_primary,68,68,0.00,0,0
21179,C00919084,between_primary_runoff,5000,5000,2.00,5000,2
21179,C00919084,post_runoff,2500,2500,1.00,2500,1
21185,C00919084,between_primary_runoff,46000,46000,7.00,46000,7
21185,C00919084,post_runoff,13000,13000,2.00,13000,2
21185,C00919084,pre_primary,60000,60000,2.00,60000,2
21199,C00919084,pre_primary,25000,25000,1.00,25000,1
21211,C00369033,pre_primary,350051,350051,1.00,350000,1
21227,C00369033,pre_primary,50000,50000,1.00,50000,1
21227,C00901918,post_runoff,20820,20820,2.00,20820,2
21227,C00919084,between_primary_runoff,125000,125000,4.00,125000,4
21227,C00919084,post_runoff,30000,30000,3.00,30000,3
21227,C00919084,pre_primary,50000,50000,1.00,50000,1
21229,C00369033,pre_primary,186,186,0.00,0,0
21239,C00919084,between_primary_runoff,15000,15000,3.00,15000,3
21239,C00919084,post_runoff,20000,20000,3.00,20000,3
21239,C00919084,pre_primary,30000,30000,6.00,30000,6
22005,C00369033,pre_primary,50000,50000,1.00,50000,1
22015,C00369033,pre_primary,50000,50000,1.00,50000,1
22015,C00919084,between_primary_runoff,66030,66030,8.21,55000,6
22015,C00919084,post_runoff,43343,43343,4.07,10000,1
22015,C00919084,pre_primary,37500,37500,3.00,37500,3
22017,C00369033,pre_primary,50000,50000,1.00,50000,1
22017,C00919084,between_primary_runoff,185770,185770,25.79,161800,22
22017,C00919084,post_runoff,170357,170357,20.93,140700,19
22017,C00919084,pre_primary,220052,220052,17.00,195052,16
22019,C00369033,between_primary_runoff,350000,350000,1.00,0,0
22019,C00901918,pre_primary,20000,20000,2.00,0,0
22019,C00919084,between_primary_runoff,58500,58500,11.00,42500,7
22019,C00919084,post_runoff,25000,25000,2.00,25000,2
22019,C00919084,pre_primary,196081,196081,19.00,50000,4
22025,C00919084,between_primary_runoff,12100,12100,8.00,12100,8
22025,C00919084,post_runoff,10642,10642,5.00,10642,5
22025,C00919084,pre_primary,25950,25950,17.00,25950,17
22027,C00919084,between_primary_runoff,34766,34766,3.98,5000,1
22027,C00919084,post_runoff,54727,54727,3.98,20000,2
22027,C00919084,pre_primary,49610,49610,4.96,0,0
22031,C00919084,between_primary_runoff,100000,100000,1.00,100000,1
22033,C00369033,between_primary_runoff,50000,50000,1.00,50000,1
22033,C00369033,pre_primary,50000,50000,1.00,50000,1
22033,C00901918,between_primary_runoff,56845,56845,4.00,56845,4
22033,C00901918,pre_primary,308833,308833,4.00,283833,3
22033,C00919084,between_primary_runoff,401400,401400,57.00,294400,48
22033,C00919084,post_runoff,618348,618348,40.00,601300,36
22033,C00919084,pre_primary,378836,378836,23.00,128800,22
22041,C00369033,pre_primary,52051,52051,1.00,52051,1
22043,C00901918,post_runoff,10000,10000,1.00,0,0
22045,C00901918,between_primary_runoff,52051,52051,1.00,52051,1
22049,C00919084,pre_primary,100000,100000,1.00,100000,1
22051,C00901918,between_primary_runoff,38414,38414,9.00,38414,9
22051,C00901918,post_runoff,31230,31230,3.00,31230,3
22051,C00901918,pre_primary,6246,6246,2.00,6246,2
22051,C00919084,between_primary_runoff,224600,224600,20.00,194600,17
22051,C00919084,post_runoff,146594,146594,17.00,136594,16
22051,C00919084,pre_primary,245000,245000,19.00,195000,14
22055,C00369033,between_primary_runoff,250580,250580,4.00,250580,4
22055,C00369033,pre_primary,62520,62520,11.00,62520,11
22055,C00901918,pre_primary,1400000,1400000,2.00,1400000,2
22055,C00919084,between_primary_runoff,140000,140000,10.00,140000,10
22055,C00919084,post_runoff,75000,75000,4.00,75000,4
22055,C00919084,pre_primary,165000,165000,6.00,165000,6
22057,C00919084,between_primary_runoff,115000,115000,4.00,115000,4
22057,C00919084,post_runoff,5000,5000,1.00,5000,1
22057,C00919084,pre_primary,10000,10000,2.00,10000,2
22061,C00919084,between_primary_runoff,26500,26500,5.00,26500,5
22061,C00919084,post_runoff,8000,8000,3.00,8000,3
22061,C00919084,pre_primary,100000,100000,1.00,100000,1
22063,C00919084,between_primary_runoff,4908,4908,0.10,0,0
22063,C00919084,post_runoff,13,13,0.00,0,0
22063,C00919084,pre_primary,25516,25516,1.06,25000,1
22069,C00369033,pre_primary,25405,25405,8.92,0,0
22071,C00369033,pre_primary,25000,25000,1.00,25000,1
22071,C00901918,between_primary_runoff,52051,52051,1.00,52051,1
22071,C00901918,post_runoff,75000,75000,1.00,75000,1
22071,C00919084,between_primary_runoff,1313685,1313685,92.00,1306185,90
22071,C00919084,post_runoff,741924,741924,62.00,731924,61
22071,C00919084,pre_primary,862200,862200,45.00,862200,45
22073,C00369033,pre_primary,50000,50000,1.00,50000,1
22073,C00901918,between_primary_runoff,25000,25000,1.00,0,0
22073,C00919084,between_primary_runoff,50100,50100,13.00,50100,13
22073,C00919084,post_runoff,33722,33722,8.00,33722,8
22073,C00919084,pre_primary,115000,115000,4.00,115000,4
22075,C00901918,between_primary_runoff,13500,13500,2.00,13500,2
22077,C00901918,between_primary_runoff,85000,85000,3.00,85000,3
22077,C00901918,post_runoff,125000,125000,4.00,125000,4
22077,C00901918,pre_primary,137500,137500,6.00,137500,6
22077,C00919084,between_primary_runoff,100000,100000,1.00,100000,1
22077,C00919084,pre_primary,36,36,0.00,0,0
22085,C00369033,pre_primary,220,220,0.08,0,0
22085,C00919084,between_primary_runoff,25000,25000,1.00,25000,1
22091,C00919084,between_primary_runoff,12949,12949,2.14,0,0
22091,C00919084,post_runoff,2140,2140,0.43,0,0
22091,C00919084,pre_primary,12414,12414,2.57,0,0
22095,C00919084,between_primary_runoff,50000,50000,1.00,50000,1
22099,C00901918,between_primary_runoff,7000,7000,2.00,7000,2
22099,C00901918,post_runoff,4000,4000,1.00,4000,1
22103,C00901918,between_primary_runoff,20820,20820,2.00,20820,2
22103,C00901918,post_runoff,30000,30000,2.00,30000,2
22103,C00901918,pre_primary,100000,100000,1.00,100000,1
22103,C00919084,between_primary_runoff,210500,210500,10.00,160500,9
22103,C00919084,post_runoff,73220,73220,11.00,58619,9
22103,C00919084,pre_primary,200000,200000,3.00,100000,2
22105,C00901918,post_runoff,4000,4000,1.00,4000,1
22105,C00919084,between_primary_runoff,215143,215143,17.76,57500,6
22105,C00919084,post_runoff,109147,109147,11.57,95300,8
22105,C00919084,pre_primary,102570,102570,15.37,45000,4
22109,C00919084,between_primary_runoff,350000,350000,1.00,350000,1
22113,C00919084,between_primary_runoff,5000,5000,2.00,5000,2
22113,C00919084,post_runoff,5000,5000,2.00,5000,2
22113,C00919084,pre_primary,35000,35000,7.00,35000,7
22119,C00919084,between_primary_runoff,15234,15234,3.02,15000,3
22119,C00919084,post_runoff,15273,15273,2.02,15000,2
22119,C00919084,pre_primary,390,390,0.04,0,0
22121,C00919084,pre_primary,149928,149928,2.00,50000,1
22127,C00901918,post_runoff,10000,10000,1.00,10000,1
23001,C00919084,between_primary_runoff,31000,31000,7.00,31000,7
23001,C00919084,post_runoff,25696,25696,7.00,25696,7
23001,C00919084,pre_primary,8000,8000,5.00,8000,5
23003,C00919084,between_primary_runoff,30000,30000,2.00,30000,2
23003,C00919084,post_runoff,13000,13000,2.00,13000,2
23003,C00919084,pre_primary,10000,10000,1.00,10000,1
23005,C00369033,pre_primary,50000,50000,1.00,50000,1
23005,C00919084,between_primary_runoff,1215388,1215388,91.00,1172036,82
23005,C00919084,post_runoff,1403086,1403086,76.99,954619,67
23005,C00919084,pre_primary,647796,647796,51.00,637796,50
23009,C00919084,between_primary_runoff,522511,522511,19.00,112500,15
23009,C00919084,post_runoff,199515,199515,15.01,82000,11
23009,C00919084,pre_primary,135000,135000,13.00,120000,10
23011,C00919084,post_runoff,10000,10000,1.00,10000,1
23011,C00919084,pre_primary,300000,300000,2.00,200000,1
23013,C00901918,between_primary_runoff,30000,30000,2.00,30000,2
23013,C00901918,post_runoff,5000,5000,1.00,5000,1
23013,C00901918,pre_primary,40000,40000,3.00,40000,3
23013,C00919084,between_primary_runoff,125500,125500,17.00,71500,14
23013,C00919084,post_runoff,542651,542651,21.00,88651,15
23013,C00919084,pre_primary,50000,50000,1.00,0,0
23015,C00919084,between_primary_runoff,54600,54600,14.00,14600,10
23015,C00919084,post_runoff,23300,23300,10.00,23300,10
23015,C00919084,pre_primary,45000,45000,4.00,0,0
23017,C00919084,pre_primary,100000,100000,1.00,100000,1
23019,C00901918,between_primary_runoff,22384,22384,9.00,11453,7
23019,C00901918,post_runoff,5062,5062,2.00,5062,2
23019,C00919084,between_primary_runoff,38489,38489,9.00,30000,6
23019,C00919084,post_runoff,54681,54681,9.99,42696,6
23019,C00919084,pre_primary,45000,45000,6.00,45000,6
23021,C00919084,pre_primary,50000,50000,1.00,50000,1
23023,C00919084,between_primary_runoff,158300,158300,15.00,73300,4
23023,C00919084,post_runoff,82500,82500,9.00,37500,4
23023,C00919084,pre_primary,100000,100000,6.00,100000,6
23025,C00919084,pre_primary,10000,10000,1.00,0,0
23027,C00919084,between_primary_runoff,13581,13581,7.00,13581,7
23027,C00919084,post_runoff,42527,42527,4.00,42527,4
23029,C00919084,between_primary_runoff,25000,25000,1.00,25000,1
23029,C00919084,post_runoff,70000,70000,3.00,70000,3
23031,C00919084,between_primary_runoff,109005,109005,17.00,109000,17
23031,C00919084,post_runoff,178229,178229,26.01,153196,25
23031,C00919084,pre_primary,325000,325000,19.00,200000,17
24001,C00919084,between_primary_runoff,64500,64500,10.00,64500,10
24001,C00919084,post_runoff,10999,10999,3.00,10999,3
24001,C00919084,pre_primary,71000,71000,17.00,71000,17
24003,C00369033,between_primary_runoff,100000,100000,1.00,100000,1
24003,C00369033,pre_primary,250000,250000,2.00,250000,2
24003,C00901918,between_primary_runoff,20820,20820,2.00,20820,2
24003,C00901918,post_runoff,102050,76025,3.00,102050,3
24003,C00901918,pre_primary,66538,66538,7.00,66538,7
24003,C00919084,between_primary_runoff,1431396,1431396,72.00,1431396,72
24003,C00919084,post_runoff,1555696,1555696,55.00,1510696,53
24003,C00919084,pre_primary,1551500,1551500,34.00,1551500,34
24005,C00369033,between_primary_runoff,217500,217500,3.00,17500,2
24005,C00369033,pre_primary,191009,191009,2.67,124102,2
24005,C00901918,post_runoff,20000,20000,1.00,20000,1
24005,C00919084,between_primary_runoff,1239670,1239670,112.16,1174200,108
24005,C00919084,post_runoff,1026659,1026659,68.08,676424,67
24005,C00919084,pre_primary,1034700,1034700,84.00,984700,82
24009,C00901918,post_runoff,26025,26025,1.00,26025,1
24009,C00919084,between_primary_runoff,58700,58700,5.00,58700,5
24009,C00919084,post_runoff,40000,40000,4.00,40000,4
24009,C00919084,pre_primary,140300,140300,4.00,40300,3
24013,C00369033,pre_primary,100000,100000,2.00,100000,2
24013,C00901918,between_primary_runoff,95743,95743,19.00,95743,19
24013,C00901918,post_runoff,28264,28264,6.00,28264,6
24013,C00901918,pre_primary,10000,10000,2.00,10000,2
24013,C00919084,between_primary_runoff,92800,92800,12.00,92800,12
24013,C00919084,post_runoff,151985,151985,16.00,151985,16
24013,C00919084,pre_primary,67500,67500,6.00,67500,6
24015,C00919084,between_primary_runoff,8500,8500,5.00,8500,5
24015,C00919084,post_runoff,60500,60500,5.00,60500,5
24017,C00919084,between_primary_runoff,110000,110000,11.00,110000,11
24017,C00919084,post_runoff,17500,17500,4.00,17500,4
24017,C00919084,pre_primary,3900,3900,3.00,3900,3
24019,C00919084,between_primary_runoff,10000,10000,1.00,10000,1
24019,C00919084,post_runoff,10000,10000,1.00,10000,1
24021,C00919084,between_primary_runoff,292000,292000,32.00,277000,31
24021,C00919084,post_runoff,198137,198137,20.00,198137,20
24021,C00919084,pre_primary,132500,132500,11.00,107500,8
24023,C00919084,between_primary_runoff,100000,100000,1.00,100000,1
24023,C00919084,pre_primary,10000,10000,1.00,10000,1
24025,C00901918,post_runoff,12500,12500,1.00,12500,1
24025,C00901918,pre_primary,55500,55500,3.00,55500,3
24025,C00919084,between_primary_runoff,95450,95450,25.00,95450,25
24025,C00919084,post_runoff,62459,62459,18.00,62459,18
24025,C00919084,pre_primary,84585,84585,20.00,84585,20
24027,C00901918,post_runoff,2082,2082,2.00,2082,2
24027,C00901918,pre_primary,700000,700000,1.00,700000,1
24027,C00919084,between_primary_runoff,832722,832722,58.00,832722,58
24027,C00919084,post_runoff,929496,929496,40.00,929496,40
24027,C00919084,pre_primary,975000,975000,43.00,975000,43
24029,C00919084,between_primary_runoff,20000,20000,1.00,20000,1
24029,C00919084,post_runoff,130000,130000,3.00,30000,2
24031,C00369033,between_primary_runoff,1900000,1900000,15.00,1900000,15
24031,C00369033,pre_primary,2319356,2319356,11.00,2319356,11
24031,C00901918,between_primary_runoff,1179602,1179602,11.00,1179602,11
24031,C00901918,post_runoff,220000,220000,5.00,220000,5
24031,C00901918,pre_primary,184859,184859,10.00,184859,10
24031,C00919084,between_primary_runoff,9341154,9341154,437.00,9298854,428
24031,C00919084,post_runoff,6935926,6935926,337.00,6919426,332
24031,C00919084,pre_primary,9118200,9118200,315.00,9038200,310
24033,C00901918,pre_primary,104102,104102,1.00,104102,1
24033,C00919084,between_primary_runoff,1415685,1415685,48.00,1395685,44
24033,C00919084,post_runoff,117175,117175,28.00,106448,26
24033,C00919084,pre_primary,1023026,1023026,33.00,1023026,33
24035,C00919084,between_primary_runoff,42500,42500,8.00,36500,6
24035,C00919084,post_runoff,26026,26026,17.00,23526,16
24035,C00919084,pre_primary,4750,4750,3.00,3500,2
24037,C00919084,between_primary_runoff,21600,21600,7.00,11600,6
24037,C00919084,post_runoff,33600,33600,6.00,33600,6
24037,C00919084,pre_primary,15000,15000,2.00,0,0
24039,C00901918,between_primary_runoff,7500,7500,1.00,7500,1
24041,C00369033,pre_primary,350000,350000,1.00,350000,1
24041,C00919084,between_primary_runoff,162600,162600,29.00,162600,29
24041,C00919084,post_runoff,141800,141800,17.00,141800,17
24041,C00919084,pre_primary,158000,158000,23.00,158000,23
24043,C00919084,between_primary_runoff,142000,142000,13.00,142000,13
24043,C00919084,post_runoff,163000,163000,8.00,163000,8
24043,C00919084,pre_primary,295000,295000,8.00,295000,8
24045,C00901918,between_primary_runoff,103500,103500,2.00,103500,2
24045,C00901918,pre_primary,7500,7500,1.00,7500,1
24045,C00919084,between_primary_runoff,5000,5000,1.00,5000,1
24045,C00919084,post_runoff,10500,10500,2.00,10500,2
24047,C00919084,between_primary_runoff,25000,25000,1.00,0,0
24047,C00919084,pre_primary,110000,110000,6.00,60000,5
24510,C00369033,between_primary_runoff,455000,455000,5.00,355000,4
24510,C00369033,pre_primary,33093,33093,0.33,0,0
24510,C00919084,between_primary_runoff,674530,674530,63.84,669000,62
24510,C00919084,post_runoff,1386265,1386265,42.92,1383500,42
24510,C00919084,pre_primary,665000,665000,37.00,665000,37
25001,C00369033,between_primary_runoff,100000,100000,1.00,100000,1
25001,C00369033,pre_primary,125000,125000,2.00,125000,2
25001,C00901918,between_primary_runoff,17500,17500,2.00,17500,2
25001,C00901918,post_runoff,6000,6000,2.00,6000,2
25001,C00901918,pre_primary,500,500,1.00,500,1
25001,C00919084,between_primary_runoff,772000,772000,69.00,490000,52
25001,C00919084,post_runoff,444723,444723,49.00,318223,40
25001,C00919084,pre_primary,1119200,1119200,47.00,479500,28
25003,C00919084,between_primary_runoff,336500,336500,30.00,288500,23
25003,C00919084,post_runoff,378250,378250,28.00,255250,23
25003,C00919084,pre_primary,160000,160000,23.00,150000,22
25005,C00901918,between_primary_runoff,10410,10410,1.00,10410,1
25005,C00901918,post_runoff,2500,2500,1.00,2500,1
25005,C00919084,between_primary_runoff,309535,309535,35.00,309526,35
25005,C00919084,post_runoff,80488,80488,12.00,80485,12
25005,C00919084,pre_primary,152520,152520,18.00,152500,18
25007,C00919084,between_primary_runoff,249691,249691,16.00,224000,9
25007,C00919084,post_runoff,187897,187897,9.00,171900,6
25007,C00919084,pre_primary,185980,185980,12.00,132000,3
25009,C00369033,between_primary_runoff,100000,100000,1.00,100000,1
25009,C00369033,pre_primary,2500,2500,1.00,2500,1
25009,C00901918,between_primary_runoff,62164,62164,6.00,62164,6
25009,C00901918,post_runoff,5396,5396,1.00,5000,1
25009,C00901918,pre_primary,102255,102255,6.00,92255,5
25009,C00919084,between_primary_runoff,1414890,1414890,136.00,1329890,133
25009,C00919084,post_runoff,1407457,1407457,79.00,1157457,78
25009,C00919084,pre_primary,1269119,1269119,90.00,1269119,90
25011,C00919084,between_primary_runoff,451000,451000,18.00,401000,17
25011,C00919084,post_runoff,418000,418000,14.00,393000,13
25011,C00919084,pre_primary,40000,40000,3.00,40000,3
25013,C00369033,pre_primary,104102,104102,1.00,104102,1
25013,C00901918,post_runoff,29148,29148,4.00,29148,4
25013,C00919084,between_primary_runoff,166600,166600,31.00,151600,27
25013,C00919084,post_runoff,216000,216000,21.00,208500,19
25013,C00919084,pre_primary,56000,56000,10.00,56000,10
25015,C00919084,between_primary_runoff,788275,788275,31.00,788275,31
25015,C00919084,post_runoff,1588198,1588198,39.00,1538198,37
25015,C00919084,pre_primary,500000,500000,19.00,500000,19
25017,C00369033,between_primary_runoff,175000,175000,4.00,150000,2
25017,C00369033,pre_primary,463800,463800,8.00,436300,5
25017,C00901918,between_primary_runoff,113500,113500,11.00,36000,5
25017,C00901918,post_runoff,403604,403604,8.00,24000,5
25017,C00901918,pre_primary,186500,186500,13.00,121500,5
25017,C00919084,between_primary_runoff,12061828,12061828,447.00,11334328,434
25017,C00919084,post_runoff,10361256,10361256,350.00,10078977,343
25017,C00919084,pre_primary,10024966,10024966,329.00,9824966,325
25019,C00369033,pre_primary,100000,100000,1.00,100000,1
25019,C00919084,between_primary_runoff,564900,564900,16.00,524300,12
25019,C00919084,post_runoff,63700,63700,8.00,63700,8
25019,C00919084,pre_primary,60000,60000,8.00,50000,5
25021,C00369033,pre_primary,3437051,3437051,13.00,3437051,13
25021,C00919084,between_primary_runoff,4720490,4720490,160.00,4695400,159
25021,C00919084,post_runoff,4450937,4450937,117.00,4450892,117
25021,C00919084,pre_primary,4333903,4333903,137.95,4267119,134
25023,C00369033,between_primary_runoff,225000,225000,2.00,225000,2
25023,C00901918,between_primary_runoff,97910,97910,9.00,97910,9
25023,C00901918,post_runoff,4010,4010,4.00,4010,4
25023,C00901918,pre_primary,97500,97500,4.00,97500,4
25023,C00919084,between_primary_runoff,1026610,1026610,75.00,924700,73
25023,C00919084,post_runoff,478703,478703,51.00,401748,48
25023,C00919084,pre_primary,605492,605492,52.00,605492,52
25025,C00369033,between_primary_runoff,350000,350000,1.00,350000,1
25025,C00369033,pre_primary,923640,923640,5.00,923640,5
25025,C00901918,between_primary_runoff,22603,22603,2.00,22603,2
25025,C00901918,post_runoff,2603,2603,1.00,2603,1
25025,C00901918,pre_primary,60000,60000,3.00,60000,3
25025,C00919084,between_primary_runoff,4861596,4861596,139.00,4721596,136
25025,C00919084,post_runoff,4705157,4705157,114.00,4680157,113
25025,C00919084,pre_primary,4387916,4387916,86.05,4367200,85
25027,C00369033,pre_primary,52051,52051,1.00,52051,1
25027,C00901918,between_primary_runoff,28500,28500,4.00,28500,4
25027,C00901918,post_runoff,3500,3500,1.00,3500,1
25027,C00919084,between_primary_runoff,853500,853500,83.00,778500,81
25027,C00919084,post_runoff,381423,381423,45.00,342283,43
25027,C00919084,pre_primary,316000,316000,27.00,316000,27
26005,C00919084,between_primary_runoff,77006,77006,6.77,61920,3
26005,C00919084,post_runoff,78925,78925,7.40,78500,7
26005,C00919084,pre_primary,134435,134435,14.18,118755,10
26015,C00919084,between_primary_runoff,13999,13999,3.40,2000,2
26015,C00919084,post_runoff,5000,5000,1.00,0,0
26015,C00919084,pre_primary,36000,36000,5.20,35000,5
26017,C00919084,pre_primary,100000,100000,4.00,100000,4
26019,C00919084,between_primary_runoff,60000,60000,5.00,10000,4
26019,C00919084,post_runoff,26000,26000,4.00,26000,4
26019,C00919084,pre_primary,10000,10000,1.00,10000,1
26021,C00369033,pre_primary,350000,350000,1.00,350000,1
26021,C00901918,pre_primary,60000,60000,2.00,0,0
26021,C00919084,between_primary_runoff,258953,258953,16.02,252834,13
26021,C00919084,post_runoff,100284,100284,7.01,98224,6
26021,C00919084,pre_primary,212000,212000,8.00,210000,7
26023,C00919084,between_primary_runoff,15000,15000,4.00,15000,4
26023,C00919084,post_runoff,13000,13000,4.00,13000,4
26023,C00919084,pre_primary,5000,5000,1.00,5000,1
26025,C00919084,between_primary_runoff,12000,12000,6.00,12000,6
26025,C00919084,post_runoff,6000,6000,3.00,6000,3
26025,C00919084,pre_primary,35000,35000,4.00,35000,4
26027,C00369033,pre_primary,50000,50000,1.00,50000,1
26027,C00919084,between_primary_runoff,18000,18000,7.00,18000,7
26027,C00919084,post_runoff,19000,19000,4.00,19000,4
26027,C00919084,pre_primary,18500,18500,6.00,18500,6
26029,C00919084,between_primary_runoff,2500,2500,1.00,2500,1
26029,C00919084,post_runoff,10627,10627,1.00,10627,1
26031,C00919084,between_primary_runoff,28575,28575,6.39,22500,5
26031,C00919084,post_runoff,9236,9236,3.35,7500,3
26031,C00919084,pre_primary,31736,31736,12.35,30000,12
26033,C00919084,between_primary_runoff,5500,5500,4.00,5500,4
26033,C00919084,post_runoff,2000,2000,2.00,2000,2
26033,C00919084,pre_primary,5000,5000,2.00,5000,2
26037,C00919084,between_primary_runoff,18000,18000,4.00,18000,4
26037,C00919084,post_runoff,5000,5000,1.00,5000,1
26037,C00919084,pre_primary,20000,20000,2.00,20000,2
26039,C00919084,between_primary_runoff,24316,24316,0.98,0,0
26039,C00919084,post_runoff,19453,19453,0.98,0,0
26041,C00919084,between_primary_runoff,10000,10000,1.00,10000,1
26041,C00919084,post_runoff,10000,10000,1.00,10000,1
26045,C00901918,between_primary_runoff,60000,40000,3.00,60000,3
26045,C00919084,between_primary_runoff,43500,43500,5.00,43500,5
26045,C00919084,pre_primary,25000,25000,1.00,25000,1
26047,C00919084,between_primary_runoff,74425,74425,20.61,63000,18
26047,C00919084,post_runoff,28264,28264,6.65,25000,6
26047,C00919084,pre_primary,48264,48264,7.65,45000,7
26049,C00919084,between_primary_runoff,103700,103700,16.00,103700,16
26049,C00919084,post_runoff,91027,91027,13.00,91027,13
26049,C00919084,pre_primary,5000,5000,1.00,5000,1
26055,C00369033,between_primary_runoff,25000,25000,1.00,25000,1
26055,C00369033,pre_primary,20000,20000,1.00,20000,1
26055,C00901918,pre_primary,85000,85000,2.00,85000,2
26055,C00919084,between_primary_runoff,309000,309000,16.00,309000,16
26055,C00919084,post_runoff,90500,90500,10.00,90500,10
26055,C00919084,pre_primary,241666,241666,24.00,241666,24
26057,C00919084,between_primary_runoff,23700,23700,3.00,23700,3
26057,C00919084,pre_primary,96700,96700,8.00,96700,8
26059,C00919084,between_primary_runoff,9500,9500,4.00,9500,4
26059,C00919084,post_runoff,1500,1500,1.00,1500,1
26061,C00919084,between_primary_runoff,5000,5000,1.00,5000,1
26061,C00919084,post_runoff,20000,20000,2.00,20000,2
26065,C00919084,between_primary_runoff,270500,270500,23.00,270500,23
26065,C00919084,post_runoff,233500,233500,18.00,233500,18
26065,C00919084,pre_primary,177500,177500,21.00,177500,21
26067,C00919084,between_primary_runoff,23378,23378,3.84,15000,3
26067,C00919084,post_runoff,12553,12553,0.84,0,0
26067,C00919084,pre_primary,41874,41874,2.52,0,0
26075,C00369033,between_primary_runoff,75300,75300,1.00,75300,1
26075,C00919084,between_primary_runoff,2500,2500,1.00,2500,1
26075,C00919084,post_runoff,3000,3000,1.00,3000,1
26077,C00901918,post_runoff,25000,25000,1.00,25000,1
26077,C00919084,between_primary_runoff,73406,73406,10.18,47500,9
26077,C00919084,post_runoff,112500,112500,7.00,107500,6
26077,C00919084,pre_primary,189253,189253,10.09,188800,10
26079,C00919084,between_primary_runoff,621,621,0.02,0,0
26079,C00919084,post_runoff,497,497,0.02,0,0
26081,C00369033,between_primary_runoff,40000,40000,1.00,40000,1
26081,C00901918,between_primary_runoff,3500,3500,1.00,3500,1
26081,C00901918,post_runoff,6000,6000,2.00,6000,2
26081,C00919084,between_primary_runoff,437951,437951,80.03,379195,73
26081,C00919084,post_runoff,621207,621207,68.11,581423,65
26081,C00919084,pre_primary,952141,952141,50.42,896800,45
26085,C00919084,between_primary_runoff,5996,5996,0.60,0,0
26087,C00901918,between_primary_runoff,14554,14554,4.00,0,0
26087,C00901918,post_runoff,24218,24218,6.00,0,0
26089,C00901918,pre_primary,20820,20820,2.00,20820,2
26089,C00919084,between_primary_runoff,12500,12500,5.00,12500,5
26089,C00919084,post_runoff,8026,8026,3.00,8026,3
26089,C00919084,pre_primary,105600,105600,10.00,75600,7
26091,C00919084,post_runoff,52000,52000,4.00,52000,4
26093,C00901918,between_primary_runoff,14787,14787,10.00,14787,10
26093,C00901918,post_runoff,12505,12505,7.00,12505,7
26093,C00901918,pre_primary,13869,13869,12.00,13869,12
26093,C00919084,between_primary_runoff,87885,87885,10.00,87885,10
26093,C00919084,post_runoff,32500,32500,5.00,32500,5
26093,C00919084,pre_primary,50000,50000,5.00,50000,5
26097,C00919084,between_primary_runoff,45000,45000,7.00,45000,7
26097,C00919084,post_runoff,45000,45000,5.00,45000,5
26097,C00919084,pre_primary,55000,55000,7.00,55000,7
26099,C00901918,between_primary_runoff,35000,35000,2.00,35000,2
26099,C00901918,pre_primary,25000,25000,2.00,25000,2
26099,C00919084,between_primary_runoff,140631,140631,20.01,140500,20
26099,C00919084,post_runoff,121718,121718,13.01,121111,13
26099,C00919084,pre_primary,152500,152500,10.00,152500,10
26103,C00901918,between_primary_runoff,7000,7000,1.00,7000,1
26103,C00901918,post_runoff,13200,13200,3.00,13200,3
26103,C00919084,between_primary_runoff,56500,56500,11.00,31500,10
26103,C00919084,post_runoff,27000,27000,4.00,27000,4
26103,C00919084,pre_primary,7000,7000,5.00,7000,5
26105,C00919084,between_primary_runoff,12954,12954,1.30,0,0
26107,C00919084,between_primary_runoff,2500,2500,1.00,2500,1
26107,C00919084,post_runoff,6000,6000,3.00,6000,3
26111,C00919084,between_primary_runoff,90500,90500,14.00,90500,14
26111,C00919084,post_runoff,35196,35196,6.00,35196,6
26111,C00919084,pre_primary,110000,110000,12.00,110000,12
26115,C00919084,between_primary_runoff,25000,25000,1.00,25000,1
26115,C00919084,pre_primary,10000,10000,1.00,10000,1
26117,C00919084,between_primary_runoff,35,35,0.00,0,0
26117,C00919084,post_runoff,52,52,0.00,0,0
26117,C00919084,pre_primary,174,174,0.01,0,0
26119,C00919084,pre_primary,25000,25000,1.00,25000,1
26121,C00919084,between_primary_runoff,50240,50240,7.25,45000,7
26121,C00919084,post_runoff,34116,34116,6.12,33500,6
26121,C00919084,pre_primary,54623,54623,1.06,50000,1
26123,C00919084,between_primary_runoff,10000,10000,1.00,10000,1
26123,C00919084,post_runoff,25000,25000,1.00,25000,1
26123,C00919084,pre_primary,103800,103800,8.00,103800,8
26125,C00369033,between_primary_runoff,1750000,1750000,15.00,1650000,14
26125,C00369033,pre_primary,13500,13500,5.00,11000,4
26125,C00901918,between_primary_runoff,34582,34582,5.00,34582,5
26125,C00901918,post_runoff,2500,2500,1.00,2500,1
26125,C00901918,pre_primary,60094,60094,14.00,60094,14
26125,C00919084,between_primary_runoff,692726,692726,103.00,666726,97
26125,C00919084,post_runoff,1078889,1078889,86.99,876496,82
26125,C00919084,pre_primary,1289219,1289219,111.00,1119219,105
26127,C00919084,between_primary_runoff,1050,1050,0.10,0,0
26135,C00919084,between_primary_runoff,4,4,0.00,0,0
26135,C00919084,post_runoff,3,3,0.00,0,0
26137,C00919084,between_primary_runoff,59,59,0.00,0,0
26137,C00919084,post_runoff,47,47,0.00,0,0
26139,C00901918,between_primary_runoff,5000,5000,1.00,5000,1
26139,C00919084,between_primary_runoff,253600,253600,34.53,161000,27
26139,C00919084,post_runoff,269993,269993,28.53,259923,26
26139,C00919084,pre_primary,158855,158855,14.52,69000,8
26141,C00919084,post_runoff,20000,20000,1.00,20000,1
26141,C00919084,pre_primary,50000,50000,1.00,50000,1
26143,C00901918,post_runoff,18299,18299,11.00,18299,11
26143,C00901918,pre_primary,180000,180000,8.00,180000,8
26145,C00919084,between_primary_runoff,87000,87000,8.00,87000,8
26145,C00919084,post_runoff,260500,260500,4.00,260500,4
26145,C00919084,pre_primary,24300,24300,12.00,24300,12
26147,C00919084,between_primary_runoff,10000,10000,2.00,10000,2
26147,C00919084,post_runoff,5000,5000,1.00,5000,1
26147,C00919084,pre_primary,50000,50000,1.00,50000,1
26155,C00919084,between_primary_runoff,10000,10000,2.00,10000,2
26155,C00919084,post_runoff,37500,37500,4.00,37500,4
26159,C00919084,between_primary_runoff,27381,27381,5.98,17500,4
26159,C00919084,post_runoff,19940,19940,4.99,15000,4
26159,C00919084,pre_primary,10000,10000,1.00,10000,1
26161,C00901918,pre_primary,10000,10000,1.00,10000,1
26161,C00919084,between_primary_runoff,901250,901250,80.00,891250,79
26161,C00919084,post_runoff,1632592,1632592,74.00,1632592,74
26161,C00919084,pre_primary,1060720,1060720,36.00,983220,33
26163,C00369033,between_primary_runoff,250000,250000,2.00,200000,1
26163,C00901918,between_primary_runoff,15000,15000,2.00,15000,2
26163,C00901918,post_runoff,4200,4200,1.00,4200,1
26163,C00901918,pre_primary,10000,10000,1.00,10000,1
26163,C00919084,between_primary_runoff,409969,409969,48.99,385100,48
26163,C00919084,post_runoff,526009,526009,52.00,526009,52
26163,C00919084,pre_primary,493485,493485,33.00,493485,33
27003,C00369033,pre_primary,50000,50000,1.00,50000,1
27003,C00919084,between_primary_runoff,110000,110000,16.00,110000,16
27003,C00919084,post_runoff,45724,45724,7.00,45724,7
27003,C00919084,pre_primary,37500,37500,5.00,37500,5
27007,C00919084,between_primary_runoff,13000,13000,3.00,13000,3
27007,C00919084,post_runoff,8000,8000,2.00,8000,2
27017,C00919084,between_primary_runoff,4000,4000,4.00,4000,4
27017,C00919084,post_runoff,1000,1000,1.00,1000,1
27017,C00919084,pre_primary,38500,38500,8.00,38500,8
27019,C00919084,between_primary_runoff,22026,22026,4.00,20000,3
27019,C00919084,post_runoff,38037,38037,6.01,38000,6
27019,C00919084,pre_primary,45698,45698,5.12,45000,5
27021,C00919084,between_primary_runoff,30000,30000,3.00,0,0
27021,C00919084,pre_primary,35000,35000,4.00,0,0
27023,C00919084,between_primary_runoff,10000,10000,1.00,10000,1
27023,C00919084,post_runoff,5000,5000,1.00,5000,1
27023,C00919084,pre_primary,10000,10000,1.00,10000,1
27025,C00919084,between_primary_runoff,30000,30000,4.00,30000,4
27025,C00919084,post_runoff,70000,70000,2.00,70000,2
27025,C00919084,pre_primary,2500,2500,1.00,2500,1
27027,C00919084,between_primary_runoff,20000,20000,3.00,20000,3
27027,C00919084,post_runoff,28000,28000,5.00,28000,5
27031,C00919084,between_primary_runoff,50000,50000,5.00,0,0
27031,C00919084,post_runoff,34000,34000,3.00,24000,2
27031,C00919084,pre_primary,2000,2000,2.00,0,0
27035,C00919084,between_primary_runoff,45000,45000,5.00,45000,5
27035,C00919084,post_runoff,2500,2500,1.00,2500,1
27035,C00919084,pre_primary,10000,10000,1.00,10000,1
27037,C00369033,between_primary_runoff,100000,100000,2.00,100000,2
27037,C00369033,post_runoff,0,-50000,0.00,0,0
27037,C00369033,pre_primary,22500,22500,9.00,22500,9
27037,C00901918,post_runoff,20000,20000,2.00,20000,2
27037,C00919084,between_primary_runoff,510800,510800,40.00,510800,40
27037,C00919084,post_runoff,292500,292500,23.00,292500,23
27037,C00919084,pre_primary,407600,407600,24.00,407600,24
27041,C00919084,between_primary_runoff,12000,12000,3.00,12000,3
27041,C00919084,post_runoff,10000,10000,1.00,10000,1
27049,C00901918,between_primary_runoff,11509,11509,4.82,0,0
27049,C00901918,post_runoff,12558,12558,4.82,0,0
27049,C00919084,between_primary_runoff,12000,12000,11.00,12000,11
27049,C00919084,post_runoff,6500,6500,9.00,6500,9
27053,C00369033,between_primary_runoff,292500,292500,4.00,292500,4
27053,C00369033,pre_primary,590997,590997,25.00,589102,19
27053,C00901918,between_primary_runoff,44320,44320,5.00,44320,5
27053,C00901918,pre_primary,50000,50000,5.00,50000,5
27053,C00919084,between_primary_runoff,3245249,3245249,213.77,3169469,192
27053,C00919084,post_runoff,2493156,2493156,144.02,2411804,133
27053,C00919084,pre_primary,5879155,5879155,176.09,5763828,152
27057,C00919084,pre_primary,20000,20000,2.00,20000,2
27061,C00919084,between_primary_runoff,12500,12500,5.00,12500,5
27061,C00919084,pre_primary,7500,7500,2.00,7500,2
27067,C00919084,between_primary_runoff,25400,25400,10.00,25400,10
27067,C00919084,post_runoff,14700,14700,6.00,14700,6
27075,C00919084,between_primary_runoff,25000,25000,6.00,15000,5
27075,C00919084,post_runoff,62500,62500,11.00,62500,11
27075,C00919084,pre_primary,10000,10000,1.00,0,0
27085,C00919084,between_primary_runoff,13002,13002,4.00,13000,4
27085,C00919084,post_runoff,15001,15001,3.00,15000,3
27091,C00919084,between_primary_runoff,9000,9000,4.00,9000,4
27091,C00919084,post_runoff,6000,6000,2.00,6000,2
27093,C00919084,between_primary_runoff,9998,9998,2.00,0,0
27093,C00919084,post_runoff,4999,4999,1.00,0,0
27103,C00919084,between_primary_runoff,7600,7600,2.00,7600,2
27103,C00919084,post_runoff,3000,3000,1.00,3000,1
27105,C00919084,between_primary_runoff,25000,25000,1.00,25000,1
27109,C00919084,between_primary_runoff,243700,243700,16.00,243700,16
27109,C00919084,post_runoff,139000,139000,12.00,139000,12
27109,C00919084,pre_primary,405000,405000,15.00,405000,15
27111,C00919084,between_primary_runoff,4000,4000,2.00,4000,2
27111,C00919084,post_runoff,2000,2000,1.00,2000,1
27111,C00919084,pre_primary,10000,10000,2.00,10000,2
27113,C00919084,between_primary_runoff,16500,16500,4.00,16500,4
27113,C00919084,post_runoff,7000,7000,3.00,7000,3
27119,C00919084,pre_primary,7500,7500,3.00,7500,3
27123,C00901918,between_primary_runoff,580820,580820,5.00,580820,5
27123,C00901918,post_runoff,20000,20000,1.00,20000,1
27123,C00901918,pre_primary,181230,181230,11.00,181230,11
27123,C00919084,between_primary_runoff,1325100,1325100,106.00,1305100,104
27123,C00919084,post_runoff,660096,660096,60.00,600096,58
27123,C00919084,pre_primary,792500,792500,42.00,590500,36
27127,C00919084,pre_primary,5000,5000,1.00,5000,1
27129,C00919084,between_primary_runoff,10200,10200,4.00,10200,4
27129,C00919084,post_runoff,8600,8600,3.00,8600,3
27131,C00919084,between_primary_runoff,25000,25000,6.00,25000,6
27131,C00919084,post_runoff,42000,42000,6.00,42000,6
27131,C00919084,pre_primary,2500,2500,1.00,2500,1
27137,C00369033,pre_primary,50000,50000,1.00,50000,1
27137,C00919084,between_primary_runoff,20000,20000,2.00,20000,2
27137,C00919084,post_runoff,48620,48620,7.00,48620,7
27137,C00919084,pre_primary,10000,10000,1.00,10000,1
27139,C00369033,pre_primary,104102,104102,1.00,104102,1
27139,C00919084,between_primary_runoff,56000,56000,11.00,56000,11
27139,C00919084,post_runoff,33500,33500,8.00,33500,8
27139,C00919084,pre_primary,67500,67500,6.00,67500,6
27141,C00919084,post_runoff,6700,6700,1.00,6700,1
27141,C00919084,pre_primary,5000,5000,1.00,5000,1
27145,C00901918,pre_primary,25000,25000,1.00,25000,1
27145,C00919084,post_runoff,130000,130000,6.00,80000,5
27145,C00919084,pre_primary,35000,35000,4.00,35000,4
27157,C00901918,between_primary_runoff,418,418,0.18,0,0
27157,C00901918,post_runoff,456,456,0.18,0,0
27157,C00919084,between_primary_runoff,100000,100000,1.00,100000,1
27161,C00919084,between_primary_runoff,2600,2600,1.00,2600,1
27161,C00919084,pre_primary,2500,2500,1.00,2500,1
27163,C00369033,between_primary_runoff,10000,10000,1.00,10000,1
27163,C00369033,pre_primary,188850,163850,22.00,188850,22
27163,C00919084,between_primary_runoff,320600,320600,48.00,268100,46
27163,C00919084,post_runoff,168000,168000,24.00,113000,21
27163,C00919084,pre_primary,286000,286000,24.00,286000,24
27171,C00919084,between_primary_runoff,10770,10770,1.23,10000,1
27171,C00919084,post_runoff,59396,59396,2.97,56985,2
27171,C00919084,pre_primary,221201,221201,11.79,175000,4
27173,C00919084,between_primary_runoff,12000,12000,1.00,12000,1
27173,C00919084,pre_primary,22000,22000,2.00,22000,2
28011,C00919084,between_primary_runoff,20000,20000,1.00,0,0
28011,C00919084,pre_primary,15000,15000,2.00,0,0
28013,C00919084,between_primary_runoff,713,713,0.10,0,0
28013,C00919084,post_runoff,475,475,0.05,0,0
28023,C00901918,post_runoff,10000,10000,1.00,10000,1
28027,C00919084,between_primary_runoff,200000,200000,1.00,200000,1
28027,C00919084,post_runoff,30000,30000,1.00,30000,1
28027,C00919084,pre_primary,200000,200000,1.00,200000,1
28029,C00919084,between_primary_runoff,5000,5000,2.00,5000,2
28029,C00919084,post_runoff,2500,2500,1.00,2500,1
28031,C00919084,post_runoff,37,37,0.00,0,0
28033,C00901918,between_primary_runoff,15000,15000,2.00,15000,2
28033,C00919084,between_primary_runoff,3000,3000,1.00,0,0
28033,C00919084,pre_primary,20000,20000,2.00,0,0
28035,C00919084,post_runoff,12014,12014,1.24,5000,1
28035,C00919084,pre_primary,50000,50000,1.00,0,0
28047,C00919084,between_primary_runoff,88500,88500,6.00,85000,4
28047,C00919084,post_runoff,9000,9000,4.00,7000,2
28049,C00369033,pre_primary,206153,206153,3.00,206153,3
28049,C00919084,between_primary_runoff,408800,408800,20.00,408800,20
28049,C00919084,post_runoff,34700,34700,6.00,34700,6
28049,C00919084,pre_primary,298408,298408,16.00,298400,16
28059,C00369033,between_primary_runoff,200000,200000,1.00,200000,1
28059,C00901918,between_primary_runoff,60000,60000,3.00,60000,3
28059,C00901918,post_runoff,6123,6123,2.00,6123,2
28059,C00919084,between_primary_runoff,8000,8000,2.00,0,0
28059,C00919084,pre_primary,187600,187600,3.00,177600,1
28071,C00919084,between_primary_runoff,17536,17536,5.34,15000,5
28071,C00919084,post_runoff,106691,106691,2.17,105000,2
28071,C00919084,pre_primary,184991,184991,12.00,175000,11
28073,C00369033,between_primary_runoff,50000,50000,1.00,50000,1
28073,C00369033,pre_primary,50000,50000,1.00,50000,1
28073,C00919084,post_runoff,21745,21745,0.76,0,0
28075,C00919084,between_primary_runoff,50000,50000,1.00,50000,1
28075,C00919084,post_runoff,10000,10000,1.00,10000,1
28075,C00919084,pre_primary,25000,25000,1.00,25000,1
28081,C00919084,between_primary_runoff,10000,10000,2.00,10000,2
28081,C00919084,post_runoff,14196,14196,2.00,14196,2
28081,C00919084,pre_primary,60000,60000,11.00,60000,11
28085,C00901918,between_primary_runoff,10931,10931,2.00,10931,2
28087,C00919084,between_primary_runoff,5000,5000,1.00,5000,1
28087,C00919084,pre_primary,5000,5000,1.00,5000,1
28089,C00369033,pre_primary,10000,10000,1.00,10000,1
28089,C00901918,between_primary_runoff,50000,50000,1.00,50000,1
28089,C00901918,pre_primary,50000,50000,1.00,50000,1
28089,C00919084,between_primary_runoff,120000,120000,7.00,120000,7
28089,C00919084,post_runoff,235000,235000,5.00,235000,5
28089,C00919084,pre_primary,100000,100000,6.00,100000,6
28095,C00901918,pre_primary,10000,10000,1.00,0,0
28099,C00919084,between_primary_runoff,10000,10000,2.00,10000,2
28099,C00919084,post_runoff,13000,13000,2.00,13000,2
28105,C00369033,pre_primary,0,-697,0.00,0,0
28105,C00919084,between_primary_runoff,36300,36300,11.00,36300,11
28105,C00919084,post_runoff,35500,35500,7.00,35500,7
28105,C00919084,pre_primary,90500,90500,21.00,90500,21
28107,C00919084,between_primary_runoff,335,335,0.04,0,0
28107,C00919084,post_runoff,223,223,0.02,0,0
28107,C00919084,pre_primary,2,2,0.00,0,0
28109,C00919084,post_runoff,375000,375000,2.00,375000,2
28115,C00919084,pre_primary,7,7,0.00,0,0
28121,C00919084,between_primary_runoff,151324,151324,6.00,151324,6
28121,C00919084,post_runoff,21920,21920,2.00,21920,2
28121,C00919084,pre_primary,393518,393518,15.00,343526,13
28123,C00901918,post_runoff,7250,7250,3.00,0,0
28149,C00919084,post_runoff,25000,25000,1.00,25000,1
28157,C00919084,post_runoff,55000,55000,2.00,55000,2
28161,C00919084,between_primary_runoff,11416,11416,1.52,0,0
28161,C00919084,post_runoff,7611,7611,0.76,0,0
29013,C00901918,post_runoff,5336,5336,0.89,0,0
29015,C00369033,between_primary_runoff,170,170,0.00,0,0
29017,C00919084,post_runoff,231,231,0.01,0,0
29017,C00919084,pre_primary,462,462,0.01,0,0
29019,C00369033,pre_primary,100000,100000,2.00,100000,2
29019,C00901918,pre_primary,7600,7600,1.00,7600,1
29019,C00919084,between_primary_runoff,125000,125000,15.00,107500,11
29019,C00919084,post_runoff,156000,156000,15.00,156000,15
29019,C00919084,pre_primary,95000,95000,6.00,70000,3
29021,C00901918,pre_primary,10000,10000,1.00,10000,1
29021,C00919084,between_primary_runoff,45000,45000,2.00,45000,2
29027,C00369033,between_primary_runoff,25,25,0.00,0,0
29029,C00369033,between_primary_runoff,49830,49830,1.00,0,0
29029,C00369033,pre_primary,50000,50000,1.00,50000,1
29031,C00919084,between_primary_runoff,7500,7500,2.00,7500,2
29031,C00919084,post_runoff,22500,22500,3.00,22500,3
29037,C00919084,between_primary_runoff,70000,70000,3.00,70000,3
29037,C00919084,post_runoff,60000,60000,2.00,60000,2
29037,C00919084,pre_primary,10000,10000,1.00,10000,1
29043,C00901918,post_runoff,36,36,0.02,0,0
29043,C00919084,between_primary_runoff,45000,45000,6.00,45000,6
29043,C00919084,post_runoff,125000,125000,6.00,125000,6
29047,C00919084,between_primary_runoff,61358,61358,11.07,60700,11
29047,C00919084,post_runoff,50833,50833,12.04,50400,12
29047,C00919084,pre_primary,42646,42646,6.03,42500,6
29051,C00369033,between_primary_runoff,24768,24768,0.99,0,0
29051,C00919084,post_runoff,25000,25000,2.00,25000,2
29051,C00919084,pre_primary,20000,20000,1.00,20000,1
29055,C00901918,post_runoff,2707,2707,1.00,2707,1
29073,C00901918,between_primary_runoff,27182,27182,8.00,27182,8
29073,C00901918,post_runoff,10776,10776,6.00,10776,6
29077,C00369033,pre_primary,50000,50000,1.00,50000,1
29077,C00901918,pre_primary,350000,350000,1.00,350000,1
29077,C00919084,between_primary_runoff,268500,268500,21.00,268500,21
29077,C00919084,post_runoff,381724,381724,22.00,381724,22
29077,C00919084,pre_primary,197500,197500,22.00,197500,22
29091,C00901918,between_primary_runoff,6974,6974,3.00,6974,3
29091,C00901918,post_runoff,5101,5101,2.00,5101,2
29095,C00369033,between_primary_runoff,75000,75000,2.00,75000,2
29095,C00901918,between_primary_runoff,115345,115345,8.00,115345,8
29095,C00901918,post_runoff,21000,21000,4.00,21000,4
29095,C00901918,pre_primary,1165000,1165000,5.00,1165000,5
29095,C00919084,between_primary_runoff,634500,634500,71.00,634500,71
29095,C00919084,post_runoff,353335,353335,42.00,353335,42
29095,C00919084,pre_primary,1440000,1440000,54.00,1440000,54
29097,C00919084,post_runoff,10000,10000,1.00,10000,1
29097,C00919084,pre_primary,25000,25000,1.00,25000,1
29099,C00369033,between_primary_runoff,9734,9734,0.97,0,0
29099,C00919084,between_primary_runoff,15000,15000,3.00,15000,3
29099,C00919084,post_runoff,10000,10000,2.00,10000,2
29099,C00919084,pre_primary,10000,10000,1.00,0,0
29101,C00919084,post_runoff,200000,200000,2.00,200000,2
29103,C00919084,post_runoff,24866,24866,2.98,0,0
29107,C00901918,between_primary_runoff,5000,5000,1.00,5000,1
29109,C00919084,between_primary_runoff,4000,4000,2.00,4000,2
29109,C00919084,post_runoff,4000,4000,2.00,4000,2
29113,C00919084,between_primary_runoff,12500,12500,2.00,12500,2
29119,C00919084,between_primary_runoff,20000,20000,2.00,20000,2
29123,C00919084,post_runoff,23475,23475,0.94,0,0
29123,C00919084,pre_primary,46950,46950,0.94,0,0
29135,C00919084,post_runoff,25000,25000,1.00,25000,1
29139,C00919084,between_primary_runoff,5000,5000,1.00,5000,1
29139,C00919084,post_runoff,2500,2500,1.00,2500,1
29145,C00369033,between_primary_runoff,50000,50000,1.00,50000,1
29145,C00901918,post_runoff,2500,2500,1.00,0,0
29145,C00919084,between_primary_runoff,13000,13000,4.00,13000,4
29145,C00919084,post_runoff,13224,13224,4.00,13224,4
29151,C00369033,between_primary_runoff,207,207,0.01,0,0
29157,C00919084,post_runoff,29,29,0.00,0,0
29157,C00919084,pre_primary,58,58,0.00,0,0
29161,C00369033,pre_primary,50000,50000,1.00,50000,1
29161,C00919084,between_primary_runoff,8200,8200,6.00,8200,6
29161,C00919084,post_runoff,2400,2400,4.00,2400,4
29161,C00919084,pre_primary,1100,1100,2.00,1100,2
29163,C00919084,between_primary_runoff,12500,12500,5.00,12500,5
29163,C00919084,post_runoff,7500,7500,2.00,7500,2
29163,C00919084,pre_primary,48520,48520,19.00,48520,19
29165,C00901918,pre_primary,200000,200000,1.00,200000,1
29165,C00919084,between_primary_runoff,170342,170342,25.93,123000,20
29165,C00919084,post_runoff,194186,194186,19.96,159500,15
29165,C00919084,pre_primary,212354,212354,14.97,190000,11
29167,C00919084,between_primary_runoff,7500,7500,3.00,7500,3
29167,C00919084,post_runoff,2500,2500,1.00,2500,1
29169,C00919084,between_primary_runoff,25000,25000,1.00,25000,1
29173,C00369033,pre_primary,15000,15000,6.00,15000,6
29183,C00901918,between_primary_runoff,10000,10000,1.00,10000,1
29183,C00901918,pre_primary,110000,110000,5.00,110000,5
29183,C00919084,between_primary_runoff,187127,187127,28.00,182627,25
29183,C00919084,post_runoff,165944,165944,24.00,162944,21
29183,C00919084,pre_primary,72600,72600,6.00,42600,5
29186,C00369033,between_primary_runoff,264,264,0.03,0,0
29186,C00919084,post_runoff,309,309,0.01,0,0
29186,C00919084,pre_primary,618,618,0.01,0,0
29187,C00369033,between_primary_runoff,2,2,0.00,0,0
29187,C00919084,post_runoff,956,956,0.04,0,0
29187,C00919084,pre_primary,1912,1912,0.04,0,0
29189,C00369033,between_primary_runoff,275000,275000,4.00,275000,4
29189,C00369033,pre_primary,475000,475000,3.00,475000,3
29189,C00901918,between_primary_runoff,244541,244541,14.00,244541,14
29189,C00901918,post_runoff,47744,47744,2.00,47744,2
29189,C00901918,pre_primary,415910,415910,6.00,415910,6
29189,C00919084,between_primary_runoff,1766800,1766800,128.00,1758300,111
29189,C00919084,post_runoff,2375670,2375670,91.00,2371170,82
29189,C00919084,pre_primary,1648255,1648255,114.00,1644255,106
29199,C00919084,post_runoff,134,134,0.02,0,0
29213,C00369033,between_primary_runoff,50000,50000,1.00,50000,1
29213,C00901918,post_runoff,1942,1942,0.98,0,0
29217,C00901918,post_runoff,664,664,0.11,0,0
29221,C00901918,pre_primary,36025,36025,2.00,0,0
29225,C00901918,between_primary_runoff,13500,13500,3.00,13500,3
29225,C00901918,pre_primary,4000,4000,1.00,4000,1
29510,C00919084,between_primary_runoff,819500,819500,35.00,819500,35
29510,C00919084,post_runoff,461996,461996,37.00,461996,37
29510,C00919084,pre_primary,378900,378900,23.00,378900,23
30007,C00901918,pre_primary,1537,1537,0.03,0,0
30007,C00919084,post_runoff,25000,25000,1.00,25000,1
30009,C00919084,between_primary_runoff,60000,60000,8.00,25000,3
30009,C00919084,post_runoff,25000,25000,4.00,15000,2
30009,C00919084,pre_primary,15000,15000,2.00,5000,1
30015,C00901918,pre_primary,70000,70000,3.00,70000,3
30019,C00919084,between_primary_runoff,29500,29500,7.00,0,0
30019,C00919084,post_runoff,62500,62500,4.00,0,0
30019,C00919084,pre_primary,10000,10000,1.00,0,0
30027,C00919084,between_primary_runoff,25000,25000,1.00,25000,1
30027,C00919084,post_runoff,30000,30000,2.00,25000,1
30029,C00369033,between_primary_runoff,50000,50000,1.00,0,0
30029,C00901918,between_primary_runoff,3311,3311,2.00,3311,2
30029,C00901918,post_runoff,5372,5372,4.00,5372,4
30029,C00919084,between_primary_runoff,69500,69500,9.00,69500,9
30029,C00919084,post_runoff,115500,115500,7.00,115500,7
30029,C00919084,pre_primary,35000,35000,3.00,35000,3
30031,C00369033,pre_primary,50000,50000,1.00,50000,1
30031,C00901918,between_primary_runoff,103894,103894,1.00,0,0
30031,C00901918,post_runoff,20000,20000,2.00,20000,2
30031,C00919084,between_primary_runoff,161347,161347,20.85,132796,16
30031,C00919084,post_runoff,370351,370351,18.95,367500,18
30031,C00919084,pre_primary,357751,357751,15.95,354900,15
30039,C00919084,between_primary_runoff,25000,25000,4.00,25000,4
30039,C00919084,post_runoff,2500,2500,1.00,2500,1
30039,C00919084,pre_primary,18800,18800,3.00,18800,3
30043,C00901918,post_runoff,51025,51025,2.00,51025,2
30043,C00901918,pre_primary,500,500,0.01,0,0
30043,C00919084,between_primary_runoff,11500,11500,5.00,0,0
30043,C00919084,post_runoff,9000,9000,4.00,0,0
30047,C00369033,between_primary_runoff,50000,50000,1.00,50000,1
30047,C00919084,between_primary_runoff,99920,99920,7.61,70500,5
30047,C00919084,post_runoff,35734,35734,4.41,3500,1
30047,C00919084,pre_primary,75000,75000,8.00,75000,8
30049,C00901918,pre_primary,47963,47963,0.96,0,0
30049,C00919084,between_primary_runoff,27500,27500,5.00,27500,5
30049,C00919084,post_runoff,83000,83000,6.00,83000,6
30049,C00919084,pre_primary,115000,115000,3.00,115000,3
30053,C00919084,between_primary_runoff,22500,22500,6.00,12500,4
30053,C00919084,post_runoff,10000,10000,2.00,5000,1
30057,C00901918,between_primary_runoff,208,208,0.00,0,0
30057,C00919084,between_primary_runoff,25449,25449,3.15,25000,3
30057,C00919084,post_runoff,149,149,0.05,0,0
30057,C00919084,pre_primary,120149,120149,3.05,20000,2
30063,C00901918,post_runoff,7809,7809,3.00,7809,3
30063,C00919084,between_primary_runoff,171059,171059,14.38,95000,12
30063,C00919084,post_runoff,100928,100928,8.58,99196,8
30063,C00919084,pre_primary,215000,215000,8.00,215000,8
30067,C00919084,between_primary_runoff,25000,25000,1.00,25000,1
30081,C00901918,between_primary_runoff,17493,17493,7.00,17493,7
30081,C00901918,post_runoff,2628,2628,2.00,2628,2
30081,C00901918,pre_primary,33839,33839,13.00,33839,13
30081,C00919084,between_primary_runoff,75500,75500,7.00,75500,7
30081,C00919084,post_runoff,42500,42500,4.00,42500,4
30081,C00919084,pre_primary,148450,148450,18.00,148450,18
30089,C00919084,between_primary_runoff,12021,12021,6.01,0,0
30089,C00919084,post_runoff,3034,3034,2.01,0,0
30089,C00919084,pre_primary,11500,11500,5.00,0,0
30095,C00919084,pre_primary,176,176,0.01,0,0
30097,C00919084,pre_primary,24824,24824,0.99,0,0
30101,C00901918,pre_primary,31230,31230,3.00,31230,3
30101,C00919084,between_primary_runoff,5200,5200,2.00,0,0
30101,C00919084,post_runoff,2600,2600,1.00,0,0
30111,C00919084,between_primary_runoff,607500,607500,6.00,407500,4
30111,C00919084,post_runoff,18300,18300,5.00,10000,3
30111,C00919084,pre_primary,470526,470526,10.00,470526,10
31001,C00919084,pre_primary,25000,25000,1.00,25000,1
31019,C00919084,post_runoff,5000,5000,1.00,5000,1
31025,C00901918,post_runoff,50000,50000,1.00,50000,1
31027,C00919084,between_primary_runoff,13,13,0.00,0,0
31027,C00919084,pre_primary,15,15,0.01,0,0
31033,C00919084,between_primary_runoff,25000,25000,1.00,25000,1
31033,C00919084,pre_primary,20000,20000,1.00,20000,1
31037,C00901918,between_primary_runoff,30000,30000,3.00,30000,3
31037,C00901918,pre_primary,10000,10000,1.00,10000,1
31041,C00919084,between_primary_runoff,10000,10000,1.00,10000,1
31041,C00919084,pre_primary,10000,10000,1.00,10000,1
31045,C00919084,between_primary_runoff,7500,7500,2.00,7500,2
31045,C00919084,post_runoff,5000,5000,1.00,5000,1
31045,C00919084,pre_primary,3007,3007,0.06,0,0
31053,C00919084,between_primary_runoff,2500,2500,1.00,2500,1
31055,C00369033,between_primary_runoff,5000,5000,1.00,5000,1
31055,C00369033,pre_primary,60000,60000,2.00,60000,2
31055,C00901918,between_primary_runoff,145820,145820,3.00,145820,3
31055,C00901918,pre_primary,200000,200000,2.00,200000,2
31055,C00919084,between_primary_runoff,709300,709300,60.00,709300,60
31055,C00919084,post_runoff,815815,815815,42.00,815815,42
31055,C00919084,pre_primary,628820,628820,27.00,628820,27
31079,C00919084,between_primary_runoff,25000,25000,5.00,25000,5
31079,C00919084,post_runoff,16500,16500,5.00,16500,5
31079,C00919084,pre_primary,52500,52500,11.00,52500,11
31089,C00919084,between_primary_runoff,20000,20000,2.00,20000,2
31089,C00919084,post_runoff,110000,110000,2.00,110000,2
31089,C00919084,pre_primary,200000,200000,3.00,200000,3
31107,C00919084,between_primary_runoff,19587,19587,6.00,6400,3
31107,C00919084,post_runoff,12827,12827,3.00,12827,3
31107,C00919084,pre_primary,15985,15985,8.99,0,0
31109,C00919084,between_primary_runoff,227996,227996,33.00,227996,33
31109,C00919084,post_runoff,291247,291247,21.00,291247,21
31109,C00919084,pre_primary,230500,230500,25.00,230500,25
31111,C00919084,post_runoff,10000,10000,1.00,10000,1
31111,C00919084,pre_primary,50000,50000,1.00,50000,1
31119,C00919084,post_runoff,10000,10000,1.00,10000,1
31141,C00369033,between_primary_runoff,50000,50000,1.00,50000,1
31153,C00901918,between_primary_runoff,17910,17910,4.00,17910,4
31153,C00901918,post_runoff,2500,2500,1.00,2500,1
31153,C00901918,pre_primary,22500,22500,6.00,22500,6
31153,C00919084,between_primary_runoff,45000,45000,6.00,45000,6
31153,C00919084,post_runoff,13000,13000,4.00,13000,4
31153,C00919084,pre_primary,57500,57500,8.00,57500,8
31157,C00919084,between_primary_runoff,15000,15000,2.00,15000,2
31157,C00919084,post_runoff,5000,5000,1.00,5000,1
31161,C00919084,between_primary_runoff,10000,10000,1.00,10000,1
31161,C00919084,pre_primary,46993,46993,0.94,0,0
31177,C00901918,between_primary_runoff,10000,10000,2.00,10000,2
31177,C00901918,post_runoff,6000,6000,1.00,6000,1
31177,C00901918,pre_primary,9000,9000,2.00,9000,2
31177,C00919084,between_primary_runoff,10000,10000,1.00,10000,1
31185,C00919084,between_primary_runoff,8000,8000,4.00,8000,4
31185,C00919084,post_runoff,2000,2000,1.00,2000,1
32001,C00919084,between_primary_runoff,44,44,0.01,0,0
32001,C00919084,post_runoff,15,15,0.01,0,0
32003,C00369033,between_primary_runoff,150000,150000,2.00,150000,2
32003,C00369033,pre_primary,850000,850000,7.00,500000,6
32003,C00901918,between_primary_runoff,538423,538423,17.00,538423,17
32003,C00901918,post_runoff,51312,51312,10.00,51312,10
32003,C00901918,pre_primary,2675000,2675000,12.00,2325000,11
32003,C00919084,between_primary_runoff,1821356,1821356,121.00,1745156,104
32003,C00919084,post_runoff,1578242,1578242,84.00,1562242,80
32003,C00919084,pre_primary,1534526,1534526,90.00,1487026,81
32005,C00369033,pre_primary,50000,50000,1.00,50000,1
32005,C00901918,between_primary_runoff,53526,53526,6.00,27500,4
32005,C00901918,post_runoff,57500,57500,3.00,2500,1
32005,C00901918,pre_primary,1399956,1399956,5.99,12500,5
32005,C00919084,between_primary_runoff,13500,13500,5.00,5500,2
32005,C00919084,post_runoff,102500,102500,9.00,62500,4
32005,C00919084,pre_primary,20000,20000,3.00,20000,3
32007,C00901918,between_primary_runoff,26026,26026,2.00,26026,2
32007,C00919084,post_runoff,20000,20000,2.00,20000,2
32007,C00919084,pre_primary,22500,22500,3.00,0,0
32015,C00901918,between_primary_runoff,10000,10000,1.00,0,0
32015,C00901918,pre_primary,15000,15000,1.00,0,0
32019,C00919084,between_primary_runoff,12956,12956,3.99,5500,2
32019,C00919084,post_runoff,14485,14485,4.99,12000,4
32021,C00919084,between_primary_runoff,10000,10000,2.00,0,0
32021,C00919084,post_runoff,5000,5000,1.00,0,0
32023,C00901918,between_primary_runoff,16700,16700,2.00,0,0
32023,C00901918,post_runoff,56051,56051,3.00,56051,3
32023,C00901918,pre_primary,25000,25000,1.00,0,0
32023,C00919084,between_primary_runoff,30500,30500,5.00,30500,5
32023,C00919084,post_runoff,13500,13500,3.00,13500,3
32031,C00369033,between_primary_runoff,20000,20000,2.00,0,0
32031,C00369033,pre_primary,200000,200000,2.00,0,0
32031,C00901918,between_primary_runoff,158151,158151,17.00,158151,17
32031,C00901918,post_runoff,111414,111414,10.00,111414,10
32031,C00901918,pre_primary,179718,179718,15.00,179718,15
32031,C00919084,between_primary_runoff,1472500,1472500,50.00,1428500,40
32031,C00919084,post_runoff,652096,652096,52.00,630596,46
32031,C00919084,pre_primary,754627,754627,18.00,704627,17
32510,C00901918,between_primary_runoff,22698,22698,6.00,22698,6
32510,C00901918,post_runoff,18308,18308,5.00,18308,5
32510,C00901918,pre_primary,15044,15044,1.01,2500,1
32510,C00919084,between_primary_runoff,15000,15000,3.00,15000,3
32510,C00919084,post_runoff,38000,38000,4.00,38000,4
32510,C00919084,pre_primary,75000,75000,2.00,75000,2
33001,C00901918,between_primary_runoff,20000,20000,1.00,0,0
33001,C00901918,post_runoff,10000,10000,1.00,0,0
33001,C00901918,pre_primary,30000,30000,3.00,0,0
33001,C00919084,between_primary_runoff,49000,49000,12.00,49000,12
33001,C00919084,post_runoff,33500,33500,9.00,33500,9
33001,C00919084,pre_primary,50000,50000,1.00,50000,1
33003,C00919084,between_primary_runoff,254000,254000,21.00,149000,15
33003,C00919084,post_runoff,226500,226500,13.00,171500,11
33003,C00919084,pre_primary,20000,20000,2.00,20000,2
33005,C00919084,between_primary_runoff,428450,428450,11.04,410000,6
33005,C00919084,post_runoff,382955,382955,6.99,360000,2
33005,C00919084,pre_primary,47000,47000,9.00,35000,4
33007,C00919084,post_runoff,7500,7500,1.00,7500,1
33007,C00919084,pre_primary,101500,101500,3.00,101500,3
33009,C00901918,post_runoff,10410,10410,1.00,0,0
33009,C00919084,between_primary_runoff,1265600,1265600,18.00,244500,10
33009,C00919084,post_runoff,515026,515026,20.00,395526,11
33009,C00919084,pre_primary,50000,50000,1.00,50000,1
33011,C00369033,pre_primary,50000,50000,1.00,50000,1
33011,C00901918,between_primary_runoff,27,27,0.00,0,0
33011,C00919084,between_primary_runoff,241853,241853,29.00,236820,27
33011,C00919084,post_runoff,241609,241609,26.00,237109,24
33011,C00919084,pre_primary,268100,268100,23.00,268100,23
33013,C00901918,between_primary_runoff,5000,5000,1.00,5000,1
33013,C00901918,pre_primary,2500,2500,1.00,2500,1
33013,C00919084,between_primary_runoff,35036,35036,4.00,25000,3
33013,C00919084,post_runoff,434731,434731,6.97,38396,4
33013,C00919084,pre_primary,445000,445000,5.00,445000,5
33015,C00369033,pre_primary,200000,200000,1.00,0,0
33015,C00901918,between_primary_runoff,10473,10473,1.00,0,0
33015,C00919084,between_primary_runoff,448093,448093,30.00,189596,23
33015,C00919084,post_runoff,333297,333297,20.00,178300,14
33015,C00919084,pre_primary,178000,178000,13.00,163500,9
33017,C00919084,between_primary_runoff,52000,52000,4.00,52000,4
33017,C00919084,post_runoff,31000,31000,3.00,31000,3
33017,C00919084,pre_primary,280000,280000,6.00,180000,4
33019,C00919084,between_primary_runoff,156184,156184,22.96,104700,17
33019,C00919084,post_runoff,269913,269913,11.04,63700,9
33019,C00919084,pre_primary,80000,80000,7.00,70000,6
34001,C00919084,between_primary_runoff,412000,412000,17.00,412000,17
34001,C00919084,post_runoff,104550,104550,14.00,104550,14
34001,C00919084,pre_primary,52628,52628,17.00,52628,17
34003,C00369033,between_primary_runoff,950000,950000,5.00,950000,5
34003,C00369033,pre_primary,50000,50000,1.00,50000,1
34003,C00901918,between_primary_runoff,147646,147646,14.00,120820,3
34003,C00901918,post_runoff,111119,111119,19.00,0,0
34003,C00901918,pre_primary,250000,250000,3.00,250000,3
34003,C00919084,between_primary_runoff,1214392,1214392,91.00,1204392,90
34003,C00919084,post_runoff,463827,463827,72.00,453200,71
34003,C00919084,pre_primary,833100,833100,77.00,833100,77
34005,C00369033,between_primary_runoff,2500,2500,2.00,2500,2
34005,C00369033,pre_primary,17500,17500,14.00,17500,14
34005,C00901918,between_primary_runoff,54184,54184,12.00,54184,12
34005,C00901918,post_runoff,45317,45317,15.00,45317,15
34005,C00901918,pre_primary,37500,37500,2.00,37500,2
34005,C00919084,between_primary_runoff,484200,484200,40.00,294200,34
34005,C00919084,post_runoff,248500,248500,29.00,171000,20
34005,C00919084,pre_primary,196250,196250,22.00,145000,20
34007,C00919084,between_primary_runoff,197000,197000,17.00,197000,17
34007,C00919084,post_runoff,138000,138000,14.00,138000,14
34007,C00919084,pre_primary,421000,421000,12.00,421000,12
34009,C00919084,between_primary_runoff,45200,45200,13.00,45200,13
34009,C00919084,post_runoff,51696,51696,7.00,51696,7
34009,C00919084,pre_primary,33000,33000,11.00,33000,11
34013,C00369033,between_primary_runoff,500000,500000,1.00,500000,1
34013,C00369033,pre_primary,1000000,1000000,2.00,1000000,2
34013,C00901918,between_primary_runoff,20000,20000,2.00,20000,2
34013,C00901918,post_runoff,25820,25820,3.00,25820,3
34013,C00901918,pre_primary,10000,10000,1.00,10000,1
34013,C00919084,between_primary_runoff,1059000,1059000,52.00,1059000,52
34013,C00919084,post_runoff,1007222,1007222,48.00,999723,46
34013,C00919084,pre_primary,841200,841200,47.00,841200,47
34015,C00919084,between_primary_runoff,64250,64250,17.00,61750,16
34015,C00919084,post_runoff,28300,28300,7.00,21300,4
34015,C00919084,pre_primary,179600,179600,24.00,179600,24
34017,C00369033,between_primary_runoff,350000,350000,1.00,350000,1
34017,C00369033,pre_primary,176973,176973,1.00,176973,1
34017,C00901918,between_primary_runoff,6000,6000,2.00,6000,2
34017,C00901918,pre_primary,28000,28000,5.00,28000,5
34017,C00919084,between_primary_runoff,306000,306000,32.00,306000,32
34017,C00919084,post_runoff,354000,354000,27.00,354000,27
34017,C00919084,pre_primary,477500,477500,21.00,452500,20
34019,C00901918,between_primary_runoff,20820,20820,2.00,20820,2
34019,C00919084,between_primary_runoff,342015,342015,41.00,342000,41
34019,C00919084,post_runoff,669500,669500,26.00,669500,26
34019,C00919084,pre_primary,238781,238781,40.00,238750,40
34021,C00369033,pre_primary,43870,43870,23.00,43870,23
34021,C00901918,between_primary_runoff,25000,25000,1.00,25000,1
34021,C00919084,between_primary_runoff,1115500,1115500,53.00,1105500,52
34021,C00919084,post_runoff,703500,703500,30.00,703500,30
34021,C00919084,pre_primary,740500,740500,41.00,685500,35
34023,C00369033,between_primary_runoff,50000,50000,1.00,50000,1
34023,C00901918,between_primary_runoff,80920,80920,5.00,80920,5
34023,C00901918,pre_primary,20000,20000,1.00,20000,1
34023,C00919084,between_primary_runoff,270500,270500,51.00,270500,51
34023,C00919084,post_runoff,109022,109022,25.00,109022,25
34023,C00919084,pre_primary,256400,256400,66.00,256400,66
34025,C00369033,between_primary_runoff,1000,1000,2.00,1000,2
34025,C00369033,pre_primary,755000,755000,12.00,755000,12
34025,C00901918,between_primary_runoff,16000,16000,3.00,16000,3
34025,C00901918,post_runoff,15500,15500,2.00,15500,2
34025,C00901918,pre_primary,41000,41000,3.00,41000,3
34025,C00919084,between_primary_runoff,504000,504000,63.00,504000,63
34025,C00919084,post_runoff,465827,465827,43.00,365827,42
34025,C00919084,pre_primary,705000,705000,36.00,705000,36
34027,C00369033,pre_primary,100000,100000,1.00,100000,1
34027,C00901918,between_primary_runoff,29260,29260,10.00,29260,10
34027,C00901918,post_runoff,27389,27389,6.00,27389,6
34027,C00901918,pre_primary,45400,45400,15.00,45400,15
34027,C00919084,between_primary_runoff,1817001,1817001,81.17,1766100,80
34027,C00919084,post_runoff,1493330,1493330,58.00,1068300,55
34027,C00919084,pre_primary,770747,770747,66.17,744000,65
34029,C00369033,between_primary_runoff,50000,50000,1.00,50000,1
34029,C00369033,pre_primary,50000,50000,1.00,50000,1
34029,C00901918,between_primary_runoff,6000,6000,2.00,6000,2
34029,C00901918,post_runoff,6000,6000,2.00,6000,2
34029,C00901918,pre_primary,9000,9000,3.00,9000,3
34029,C00919084,between_primary_runoff,186526,186526,35.00,186526,35
34029,C00919084,post_runoff,197000,197000,22.00,197000,22
34029,C00919084,pre_primary,205131,205131,31.00,205131,31
34031,C00901918,between_primary_runoff,33920,33920,7.00,33920,7
34031,C00901918,post_runoff,5000,5000,1.00,5000,1
34031,C00901918,pre_primary,9500,9500,3.00,9500,3
34031,C00919084,between_primary_runoff,150000,150000,6.00,150000,6
34031,C00919084,post_runoff,140001,140001,7.00,140000,7
34031,C00919084,pre_primary,50000,50000,1.00,50000,1
34033,C00919084,between_primary_runoff,44700,44700,7.00,44700,7
34033,C00919084,post_runoff,22500,22500,4.00,22500,4
34033,C00919084,pre_primary,10000,10000,1.00,10000,1
34035,C00901918,between_primary_runoff,15615,15615,2.00,15615,2
34035,C00901918,pre_primary,850000,850000,2.00,850000,2
34035,C00919084,between_primary_runoff,396084,396084,46.83,312000,41
34035,C00919084,post_runoff,454470,454470,37.00,399500,34
34035,C00919084,pre_primary,553422,553422,50.83,530200,47
34037,C00901918,between_primary_runoff,4580,4580,3.00,4580,3
34037,C00901918,post_runoff,1978,1978,1.00,1978,1
34037,C00919084,between_primary_runoff,35000,35000,2.00,35000,2
34037,C00919084,post_runoff,5196,5196,1.00,5196,1
34037,C00919084,pre_primary,10000,10000,1.00,10000,1
34039,C00919084,between_primary_runoff,371700,371700,53.00,371700,53
34039,C00919084,post_runoff,237224,237224,36.00,237224,36
34039,C00919084,pre_primary,386000,386000,29.00,361000,28
34041,C00901918,post_runoff,5000,5000,1.00,5000,1
34041,C00919084,between_primary_runoff,25000,25000,3.00,25000,3
34041,C00919084,post_runoff,60000,60000,2.00,60000,2
34041,C00919084,pre_primary,35000,35000,5.00,35000,5
35001,C00369033,between_primary_runoff,1923,1923,4.00,1923,4
35001,C00369033,pre_primary,900,900,1.00,900,1
35001,C00901918,between_primary_runoff,13705,13705,3.00,13705,3
35001,C00901918,post_runoff,2500,2500,1.00,2500,1
35001,C00919084,between_primary_runoff,2440227,2440227,161.88,2241600,148
35001,C00919084,post_runoff,1398338,1398338,127.77,1360398,123
35001,C00919084,pre_primary,2059917,2059917,117.55,2019400,115
35003,C00919084,pre_primary,25000,25000,1.00,25000,1
35005,C00901918,between_primary_runoff,7500,7500,2.00,7500,2
35005,C00901918,post_runoff,2500,2500,1.00,2500,1
35005,C00901918,pre_primary,8000,8000,3.00,8000,3
35005,C00919084,pre_primary,25000,25000,1.00,25000,1
35006,C00919084,between_primary_runoff,2655,2655,0.03,0,0
35006,C00919084,post_runoff,2655,2655,0.05,0,0
35006,C00919084,pre_primary,1327,1327,0.03,0,0
35007,C00919084,between_primary_runoff,30000,30000,3.00,0,0
35007,C00919084,post_runoff,100000,100000,1.00,100000,1
35009,C00901918,between_primary_runoff,5500,5500,1.00,5500,1
35009,C00919084,between_primary_runoff,600,600,1.00,0,0
35009,C00919084,pre_primary,88028,88028,8.00,77433,4
35013,C00901918,between_primary_runoff,24320,24320,2.00,3500,1
35013,C00901918,post_runoff,7000,7000,2.00,7000,2
35013,C00901918,pre_primary,31230,31230,1.00,0,0
35013,C00919084,between_primary_runoff,224800,224800,52.00,213300,47
35013,C00919084,post_runoff,301392,301392,55.00,263892,43
35013,C00919084,pre_primary,706400,706400,80.00,706400,80
35015,C00901918,pre_primary,20820,20820,2.00,20820,2
35015,C00919084,between_primary_runoff,15000,15000,1.00,15000,1
35017,C00369033,pre_primary,10175,10175,5.00,0,0
35017,C00919084,between_primary_runoff,34500,34500,14.00,34500,14
35017,C00919084,post_runoff,88820,88820,13.00,88820,13
35017,C00919084,pre_primary,60000,60000,3.00,60000,3
35025,C00919084,between_primary_runoff,12500,12500,3.00,12500,3
35025,C00919084,post_runoff,5000,5000,1.00,5000,1
35025,C00919084,pre_primary,2500,2500,1.00,2500,1
35027,C00919084,between_primary_runoff,72500,72500,9.00,0,0
35027,C00919084,post_runoff,19265,19265,6.00,14265,5
35028,C00901918,between_primary_runoff,52051,52051,1.00,52051,1
35028,C00919084,between_primary_runoff,35000,35000,4.00,35000,4
35028,C00919084,post_runoff,195004,195004,9.00,195000,9
35028,C00919084,pre_primary,70011,70011,2.00,20000,1
35031,C00901918,between_primary_runoff,10000,10000,1.00,10000,1
35031,C00919084,between_primary_runoff,117345,117345,2.97,0,0
35031,C00919084,post_runoff,97345,97345,1.95,0,0
35031,C00919084,pre_primary,63673,63673,3.97,0,0
35033,C00919084,pre_primary,100000,100000,1.00,0,0
35035,C00901918,post_runoff,2500,2500,1.00,2500,1
35035,C00919084,between_primary_runoff,30500,30500,10.00,10500,2
35035,C00919084,post_runoff,143000,143000,16.00,110500,3
35035,C00919084,pre_primary,70000,70000,3.00,70000,3
35037,C00919084,post_runoff,25000,25000,1.00,25000,1
35039,C00901918,between_primary_runoff,8000,8000,3.00,8000,3
35039,C00901918,post_runoff,5000,5000,1.00,5000,1
35039,C00901918,pre_primary,13500,13500,5.00,13500,5
35039,C00919084,between_primary_runoff,37000,37000,4.00,10000,1
35039,C00919084,post_runoff,86000,86000,5.00,0,0
35039,C00919084,pre_primary,35000,35000,4.00,35000,4
35041,C00919084,pre_primary,5,5,0.00,0,0
35043,C00919084,between_primary_runoff,483598,483598,41.88,480940,41
35043,C00919084,post_runoff,262661,262661,32.18,262220,32
35043,C00919084,pre_primary,661030,661030,23.35,637500,21
35045,C00919084,between_primary_runoff,45000,45000,3.00,0,0
35045,C00919084,post_runoff,50000,50000,5.00,0,0
35049,C00901918,between_primary_runoff,10000,10000,1.00,10000,1
35049,C00901918,post_runoff,354200,354200,2.00,354200,2
35049,C00901918,pre_primary,150000,150000,4.00,150000,4
35049,C00919084,between_primary_runoff,1732042,1732042,182.24,1689627,175
35049,C00919084,post_runoff,2139217,2139217,123.05,2053502,114
35049,C00919084,pre_primary,2492178,2492178,116.10,2256236,110
35051,C00919084,between_primary_runoff,10000,10000,1.00,10000,1
35051,C00919084,post_runoff,10000,10000,1.00,10000,1
35053,C00919084,between_primary_runoff,20000,20000,4.00,20000,4
35053,C00919084,post_runoff,5001,5001,1.00,5000,1
35055,C00919084,between_primary_runoff,263000,263000,44.00,126500,15
35055,C00919084,post_runoff,229500,229500,25.00,163000,12
35055,C00919084,pre_primary,428000,428000,42.00,97500,12
35057,C00919084,between_primary_runoff,7500,7500,2.00,7500,2
35057,C00919084,post_runoff,15796,15796,3.00,15796,3
35061,C00919084,post_runoff,22699,22699,2.00,20000,1
36001,C00901918,between_primary_runoff,40000,40000,1.00,40000,1
36001,C00901918,post_runoff,52051,52051,1.00,52051,1
36001,C00919084,between_primary_runoff,622000,622000,34.00,612000,33
36001,C00919084,post_runoff,330500,330500,25.00,190500,21
36001,C00919084,pre_primary,330600,330600,32.00,330600,32
36005,C00369033,between_primary_runoff,1005000,1005000,4.00,1005000,4
36005,C00901918,post_runoff,5000,5000,1.00,5000,1
36005,C00919084,between_primary_runoff,273800,273800,35.00,270800,34
36005,C00919084,post_runoff,218500,218500,16.00,209000,12
36005,C00919084,pre_primary,176600,176600,29.00,171600,27
36007,C00919084,between_primary_runoff,66492,66492,14.00,51492,11
36007,C00919084,post_runoff,85500,85500,15.00,55500,9
36007,C00919084,pre_primary,2500,2500,1.00,2500,1
36011,C00919084,between_primary_runoff,75011,75011,1.00,75000,1
36011,C00919084,post_runoff,329,329,0.06,0,0
36011,C00919084,pre_primary,50000,50000,2.00,50000,2
36015,C00919084,between_primary_runoff,9000,9000,4.00,9000,4
36015,C00919084,post_runoff,6500,6500,4.00,6500,4
36017,C00919084,between_primary_runoff,12500,12500,3.00,5000,1
36017,C00919084,post_runoff,10000,10000,3.00,5000,1
36017,C00919084,pre_primary,17500,17500,4.00,5000,1
36019,C00919084,post_runoff,23883,23883,2.60,6000,2
36021,C00919084,between_primary_runoff,486176,486176,47.07,484500,47
36021,C00919084,post_runoff,137547,137547,23.53,84492,23
36021,C00919084,pre_primary,416421,416421,25.16,308500,23
36023,C00919084,between_primary_runoff,10000,10000,1.00,10000,1
36023,C00919084,post_runoff,21096,21096,4.00,21096,4
36023,C00919084,pre_primary,20000,20000,2.00,20000,2
36025,C00919084,between_primary_runoff,20986,20986,3.00,10000,1
36025,C00919084,post_runoff,17977,17977,3.99,0,0
36027,C00369033,between_primary_runoff,200000,200000,1.00,200000,1
36027,C00901918,between_primary_runoff,10000,10000,1.00,10000,1
36027,C00901918,post_runoff,30000,30000,1.00,30000,1
36027,C00919084,between_primary_runoff,1135800,1135800,48.93,1112476,48
36027,C00919084,post_runoff,1033641,1033641,43.47,293196,35
36027,C00919084,pre_primary,1453379,1453379,30.84,1386300,27
36029,C00901918,between_primary_runoff,20000,20000,5.00,20000,5
36029,C00901918,post_runoff,7500,7500,1.00,7500,1
36029,C00919084,between_primary_runoff,188000,188000,25.00,188000,25
36029,C00919084,post_runoff,401000,401000,27.00,391000,26
36029,C00919084,pre_primary,133527,133527,7.00,133527,7
36031,C00901918,between_primary_runoff,311000,311000,4.00,11000,2
36031,C00901918,post_runoff,505500,505500,3.00,5500,2
36031,C00919084,between_primary_runoff,57500,57500,5.00,10000,1
36031,C00919084,post_runoff,56811,56811,3.39,35000,2
36031,C00919084,pre_primary,70000,70000,2.00,50000,1
36033,C00919084,between_primary_runoff,5500,5500,4.00,5500,4
36033,C00919084,post_runoff,6806,6806,4.01,6500,4
36035,C00901918,between_primary_runoff,33000,33000,3.00,33000,3
36035,C00901918,post_runoff,5000,5000,1.00,5000,1
36035,C00901918,pre_primary,5000,5000,1.00,5000,1
36039,C00919084,between_primary_runoff,3010,3010,1.00,3000,1
36039,C00919084,post_runoff,30015,30015,2.00,30000,2
36039,C00919084,pre_primary,46843,46843,0.94,0,0
36041,C00919084,between_primary_runoff,5500,5500,3.00,5500,3
36041,C00919084,post_runoff,6000,6000,2.00,6000,2
36043,C00919084,between_primary_runoff,135000,135000,12.00,135000,12
36043,C00919084,post_runoff,30000,30000,7.00,30000,7
36043,C00919084,pre_primary,17500,17500,3.00,17500,3
36045,C00901918,post_runoff,27410,27410,4.00,27410,4
36045,C00919084,between_primary_runoff,16100,16100,5.00,16100,5
36045,C00919084,post_runoff,10927,10927,5.00,10927,5
36045,C00919084,pre_primary,55000,55000,3.00,10000,1
36047,C00369033,between_primary_runoff,700000,700000,2.00,700000,2
36047,C00369033,pre_primary,47600,47600,35.00,47600,35
36047,C00901918,between_primary_runoff,31639,31639,14.00,31639,14
36047,C00901918,post_runoff,102951,102951,7.00,102951,7
36047,C00901918,pre_primary,700000,700000,1.00,700000,1
36047,C00919084,between_primary_runoff,4594967,4594967,204.00,4569967,202
36047,C00919084,post_runoff,2491708,2491708,150.00,2481708,149
36047,C00919084,pre_primary,6521200,6521200,144.00,6521200,144
36051,C00919084,between_primary_runoff,7460,7460,3.16,7026,3
36051,C00919084,post_runoff,3636,3636,2.05,3500,2
36051,C00919084,pre_primary,25000,25000,1.00,25000,1
36053,C00919084,between_primary_runoff,22500,22500,3.00,22500,3
36053,C00919084,pre_primary,53327,53327,4.00,53327,4
36055,C00901918,between_primary_runoff,5000,5000,1.00,5000,1
36055,C00901918,post_runoff,8500,8500,2.00,8500,2
36055,C00919084,between_primary_runoff,280870,280870,44.77,266000,40
36055,C00919084,post_runoff,231441,231441,35.92,190500,31
36055,C00919084,pre_primary,736069,736069,28.11,730666,26
36059,C00369033,between_primary_runoff,2150000,2150000,7.00,2150000,7
36059,C00369033,pre_primary,2319400,2269400,8.00,2169400,7
36059,C00901918,between_primary_runoff,183000,158000,9.00,170000,7
36059,C00901918,post_runoff,178528,178528,8.00,178528,8
36059,C00901918,pre_primary,838000,838000,12.00,822000,10
36059,C00919084,between_primary_runoff,1679101,1679101,96.00,1651601,93
36059,C00919084,post_runoff,1405040,1405040,72.00,1360040,67
36059,C00919084,pre_primary,2181192,2181192,62.00,2031200,58
36061,C00369033,between_primary_runoff,6885070,6885070,28.00,6285070,26
36061,C00369033,pre_primary,14737000,14737000,63.00,13687000,60
36061,C00901918,between_primary_runoff,132001,105976,12.00,132001,12
36061,C00901918,post_runoff,28513,28513,4.00,28513,4
36061,C00901918,pre_primary,1561300,1561300,11.00,1561300,11
36061,C00919084,between_primary_runoff,31714273,31714273,761.00,30491446,731
36061,C00919084,post_runoff,13382468,13382468,524.00,13302844,511
36061,C00919084,pre_primary,37044521,37044521,733.00,33001335,690
36063,C00919084,between_primary_runoff,75000,75000,2.00,75000,2
36063,C00919084,post_runoff,5000,5000,1.00,5000,1
36063,C00919084,pre_primary,122500,122500,5.00,122500,5
36065,C00919084,between_primary_runoff,100000,100000,2.00,100000,2
36065,C00919084,post_runoff,50000,50000,1.00,50000,1
36067,C00919084,between_primary_runoff,262489,262489,26.00,242500,23
36067,C00919084,post_runoff,266867,266867,21.94,249500,18
36067,C00919084,pre_primary,155000,155000,20.00,155000,20
36069,C00919084,between_primary_runoff,63196,63196,4.07,10000,2
36069,C00919084,post_runoff,130097,130097,6.03,130000,6
36069,C00919084,pre_primary,169247,169247,6.89,100000,1
36071,C00901918,between_primary_runoff,6000,6000,1.00,6000,1
36071,C00919084,between_primary_runoff,123100,123100,21.00,123100,21
36071,C00919084,post_runoff,274727,274727,21.00,274727,21
36071,C00919084,pre_primary,247500,247500,21.00,247500,21
36073,C00919084,post_runoff,30500,30500,3.00,30500,3
36077,C00919084,between_primary_runoff,24000,24000,9.00,24000,9
36077,C00919084,post_runoff,21000,21000,7.00,21000,7
36077,C00919084,pre_primary,20000,20000,2.00,0,0
36079,C00919084,between_primary_runoff,425170,425170,12.00,392085,9
36079,C00919084,post_runoff,67832,67832,11.00,32132,7
36079,C00919084,pre_primary,15000,15000,1.00,0,0
36081,C00369033,between_primary_runoff,50000,50000,1.00,50000,1
36081,C00369033,pre_primary,20000,20000,2.00,20000,2
36081,C00901918,between_primary_runoff,77050,77050,6.00,77050,6
36081,C00901918,pre_primary,53500,53500,12.00,53500,12
36081,C00919084,between_primary_runoff,586416,586416,52.00,566416,50
36081,C00919084,post_runoff,357350,357350,50.00,337350,48
36081,C00919084,pre_primary,399908,399908,39.00,389900,38
36083,C00919084,between_primary_runoff,55000,55000,11.00,45000,8
36083,C00919084,post_runoff,91696,91696,10.00,86000,8
36083,C00919084,pre_primary,117500,117500,6.00,117500,6
36085,C00369033,pre_primary,50000,50000,1.00,50000,1
36085,C00901918,post_runoff,300000,300000,1.00,300000,1
36085,C00919084,between_primary_runoff,100900,100900,23.00,100900,23
36085,C00919084,post_runoff,100696,100696,9.00,100696,9
36085,C00919084,pre_primary,40000,40000,6.00,40000,6
36087,C00369033,between_primary_runoff,350000,350000,1.00,350000,1
36087,C00901918,post_runoff,25000,25000,1.00,0,0
36087,C00919084,between_primary_runoff,350500,350500,35.00,350500,35
36087,C00919084,post_runoff,209196,209196,22.00,209196,22
36087,C00919084,pre_primary,293200,293200,22.00,293200,22
36089,C00919084,between_primary_runoff,80000,80000,14.00,0,0
36089,C00919084,post_runoff,36200,36200,12.00,0,0
36089,C00919084,pre_primary,32500,32500,2.00,25000,1
36091,C00369033,pre_primary,40000,40000,1.00,40000,1
36091,C00901918,between_primary_runoff,20000,20000,2.00,20000,2
36091,C00919084,between_primary_runoff,112750,112750,20.00,112750,20
36091,C00919084,post_runoff,545873,545873,28.00,545873,28
36091,C00919084,pre_primary,130000,130000,6.00,130000,6
36093,C00919084,between_primary_runoff,70828,70828,15.00,70828,15
36093,C00919084,post_runoff,37000,37000,7.00,37000,7
36093,C00919084,pre_primary,10000,10000,1.00,10000,1
36095,C00919084,between_primary_runoff,8500,8500,5.00,8500,5
36095,C00919084,post_runoff,5500,5500,4.00,5500,4
36099,C00919084,between_primary_runoff,32500,32500,4.00,32500,4
36099,C00919084,post_runoff,5500,5500,2.00,5500,2
36099,C00919084,pre_primary,50000,50000,1.00,50000,1
36101,C00919084,between_primary_runoff,5000,5000,1.00,5000,1
36101,C00919084,post_runoff,435000,435000,4.00,435000,4
36103,C00369033,between_primary_runoff,350000,350000,1.00,350000,1
36103,C00369033,pre_primary,15000,15000,2.00,15000,2
36103,C00901918,between_primary_runoff,70481,70481,7.00,70481,7
36103,C00901918,post_runoff,35158,35158,27.00,35158,27
36103,C00901918,pre_primary,83597,83597,8.00,83597,8
36103,C00919084,between_primary_runoff,1335270,1335270,113.00,1074020,98
36103,C00919084,post_runoff,1211578,1211578,85.00,1012778,72
36103,C00919084,pre_primary,1789100,1789100,106.00,1507500,72
36105,C00919084,between_primary_runoff,75000,75000,2.00,25000,1
36107,C00919084,between_primary_runoff,10000,10000,2.00,10000,2
36107,C00919084,post_runoff,15000,15000,2.00,15000,2
36109,C00919084,between_primary_runoff,313000,313000,25.00,295000,22
36109,C00919084,post_runoff,268000,268000,16.00,262000,15
36109,C00919084,pre_primary,82500,82500,13.00,76500,12
36111,C00919084,between_primary_runoff,397804,397804,31.00,275300,22
36111,C00919084,post_runoff,541489,541489,34.01,492481,28
36111,C00919084,pre_primary,358157,358157,12.06,320000,9
36113,C00901918,between_primary_runoff,90883,90883,7.00,5000,1
36113,C00919084,between_primary_runoff,6000,6000,3.00,6000,3
36113,C00919084,post_runoff,64792,64792,5.00,39792,4
36115,C00919084,between_primary_runoff,118600,118600,8.00,118600,8
36115,C00919084,post_runoff,27919,27919,7.00,27919,7
36115,C00919084,pre_primary,5000,5000,1.00,5000,1
36117,C00919084,post_runoff,50046,50046,1.00,50000,1
36119,C00369033,between_primary_runoff,1650000,1650000,5.00,1650000,5
36119,C00369033,pre_primary,990000,990000,6.00,990000,6
36119,C00901918,between_primary_runoff,4000,4000,1.00,0,0
36119,C00901918,post_runoff,3103,3103,2.00,0,0
36119,C00919084,between_primary_runoff,4354975,4354975,187.00,3994060,178
36119,C00919084,post_runoff,1958315,1958315,129.00,1870815,125
36119,C00919084,pre_primary,4798600,4798600,127.00,4496100,111
36121,C00901918,between_primary_runoff,20000,20000,3.00,20000,3
36121,C00901918,pre_primary,15000,15000,2.00,15000,2
36121,C00919084,between_primary_runoff,5000,5000,2.00,5000,2
36121,C00919084,post_runoff,2500,2500,1.00,2500,1
37001,C00919084,between_primary_runoff,10500,10500,3.00,10500,3
37001,C00919084,post_runoff,31700,31700,9.00,31700,9
37001,C00919084,pre_primary,7500,7500,3.00,7500,3
37003,C00919084,pre_primary,20000,20000,2.00,20000,2
37009,C00919084,between_primary_runoff,125000,125000,3.00,125000,3
37009,C00919084,post_runoff,50000,50000,1.00,50000,1
37011,C00369033,between_primary_runoff,14,14,0.00,0,0
37011,C00919084,post_runoff,9382,9382,0.94,0,0
37013,C00919084,between_primary_runoff,15000,15000,3.00,15000,3
37013,C00919084,post_runoff,32500,32500,4.00,32500,4
37019,C00919084,between_primary_runoff,80500,80500,15.00,80500,15
37019,C00919084,post_runoff,97500,97500,18.00,97500,18
37019,C00919084,pre_primary,115000,115000,13.00,115000,13
37021,C00369033,between_primary_runoff,5000,5000,1.00,5000,1
37021,C00901918,post_runoff,42460,42460,10.13,35871,10
37021,C00919084,between_primary_runoff,542356,542356,86.98,491300,76
37021,C00919084,post_runoff,962803,962803,79.94,905620,74
37021,C00919084,pre_primary,986919,986919,102.85,864100,85
37023,C00919084,between_primary_runoff,15571,15571,5.11,15000,5
37023,C00919084,post_runoff,34227,34227,4.29,32500,4
37023,C00919084,pre_primary,3071,3071,1.11,2500,1
37025,C00919084,between_primary_runoff,37000,37000,10.00,37000,10
37025,C00919084,post_runoff,56680,56680,5.66,35000,5
37025,C00919084,pre_primary,37500,37500,6.00,37500,6
37031,C00369033,pre_primary,50000,50000,1.00,50000,1
37031,C00919084,between_primary_runoff,29600,29600,19.00,24600,18
37031,C00919084,post_runoff,24700,24700,10.00,24700,10
37031,C00919084,pre_primary,65500,65500,4.00,5500,2
37033,C00919084,between_primary_runoff,1000,1000,1.00,1000,1
37033,C00919084,post_runoff,5000,5000,5.00,5000,5
37033,C00919084,pre_primary,20500,20500,10.00,20500,10
37035,C00901918,between_primary_runoff,25000,25000,1.00,25000,1
37035,C00919084,between_primary_runoff,152000,152000,13.00,152000,13
37035,C00919084,post_runoff,63000,63000,13.00,63000,13
37035,C00919084,pre_primary,410000,410000,4.00,410000,4
37037,C00901918,post_runoff,50000,50000,1.00,50000,1
37037,C00919084,between_primary_runoff,320930,320930,37.34,302820,32
37037,C00919084,post_runoff,365972,365972,34.01,334824,30
37037,C00919084,pre_primary,178256,178256,10.34,143800,10
37039,C00901918,between_primary_runoff,7287,7287,1.00,7287,1
37039,C00901918,post_runoff,7287,7287,1.00,7287,1
37039,C00919084,between_primary_runoff,2500,2500,1.00,2500,1
37039,C00919084,pre_primary,10000,10000,1.00,10000,1
37041,C00369033,pre_primary,50000,50000,1.00,50000,1
37043,C00919084,between_primary_runoff,8800,8800,5.00,5800,4
37043,C00919084,post_runoff,3500,3500,2.00,3500,2
37043,C00919084,pre_primary,3000,3000,2.00,3000,2
37045,C00919084,post_runoff,10000,10000,1.00,10000,1
37049,C00919084,between_primary_runoff,120000,120000,7.00,120000,7
37049,C00919084,post_runoff,135000,135000,5.00,135000,5
37049,C00919084,pre_primary,265745,265745,11.93,235000,11
37051,C00919084,between_primary_runoff,105000,105000,5.00,105000,5
37051,C00919084,post_runoff,2500,2500,1.00,2500,1
37051,C00919084,pre_primary,75000,75000,2.00,75000,2
37053,C00919084,between_primary_runoff,2500,2500,1.00,2500,1
37053,C00919084,pre_primary,3000,3000,1.00,3000,1
37055,C00919084,between_primary_runoff,7200,7200,2.00,7200,2
37055,C00919084,post_runoff,7200,7200,2.00,7200,2
37055,C00919084,pre_primary,3600,3600,1.00,3600,1
37059,C00919084,between_primary_runoff,91350,91350,12.00,0,0
37059,C00919084,post_runoff,40000,40000,4.00,0,0
37061,C00919084,between_primary_runoff,7500,7500,2.00,7500,2
37061,C00919084,post_runoff,14696,14696,3.00,14696,3
37061,C00919084,pre_primary,22500,22500,3.00,22500,3
37063,C00901918,between_primary_runoff,17000,17000,2.00,17000,2
37063,C00901918,post_runoff,20820,20820,2.00,20820,2
37063,C00919084,between_primary_runoff,533186,533186,100.45,495153,97
37063,C00919084,post_runoff,767910,767910,72.02,763419,70
37063,C00919084,pre_primary,417183,417183,61.38,386526,61
37067,C00369033,pre_primary,100000,100000,2.00,100000,2
37067,C00901918,between_primary_runoff,10500,10500,2.00,10500,2
37067,C00919084,between_primary_runoff,117200,117200,26.00,107200,22
37067,C00919084,post_runoff,151996,151996,23.00,141996,19
37067,C00919084,pre_primary,581000,581000,26.00,531000,25
37069,C00901918,pre_primary,16100,16100,2.00,16100,2
37069,C00919084,between_primary_runoff,5507,5507,2.46,5000,2
37069,C00919084,post_runoff,15169,15169,3.15,15000,3
37069,C00919084,pre_primary,63821,63821,4.61,62500,4
37071,C00901918,between_primary_runoff,40000,40000,2.00,40000,2
37071,C00901918,post_runoff,20000,20000,1.00,20000,1
37071,C00901918,pre_primary,20000,20000,1.00,20000,1
37081,C00901918,between_primary_runoff,40000,40000,3.00,40000,3
37081,C00901918,post_runoff,10500,10500,2.00,10500,2
37081,C00901918,pre_primary,20820,20820,2.00,20820,2
37081,C00919084,between_primary_runoff,986800,986800,62.00,636800,61
37081,C00919084,post_runoff,496500,496500,34.00,496500,34
37081,C00919084,pre_primary,400000,400000,40.00,400000,40
37083,C00901918,between_primary_runoff,40000,40000,1.00,40000,1
37083,C00901918,pre_primary,142051,142051,4.00,142051,4
37085,C00919084,between_primary_runoff,2500,2500,1.00,2500,1
37085,C00919084,pre_primary,2500,2500,1.00,2500,1
37087,C00919084,between_primary_runoff,29000,29000,6.00,29000,6
37087,C00919084,post_runoff,57000,57000,4.00,57000,4
37087,C00919084,pre_primary,105000,105000,7.00,105000,7
37089,C00901918,between_primary_runoff,4500,4500,5.00,4500,5
37089,C00901918,post_runoff,5500,5500,5.00,5500,5
37089,C00919084,between_primary_runoff,212219,212219,21.99,182300,19
37089,C00919084,post_runoff,261706,261706,27.01,201400,24
37089,C00919084,pre_primary,292532,292532,28.00,292500,28
37093,C00919084,between_primary_runoff,5000,5000,2.00,5000,2
37093,C00919084,post_runoff,2500,2500,1.00,2500,1
37097,C00369033,pre_primary,27300,27300,20.00,0,0
37097,C00901918,between_primary_runoff,12000,12000,10.00,12000,10
37097,C00901918,post_runoff,3505,3505,8.00,3505,8
37097,C00901918,pre_primary,3000,3000,1.00,3000,1
37097,C00919084,between_primary_runoff,158100,158100,18.00,158100,18
37097,C00919084,post_runoff,149444,149444,21.10,146200,21
37097,C00919084,pre_primary,36500,36500,9.00,36500,9
37099,C00369033,between_primary_runoff,500,500,1.00,500,1
37099,C00369033,pre_primary,7000,7000,14.00,7000,14
37099,C00919084,between_primary_runoff,775396,775396,22.34,724200,21
37099,C00919084,post_runoff,17423,17423,11.00,17423,11
37099,C00919084,pre_primary,758209,758209,7.07,756500,7
37101,C00901918,between_primary_runoff,26025,26025,1.00,26025,1
37101,C00919084,between_primary_runoff,57173,57173,11.93,28000,3
37101,C00919084,post_runoff,11860,11860,4.96,4500,3
37101,C00919084,pre_primary,15000,15000,3.00,0,0
37103,C00919084,post_runoff,25000,25000,1.00,25000,1
37105,C00919084,between_primary_runoff,25000,25000,4.00,25000,4
37105,C00919084,post_runoff,15000,15000,2.00,15000,2
37109,C00919084,post_runoff,25000,25000,1.00,25000,1
37111,C00901918,pre_primary,5000,5000,1.00,5000,1
37111,C00919084,between_primary_runoff,4452,4452,0.89,0,0
37111,C00919084,post_runoff,9843,9843,1.81,0,0
37111,C00919084,pre_primary,7340,7340,1.93,2500,1
37113,C00369033,between_primary_runoff,50000,50000,1.00,50000,1
37113,C00901918,between_primary_runoff,18218,18218,2.00,0,0
37113,C00919084,between_primary_runoff,51304,51304,12.66,35000,8
37113,C00919084,post_runoff,46500,46500,6.00,46500,6
37113,C00919084,pre_primary,81491,81491,19.93,47000,15
37115,C00901918,post_runoff,93411,93411,1.87,0,0
37115,C00919084,between_primary_runoff,2796,2796,3.03,2600,3
37115,C00919084,post_runoff,2204,2204,3.00,2200,3
37115,C00919084,pre_primary,93276,93276,6.10,92500,6
37119,C00369033,between_primary_runoff,101490,101490,4.00,101490,4
37119,C00369033,pre_primary,54500,54500,4.00,54500,4
37119,C00901918,between_primary_runoff,7200,7200,3.00,7200,3
37119,C00901918,post_runoff,59792,59792,8.00,59792,8
37119,C00901918,pre_primary,1400000,1400000,2.00,1400000,2
37119,C00919084,between_primary_runoff,1449900,1449900,135.00,1337400,128
37119,C00919084,post_runoff,1272749,1272749,73.22,1156710,69
37119,C00919084,pre_primary,1473626,1473626,155.00,1473626,155
37121,C00919084,between_primary_runoff,38,38,0.00,0,0
37121,C00919084,post_runoff,30,30,0.00,0,0
37121,C00919084,pre_primary,35,35,0.00,0,0
37125,C00369033,between_primary_runoff,25000,25000,1.00,25000,1
37125,C00901918,between_primary_runoff,10410,10410,1.00,10410,1
37125,C00901918,pre_primary,20820,20820,2.00,20820,2
37125,C00919084,between_primary_runoff,142000,142000,7.00,142000,7
37125,C00919084,post_runoff,6000,6000,2.00,6000,2
37125,C00919084,pre_primary,30000,30000,3.00,30000,3
37127,C00369033,between_primary_runoff,35000,35000,2.00,35000,2
37127,C00919084,between_primary_runoff,2793,2793,2.54,0,0
37127,C00919084,post_runoff,931,931,0.85,0,0
37127,C00919084,pre_primary,7279,7279,3.39,0,0
37129,C00919084,between_primary_runoff,469000,469000,28.00,311500,23
37129,C00919084,post_runoff,1544500,1544500,24.00,1189500,18
37129,C00919084,pre_primary,596000,596000,24.00,471000,21
37133,C00369033,pre_primary,50000,50000,1.00,50000,1
37133,C00901918,between_primary_runoff,20000,20000,2.00,0,0
37133,C00919084,between_primary_runoff,10000,10000,2.00,10000,2
37133,C00919084,pre_primary,55000,55000,2.00,55000,2
37135,C00369033,between_primary_runoff,350000,350000,1.00,350000,1
37135,C00919084,between_primary_runoff,376902,376902,66.19,355600,62
37135,C00919084,post_runoff,373300,373300,42.96,372329,42
37135,C00919084,pre_primary,1011687,1011687,46.28,965800,44
37137,C00919084,between_primary_runoff,105000,105000,2.00,5000,1
37137,C00919084,post_runoff,1000,1000,1.00,1000,1
37137,C00919084,pre_primary,2275,2275,0.07,0,0
37147,C00369033,pre_primary,50000,50000,1.00,50000,1
37147,C00901918,between_primary_runoff,20820,20820,2.00,20820,2
37147,C00901918,post_runoff,20820,20820,2.00,20820,2
37147,C00919084,between_primary_runoff,74800,74800,8.00,65000,3
37147,C00919084,post_runoff,30500,30500,5.00,25000,3
37147,C00919084,pre_primary,75000,75000,1.00,0,0
37149,C00901918,between_primary_runoff,10410,10410,1.00,10410,1
37149,C00901918,post_runoff,28000,28000,2.00,28000,2
37149,C00919084,between_primary_runoff,40004,40004,5.00,40000,5
37149,C00919084,post_runoff,20009,20009,2.00,20000,2
37149,C00919084,pre_primary,60000,60000,3.00,35000,2
37155,C00369033,between_primary_runoff,10000,10000,2.00,10000,2
37155,C00369033,pre_primary,70000,70000,14.00,70000,14
37157,C00901918,between_primary_runoff,11000,11000,1.00,11000,1
37157,C00901918,pre_primary,80000,80000,2.00,80000,2
37159,C00919084,post_runoff,761,761,0.02,0,0
37161,C00919084,between_primary_runoff,18000,18000,6.00,18000,6
37161,C00919084,post_runoff,11134,11134,3.01,11000,3
37161,C00919084,pre_primary,77053,77053,19.01,77000,19
37171,C00919084,between_primary_runoff,30000,30000,3.00,30000,3
37171,C00919084,post_runoff,85000,85000,4.00,85000,4
37171,C00919084,pre_primary,10000,10000,2.00,10000,2
37175,C00919084,between_primary_runoff,74600,74600,16.00,44600,15
37175,C00919084,post_runoff,179700,179700,15.00,179700,15
37175,C00919084,pre_primary,10000,10000,1.00,10000,1
37179,C00369033,pre_primary,52051,52051,1.00,52051,1
37179,C00919084,between_primary_runoff,150000,150000,27.00,110500,6
37179,C00919084,post_runoff,16000,16000,7.00,7500,2
37179,C00919084,pre_primary,87500,87500,6.00,87500,6
37183,C00369033,between_primary_runoff,52500,52500,2.00,52500,2
37183,C00369033,pre_primary,385000,385000,15.00,385000,15
37183,C00901918,between_primary_runoff,53582,53582,4.00,53582,4
37183,C00901918,post_runoff,26700,26700,3.00,26700,3
37183,C00919084,between_primary_runoff,1720955,1720955,140.02,1550900,136
37183,C00919084,post_runoff,1328414,1328414,109.01,1168524,104
37183,C00919084,pre_primary,2762786,2762786,168.00,2347786,153
37189,C00369033,between_primary_runoff,49986,49986,1.00,0,0
37189,C00919084,between_primary_runoff,34200,34200,11.00,34200,11
37189,C00919084,post_runoff,11500,11500,4.00,11500,4
37189,C00919084,pre_primary,56300,56300,16.00,56300,16
37191,C00901918,between_primary_runoff,15500,15500,3.00,15500,3
37191,C00901918,pre_primary,10000,10000,3.00,10000,3
37191,C00919084,between_primary_runoff,20527,20527,2.07,20200,2
37191,C00919084,post_runoff,2640,2640,1.04,2500,1
37191,C00919084,pre_primary,2500,2500,1.00,2500,1
37193,C00901918,between_primary_runoff,5000,5000,1.00,5000,1
37193,C00919084,between_primary_runoff,3500,3500,2.00,3500,2
37193,C00919084,post_runoff,32500,32500,2.00,32500,2
37193,C00919084,pre_primary,8500,8500,3.00,8500,3
37199,C00919084,between_primary_runoff,84864,84864,5.00,5000,1
37199,C00919084,post_runoff,9982,9982,1.00,0,0
37199,C00919084,pre_primary,74874,74874,4.00,0,0
38013,C00901918,between_primary_runoff,7500,7500,1.00,7500,1
38013,C00901918,post_runoff,7500,7500,1.00,7500,1
38015,C00901918,between_primary_runoff,26025,26025,1.00,26025,1
38015,C00919084,between_primary_runoff,27600,27600,5.00,5100,2
38015,C00919084,post_runoff,67000,67000,4.00,57000,3
38015,C00919084,pre_primary,10000,10000,1.00,0,0
38017,C00369033,between_primary_runoff,50000,50000,1.00,50000,1
38017,C00369033,pre_primary,50000,50000,1.00,50000,1
38017,C00901918,between_primary_runoff,46845,46845,4.00,46845,4
38017,C00901918,pre_primary,25000,25000,1.00,25000,1
38017,C00919084,between_primary_runoff,55000,55000,10.00,55000,10
38017,C00919084,post_runoff,72696,72696,6.00,72696,6
38017,C00919084,pre_primary,20000,20000,3.00,20000,3
38027,C00919084,between_primary_runoff,20000,20000,1.00,20000,1
38027,C00919084,post_runoff,10000,10000,1.00,10000,1
38027,C00919084,pre_primary,10000,10000,1.00,10000,1
38035,C00919084,between_primary_runoff,5000,5000,1.00,5000,1
38035,C00919084,pre_primary,105000,105000,2.00,105000,2
38073,C00919084,between_primary_runoff,2500,2500,1.00,2500,1
38073,C00919084,post_runoff,15000,15000,2.00,15000,2
38089,C00919084,between_primary_runoff,5000,5000,1.00,5000,1
38093,C00919084,post_runoff,100000,100000,1.00,100000,1
38099,C00901918,pre_primary,50000,50000,2.00,50000,2
38101,C00919084,between_primary_runoff,34000,34000,9.00,30000,7
38101,C00919084,post_runoff,11196,11196,3.00,2500,1
38101,C00919084,pre_primary,54526,54526,11.00,34526,9
38105,C00901918,between_primary_runoff,26025,26025,1.00,26025,1
38105,C00901918,post_runoff,26000,26000,1.00,26000,1
38105,C00919084,between_primary_runoff,10000,10000,1.00,10000,1
38105,C00919084,post_runoff,5000,5000,1.00,5000,1
38105,C00919084,pre_primary,22800,22800,1.00,22800,1
39003,C00919084,between_primary_runoff,16000,16000,5.00,16000,5
39003,C00919084,post_runoff,5500,5500,2.00,5500,2
39003,C00919084,pre_primary,5000,5000,1.00,5000,1
39005,C00369033,between_primary_runoff,50000,50000,1.00,50000,1
39005,C00919084,pre_primary,7000,7000,4.00,7000,4
39007,C00901918,post_runoff,239434,239434,5.00,239434,5
39009,C00901918,between_primary_runoff,179,179,0.02,0,0
39009,C00919084,post_runoff,20000,20000,1.00,20000,1
39009,C00919084,pre_primary,25000,25000,1.00,25000,1
39017,C00919084,between_primary_runoff,77000,77000,10.00,77000,10
39017,C00919084,post_runoff,109224,109224,13.00,109224,13
39017,C00919084,pre_primary,123752,123752,16.00,113752,15
39019,C00901918,pre_primary,20820,20820,2.00,20820,2
39021,C00919084,between_primary_runoff,5000,5000,2.00,5000,2
39021,C00919084,post_runoff,2500,2500,1.00,2500,1
39023,C00901918,post_runoff,26000,26000,2.00,26000,2
39023,C00901918,pre_primary,20000,20000,1.00,20000,1
39023,C00919084,between_primary_runoff,10000,10000,1.00,10000,1
39023,C00919084,post_runoff,51500,51500,4.00,51500,4
39023,C00919084,pre_primary,25500,25500,2.00,25500,2
39025,C00901918,post_runoff,104102,104102,1.00,104102,1
39025,C00919084,between_primary_runoff,21500,21500,6.00,21500,6
39025,C00919084,post_runoff,49320,49320,4.00,49320,4
39025,C00919084,pre_primary,180000,180000,12.00,180000,12
39027,C00919084,between_primary_runoff,30000,30000,3.00,30000,3
39027,C00919084,post_runoff,102500,102500,2.00,102500,2
39029,C00919084,between_primary_runoff,50000,50000,1.00,50000,1
39029,C00919084,pre_primary,50000,50000,1.00,50000,1
39031,C00919084,pre_primary,25000,25000,1.00,25000,1
39035,C00369033,between_primary_runoff,825000,825000,4.00,825000,4
39035,C00369033,pre_primary,300000,300000,3.00,300000,3
39035,C00901918,between_primary_runoff,20820,20820,2.00,20820,2
39035,C00901918,post_runoff,52603,52603,2.00,52603,2
39035,C00901918,pre_primary,319260,319260,7.00,319260,7
39035,C00919084,between_primary_runoff,2308920,2308920,86.00,2298920,84
39035,C00919084,post_runoff,1120051,1120051,56.00,1052051,51
39035,C00919084,pre_primary,642100,642100,68.00,642100,68
39041,C00901918,between_primary_runoff,20820,20820,2.00,20820,2
39041,C00901918,pre_primary,51000,51000,2.00,51000,2
39041,C00919084,between_primary_runoff,123493,123493,29.03,122900,29
39041,C00919084,post_runoff,74285,74285,13.00,74285,13
39041,C00919084,pre_primary,224300,224300,37.00,224300,37
39043,C00901918,between_primary_runoff,104102,104102,1.00,104102,1
39047,C00919084,between_primary_runoff,16500,16500,7.00,16500,7
39047,C00919084,post_runoff,11500,11500,5.00,11500,5
39047,C00919084,pre_primary,34500,34500,14.00,34500,14
39049,C00919084,between_primary_runoff,1423883,1423883,87.93,1414500,87
39049,C00919084,post_runoff,860509,860509,70.00,860509,70
39049,C00919084,pre_primary,966357,966357,44.00,966357,44
39051,C00919084,post_runoff,10000,10000,1.00,10000,1
39055,C00369033,between_primary_runoff,50000,50000,1.00,0,0
39055,C00901918,between_primary_runoff,40000,40000,1.00,40000,1
39055,C00901918,pre_primary,20820,20820,1.00,20820,1
39055,C00919084,between_primary_runoff,22500,22500,5.00,22500,5
39055,C00919084,post_runoff,10500,10500,3.00,10500,3
39055,C00919084,pre_primary,22500,22500,4.00,22500,4
39057,C00901918,between_primary_runoff,4164,4164,1.00,4164,1
39057,C00901918,post_runoff,21000,21000,2.00,21000,2
39057,C00919084,between_primary_runoff,54000,54000,10.00,54000,10
39057,C00919084,post_runoff,116500,116500,6.00,116500,6
39057,C00919084,pre_primary,91250,91250,7.00,91250,7
39059,C00919084,between_primary_runoff,30000,30000,2.00,0,0
39059,C00919084,pre_primary,10000,10000,1.00,0,0
39061,C00369033,between_primary_runoff,70000,70000,3.00,70000,3
39061,C00901918,between_primary_runoff,2500,2500,1.00,2500,1
39061,C00901918,post_runoff,6000,6000,2.00,6000,2
39061,C00919084,between_primary_runoff,731500,731500,46.00,381500,45
39061,C00919084,post_runoff,214000,214000,26.00,214000,26
39061,C00919084,pre_primary,729000,729000,60.00,729000,60
39063,C00919084,between_primary_runoff,30800,30800,3.00,30800,3
39063,C00919084,post_runoff,2900,2900,1.00,2900,1
39063,C00919084,pre_primary,10000,10000,2.00,0,0
39077,C00919084,post_runoff,100000,100000,1.00,100000,1
39077,C00919084,pre_primary,50000,50000,1.00,50000,1
39083,C00919084,post_runoff,3000,3000,1.00,3000,1
39085,C00919084,between_primary_runoff,25500,25500,6.00,25500,6
39085,C00919084,post_runoff,53000,53000,7.00,53000,7
39087,C00919084,between_primary_runoff,57500,57500,3.00,57500,3
39087,C00919084,post_runoff,15000,15000,2.00,15000,2
39087,C00919084,pre_primary,48727,48727,5.00,48727,5
39089,C00919084,between_primary_runoff,48000,48000,7.00,48000,7
39089,C00919084,post_runoff,14000,14000,3.00,14000,3
39089,C00919084,pre_primary,10000,10000,1.00,10000,1
39091,C00919084,post_runoff,10000,10000,1.00,10000,1
39093,C00919084,between_primary_runoff,15509,15509,3.00,15500,3
39093,C00919084,post_runoff,29855,29855,8.00,29850,8
39093,C00919084,pre_primary,125000,125000,3.00,125000,3
39095,C00919084,between_primary_runoff,61000,61000,7.00,61000,7
39095,C00919084,post_runoff,98000,98000,9.00,98000,9
39095,C00919084,pre_primary,90000,90000,4.00,90000,4
39097,C00919084,between_primary_runoff,15000,15000,2.00,15000,2
39097,C00919084,pre_primary,30000,30000,3.00,30000,3
39099,C00901918,between_primary_runoff,450000,450000,2.00,450000,2
39099,C00919084,between_primary_runoff,25000,25000,3.00,25000,3
39099,C00919084,pre_primary,145000,145000,6.00,145000,6
39101,C00919084,between_primary_runoff,28997,28997,0.96,0,0
39103,C00369033,pre_primary,700000,700000,1.00,700000,1
39103,C00919084,between_primary_runoff,24784,24784,9.00,14800,7
39103,C00919084,post_runoff,46491,46491,7.00,41500,6
39103,C00919084,pre_primary,21400,21400,8.00,21400,8
39109,C00919084,between_primary_runoff,5000,5000,2.00,5000,2
39109,C00919084,post_runoff,18800,18800,3.00,18800,3
39109,C00919084,pre_primary,40000,40000,2.00,40000,2
39113,C00919084,between_primary_runoff,309377,309377,27.00,309377,27
39113,C00919084,post_runoff,345200,345200,16.00,345200,16
39113,C00919084,pre_primary,597624,597624,28.00,597624,28
39115,C00919084,post_runoff,50000,50000,1.00,50000,1
39123,C00901918,between_primary_runoff,20820,20820,2.00,20820,2
39123,C00901918,post_runoff,10000,10000,1.00,10000,1
39129,C00919084,post_runoff,30000,30000,4.00,30000,4
39131,C00919084,between_primary_runoff,56500,56500,5.00,56500,5
39131,C00919084,post_runoff,1500,1500,1.00,1500,1
39131,C00919084,pre_primary,4000,4000,2.00,4000,2
39133,C00369033,pre_primary,50000,50000,1.00,50000,1
39133,C00919084,between_primary_runoff,25000,25000,1.00,25000,1
39133,C00919084,post_runoff,10000,10000,1.00,10000,1
39139,C00901918,pre_primary,3500,3500,1.00,3500,1
39139,C00919084,pre_primary,10000,10000,1.00,10000,1
39141,C00919084,post_runoff,3000,3000,1.00,3000,1
39141,C00919084,pre_primary,25000,25000,1.00,25000,1
39151,C00901918,pre_primary,20000,20000,2.00,20000,2
39151,C00919084,between_primary_runoff,23500,23500,7.00,6000,2
39151,C00919084,post_runoff,217500,217500,9.00,207500,5
39151,C00919084,pre_primary,5000,5000,1.00,5000,1
39153,C00901918,between_primary_runoff,22000,22000,3.00,22000,3
39153,C00901918,post_runoff,7500,7500,1.00,7500,1
39153,C00919084,between_primary_runoff,666007,666007,29.00,586000,24
39153,C00919084,post_runoff,268004,268004,10.00,228000,7
39153,C00919084,pre_primary,400000,400000,27.00,247500,13
39155,C00919084,between_primary_runoff,50000,50000,1.00,50000,1
39157,C00901918,between_primary_runoff,300000,300000,1.00,300000,1
39157,C00901918,pre_primary,300000,300000,1.00,300000,1
39159,C00919084,between_primary_runoff,1027,1027,0.08,0,0
39159,C00919084,post_runoff,10000,10000,2.00,10000,2
39159,C00919084,pre_primary,25000,25000,1.00,25000,1
39165,C00369033,between_primary_runoff,50000,50000,1.00,50000,1
39165,C00901918,post_runoff,3000,3000,1.00,3000,1
39165,C00919084,between_primary_runoff,67500,67500,15.00,67500,15
39165,C00919084,post_runoff,57500,57500,9.00,57500,9
39165,C00919084,pre_primary,113000,113000,6.00,113000,6
39167,C00901918,between_primary_runoff,9821,9821,0.98,0,0
39167,C00919084,between_primary_runoff,10000,10000,1.00,10000,1
39167,C00919084,post_runoff,10000,10000,1.00,10000,1
39169,C00919084,between_primary_runoff,50000,50000,4.00,50000,4
39169,C00919084,post_runoff,80000,80000,3.00,80000,3
39173,C00919084,between_primary_runoff,10500,10500,5.00,10500,5
39173,C00919084,post_runoff,3000,3000,2.00,3000,2
39173,C00919084,pre_primary,25000,25000,6.00,25000,6
40009,C00919084,post_runoff,25000,25000,1.00,25000,1
40013,C00901918,between_primary_runoff,7500,7500,1.00,7500,1
40013,C00919084,between_primary_runoff,117500,117500,10.00,27500,6
40013,C00919084,post_runoff,15000,15000,4.00,15000,4
40013,C00919084,pre_primary,7500,7500,2.00,7500,2
40017,C00919084,between_primary_runoff,148674,148674,10.48,31000,8
40017,C00919084,post_runoff,32501,32501,4.00,12500,3
40017,C00919084,pre_primary,97500,97500,7.00,17500,4
40019,C00901918,between_primary_runoff,25000,25000,1.00,0,0
40019,C00901918,pre_primary,50000,50000,2.00,0,0
40021,C00901918,between_primary_runoff,10500,10500,2.00,0,0
40021,C00919084,between_primary_runoff,15000,15000,3.00,15000,3
40021,C00919084,pre_primary,28500,28500,9.00,28500,9
40023,C00919084,post_runoff,10500,10500,2.00,0,0
40023,C00919084,pre_primary,20000,20000,2.00,0,0
40025,C00901918,between_primary_runoff,26025,26025,1.00,0,0
40025,C00901918,pre_primary,26025,26025,1.00,0,0
40027,C00901918,between_primary_runoff,350000,350000,1.00,350000,1
40027,C00901918,pre_primary,100000,100000,1.00,100000,1
40027,C00919084,between_primary_runoff,540001,540001,45.00,535001,43
40027,C00919084,post_runoff,109547,109547,27.00,106547,25
40027,C00919084,pre_primary,212400,212400,34.00,212400,34
40031,C00369033,between_primary_runoff,10000,10000,1.00,10000,1
40031,C00901918,between_primary_runoff,10410,10410,1.00,10410,1
40031,C00919084,between_primary_runoff,70500,70500,10.00,60500,9
40031,C00919084,post_runoff,52897,52897,9.00,32500,5
40031,C00919084,pre_primary,125000,125000,5.00,110000,3
40035,C00919084,post_runoff,5000,5000,2.00,0,0
40037,C00919084,between_primary_runoff,43000,43000,5.00,43000,5
40037,C00919084,post_runoff,35000,35000,4.00,35000,4
40041,C00901918,between_primary_runoff,10000,10000,4.00,10000,4
40041,C00901918,post_runoff,2500,2500,1.00,2500,1
40041,C00901918,pre_primary,2500,2500,1.00,2500,1
40041,C00919084,between_primary_runoff,13000,13000,3.00,13000,3
40041,C00919084,post_runoff,15000,15000,2.00,15000,2
40041,C00919084,pre_primary,5000,5000,1.00,5000,1
40047,C00919084,between_primary_runoff,20000,20000,1.00,20000,1
40047,C00919084,pre_primary,35000,35000,2.00,0,0
40049,C00919084,between_primary_runoff,1,1,0.00,0,0
40049,C00919084,post_runoff,3,3,0.00,0,0
40051,C00919084,between_primary_runoff,4511,4511,1.00,4500,1
40051,C00919084,post_runoff,6,6,0.00,0,0
40051,C00919084,pre_primary,34000,34000,3.00,34000,3
40065,C00901918,pre_primary,26025,26025,1.00,26025,1
40069,C00919084,post_runoff,9,9,0.00,0,0
40071,C00919084,post_runoff,5000,5000,1.00,5000,1
40073,C00919084,between_primary_runoff,52220,52220,0.52,0,0
40075,C00919084,post_runoff,3,3,0.00,0,0
40077,C00919084,pre_primary,7500,7500,2.00,7500,2
40081,C00919084,between_primary_runoff,5000,5000,2.00,5000,2
40081,C00919084,post_runoff,7500,7500,1.00,7500,1
40083,C00919084,between_primary_runoff,10000,10000,1.00,10000,1
40083,C00919084,post_runoff,45000,45000,5.00,45000,5
40083,C00919084,pre_primary,45000,45000,4.00,45000,4
40087,C00901918,between_primary_runoff,12900,12900,3.00,12900,3
40087,C00901918,pre_primary,35000,35000,7.00,35000,7
40087,C00919084,between_primary_runoff,14988,14988,3.00,10000,1
40087,C00919084,post_runoff,2494,2494,1.00,0,0
40087,C00919084,pre_primary,5000,5000,1.00,5000,1
40089,C00919084,between_primary_runoff,6187,6187,2.99,0,0
40089,C00919084,post_runoff,1996,1996,1.00,0,0
40097,C00369033,between_primary_runoff,50000,50000,1.00,50000,1
40099,C00369033,pre_primary,100000,100000,1.00,100000,1
40099,C00919084,between_primary_runoff,3999,3999,3.00,0,0
40099,C00919084,post_runoff,15193,15193,5.00,0,0
40101,C00919084,between_primary_runoff,100000,100000,1.00,100000,1
40101,C00919084,post_runoff,100000,100000,1.00,100000,1
40101,C00919084,pre_primary,285000,285000,3.00,275000,2
40107,C00919084,between_primary_runoff,7500,7500,3.00,7500,3
40107,C00919084,post_runoff,102500,102500,2.00,102500,2
40107,C00919084,pre_primary,32500,32500,7.00,32500,7
40109,C00369033,between_primary_runoff,50000,50000,1.00,50000,1
40109,C00369033,pre_primary,490000,490000,11.00,490000,11
40109,C00901918,between_primary_runoff,77153,77153,14.00,77153,14
40109,C00901918,post_runoff,98772,98772,13.00,98772,13
40109,C00901918,pre_primary,158702,158702,27.00,158702,27
40109,C00919084,between_primary_runoff,1762307,1762307,118.00,1662200,117
40109,C00919084,post_runoff,1399991,1399991,73.00,1369992,71
40109,C00919084,pre_primary,951119,951119,64.00,946119,63
40113,C00919084,pre_primary,30995,30995,0.62,0,0
40119,C00919084,between_primary_runoff,32400,32400,8.00,32400,8
40119,C00919084,post_runoff,53127,53127,7.00,53127,7
40119,C00919084,pre_primary,79900,79900,7.00,79900,7
40121,C00919084,pre_primary,40000,40000,8.00,40000,8
40123,C00919084,post_runoff,24991,24991,1.00,0,0
40125,C00919084,between_primary_runoff,45000,45000,6.00,45000,6
40125,C00919084,post_runoff,7000,7000,3.00,7000,3
40127,C00919084,between_primary_runoff,13,13,0.01,0,0
40127,C00919084,post_runoff,4,4,0.00,0,0
40131,C00901918,between_primary_runoff,12400,12400,5.00,12400,5
40131,C00901918,post_runoff,6350,6350,3.00,6350,3
40131,C00901918,pre_primary,5205,5205,1.00,5205,1
40131,C00919084,between_primary_runoff,11250,11250,6.00,11250,6
40131,C00919084,post_runoff,11500,11500,3.00,11500,3
40131,C00919084,pre_primary,36500,36500,16.00,36500,16
40137,C00919084,between_primary_runoff,15000,15000,4.00,0,0
40137,C00919084,post_runoff,7500,7500,2.00,0,0
40139,C00919084,between_primary_runoff,30000,30000,3.00,30000,3
40139,C00919084,post_runoff,10000,10000,1.00,10000,1
40139,C00919084,pre_primary,50000,50000,5.00,50000,5
40143,C00369033,between_primary_runoff,451750,451750,6.00,451750,6
40143,C00369033,pre_primary,700000,700000,2.00,700000,2
40143,C00901918,between_primary_runoff,314197,314197,10.02,261410,9
40143,C00901918,post_runoff,255820,255820,5.00,235000,3
40143,C00901918,pre_primary,574512,574512,9.00,574512,9
40143,C00919084,between_primary_runoff,1171138,1171138,93.02,1171050,93
40143,C00919084,post_runoff,781374,781374,92.07,781098,92
40143,C00919084,pre_primary,654411,654411,59.34,587700,58
40145,C00901918,between_primary_runoff,40905,40905,0.98,0,0
40145,C00919084,between_primary_runoff,20912,20912,9.98,0,0
40145,C00919084,post_runoff,17316,17316,5.93,0,0
40145,C00919084,pre_primary,14532,14532,5.00,10000,1
40147,C00901918,between_primary_runoff,250000,250000,5.00,0,0
40147,C00901918,post_runoff,50000,50000,5.00,0,0
40147,C00901918,pre_primary,150000,150000,3.00,0,0
40147,C00919084,between_primary_runoff,13500,13500,3.00,13500,3
40147,C00919084,post_runoff,22500,22500,3.00,22500,3
40147,C00919084,pre_primary,27062,27062,1.04,25000,1
40149,C00901918,post_runoff,26000,26000,2.00,26000,2
41003,C00901918,pre_primary,25000,25000,2.00,25000,2
41003,C00919084,between_primary_runoff,175000,175000,25.00,165000,24
41003,C00919084,post_runoff,298875,298875,23.01,298500,23
41003,C00919084,pre_primary,243000,243000,25.00,243000,25
41005,C00901918,post_runoff,24823,24823,0.99,0,0
41005,C00919084,between_primary_runoff,716794,716794,97.36,702937,93
41005,C00919084,post_runoff,855295,855295,81.11,823256,74
41005,C00919084,pre_primary,877555,877555,72.24,865353,72
41007,C00919084,between_primary_runoff,187500,187500,3.00,0,0
41007,C00919084,post_runoff,140000,140000,6.00,77500,5
41007,C00919084,pre_primary,25000,25000,1.00,25000,1
41009,C00901918,between_primary_runoff,36025,36025,4.00,0,0
41009,C00901918,post_runoff,10410,10410,1.00,0,0
41009,C00901918,pre_primary,55000,55000,6.00,0,0
41011,C00901918,between_primary_runoff,14000,14000,2.00,14000,2
41011,C00901918,post_runoff,125735,125735,6.00,20735,5
41011,C00919084,between_primary_runoff,5000,5000,1.00,0,0
41011,C00919084,post_runoff,8000,8000,2.00,8000,2
41011,C00919084,pre_primary,97500,97500,9.00,0,0
41013,C00919084,between_primary_runoff,10006,10006,4.00,10000,4
41013,C00919084,post_runoff,5011,5011,2.00,5000,2
41013,C00919084,pre_primary,10000,10000,4.00,10000,4
41017,C00919084,between_primary_runoff,965916,965916,67.97,881300,54
41017,C00919084,post_runoff,546112,546112,50.99,466222,37
41017,C00919084,pre_primary,444098,444098,56.44,324500,36
41019,C00901918,between_primary_runoff,312,312,0.03,0,0
41019,C00901918,pre_primary,49604,49604,4.02,0,0
41019,C00919084,between_primary_runoff,57500,57500,12.00,57500,12
41019,C00919084,post_runoff,15000,15000,4.00,15000,4
41019,C00919084,pre_primary,50000,50000,6.00,50000,6
41027,C00919084,between_primary_runoff,40000,40000,3.00,40000,3
41027,C00919084,post_runoff,104085,104085,9.00,104085,9
41027,C00919084,pre_primary,350000,350000,1.00,350000,1
41029,C00901918,between_primary_runoff,49900,49900,6.00,39900,4
41029,C00901918,post_runoff,12500,12500,3.00,2500,1
41029,C00901918,pre_primary,38000,38000,9.00,13000,6
41029,C00919084,between_primary_runoff,293327,293327,41.00,266327,31
41029,C00919084,post_runoff,444508,444508,31.99,411601,23
41029,C00919084,pre_primary,560800,560800,43.00,514500,30
41031,C00919084,between_primary_runoff,7540,7540,3.01,7500,3
41031,C00919084,post_runoff,2524,2524,1.00,2500,1
41031,C00919084,pre_primary,97556,97556,14.01,97500,14
41033,C00919084,between_primary_runoff,17000,17000,4.00,17000,4
41033,C00919084,post_runoff,5093,5093,1.01,5000,1
41033,C00919084,pre_primary,55000,55000,7.00,55000,7
41035,C00919084,between_primary_runoff,2500,2500,1.00,2500,1
41035,C00919084,post_runoff,5000,5000,2.00,5000,2
41035,C00919084,pre_primary,4655,4655,1.52,2500,1
41037,C00919084,pre_primary,10000,10000,1.00,0,0
41039,C00369033,between_primary_runoff,50000,50000,1.00,50000,1
41039,C00901918,between_primary_runoff,45713,45713,2.97,26025,1
41039,C00901918,pre_primary,9844,9844,0.98,0,0
41039,C00919084,between_primary_runoff,816410,816410,106.02,754700,101
41039,C00919084,post_runoff,571315,571315,80.04,569552,79
41039,C00919084,pre_primary,425352,425352,49.02,398800,47
41041,C00369033,between_primary_runoff,50000,50000,1.00,50000,1
41041,C00901918,between_primary_runoff,30820,30820,3.00,10000,1
41041,C00901918,pre_primary,510000,510000,2.00,510000,2
41041,C00919084,between_primary_runoff,69790,69790,5.98,60000,5
41041,C00919084,post_runoff,179237,179237,5.96,20500,3
41041,C00919084,pre_primary,48948,48948,0.98,0,0
41043,C00919084,between_primary_runoff,68338,68338,12.02,53200,10
41043,C00919084,post_runoff,41580,41580,10.01,41500,10
41043,C00919084,pre_primary,71191,71191,11.03,51000,7
41045,C00919084,between_primary_runoff,15000,15000,2.00,15000,2
41045,C00919084,pre_primary,15000,15000,2.00,15000,2
41047,C00901918,between_primary_runoff,37000,37000,3.00,37000,3
41047,C00901918,pre_primary,10000,10000,1.00,10000,1
41047,C00919084,between_primary_runoff,318050,318050,62.00,284800,54
41047,C00919084,post_runoff,689000,689000,42.00,679500,38
41047,C00919084,pre_primary,225100,225100,36.00,220100,35
41049,C00919084,between_primary_runoff,14200,14200,9.00,14200,9
41049,C00919084,post_runoff,11600,11600,4.00,11600,4
41049,C00919084,pre_primary,22500,22500,6.00,22500,6
41051,C00901918,between_primary_runoff,52500,52500,2.00,52500,2
41051,C00901918,post_runoff,6677,6677,2.01,6500,2
41051,C00919084,between_primary_runoff,2648472,2648472,240.01,2608420,237
41051,C00919084,post_runoff,2980571,2980571,181.99,2843057,174
41051,C00919084,pre_primary,2730800,2730800,178.00,2680800,177
41053,C00919084,between_primary_runoff,72500,72500,5.00,72500,5
41053,C00919084,post_runoff,119625,119625,7.99,95000,7
41053,C00919084,pre_primary,20000,20000,2.00,20000,2
41055,C00919084,post_runoff,18727,18727,3.00,18727,3
41057,C00919084,between_primary_runoff,105000,105000,9.00,100000,8
41057,C00919084,post_runoff,27500,27500,3.00,25000,2
41057,C00919084,pre_primary,120000,120000,7.00,100000,5
41059,C00919084,post_runoff,20000,20000,2.00,20000,2
41061,C00919084,between_primary_runoff,49500,49500,6.00,32500,3
41061,C00919084,post_runoff,5000,5000,1.00,5000,1
41063,C00919084,pre_primary,10000,10000,2.00,10000,2
41065,C00919084,between_primary_runoff,18700,18700,3.00,18700,3
41065,C00919084,post_runoff,50000,50000,4.00,25000,3
41065,C00919084,pre_primary,20000,20000,3.00,20000,3
41067,C00369033,between_primary_runoff,200000,200000,1.00,200000,1
41067,C00901918,between_primary_runoff,32800,32800,6.00,32800,6
41067,C00901918,pre_primary,70500,70500,23.00,70500,23
41067,C00919084,between_primary_runoff,1368623,1368623,148.63,1110100,133
41067,C00919084,post_runoff,861635,861635,84.90,626026,76
41067,C00919084,pre_primary,1053098,1053098,83.76,933900,68
41071,C00901918,between_primary_runoff,37500,37500,6.00,37500,6
41071,C00901918,post_runoff,12500,12500,2.00,12500,2
41071,C00901918,pre_primary,2500,2500,1.00,2500,1
41071,C00919084,between_primary_runoff,98600,98600,20.00,98600,20
41071,C00919084,post_runoff,207700,207700,18.00,207700,18
41071,C00919084,pre_primary,125000,125000,17.00,125000,17
42001,C00901918,post_runoff,15000,15000,2.00,15000,2
42001,C00919084,between_primary_runoff,65000,65000,3.00,55000,2
42001,C00919084,post_runoff,42000,42000,7.00,27000,5
42001,C00919084,pre_primary,44596,44596,4.00,44596,4
42003,C00369033,between_primary_runoff,350000,350000,1.00,350000,1
42003,C00901918,between_primary_runoff,46845,46845,3.00,46845,3
42003,C00919084,between_primary_runoff,1654545,1654545,105.87,1598196,102
42003,C00919084,post_runoff,917416,917416,82.80,794965,76
42003,C00919084,pre_primary,757505,757505,93.00,707505,92
42007,C00901918,post_runoff,5000,5000,1.00,5000,1
42007,C00919084,between_primary_runoff,56001,56001,3.00,56000,3
42007,C00919084,pre_primary,500000,500000,5.00,500000,5
42011,C00369033,between_primary_runoff,7500,7500,1.00,7500,1
42011,C00369033,pre_primary,600,600,1.00,600,1
42011,C00901918,pre_primary,55205,55205,8.00,55205,8
42011,C00919084,between_primary_runoff,65000,65000,6.00,65000,6
42011,C00919084,post_runoff,7500,7500,2.00,7500,2
42011,C00919084,pre_primary,197500,197500,15.00,197500,15
42013,C00901918,between_primary_runoff,270520,270520,11.00,270520,11
42013,C00901918,pre_primary,172150,172150,6.00,172150,6
42013,C00919084,pre_primary,5303,5303,1.77,0,0
42015,C00919084,post_runoff,100000,100000,1.00,100000,1
42017,C00369033,between_primary_runoff,50000,50000,1.00,50000,1
42017,C00369033,pre_primary,50000,50000,1.00,50000,1
42017,C00901918,between_primary_runoff,42500,42500,4.00,42500,4
42017,C00901918,post_runoff,70000,70000,3.00,70000,3
42017,C00901918,pre_primary,10000,10000,1.00,10000,1
42017,C00919084,between_primary_runoff,1173000,1173000,54.00,353000,47
42017,C00919084,post_runoff,928504,928504,40.05,787000,36
42017,C00919084,pre_primary,890333,890333,48.00,440333,39
42019,C00369033,between_primary_runoff,150000,150000,2.00,150000,2
42019,C00369033,pre_primary,70000,70000,1.00,70000,1
42019,C00919084,between_primary_runoff,27648,27648,10.10,21100,9
42019,C00919084,post_runoff,14640,14640,5.10,11800,5
42019,C00919084,pre_primary,42500,42500,3.00,42500,3
42021,C00919084,pre_primary,25000,25000,1.00,25000,1
42023,C00901918,between_primary_runoff,3500,3500,1.00,3500,1
42025,C00369033,between_primary_runoff,25000,25000,1.00,25000,1
42025,C00369033,pre_primary,30000,30000,1.00,30000,1
42025,C00901918,between_primary_runoff,20000,20000,1.00,20000,1
42025,C00901918,pre_primary,40000,40000,3.00,40000,3
42025,C00919084,pre_primary,10000,10000,1.00,10000,1
42027,C00919084,between_primary_runoff,175500,175500,10.00,175500,10
42027,C00919084,post_runoff,100000,100000,8.00,100000,8
42027,C00919084,pre_primary,94825,94825,8.04,94700,8
42029,C00369033,pre_primary,67500,67500,35.00,67500,35
42029,C00901918,between_primary_runoff,95275,95275,10.00,95275,10
42029,C00901918,post_runoff,23702,23702,10.00,23702,10
42029,C00901918,pre_primary,1119009,1119009,3.88,1075000,3
42029,C00919084,between_primary_runoff,608971,608971,61.03,558800,60
42029,C00919084,post_runoff,1116585,1116585,51.02,1106500,50
42029,C00919084,pre_primary,1393124,1393124,56.00,1318124,54
42039,C00919084,between_primary_runoff,5000,5000,2.00,5000,2
42041,C00369033,pre_primary,50000,50000,1.00,0,0
42041,C00901918,between_primary_runoff,2095243,2095243,3.98,1408500,3
42041,C00901918,post_runoff,14095,14095,2.95,14000,2
42041,C00901918,pre_primary,20000,20000,1.00,20000,1
42041,C00919084,between_primary_runoff,23000,23000,7.00,23000,7
42041,C00919084,post_runoff,150492,150492,10.00,150492,10
42041,C00919084,pre_primary,83000,83000,12.00,83000,12
42043,C00901918,post_runoff,100000,100000,1.00,100000,1
42043,C00919084,between_primary_runoff,227000,227000,37.00,227000,37
42043,C00919084,post_runoff,374985,374985,26.00,374985,26
42043,C00919084,pre_primary,292000,292000,58.00,292000,58
42045,C00369033,pre_primary,7500,7500,3.00,7500,3
42045,C00901918,between_primary_runoff,59031,59031,8.00,59031,8
42045,C00901918,post_runoff,26136,26136,3.00,26136,3
42045,C00901918,pre_primary,58000,3000,2.00,58000,2
42045,C00919084,between_primary_runoff,786129,786129,91.97,736300,87
42045,C00919084,post_runoff,714915,714915,56.98,685000,53
42045,C00919084,pre_primary,673500,673500,72.00,673500,72
42047,C00919084,between_primary_runoff,10000,10000,1.00,10000,1
42047,C00919084,pre_primary,55000,55000,2.00,5000,1
42049,C00919084,between_primary_runoff,19000,19000,5.00,19000,5
42049,C00919084,post_runoff,90127,90127,9.00,90127,9
42049,C00919084,pre_primary,123500,123500,15.00,123500,15
42051,C00919084,pre_primary,10000,10000,1.00,10000,1
42055,C00919084,between_primary_runoff,15000,15000,2.00,5000,1
42055,C00919084,post_runoff,152500,152500,7.00,132500,5
42055,C00919084,pre_primary,75000,75000,5.00,75000,5
42059,C00919084,between_primary_runoff,11000,11000,5.00,11000,5
42059,C00919084,post_runoff,7500,7500,3.00,7500,3
42061,C00919084,pre_primary,572,572,0.19,0,0
42067,C00919084,between_primary_runoff,29982,29982,3.00,0,0
42067,C00919084,post_runoff,28121,28121,2.00,18127,1
42067,C00919084,pre_primary,9994,9994,1.00,0,0
42069,C00919084,between_primary_runoff,25500,25500,4.00,25500,4
42069,C00919084,post_runoff,40500,40500,5.00,40500,5
42069,C00919084,pre_primary,25412,25412,0.51,0,0
42071,C00369033,pre_primary,50000,50000,1.00,50000,1
42071,C00919084,between_primary_runoff,361824,361824,40.00,290124,28
42071,C00919084,post_runoff,321385,321385,29.00,265385,22
42071,C00919084,pre_primary,342600,342600,35.00,207600,24
42073,C00919084,between_primary_runoff,100000,100000,1.00,100000,1
42075,C00919084,between_primary_runoff,37500,37500,6.00,37500,6
42075,C00919084,post_runoff,40985,40985,7.00,40985,7
42075,C00919084,pre_primary,30000,30000,2.00,30000,2
42077,C00369033,pre_primary,100000,100000,2.00,100000,2
42077,C00901918,between_primary_runoff,56198,56198,30.00,56198,30
42077,C00901918,post_runoff,18200,18200,12.00,18200,12
42077,C00901918,pre_primary,44965,44965,25.00,44965,25
42077,C00919084,between_primary_runoff,210147,210147,20.00,210147,20
42077,C00919084,post_runoff,88500,88500,9.00,63500,8
42077,C00919084,pre_primary,217500,217500,22.00,117500,21
42079,C00919084,between_primary_runoff,57600,57600,10.00,57600,10
42079,C00919084,post_runoff,11500,11500,6.00,11500,6
42079,C00919084,pre_primary,51560,51560,1.03,50000,1
42081,C00919084,post_runoff,25000,25000,1.00,25000,1
42081,C00919084,pre_primary,25000,25000,1.00,25000,1
42085,C00919084,post_runoff,10000,10000,1.00,10000,1
42085,C00919084,pre_primary,10000,10000,2.00,10000,2
42087,C00919084,between_primary_runoff,13018,13018,4.00,10000,1
42087,C00919084,post_runoff,30006,30006,6.00,29000,5
42087,C00919084,pre_primary,15506,15506,6.00,10000,3
42089,C00919084,between_primary_runoff,12000,12000,2.00,12000,2
42089,C00919084,post_runoff,10000,10000,1.00,10000,1
42089,C00919084,pre_primary,7987,7987,2.08,4000,2
42091,C00369033,between_primary_runoff,100000,100000,1.00,100000,1
42091,C00369033,pre_primary,200000,200000,4.00,200000,4
42091,C00901918,between_primary_runoff,32808,32808,4.00,32808,4
42091,C00901918,post_runoff,20000,20000,1.00,20000,1
42091,C00901918,pre_primary,732016,732016,3.12,700000,2
42091,C00919084,between_primary_runoff,1305255,1305255,101.00,1264255,87
42091,C00919084,post_runoff,681225,681225,63.95,639429,60
42091,C00919084,pre_primary,1644499,1644499,103.00,1375500,86
42093,C00369033,between_primary_runoff,3000,3000,2.00,3000,2
42093,C00369033,pre_primary,8000,8000,5.00,8000,5
42095,C00369033,between_primary_runoff,50000,0,1.00,50000,1
42095,C00919084,between_primary_runoff,112200,112200,19.00,112200,19
42095,C00919084,post_runoff,106781,106781,12.00,106781,12
42095,C00919084,pre_primary,173500,173500,16.00,173500,16
42097,C00919084,between_primary_runoff,10000,10000,1.00,10000,1
42099,C00919084,post_runoff,40000,40000,4.00,40000,4
42101,C00369033,pre_primary,365000,365000,3.00,365000,3
42101,C00919084,between_primary_runoff,1760426,1760426,125.00,1740426,123
42101,C00919084,post_runoff,1256342,1256342,93.00,1246342,92
42101,C00919084,pre_primary,956852,956852,80.00,936852,79
42103,C00919084,between_primary_runoff,25000,25000,1.00,25000,1
42103,C00919084,post_runoff,117327,117327,4.00,67327,3
42109,C00901918,between_primary_runoff,700000,350000,1.00,700000,1
42109,C00901918,pre_primary,700000,700000,1.00,700000,1
42109,C00919084,between_primary_runoff,50000,50000,1.00,50000,1
42111,C00919084,post_runoff,50000,50000,1.00,50000,1
42111,C00919084,pre_primary,70000,70000,2.00,70000,2
42115,C00919084,between_primary_runoff,10000,10000,1.00,10000,1
42115,C00919084,pre_primary,60000,60000,2.00,60000,2
42117,C00919084,between_primary_runoff,7500,7500,3.00,0,0
42117,C00919084,post_runoff,2500,2500,2.00,0,0
42117,C00919084,pre_primary,7000,7000,3.00,0,0
42119,C00919084,post_runoff,25000,25000,1.00,25000,1
42125,C00369033,between_primary_runoff,6500,6500,1.00,6500,1
42125,C00901918,between_primary_runoff,9700,9700,2.00,9700,2
42125,C00901918,post_runoff,4000,4000,1.00,4000,1
42125,C00919084,between_primary_runoff,70602,70602,17.03,50500,15
42125,C00919084,post_runoff,94890,94890,12.10,94500,12
42125,C00919084,pre_primary,47000,47000,12.00,47000,12
42127,C00919084,between_primary_runoff,21000,21000,7.00,21000,7
42127,C00919084,post_runoff,16000,16000,6.00,16000,6
42127,C00919084,pre_primary,21541,21541,1.38,2500,1
42129,C00901918,between_primary_runoff,3500,3500,1.00,3500,1
42129,C00901918,post_runoff,2500,2500,1.00,2500,1
42129,C00919084,between_primary_runoff,65000,65000,4.00,55000,3
42129,C00919084,post_runoff,42500,42500,4.00,22500,2
42129,C00919084,pre_primary,40000,40000,4.00,15000,3
42131,C00901918,between_primary_runoff,11000,11000,2.00,11000,2
42131,C00919084,between_primary_runoff,7500,7500,2.00,7500,2
42131,C00919084,post_runoff,3100,3100,2.00,3100,2
42131,C00919084,pre_primary,13000,13000,4.00,13000,4
42133,C00901918,between_primary_runoff,22962,22962,3.02,9705,3
42133,C00901918,post_runoff,5,5,0.05,0,0
42133,C00901918,pre_primary,132500,132500,4.00,132500,4
42133,C00919084,between_primary_runoff,121000,121000,17.00,121000,17
42133,C00919084,post_runoff,182920,182920,22.00,182920,22
42133,C00919084,pre_primary,210000,210000,4.00,210000,4
44001,C00901918,between_primary_runoff,15000,15000,3.00,15000,3
44001,C00901918,post_runoff,5000,5000,1.00,5000,1
44001,C00901918,pre_primary,10000,10000,2.00,10000,2
44001,C00919084,between_primary_runoff,91000,91000,15.00,91000,15
44001,C00919084,post_runoff,254500,254500,12.00,254500,12
44001,C00919084,pre_primary,130000,130000,9.00,130000,9
44003,C00919084,between_primary_runoff,129500,129500,16.00,124500,15
44003,C00919084,post_runoff,83000,83000,7.00,78000,6
44003,C00919084,pre_primary,63500,63500,12.00,38500,11
44005,C00901918,pre_primary,90000,90000,4.00,90000,4
44005,C00919084,between_primary_runoff,1056496,1056496,40.00,1031496,39
44005,C00919084,post_runoff,633823,633823,29.00,608823,28
44005,C00919084,pre_primary,779054,779054,50.00,779054,50
44007,C00369033,pre_primary,350000,350000,1.00,350000,1
44007,C00901918,between_primary_runoff,20500,20500,3.00,20500,3
44007,C00901918,post_runoff,17500,17500,2.00,17500,2
44007,C00919084,between_primary_runoff,378100,378100,47.00,315100,31
44007,C00919084,post_runoff,249000,249000,31.00,222000,25
44007,C00919084,pre_primary,555000,555000,25.00,470000,22
44009,C00919084,between_primary_runoff,150000,150000,14.00,150000,14
44009,C00919084,post_runoff,177566,177566,16.00,177566,16
44009,C00919084,pre_primary,92500,92500,7.00,67500,6
45003,C00901918,post_runoff,25000,25000,1.00,25000,1
45003,C00919084,between_primary_runoff,53500,53500,22.00,53500,22
45003,C00919084,post_runoff,217850,217850,6.00,217850,6
45003,C00919084,pre_primary,69600,69600,17.00,69600,17
45007,C00901918,pre_primary,10000,10000,1.00,10000,1
45007,C00919084,between_primary_runoff,52500,52500,8.00,52500,8
45007,C00919084,post_runoff,37500,37500,5.00,37500,5
45007,C00919084,pre_primary,35000,35000,2.00,35000,2
45013,C00369033,pre_primary,133048,133048,1.83,50000,1
45013,C00919084,between_primary_runoff,814300,814300,46.00,814300,46
45013,C00919084,post_runoff,383296,383296,28.00,383296,28
45013,C00919084,pre_primary,645000,645000,36.00,645000,36
45015,C00919084,between_primary_runoff,64000,64000,5.00,64000,5
45015,C00919084,post_runoff,93500,93500,9.00,93500,9
45015,C00919084,pre_primary,113502,113502,10.00,113500,10
45019,C00369033,between_primary_runoff,100000,100000,2.00,100000,2
45019,C00369033,pre_primary,100000,100000,2.00,100000,2
45019,C00901918,between_primary_runoff,5205,5205,1.00,5205,1
45019,C00901918,post_runoff,5205,5205,1.00,5205,1
45019,C00919084,between_primary_runoff,1363600,1363600,92.00,1339600,86
45019,C00919084,post_runoff,1389408,1389408,64.00,1205908,53
45019,C00919084,pre_primary,2588198,2588198,108.00,2393700,91
45021,C00901918,post_runoff,41640,41640,4.00,41640,4
45021,C00919084,between_primary_runoff,6000,6000,2.00,6000,2
45021,C00919084,post_runoff,21000,21000,5.00,21000,5
45021,C00919084,pre_primary,47500,47500,3.00,47500,3
45023,C00919084,between_primary_runoff,7000,7000,5.00,7000,5
45023,C00919084,post_runoff,500,500,1.00,500,1
45025,C00901918,pre_primary,20000,20000,1.00,20000,1
45027,C00919084,between_primary_runoff,10000,10000,2.00,10000,2
45027,C00919084,post_runoff,15000,15000,2.00,15000,2
45029,C00901918,between_primary_runoff,10000,10000,1.00,10000,1
45029,C00901918,post_runoff,20000,20000,1.00,20000,1
45031,C00919084,between_primary_runoff,25000,25000,1.00,25000,1
45035,C00919084,between_primary_runoff,36000,36000,12.00,36000,12
45035,C00919084,post_runoff,22100,22100,6.00,22100,6
45035,C00919084,pre_primary,42800,42800,9.00,42800,9
45037,C00919084,between_primary_runoff,3000,3000,1.00,3000,1
45037,C00919084,post_runoff,3000,3000,1.00,3000,1
45039,C00919084,post_runoff,316,316,0.02,0,0
45039,C00919084,pre_primary,10000,10000,2.00,10000,2
45041,C00919084,between_primary_runoff,18500,18500,5.00,18500,5
45041,C00919084,post_runoff,12000,12000,2.00,12000,2
45041,C00919084,pre_primary,5000,5000,1.00,5000,1
45043,C00369033,pre_primary,99300,99300,27.00,99300,27
45043,C00919084,between_primary_runoff,32000,32000,7.00,32000,7
45043,C00919084,post_runoff,33500,33500,4.00,33500,4
45043,C00919084,pre_primary,138819,138819,12.38,135000,12
45045,C00369033,pre_primary,150000,150000,3.00,150000,3
45045,C00901918,between_primary_runoff,89918,89918,12.00,89918,12
45045,C00901918,post_runoff,40300,40300,10.00,40300,10
45045,C00901918,pre_primary,133400,133400,16.00,133400,16
45045,C00919084,between_primary_runoff,824300,824300,58.00,792300,55
45045,C00919084,post_runoff,716496,716496,38.00,706496,37
45045,C00919084,pre_primary,922057,922057,52.00,922057,52
45047,C00919084,between_primary_runoff,20000,20000,2.00,20000,2
45047,C00919084,post_runoff,39196,39196,3.00,39196,3
45049,C00919084,between_primary_runoff,5000,5000,1.00,5000,1
45049,C00919084,post_runoff,18000,18000,4.00,18000,4
45051,C00369033,between_primary_runoff,50000,50000,1.00,50000,1
45051,C00369033,pre_primary,100000,100000,2.00,100000,2
45051,C00901918,between_primary_runoff,5000,5000,1.00,5000,1
45051,C00901918,post_runoff,7500,7500,1.00,7500,1
45051,C00919084,between_primary_runoff,255000,255000,11.00,230000,8
45051,C00919084,post_runoff,51000,51000,10.00,41000,8
45051,C00919084,pre_primary,65181,65181,4.62,59000,4
45053,C00369033,pre_primary,16952,16952,0.17,0,0
45055,C00919084,between_primary_runoff,4000,4000,2.00,4000,2
45055,C00919084,post_runoff,23403,23403,4.05,5000,3
45055,C00919084,pre_primary,10000,10000,1.00,10000,1
45057,C00919084,between_primary_runoff,55000,55000,3.00,55000,3
45057,C00919084,post_runoff,73127,73127,5.00,73127,5
45057,C00919084,pre_primary,62500,62500,3.00,62500,3
45063,C00901918,pre_primary,3866,3866,0.52,0,0
45063,C00919084,between_primary_runoff,275355,275355,30.43,261100,29
45063,C00919084,post_runoff,54428,54428,11.71,47300,11
45063,C00919084,pre_primary,296471,296471,22.43,282216,21
45065,C00919084,between_primary_runoff,3000,3000,1.00,3000,1
45065,C00919084,post_runoff,2500,2500,1.00,2500,1
45069,C00919084,post_runoff,25000,25000,1.00,25000,1
45071,C00901918,pre_primary,18793,18793,2.55,0,0
45073,C00901918,between_primary_runoff,117849,117849,4.00,117849,4
45073,C00919084,between_primary_runoff,50000,50000,1.00,50000,1
45075,C00369033,pre_primary,250000,250000,1.00,250000,1
45077,C00919084,between_primary_runoff,110500,110500,6.00,55000,2
45077,C00919084,post_runoff,65300,65300,3.00,60000,2
45077,C00919084,pre_primary,69900,69900,2.00,50000,1
45079,C00369033,pre_primary,50000,50000,1.00,50000,1
45079,C00901918,pre_primary,6841,6841,0.93,0,0
45079,C00919084,between_primary_runoff,218995,218995,23.57,213250,23
45079,C00919084,post_runoff,268649,268649,18.22,249496,17
45079,C00919084,pre_primary,393645,393645,25.57,387900,25
45083,C00901918,between_primary_runoff,3644,3644,2.00,3644,2
45083,C00901918,post_runoff,7182,7182,9.00,7182,9
45083,C00919084,between_primary_runoff,98750,98750,17.00,98750,17
45083,C00919084,post_runoff,161500,161500,15.00,161500,15
45083,C00919084,pre_primary,15000,15000,5.00,15000,5
45085,C00919084,post_runoff,55000,55000,5.00,55000,5
45091,C00369033,pre_primary,50000,50000,1.00,50000,1
45091,C00901918,pre_primary,700000,700000,1.00,700000,1
45091,C00919084,between_primary_runoff,105500,105500,4.00,5500,3
45091,C00919084,post_runoff,152500,152500,6.00,102500,4
45091,C00919084,pre_primary,50000,50000,1.00,50000,1
46011,C00369033,pre_primary,50000,50000,1.00,50000,1
46011,C00901918,pre_primary,50000,50000,1.00,50000,1
46013,C00369033,between_primary_runoff,50000,50000,1.00,50000,1
46013,C00919084,between_primary_runoff,10000,10000,1.00,10000,1
46013,C00919084,post_runoff,20020,20020,2.00,20020,2
46013,C00919084,pre_primary,25000,25000,1.00,25000,1
46023,C00919084,between_primary_runoff,5000,5000,1.00,5000,1
46025,C00919084,between_primary_runoff,25000,25000,1.00,25000,1
46025,C00919084,post_runoff,25000,25000,1.00,25000,1
46029,C00919084,between_primary_runoff,81000,81000,6.00,81000,6
46029,C00919084,post_runoff,19527,19527,2.00,19527,2
46029,C00919084,pre_primary,5000,5000,1.00,5000,1
46035,C00901918,between_primary_runoff,50000,50000,1.00,50000,1
46051,C00919084,between_primary_runoff,50000,50000,2.00,50000,2
46065,C00919084,between_primary_runoff,5000,5000,1.00,5000,1
46065,C00919084,post_runoff,5000,5000,1.00,5000,1
46065,C00919084,pre_primary,15000,15000,2.00,15000,2
46069,C00919084,between_primary_runoff,500,500,1.00,500,1
46069,C00919084,pre_primary,50000,50000,1.00,50000,1
46077,C00919084,between_primary_runoff,8000,8000,4.00,8000,4
46077,C00919084,post_runoff,2500,2500,1.00,2500,1
46079,C00919084,between_primary_runoff,10000,10000,1.00,10000,1
46079,C00919084,post_runoff,5000,5000,1.00,5000,1
46081,C00919084,between_primary_runoff,37500,37500,6.00,37500,6
46081,C00919084,post_runoff,2500,2500,1.00,2500,1
46081,C00919084,pre_primary,12500,12500,2.00,12500,2
46083,C00369033,pre_primary,700000,700000,2.00,700000,2
46083,C00919084,between_primary_runoff,5000,5000,1.00,5000,1
46083,C00919084,post_runoff,15000,15000,3.00,15000,3
46083,C00919084,pre_primary,50000,50000,1.00,50000,1
46093,C00919084,between_primary_runoff,12787,12787,3.27,6000,3
46093,C00919084,post_runoff,2000,2000,1.00,2000,1
46093,C00919084,pre_primary,2000,2000,1.00,2000,1
46099,C00901918,pre_primary,25000,25000,1.00,25000,1
46099,C00919084,between_primary_runoff,102600,102600,21.00,80100,13
46099,C00919084,post_runoff,78126,78126,12.00,73126,10
46099,C00919084,pre_primary,215000,215000,22.00,175000,6
46101,C00919084,pre_primary,50000,50000,1.00,50000,1
46103,C00919084,between_primary_runoff,93713,93713,24.73,44500,9
46103,C00919084,post_runoff,56696,56696,20.00,37696,9
46103,C00919084,pre_primary,48000,48000,15.00,25000,4
46135,C00919084,between_primary_runoff,10000,10000,2.00,10000,2
46135,C00919084,pre_primary,5000,5000,1.00,5000,1
47001,C00901918,between_primary_runoff,2000,2000,1.00,2000,1
47001,C00919084,between_primary_runoff,17500,17500,6.00,17500,6
47001,C00919084,post_runoff,22527,22527,6.00,22527,6
47001,C00919084,pre_primary,2500,2500,1.00,2500,1
47003,C00919084,pre_primary,5800,5800,2.00,5800,2
47007,C00901918,between_primary_runoff,259,259,0.03,0,0
47009,C00369033,between_primary_runoff,50000,50000,1.00,50000,1
47009,C00369033,pre_primary,50000,50000,1.00,50000,1
47009,C00901918,between_primary_runoff,10410,10410,1.00,10410,1
47009,C00919084,between_primary_runoff,744000,744000,26.00,744000,26
47009,C00919084,post_runoff,34500,34500,11.00,34500,11
47009,C00919084,pre_primary,377500,377500,7.00,377500,7
47011,C00369033,pre_primary,29400,29400,9.00,29400,9
47011,C00901918,between_primary_runoff,15616,15616,2.00,15616,2
47011,C00901918,post_runoff,7808,7808,1.00,7808,1
47011,C00919084,between_primary_runoff,11500,11500,5.00,11500,5
47011,C00919084,post_runoff,8000,8000,3.00,8000,3
47011,C00919084,pre_primary,62500,62500,14.00,62500,14
47013,C00901918,between_primary_runoff,2370,2370,2.00,2370,2
47013,C00901918,pre_primary,6588,6588,4.00,6588,4
47015,C00901918,between_primary_runoff,10000,10000,1.00,10000,1
47015,C00901918,pre_primary,49572,49572,5.00,49572,5
47015,C00919084,pre_primary,25000,25000,1.00,25000,1
47017,C00919084,between_primary_runoff,2500,2500,1.00,2500,1
47017,C00919084,post_runoff,5500,5500,2.00,5500,2
47019,C00919084,between_primary_runoff,55000,55000,3.00,55000,3
47019,C00919084,post_runoff,39000,39000,5.00,39000,5
47021,C00919084,between_primary_runoff,81015,81015,5.01,81000,5
47021,C00919084,post_runoff,2007,2007,2.00,2000,2
47029,C00369033,pre_primary,50000,50000,1.00,50000,1
47031,C00919084,between_primary_runoff,20000,20000,1.00,20000,1
47031,C00919084,pre_primary,30000,30000,2.00,30000,2
47035,C00901918,between_primary_runoff,27500,27500,4.00,27500,4
47035,C00901918,post_runoff,2500,2500,1.00,2500,1
47035,C00901918,pre_primary,42500,42500,7.00,42500,7
47035,C00919084,between_primary_runoff,17500,17500,8.00,17500,8
47035,C00919084,post_runoff,17500,17500,10.00,17500,10
47035,C00919084,pre_primary,45000,45000,5.00,45000,5
47037,C00369033,pre_primary,550000,550000,4.00,500000,3
47037,C00901918,between_primary_runoff,720820,370820,2.00,720820,2
47037,C00901918,pre_primary,100000,100000,1.00,100000,1
47037,C00919084,between_primary_runoff,2251627,2251627,148.00,1991627,143
47037,C00919084,post_runoff,2321485,2321485,115.00,2226492,111
47037,C00919084,pre_primary,2751417,2751417,118.00,2576359,115
47041,C00901918,between_primary_runoff,13500,13500,4.00,13500,4
47041,C00901918,post_runoff,1000,1000,1.00,1000,1
47041,C00901918,pre_primary,70410,70410,14.00,70410,14
47043,C00919084,between_primary_runoff,24743,24743,1.99,5000,1
47043,C00919084,post_runoff,50000,50000,1.00,50000,1
47043,C00919084,pre_primary,62372,62372,2.99,52500,2
47047,C00919084,between_primary_runoff,22356,22356,3.37,15000,3
47047,C00919084,post_runoff,3420,3420,1.09,2500,1
47047,C00919084,pre_primary,29770,29770,1.92,10000,1
47051,C00901918,between_primary_runoff,2500,2500,1.00,2500,1
47051,C00901918,post_runoff,8500,8500,2.00,8500,2
47051,C00919084,between_primary_runoff,65000,65000,6.00,65000,6
47051,C00919084,post_runoff,5000,5000,1.00,5000,1
47051,C00919084,pre_primary,35000,35000,2.00,35000,2
47053,C00919084,between_primary_runoff,6000,6000,3.00,0,0
47053,C00919084,post_runoff,2000,2000,1.00,0,0
47055,C00919084,between_primary_runoff,1275,1275,0.03,0,0
47059,C00919084,between_primary_runoff,18000,18000,5.00,18000,5
47059,C00919084,post_runoff,16724,16724,2.00,16724,2
47063,C00369033,pre_primary,150000,150000,3.00,150000,3
47063,C00919084,between_primary_runoff,10000,10000,1.00,10000,1
47063,C00919084,post_runoff,10000,10000,1.00,10000,1
47063,C00919084,pre_primary,10000,10000,1.00,10000,1
47065,C00369033,between_primary_runoff,5000,5000,2.00,5000,2
47065,C00369033,pre_primary,35000,35000,14.00,35000,14
47065,C00901918,between_primary_runoff,58657,58657,6.00,7000,1
47065,C00901918,post_runoff,19500,19500,3.00,19500,3
47065,C00901918,pre_primary,1400000,1400000,2.00,1400000,2
47065,C00919084,between_primary_runoff,397000,397000,39.00,397000,39
47065,C00919084,post_runoff,393210,393210,35.93,345000,34
47065,C00919084,pre_primary,2046000,2046000,55.00,2046000,55
47075,C00919084,between_primary_runoff,320,320,0.11,0,0
47075,C00919084,post_runoff,287,287,0.07,0,0
47081,C00919084,between_primary_runoff,257,257,0.01,0,0
47081,C00919084,pre_primary,128,128,0.01,0,0
47083,C00919084,post_runoff,25000,25000,1.00,25000,1
47083,C00919084,pre_primary,50000,50000,1.00,50000,1
47093,C00369033,between_primary_runoff,65000,65000,2.00,65000,2
47093,C00369033,pre_primary,85300,85300,23.00,85300,23
47093,C00901918,between_primary_runoff,40163,40163,6.00,40163,6
47093,C00901918,post_runoff,15000,15000,1.00,15000,1
47093,C00919084,between_primary_runoff,1399850,1399850,68.00,1399850,68
47093,C00919084,post_runoff,428312,428312,34.00,428312,34
47093,C00919084,pre_primary,1006000,1006000,24.00,1006000,24
47097,C00919084,between_primary_runoff,14180,14180,4.89,0,0
47097,C00919084,post_runoff,12713,12713,2.93,0,0
47099,C00919084,between_primary_runoff,57411,57411,3.94,10000,3
47099,C00919084,post_runoff,6000,6000,2.00,6000,2
47099,C00919084,pre_primary,2500,2500,1.00,2500,1
47101,C00919084,between_primary_runoff,45000,45000,5.00,45000,5
47101,C00919084,post_runoff,13000,13000,2.00,13000,2
47101,C00919084,pre_primary,10000,10000,1.00,10000,1
47103,C00919084,between_primary_runoff,20000,20000,2.00,20000,2
47103,C00919084,pre_primary,20000,20000,2.00,20000,2
47105,C00901918,between_primary_runoff,55000,55000,4.00,55000,4
47105,C00901918,post_runoff,11135,11135,9.00,11135,9
47105,C00919084,between_primary_runoff,30000,30000,7.00,30000,7
47105,C00919084,post_runoff,17727,17727,3.00,17727,3
47105,C00919084,pre_primary,35000,35000,6.00,35000,6
47107,C00919084,between_primary_runoff,20000,20000,1.00,20000,1
47107,C00919084,post_runoff,20000,20000,1.00,20000,1
47113,C00901918,between_primary_runoff,10410,10410,1.00,10410,1
47113,C00919084,between_primary_runoff,47496,47496,4.00,47496,4
47113,C00919084,post_runoff,5000,5000,1.00,5000,1
47113,C00919084,pre_primary,31492,31492,3.00,31492,3
47115,C00919084,between_primary_runoff,75000,75000,2.00,75000,2
47115,C00919084,post_runoff,1790,1790,0.07,0,0
47119,C00901918,between_primary_runoff,25000,25000,1.00,25000,1
47119,C00919084,post_runoff,20000,20000,1.00,20000,1
47123,C00901918,pre_primary,12500,12500,2.00,12500,2
47123,C00919084,between_primary_runoff,20000,20000,2.00,20000,2
47123,C00919084,pre_primary,10000,10000,1.00,10000,1
47125,C00901918,between_primary_runoff,20000,20000,2.00,20000,2
47125,C00901918,post_runoff,10000,10000,1.00,10000,1
47125,C00901918,pre_primary,60000,60000,6.00,60000,6
47125,C00919084,between_primary_runoff,14985,14985,2.99,10000,1
47125,C00919084,post_runoff,13000,13000,2.00,13000,2
47125,C00919084,pre_primary,26500,26500,9.00,26500,9
47133,C00919084,between_primary_runoff,20000,20000,1.00,20000,1
47133,C00919084,post_runoff,3000,3000,1.00,3000,1
47141,C00919084,between_primary_runoff,41500,41500,5.00,41500,5
47141,C00919084,post_runoff,31000,31000,4.00,31000,4
47143,C00901918,between_primary_runoff,9741,9741,0.97,0,0
47145,C00901918,between_primary_runoff,12492,12492,2.00,12492,2
47145,C00919084,between_primary_runoff,50000,50000,1.00,50000,1
47145,C00919084,post_runoff,10000,10000,1.00,10000,1
47145,C00919084,pre_primary,125000,125000,2.00,125000,2
47147,C00919084,between_primary_runoff,15965,15965,4.04,15000,4
47147,C00919084,post_runoff,5000,5000,2.00,5000,2
47147,C00919084,pre_primary,27372,27372,3.00,7500,2
47149,C00369033,pre_primary,50000,50000,1.00,50000,1
47149,C00919084,between_primary_runoff,283000,283000,7.00,283000,7
47149,C00919084,post_runoff,262500,262500,4.00,262500,4
47149,C00919084,pre_primary,130000,130000,6.00,130000,6
47155,C00369033,pre_primary,50000,50000,1.00,50000,1
47155,C00901918,between_primary_runoff,10000,10000,1.00,10000,1
47155,C00901918,post_runoff,10000,10000,1.00,10000,1
47155,C00901918,pre_primary,5000,5000,1.00,5000,1
47155,C00919084,between_primary_runoff,5000,5000,1.00,5000,1
47155,C00919084,post_runoff,5000,5000,1.00,5000,1
47155,C00919084,pre_primary,2500,2500,1.00,2500,1
47157,C00369033,between_primary_runoff,50000,50000,1.00,50000,1
47157,C00369033,pre_primary,52500,52500,2.00,52500,2
47157,C00901918,between_primary_runoff,10000,10000,1.00,10000,1
47157,C00901918,pre_primary,52051,52051,1.00,52051,1
47157,C00919084,between_primary_runoff,1135444,1135444,74.63,1062800,71
47157,C00919084,post_runoff,750649,750649,56.91,741569,56
47157,C00919084,pre_primary,977730,977730,53.08,782500,44
47163,C00369033,pre_primary,50000,50000,1.00,50000,1
47163,C00919084,between_primary_runoff,169000,169000,6.00,169000,6
47163,C00919084,post_runoff,32500,32500,2.00,32500,2
47163,C00919084,pre_primary,210427,210427,6.00,210427,6
47165,C00369033,pre_primary,50000,50000,1.00,50000,1
47165,C00901918,between_primary_runoff,325000,325000,2.00,300000,1
47165,C00901918,post_runoff,10000,10000,1.00,0,0
47165,C00901918,pre_primary,714356,714356,2.00,714356,2
47165,C00919084,between_primary_runoff,133535,133535,13.96,109500,13
47165,C00919084,post_runoff,149000,149000,9.00,149000,9
47165,C00919084,pre_primary,273570,273570,11.00,273500,11
47167,C00919084,between_primary_runoff,25000,25000,1.00,25000,1
47167,C00919084,post_runoff,25000,25000,1.00,25000,1
47167,C00919084,pre_primary,87500,87500,4.00,87500,4
47173,C00919084,between_primary_runoff,30000,30000,3.00,30000,3
47173,C00919084,post_runoff,30000,30000,3.00,30000,3
47173,C00919084,pre_primary,49900,49900,6.00,49900,6
47177,C00919084,between_primary_runoff,30000,30000,2.00,30000,2
47179,C00919084,between_primary_runoff,78000,78000,12.00,78000,12
47179,C00919084,post_runoff,47500,47500,8.00,47500,8
47179,C00919084,pre_primary,138161,138161,22.00,138161,22
47181,C00919084,between_primary_runoff,1314,1314,0.03,0,0
47183,C00919084,post_runoff,50000,50000,1.00,50000,1
47187,C00369033,between_primary_runoff,100000,100000,1.00,100000,1
47187,C00901918,between_primary_runoff,370410,370410,4.00,370410,4
47187,C00901918,post_runoff,15000,15000,2.00,15000,2
47187,C00901918,pre_primary,275000,275000,3.00,275000,3
47187,C00919084,between_primary_runoff,531700,531700,64.00,531700,64
47187,C00919084,post_runoff,425616,425616,41.00,425616,41
47187,C00919084,pre_primary,434300,434300,27.00,434300,27
47189,C00919084,between_primary_runoff,49200,49200,16.00,49200,16
47189,C00919084,post_runoff,42888,42888,11.00,42888,11
47189,C00919084,pre_primary,61000,61000,10.00,61000,10
48001,C00369033,pre_primary,63274,63274,1.53,10000,1
48001,C00901918,between_primary_runoff,122938,122938,20.45,104104,17
48001,C00901918,post_runoff,183145,183145,25.09,156784,19
48001,C00901918,pre_primary,79930,79930,21.43,78591,21
48001,C00919084,between_primary_runoff,166276,166276,21.98,148826,16
48001,C00919084,post_runoff,114504,114504,15.99,107025,13
48001,C00919084,pre_primary,154408,154408,22.97,122000,14
48003,C00369033,between_primary_runoff,100000,100000,3.00,50000,2
48003,C00919084,between_primary_runoff,40000,40000,5.00,40000,5
48003,C00919084,post_runoff,15000,15000,2.00,15000,2
48003,C00919084,pre_primary,10000,10000,1.00,10000,1
48005,C00369033,pre_primary,135500,135500,3.00,55500,2
48005,C00901918,between_primary_runoff,45223,45223,8.00,24410,6
48005,C00901918,post_runoff,15410,15410,3.00,15410,3
48005,C00901918,pre_primary,12910,12910,2.00,12910,2
48005,C00919084,between_primary_runoff,1018921,1018921,25.00,663921,23
48005,C00919084,post_runoff,338655,338655,17.00,327655,15
48005,C00919084,pre_primary,742000,742000,20.00,737000,19
48007,C00369033,between_primary_runoff,50000,50000,1.00,0,0
48007,C00901918,between_primary_runoff,143805,143805,14.00,82985,8
48007,C00901918,post_runoff,76144,76144,8.00,21144,4
48007,C00901918,pre_primary,560103,560103,13.00,560103,13
48007,C00919084,between_primary_runoff,229403,229403,35.73,218100,31
48007,C00919084,post_runoff,145032,145032,26.00,137032,22
48007,C00919084,pre_primary,598082,598082,66.64,576000,59
48009,C00369033,between_primary_runoff,6860,6860,0.10,0,0
48009,C00369033,pre_primary,499,499,0.05,0,0
48009,C00901918,between_primary_runoff,110410,110410,2.00,110410,2
48009,C00901918,pre_primary,700000,700000,1.00,700000,1
48009,C00919084,between_primary_runoff,28694,28694,8.15,21000,6
48009,C00919084,post_runoff,32600,32600,9.05,28500,6
48009,C00919084,pre_primary,41000,41000,8.00,41000,8
48011,C00901918,pre_primary,14692,14692,0.98,0,0
48011,C00919084,between_primary_runoff,30532,30532,2.32,0,0
48011,C00919084,post_runoff,951,951,0.42,0,0
48013,C00369033,pre_primary,50000,50000,1.00,50000,1
48013,C00901918,between_primary_runoff,28463,28463,4.17,19890,4
48013,C00901918,post_runoff,13014,13014,8.00,13014,8
48013,C00919084,between_primary_runoff,185424,185424,12.08,127000,9
48013,C00919084,post_runoff,66781,66781,6.98,62038,6
48013,C00919084,pre_primary,260965,260965,11.26,140000,6
48015,C00901918,between_primary_runoff,122928,122928,12.16,81000,9
48015,C00901918,post_runoff,68692,68692,2.61,16000,2
48015,C00901918,pre_primary,2195882,2194961,28.32,2071793,24
48015,C00919084,between_primary_runoff,128050,128050,21.83,122966,21
48015,C00919084,post_runoff,125366,125366,16.33,117858,16
48015,C00919084,pre_primary,71792,71792,9.86,60800,9
48017,C00919084,post_runoff,60000,60000,2.00,60000,2
48019,C00369033,between_primary_runoff,7151,4351,12.00,7150,12
48019,C00369033,pre_primary,2662,2662,0.01,0,0
48019,C00901918,between_primary_runoff,68074,68074,14.00,68074,14
48019,C00901918,post_runoff,30490,30490,12.01,30317,12
48019,C00901918,pre_primary,32910,32910,5.00,32910,5
48019,C00919084,between_primary_runoff,241211,241211,51.39,142862,32
48019,C00919084,post_runoff,92905,92905,21.77,71703,15
48019,C00919084,pre_primary,232815,232815,39.17,27500,2
48021,C00369033,between_primary_runoff,134884,134884,3.52,0,0
48021,C00369033,pre_primary,303934,303934,18.67,285000,17
48021,C00901918,between_primary_runoff,246158,246158,31.72,209210,19
48021,C00901918,post_runoff,45861,45861,8.92,42720,6
48021,C00901918,pre_primary,415512,415512,32.75,369079,23
48021,C00919084,between_primary_runoff,1895693,1895693,199.06,1790080,179
48021,C00919084,post_runoff,1218603,1218603,139.65,962152,129
48021,C00919084,pre_primary,1144274,1144274,136.52,998462,122
48023,C00901918,between_primary_runoff,15000,15000,1.00,15000,1
48023,C00919084,between_primary_runoff,15000,15000,5.00,15000,5
48023,C00919084,post_runoff,19572,19572,7.00,19572,7
48025,C00901918,between_primary_runoff,50000,50000,1.00,50000,1
48025,C00901918,post_runoff,35114,35114,12.00,35114,12
48025,C00901918,pre_primary,90500,90500,5.00,90500,5
48025,C00919084,between_primary_runoff,112500,112500,11.00,62500,10
48025,C00919084,post_runoff,25542,25542,4.00,25542,4
48025,C00919084,pre_primary,70897,70897,7.00,70897,7
48027,C00369033,between_primary_runoff,705100,705100,9.00,705100,9
48027,C00369033,pre_primary,1166750,1166750,9.00,716750,7
48027,C00901918,between_primary_runoff,389471,389471,44.03,267640,30
48027,C00901918,post_runoff,131278,131278,27.00,116461,26
48027,C00901918,pre_primary,395355,395355,37.04,247935,22
48027,C00919084,between_primary_runoff,2722453,2722453,392.97,2387329,362
48027,C00919084,post_runoff,1710388,1710388,221.11,1673405,214
48027,C00919084,pre_primary,3139076,3139076,308.75,3002507,290
48029,C00369033,between_primary_runoff,5425189,5424789,87.13,4991821,82
48029,C00369033,pre_primary,8886280,8886280,193.62,7416561,172
48029,C00901918,between_primary_runoff,5536969,5493901,254.77,5397378,247
48029,C00901918,post_runoff,2463737,2463737,129.90,2433934,128
48029,C00901918,pre_primary,13888150,13188150,300.51,13715207,288
48029,C00919084,between_primary_runoff,28116276,28116276,2852.41,26696806,2726
48029,C00919084,post_runoff,16601266,16601266,1890.95,15904649,1806
48029,C00919084,pre_primary,36615636,36615636,2369.58,33653305,2272
48031,C00369033,between_primary_runoff,461397,461397,6.83,395000,4
48031,C00369033,pre_primary,395640,395640,4.91,300000,3
48031,C00901918,between_primary_runoff,92290,92290,7.91,70000,4
48031,C00901918,post_runoff,9187,9187,2.91,4200,1
48031,C00901918,pre_primary,36733,36733,2.01,36435,2
48031,C00919084,between_primary_runoff,789316,789316,85.08,444551,68
48031,C00919084,post_runoff,365198,365198,57.07,201896,44
48031,C00919084,pre_primary,1648678,1648678,73.31,1395992,41
48033,C00369033,between_primary_runoff,18906,18906,0.19,0,0
48033,C00369033,pre_primary,18906,18906,0.19,0,0
48033,C00901918,between_primary_runoff,1752,1752,0.35,0,0
48033,C00901918,post_runoff,350,350,0.12,0,0
48033,C00901918,pre_primary,30714,30714,1.23,30000,1
48035,C00369033,between_primary_runoff,29581,29581,1.18,0,0
48035,C00901918,between_primary_runoff,67369,67369,4.71,5000,1
48035,C00901918,post_runoff,1323,-2112,0.66,0,0
48035,C00901918,pre_primary,1426169,1426169,3.00,1426025,3
48035,C00919084,between_primary_runoff,161597,161597,24.74,87500,14
48035,C00919084,post_runoff,33495,33495,6.58,26500,5
48035,C00919084,pre_primary,82672,82672,17.98,31000,7
48037,C00369033,between_primary_runoff,11850,11850,3.00,11850,3
48037,C00369033,pre_primary,1050,1050,2.00,1050,2
48037,C00901918,between_primary_runoff,1140415,1140415,14.00,52051,1
48037,C00901918,post_runoff,26549,26549,5.00,5000,1
48037,C00901918,pre_primary,6296751,6296751,18.00,6160000,9
48037,C00919084,between_primary_runoff,1209103,1209103,46.00,1206603,45
48037,C00919084,post_runoff,331569,331569,30.98,321767,30
48037,C00919084,pre_primary,294400,294400,21.00,294400,21
48039,C00369033,between_primary_runoff,46500,46500,9.00,46500,9
48039,C00369033,pre_primary,120015,120015,16.00,120015,16
48039,C00901918,between_primary_runoff,412682,412682,52.66,406124,51
48039,C00901918,post_runoff,353041,353041,31.59,334044,25
48039,C00901918,pre_primary,1023863,1023863,51.72,290247,47
48039,C00919084,between_primary_runoff,2953209,2953209,320.95,2870787,315
48039,C00919084,post_runoff,1625478,1625478,195.90,1580679,190
48039,C00919084,pre_primary,3044688,3044688,256.96,2799063,255
48041,C00369033,between_primary_runoff,218709,218709,8.08,211000,8
48041,C00369033,pre_primary,245000,245000,6.00,245000,6
48041,C00901918,between_primary_runoff,158883,158883,21.15,147317,20
48041,C00901918,post_runoff,360677,360677,12.00,334652,11
48041,C00901918,pre_primary,376119,376119,19.00,376119,19
48041,C00919084,between_primary_runoff,6043378,6043378,375.15,5941127,366
48041,C00919084,post_runoff,2340062,2340062,211.00,2203530,205
48041,C00919084,pre_primary,2432421,2432421,214.08,2382567,210
48043,C00369033,between_primary_runoff,300000,300000,2.00,0,0
48043,C00369033,pre_primary,50000,50000,1.00,0,0
48043,C00901918,pre_primary,60000,60000,3.00,25000,1
48043,C00919084,between_primary_runoff,330855,330855,37.00,285855,31
48043,C00919084,post_runoff,182944,182944,19.00,162944,17
48043,C00919084,pre_primary,251000,251000,32.00,226000,31
48045,C00919084,between_primary_runoff,104,104,0.07,0,0
48045,C00919084,post_runoff,185,185,0.08,0,0
48047,C00901918,between_primary_runoff,96827,96827,0.97,0,0
48049,C00369033,between_primary_runoff,25000,25000,1.00,25000,1
48049,C00369033,pre_primary,25000,25000,1.00,25000,1
48049,C00901918,between_primary_runoff,497881,497881,12.00,497878,12
48049,C00901918,post_runoff,148533,148533,5.00,148533,5
48049,C00901918,pre_primary,522500,522500,8.00,522500,8
48049,C00919084,between_primary_runoff,154465,154465,24.21,89500,13
48049,C00919084,post_runoff,149252,149252,14.95,122500,11
48049,C00919084,pre_primary,225018,225018,25.49,105210,10
48051,C00369033,pre_primary,25000,25000,1.00,25000,1
48051,C00901918,between_primary_runoff,20000,20000,2.00,20000,2
48051,C00919084,between_primary_runoff,89953,89953,15.98,82500,13
48051,C00919084,post_runoff,108093,108093,13.98,102627,11
48051,C00919084,pre_primary,135379,135379,19.94,117491,11
48053,C00369033,between_primary_runoff,178738,178738,3.03,100010,2
48053,C00369033,pre_primary,42430,42430,5.11,6000,4
48053,C00901918,between_primary_runoff,1039598,1039598,20.90,970944,20
48053,C00901918,post_runoff,17820,17820,4.18,16013,4
48053,C00901918,pre_primary,479683,479683,26.07,430322,23
48053,C00919084,between_primary_runoff,621575,621575,88.09,518051,69
48053,C00919084,post_runoff,907093,907093,63.54,364613,50
48053,C00919084,pre_primary,1104840,1104840,74.70,390526,45
48055,C00369033,between_primary_runoff,12145,12145,1.21,10000,1
48055,C00901918,between_primary_runoff,10000,10000,1.00,10000,1
48055,C00901918,post_runoff,494,494,0.04,0,0
48055,C00901918,pre_primary,51025,51025,2.00,25000,1
48055,C00919084,between_primary_runoff,372944,372944,55.66,354601,51
48055,C00919084,post_runoff,162528,162528,37.20,109042,32
48055,C00919084,pre_primary,471728,471728,38.25,423600,36
48057,C00901918,between_primary_runoff,180000,180000,8.00,180000,8
48057,C00901918,pre_primary,245000,245000,7.00,245000,7
48057,C00919084,between_primary_runoff,84020,84020,18.02,60000,9
48057,C00919084,post_runoff,73297,73297,15.99,50856,8
48057,C00919084,pre_primary,50037,50037,5.04,20000,2
48059,C00901918,between_primary_runoff,41806,41806,6.09,41525,6
48059,C00901918,post_runoff,41961,41961,20.00,41961,20
48059,C00901918,pre_primary,132316,132316,12.08,91960,12
48059,C00919084,between_primary_runoff,45907,45907,8.46,32500,4
48059,C00919084,post_runoff,7260,7260,2.89,5026,2
48059,C00919084,pre_primary,40220,40220,7.16,0,0
48061,C00369033,between_primary_runoff,445020,445020,12.00,445020,12
48061,C00369033,pre_primary,560000,560000,13.00,535000,11
48061,C00901918,between_primary_runoff,736454,670046,23.00,632352,22
48061,C00901918,post_runoff,166594,166594,10.00,166594,10
48061,C00901918,pre_primary,438254,438254,20.00,438254,20
48061,C00919084,between_primary_runoff,1075099,1075099,139.00,942601,119
48061,C00919084,post_runoff,834304,834304,91.00,788205,79
48061,C00919084,pre_primary,834124,834124,103.00,788000,92
48063,C00901918,between_primary_runoff,14198,14198,2.00,14198,2
48063,C00901918,pre_primary,881,881,0.00,0,0
48063,C00919084,between_primary_runoff,13,13,0.01,0,0
48063,C00919084,post_runoff,11345,11345,1.01,11297,1
48065,C00369033,between_primary_runoff,8634,8634,1.97,0,0
48065,C00919084,between_primary_runoff,12335,12335,3.95,0,0
48065,C00919084,post_runoff,2467,2467,0.99,0,0
48065,C00919084,pre_primary,73225,73225,1.95,0,0
48067,C00901918,between_primary_runoff,20460,20460,2.00,20410,2
48067,C00901918,post_runoff,5000,5000,1.00,5000,1
48067,C00901918,pre_primary,34461,34461,0.08,0,0
48067,C00919084,between_primary_runoff,19000,19000,9.00,15000,6
48067,C00919084,post_runoff,66000,66000,8.00,12500,5
48067,C00919084,pre_primary,69218,69218,10.19,16500,7
48069,C00369033,pre_primary,2510,2510,0.03,0,0
48069,C00901918,pre_primary,100000,100000,2.00,100000,2
48071,C00369033,pre_primary,179161,179161,1.79,0,0
48071,C00901918,between_primary_runoff,41025,41025,7.00,20820,2
48071,C00901918,post_runoff,115000,115000,4.00,100000,1
48071,C00901918,pre_primary,51025,51025,8.00,0,0
48071,C00919084,between_primary_runoff,154361,154361,16.05,149209,14
48071,C00919084,post_runoff,72851,72851,13.05,71583,13
48071,C00919084,pre_primary,79500,79500,10.00,69500,6
48073,C00369033,between_primary_runoff,40000,40000,2.00,40000,2
48073,C00369033,pre_primary,60000,60000,3.00,60000,3
48073,C00901918,between_primary_runoff,92493,82083,6.00,62493,4
48073,C00901918,post_runoff,20324,20324,1.03,0,0
48073,C00901918,pre_primary,463277,463277,14.44,114510,11
48073,C00919084,between_primary_runoff,159643,159643,26.88,106114,20
48073,C00919084,post_runoff,184994,184994,22.44,152230,16
48073,C00919084,pre_primary,415264,415264,20.44,413500,20
48075,C00369033,pre_primary,75000,75000,2.00,75000,2
48075,C00901918,between_primary_runoff,19368,19368,0.97,0,0
48077,C00369033,between_primary_runoff,100000,100000,1.00,0,0
48077,C00901918,between_primary_runoff,13221,13221,3.00,13221,3
48077,C00901918,post_runoff,3123,3123,1.00,3123,1
48077,C00901918,pre_primary,39528,39528,0.79,0,0
48077,C00919084,between_primary_runoff,49227,49227,11.07,49026,11
48077,C00919084,post_runoff,32639,32639,8.04,32540,8
48077,C00919084,pre_primary,144175,144175,7.98,45000,6
48079,C00919084,between_primary_runoff,5,5,0.00,0,0
48079,C00919084,post_runoff,19,19,0.00,0,0
48079,C00919084,pre_primary,31,31,0.00,0,0
48081,C00369033,between_primary_runoff,7859,7859,0.79,0,0
48081,C00901918,pre_primary,19647,19647,0.79,0,0
48083,C00369033,between_primary_runoff,50000,50000,1.00,50000,1
48083,C00919084,between_primary_runoff,14503,14503,4.20,9000,3
48083,C00919084,post_runoff,13082,13082,3.05,8000,2
48083,C00919084,pre_primary,1319,1319,0.23,0,0
48085,C00369033,between_primary_runoff,2356442,2341427,43.34,1979250,42
48085,C00369033,pre_primary,3988151,3988151,81.45,3865601,79
48085,C00901918,between_primary_runoff,4403265,4403265,232.66,4109288,221
48085,C00901918,post_runoff,2901905,2849854,111.63,2847939,104
48085,C00901918,pre_primary,40566865,40556455,293.42,36687774,270
48085,C00919084,between_primary_runoff,17048925,17048925,1893.26,15648499,1789
48085,C00919084,post_runoff,13352230,13352230,1242.87,12780183,1186
48085,C00919084,pre_primary,17151625,17151625,1442.62,16055683,1348
48089,C00369033,pre_primary,27085,27085,10.83,0,0
48089,C00901918,between_primary_runoff,121479,121479,13.53,73000,8
48089,C00901918,post_runoff,103815,103815,8.38,41820,6
48089,C00901918,pre_primary,87451,87451,12.91,65000,10
48089,C00919084,between_primary_runoff,108491,108491,10.00,102500,8
48089,C00919084,post_runoff,241929,241929,7.10,231256,7
48089,C00919084,pre_primary,204500,204500,18.00,204500,18
48091,C00369033,between_primary_runoff,372592,372592,8.05,270000,6
48091,C00369033,pre_primary,396368,396368,11.84,218500,10
48091,C00901918,between_primary_runoff,1375330,1375330,83.08,1364355,81
48091,C00901918,post_runoff,641765,641765,47.07,534504,45
48091,C00901918,pre_primary,1183183,1183183,112.01,1183006,112
48091,C00919084,between_primary_runoff,4192188,4192188,486.53,3951112,474
48091,C00919084,post_runoff,2955221,2955221,339.28,2755439,328
48091,C00919084,pre_primary,3749500,3749500,310.26,3665484,307
48093,C00369033,pre_primary,50000,50000,1.00,50000,1
48093,C00901918,between_primary_runoff,26750,26750,5.09,15616,2
48093,C00901918,post_runoff,20410,20410,2.00,20410,2
48093,C00901918,pre_primary,35,35,0.00,0,0
48093,C00919084,between_primary_runoff,60278,60278,13.03,42500,8
48093,C00919084,post_runoff,37858,37858,7.07,25000,4
48093,C00919084,pre_primary,61018,61018,6.08,55000,4
48095,C00369033,pre_primary,3662,3662,1.46,0,0
48095,C00901918,pre_primary,3138,3138,0.21,0,0
48095,C00919084,pre_primary,25000,25000,1.00,25000,1
48097,C00369033,between_primary_runoff,35023,35023,2.00,0,0
48097,C00369033,pre_primary,100000,100000,3.00,75000,2
48097,C00901918,between_primary_runoff,31961,31961,3.04,31230,3
48097,C00901918,post_runoff,184620,184620,4.46,136435,4
48097,C00901918,pre_primary,2456764,2456764,22.02,2456150,22
48097,C00919084,between_primary_runoff,146153,146153,24.01,124000,21
48097,C00919084,post_runoff,130584,130584,13.20,108542,11
48097,C00919084,pre_primary,395888,395888,31.17,375500,23
48099,C00369033,between_primary_runoff,10000,10000,2.00,10000,2
48099,C00369033,pre_primary,70000,70000,14.00,70000,14
48099,C00901918,between_primary_runoff,144985,144985,16.09,121869,15
48099,C00901918,post_runoff,84499,84499,12.09,84100,12
48099,C00901918,pre_primary,1460055,1460055,11.01,90605,10
48099,C00919084,between_primary_runoff,176448,176448,25.87,92500,18
48099,C00919084,post_runoff,270007,270007,28.86,225512,23
48099,C00919084,pre_primary,113907,113907,24.03,99363,23
48101,C00901918,between_primary_runoff,104572,104572,3.52,0,0
48101,C00901918,post_runoff,2188,2188,0.87,0,0
48101,C00901918,pre_primary,26752,26752,7.00,0,0
48103,C00901918,between_primary_runoff,2603,2603,1.00,2603,1
48103,C00901918,pre_primary,42162,42162,10.00,42162,10
48105,C00369033,pre_primary,24936,24936,1.00,0,0
48107,C00901918,between_primary_runoff,129,129,0.00,0,0
48107,C00901918,pre_primary,771,771,0.00,0,0
48107,C00919084,between_primary_runoff,103078,103078,12.03,102500,12
48107,C00919084,post_runoff,20119,20119,4.01,20000,4
48107,C00919084,pre_primary,89255,89255,12.07,87500,12
48109,C00919084,between_primary_runoff,42500,42500,8.00,42500,8
48109,C00919084,post_runoff,15000,15000,3.00,15000,3
48109,C00919084,pre_primary,20000,20000,4.00,20000,4
48111,C00369033,between_primary_runoff,3182,3182,1.27,0,0
48111,C00369033,pre_primary,22274,22274,8.92,0,0
48111,C00901918,between_primary_runoff,10410,10410,1.00,10410,1
48111,C00919084,between_primary_runoff,14600,14600,6.00,0,0
48111,C00919084,post_runoff,2500,2500,1.00,0,0
48111,C00919084,pre_primary,3500,3500,2.00,0,0
48113,C00369033,between_primary_runoff,14771109,14771109,124.66,13635801,116
48113,C00369033,pre_primary,20622942,20622942,328.01,19205630,279
48113,C00901918,between_primary_runoff,9595381,8052688,218.32,9492330,211
48113,C00901918,post_runoff,10302215,10287859,166.13,9928729,150
48113,C00901918,pre_primary,97951835,96317606,362.87,92268417,347
48113,C00919084,between_primary_runoff,77638726,77638726,4051.20,73554941,3931
48113,C00919084,post_runoff,43659316,43659316,2762.15,41931024,2674
48113,C00919084,pre_primary,126902995,126902995,3669.85,119292133,3538
48115,C00369033,between_primary_runoff,19652,19652,0.20,0,0
48115,C00369033,pre_primary,19652,19652,0.20,0,0
48115,C00901918,pre_primary,39860,39860,3.99,0,0
48115,C00919084,between_primary_runoff,50000,50000,1.00,50000,1
48115,C00919084,pre_primary,185000,185000,4.00,185000,4
48117,C00369033,between_primary_runoff,15000,15000,2.00,15000,2
48117,C00369033,pre_primary,104990,104990,1.97,7500,1
48117,C00919084,between_primary_runoff,22500,22500,6.00,22500,6
48117,C00919084,post_runoff,7500,7500,3.00,7500,3
48117,C00919084,pre_primary,80000,80000,10.00,80000,10
48119,C00901918,between_primary_runoff,10000,10000,1.00,10000,1
48119,C00919084,pre_primary,3000,3000,1.00,0,0
48121,C00369033,between_primary_runoff,375122,375122,18.01,375015,18
48121,C00369033,pre_primary,2491707,2491707,85.77,1576000,66
48121,C00901918,between_primary_runoff,2704547,1704547,125.04,2590457,119
48121,C00901918,post_runoff,1177982,1177982,68.47,1147895,64
48121,C00901918,pre_primary,16467478,16467478,148.68,15751889,139
48121,C00919084,between_primary_runoff,17109086,17109086,1342.82,15224702,1321
48121,C00919084,post_runoff,8356757,8356757,923.16,8253041,909
48121,C00919084,pre_primary,12027324,11977324,894.22,11648201,883
48123,C00369033,between_primary_runoff,25000,25000,1.00,25000,1
48123,C00369033,pre_primary,75000,75000,2.00,75000,2
48123,C00901918,between_primary_runoff,29166,29166,3.83,20000,2
48123,C00901918,post_runoff,10000,10000,1.00,10000,1
48123,C00901918,pre_primary,384703,384703,4.93,30000,3
48123,C00919084,between_primary_runoff,156830,156830,18.02,156679,18
48123,C00919084,post_runoff,92122,92122,12.03,57000,10
48123,C00919084,pre_primary,5000,5000,2.00,5000,2
48127,C00901918,pre_primary,2636,2636,0.02,0,0
48127,C00919084,between_primary_runoff,4998,4998,1.00,0,0
48127,C00919084,post_runoff,2999,2999,1.00,0,0
48129,C00919084,between_primary_runoff,10709,10709,6.47,0,0
48129,C00919084,post_runoff,34455,34455,10.38,0,0
48131,C00901918,post_runoff,15000,15000,1.00,0,0
48131,C00919084,between_primary_runoff,16000,16000,6.00,6000,4
48131,C00919084,post_runoff,21500,21500,8.00,16500,7
48131,C00919084,pre_primary,365000,365000,3.00,15000,2
48133,C00901918,between_primary_runoff,58265,58265,7.01,51230,5
48133,C00901918,post_runoff,10410,10410,1.00,10410,1
48133,C00901918,pre_primary,1357715,1357715,5.90,20931,3
48133,C00919084,between_primary_runoff,12585,12585,4.03,12500,4
48133,C00919084,post_runoff,6147,6147,2.01,6101,2
48133,C00919084,pre_primary,27599,27599,8.02,27500,8
48135,C00369033,between_primary_runoff,114600,114600,9.00,85000,6
48135,C00369033,pre_primary,311800,311800,33.00,164000,17
48135,C00901918,between_primary_runoff,52051,52051,1.00,52051,1
48135,C00901918,post_runoff,3500,3500,1.00,3500,1
48135,C00901918,pre_primary,4782336,4082336,9.28,3954102,7
48135,C00919084,between_primary_runoff,800734,800734,73.92,786100,71
48135,C00919084,post_runoff,216610,216610,43.92,212439,42
48135,C00919084,pre_primary,623902,623902,48.29,615665,46
48137,C00919084,between_primary_runoff,13482,13482,2.28,0,0
48137,C00919084,post_runoff,9298,9298,1.86,0,0
48137,C00919084,pre_primary,17665,17665,2.70,0,0
48139,C00369033,between_primary_runoff,2482,2482,0.99,0,0
48139,C00369033,pre_primary,46759,46759,14.94,10000,1
48139,C00901918,between_primary_runoff,291868,291868,22.68,262852,21
48139,C00901918,post_runoff,26000,26000,3.85,17603,3
48139,C00901918,pre_primary,2362488,2362488,17.87,941486,16
48139,C00919084,between_primary_runoff,1249120,1249120,187.83,1124251,181
48139,C00919084,post_runoff,1063960,1063960,116.93,968853,112
48139,C00919084,pre_primary,1127958,1127958,139.02,867719,137
48141,C00369033,between_primary_runoff,125000,125000,4.00,125000,4
48141,C00369033,pre_primary,1180000,1180000,8.00,830000,7
48141,C00901918,between_primary_runoff,1123260,1123260,38.00,1062850,35
48141,C00901918,post_runoff,359982,359982,29.00,304777,27
48141,C00901918,pre_primary,5833200,5833200,49.00,5083200,42
48141,C00919084,between_primary_runoff,4180505,4180505,372.00,4101505,366
48141,C00919084,post_runoff,3724775,3724775,246.00,3580275,238
48141,C00919084,pre_primary,7851890,7851890,314.00,7281890,300
48143,C00369033,between_primary_runoff,360172,360172,3.66,0,0
48143,C00369033,pre_primary,194310,194310,3.88,150000,3
48143,C00901918,between_primary_runoff,148965,148965,3.20,126602,2
48143,C00901918,post_runoff,25000,6957,1.00,25000,1
48143,C00901918,pre_primary,20000,20000,1.00,20000,1
48143,C00919084,between_primary_runoff,438424,438424,41.07,391196,32
48143,C00919084,post_runoff,211732,211732,22.19,181963,17
48143,C00919084,pre_primary,389155,389155,54.51,323967,41
48145,C00369033,between_primary_runoff,25109,25109,1.00,25000,1
48145,C00369033,pre_primary,50082,50082,1.00,50000,1
48145,C00901918,between_primary_runoff,38055,38055,1.90,0,0
48145,C00901918,post_runoff,17013,17013,1.96,7500,1
48145,C00901918,pre_primary,76108,76108,4.76,0,0
48145,C00919084,between_primary_runoff,18000,18000,5.00,18000,5
48145,C00919084,post_runoff,11500,11500,4.00,11500,4
48145,C00919084,pre_primary,9800,9800,2.00,9800,2
48147,C00901918,between_primary_runoff,10000,10000,2.00,10000,2
48147,C00901918,post_runoff,5000,5000,1.00,5000,1
48147,C00901918,pre_primary,154102,154102,4.00,0,0
48147,C00919084,between_primary_runoff,252811,252811,19.31,250100,18
48147,C00919084,post_runoff,71238,71238,6.56,69742,6
48147,C00919084,pre_primary,203028,203028,18.56,181000,15
48149,C00369033,between_primary_runoff,88247,88247,0.88,0,0
48149,C00901918,between_primary_runoff,66787,66787,9.09,66026,9
48149,C00901918,post_runoff,30000,30000,3.00,30000,3
48149,C00901918,pre_primary,205870,205870,15.00,205857,15
48149,C00919084,between_primary_runoff,303025,303025,53.80,188699,34
48149,C00919084,post_runoff,655251,655251,38.11,393861,26
48149,C00919084,pre_primary,327248,327248,39.27,145000,18
48151,C00919084,between_primary_runoff,10000,10000,1.00,10000,1
48151,C00919084,pre_primary,830,830,0.03,0,0
48153,C00901918,between_primary_runoff,49820,49820,1.00,0,0
48153,C00901918,pre_primary,318921,318921,3.00,20000,2
48153,C00919084,between_primary_runoff,230441,230441,12.96,6250,3
48153,C00919084,post_runoff,48752,48752,3.99,2500,1
48153,C00919084,pre_primary,680207,680207,27.90,0,0
48155,C00901918,between_primary_runoff,1141,1141,0.04,0,0
48155,C00901918,post_runoff,24,24,0.01,0,0
48155,C00901918,pre_primary,293,293,0.08,0,0
48157,C00369033,between_primary_runoff,628000,628000,10.00,622500,8
48157,C00369033,pre_primary,732500,732500,32.00,732500,32
48157,C00901918,between_primary_runoff,3061562,2711562,178.34,3059985,178
48157,C00901918,post_runoff,1522998,1522998,80.98,1429263,79
48157,C00901918,pre_primary,7342616,7342616,167.28,6591230,162
48157,C00919084,between_primary_runoff,9230238,9230238,850.40,9118395,834
48157,C00919084,post_runoff,5951014,5951014,564.63,5722578,551
48157,C00919084,pre_primary,12079160,12079160,748.63,11915548,736
48159,C00901918,post_runoff,20820,20820,2.00,20820,2
48159,C00901918,pre_primary,11411,11411,0.02,0,0
48159,C00919084,between_primary_runoff,25910,25910,1.36,25000,1
48159,C00919084,post_runoff,13406,13406,1.55,10000,1
48159,C00919084,pre_primary,37500,37500,2.00,37500,2
48161,C00369033,pre_primary,2069,2069,0.05,0,0
48161,C00901918,between_primary_runoff,92265,92265,5.05,84248,4
48161,C00901918,pre_primary,40927,40927,3.05,20410,2
48161,C00919084,between_primary_runoff,65408,65408,7.16,50000,1
48161,C00919084,post_runoff,18892,18892,4.52,10000,1
48161,C00919084,pre_primary,14402,14402,2.76,10000,1
48163,C00901918,between_primary_runoff,7809,7809,3.00,7809,3
48163,C00901918,post_runoff,5853,5853,3.00,5853,3
48163,C00901918,pre_primary,14242,14242,5.00,13015,5
48163,C00919084,between_primary_runoff,12000,12000,3.00,12000,3
48163,C00919084,post_runoff,12818,12818,2.00,1000,1
48163,C00919084,pre_primary,16736,16736,4.00,3500,2
48165,C00901918,between_primary_runoff,5726,5726,1.00,0,0
48165,C00901918,post_runoff,11451,11451,2.00,0,0
48165,C00901918,pre_primary,1400000,1400000,2.00,1400000,2
48165,C00919084,between_primary_runoff,176278,176278,11.00,165000,10
48165,C00919084,post_runoff,73500,73500,7.00,73500,7
48165,C00919084,pre_primary,15000,15000,2.00,5000,1
48167,C00369033,between_primary_runoff,372600,372600,17.00,345000,14
48167,C00369033,pre_primary,884900,884900,46.00,884900,46
48167,C00901918,between_primary_runoff,696061,696061,68.00,696061,68
48167,C00901918,post_runoff,280924,280924,21.00,280924,21
48167,C00901918,pre_primary,1514125,1514125,26.00,1493305,22
48167,C00919084,between_primary_runoff,3960085,3960085,443.99,3690152,420
48167,C00919084,post_runoff,3632312,3632312,312.56,3464522,297
48167,C00919084,pre_primary,5941154,5941154,405.56,5612371,388
48169,C00919084,between_primary_runoff,25000,25000,5.00,25000,5
48169,C00919084,post_runoff,5000,5000,1.00,5000,1
48169,C00919084,pre_primary,10000,10000,2.00,10000,2
48171,C00369033,between_primary_runoff,80542,80542,2.02,80000,2
48171,C00369033,pre_primary,415744,415744,10.01,365000,9
48171,C00901918,between_primary_runoff,101104,101104,12.00,101104,12
48171,C00901918,post_runoff,130483,130483,6.00,130461,6
48171,C00901918,pre_primary,1186969,1186969,14.74,1113000,6
48171,C00919084,between_primary_runoff,1906613,1906613,136.47,1726945,117
48171,C00919084,post_runoff,1225601,1225601,83.74,1134994,74
48171,C00919084,pre_primary,1193139,1193139,129.55,986990,104
48173,C00369033,between_primary_runoff,23350,23350,18.00,23350,18
48173,C00369033,pre_primary,50000,50000,1.00,50000,1
48173,C00901918,pre_primary,47153,47153,0.94,0,0
48175,C00901918,between_primary_runoff,5906,5906,1.18,5000,1
48175,C00901918,pre_primary,5453,5453,1.09,5000,1
48175,C00919084,between_primary_runoff,168097,168097,16.00,136071,13
48175,C00919084,post_runoff,24042,24042,7.00,18042,5
48175,C00919084,pre_primary,65000,65000,15.00,40000,12
48177,C00369033,between_primary_runoff,4701,4701,0.05,0,0
48177,C00369033,pre_primary,10000,10000,1.00,10000,1
48177,C00901918,between_primary_runoff,52428,52428,4.99,25000,1
48177,C00901918,pre_primary,23885,23885,4.99,0,0
48177,C00919084,between_primary_runoff,108139,108139,9.17,107500,9
48177,C00919084,post_runoff,151792,151792,12.25,111000,8
48177,C00919084,pre_primary,70000,70000,3.00,70000,3
48179,C00919084,between_primary_runoff,27500,27500,4.00,27500,4
48179,C00919084,post_runoff,17500,17500,6.00,17500,6
48179,C00919084,pre_primary,9275,9275,2.05,7500,2
48181,C00369033,between_primary_runoff,592232,592232,10.00,592222,10
48181,C00369033,pre_primary,255000,255000,8.00,205000,7
48181,C00901918,between_primary_runoff,76937,76937,12.12,72425,11
48181,C00901918,post_runoff,208445,208445,12.54,48426,11
48181,C00901918,pre_primary,1691527,1691527,49.08,1689420,49
48181,C00919084,between_primary_runoff,790712,790712,87.57,652272,75
48181,C00919084,post_runoff,722936,722936,80.38,617307,68
48181,C00919084,pre_primary,616420,616420,71.24,557002,63
48183,C00369033,between_primary_runoff,340000,340000,5.00,340000,5
48183,C00369033,pre_primary,530428,530428,13.00,320000,9
48183,C00901918,between_primary_runoff,201679,201679,20.77,197847,20
48183,C00901918,post_runoff,105726,105726,8.00,80726,7
48183,C00901918,pre_primary,232298,232298,14.26,109040,11
48183,C00919084,between_primary_runoff,876594,876594,61.19,774120,54
48183,C00919084,post_runoff,433760,433760,42.90,399783,39
48183,C00919084,pre_primary,1732973,1732973,70.38,1527519,55
48185,C00369033,between_primary_runoff,100533,100533,2.92,8750,2
48185,C00369033,pre_primary,3750,3750,1.00,3750,1
48185,C00901918,between_primary_runoff,192200,192200,7.91,128218,5
48185,C00901918,post_runoff,100940,100940,1.04,0,0
48185,C00901918,pre_primary,237594,237594,8.11,158833,6
48185,C00919084,between_primary_runoff,190334,190334,13.91,77500,12
48185,C00919084,post_runoff,59202,59202,8.08,57500,8
48185,C00919084,pre_primary,138014,138014,12.95,90000,12
48187,C00369033,between_primary_runoff,90355,90355,3.00,90000,3
48187,C00369033,pre_primary,75355,75355,17.00,75000,17
48187,C00901918,between_primary_runoff,149588,149588,21.00,128748,19
48187,C00901918,post_runoff,92975,92975,7.00,92620,7
48187,C00901918,pre_primary,240119,240119,33.00,240119,33
48187,C00919084,between_primary_runoff,1529480,1529480,164.06,1358854,153
48187,C00919084,post_runoff,1015241,1015241,116.60,937185,107
48187,C00919084,pre_primary,1053272,1053272,115.31,1005909,110
48189,C00369033,between_primary_runoff,25000,25000,1.00,25000,1
48189,C00369033,pre_primary,10000,10000,1.00,10000,1
48189,C00901918,between_primary_runoff,70830,70830,6.26,45306,5
48189,C00901918,post_runoff,10175,10175,3.09,5000,2
48189,C00901918,pre_primary,125349,125349,2.17,100000,1
48189,C00919084,between_primary_runoff,105000,105000,7.00,105000,7
48189,C00919084,post_runoff,20000,20000,2.00,20000,2
48189,C00919084,pre_primary,79500,79500,11.00,79500,11
48191,C00901918,between_primary_runoff,223,223,0.01,0,0
48191,C00919084,between_primary_runoff,152,152,0.10,0,0
48191,C00919084,post_runoff,270,270,0.12,0,0
48193,C00369033,between_primary_runoff,172,172,0.01,0,0
48193,C00369033,pre_primary,20000,20000,1.00,20000,1
48193,C00901918,between_primary_runoff,33671,33671,0.62,0,0
48193,C00901918,post_runoff,0,-33522,0.00,0,0
48193,C00901918,pre_primary,99930,99930,1.00,0,0
48193,C00919084,between_primary_runoff,88959,88959,14.58,8000,2
48193,C00919084,post_runoff,70658,70658,9.86,4000,2
48193,C00919084,pre_primary,209999,209999,15.36,14732,6
48195,C00901918,pre_primary,2185,2185,0.00,0,0
48199,C00369033,between_primary_runoff,100000,100000,2.00,0,0
48199,C00369033,pre_primary,150000,150000,3.00,0,0
48199,C00901918,between_primary_runoff,292684,292684,21.00,292684,21
48199,C00901918,post_runoff,68312,68312,8.00,47312,6
48199,C00901918,pre_primary,1039319,1039319,22.00,1039319,22
48199,C00919084,between_primary_runoff,135500,135500,22.00,135500,22
48199,C00919084,post_runoff,105259,105259,13.00,105259,13
48199,C00919084,pre_primary,231400,231400,29.00,231400,29
48201,C00369033,between_primary_runoff,17890534,17890534,151.00,17370534,143
48201,C00369033,pre_primary,18058349,18035349,366.00,17863349,350
48201,C00901918,between_primary_runoff,8569061,7708651,440.27,7737383,409
48201,C00901918,post_runoff,6838838,6828428,262.43,6636012,248
48201,C00901918,pre_primary,57530890,56830890,554.82,53147404,520
48201,C00919084,between_primary_runoff,145217845,145217845,6191.49,140733662,5929
48201,C00919084,post_runoff,54031744,53966744,3889.96,51793477,3726
48201,C00919084,pre_primary,131079216,131079216,5368.57,125487452,5091
48203,C00369033,pre_primary,226199,226199,4.22,204102,4
48203,C00901918,between_primary_runoff,36435,36435,2.00,36435,2
48203,C00901918,pre_primary,25402,25402,0.07,0,0
48203,C00919084,between_primary_runoff,902772,902772,45.24,810655,38
48203,C00919084,post_runoff,759547,759547,24.08,450639,17
48203,C00919084,pre_primary,430517,430517,26.22,427200,25
48205,C00369033,between_primary_runoff,1816,1816,0.73,0,0
48205,C00369033,pre_primary,12712,12712,5.08,0,0
48205,C00901918,between_primary_runoff,10410,10410,1.00,10410,1
48205,C00919084,between_primary_runoff,6000,6000,3.00,6000,3
48205,C00919084,post_runoff,39500,39500,5.00,39500,5
48207,C00901918,between_primary_runoff,42500,42500,4.00,42500,4
48207,C00919084,between_primary_runoff,68495,68495,5.00,63500,4
48207,C00919084,post_runoff,20491,20491,4.00,10500,2
48207,C00919084,pre_primary,15000,15000,2.00,15000,2
48209,C00369033,between_primary_runoff,108911,108911,6.03,108525,6
48209,C00369033,pre_primary,745334,745334,1.90,0,0
48209,C00901918,between_primary_runoff,163035,163035,19.98,112960,15
48209,C00901918,post_runoff,387387,387387,24.86,316391,20
48209,C00901918,pre_primary,3331602,3321192,52.98,2907564,36
48209,C00919084,between_primary_runoff,10447748,10447748,1108.41,9070440,1001
48209,C00919084,post_runoff,5902930,5902930,723.55,5379977,656
48209,C00919084,pre_primary,10408464,10408464,892.59,9194590,795
48211,C00901918,between_primary_runoff,445432,445432,1.98,0,0
48211,C00901918,pre_primary,700000,700000,1.00,700000,1
48211,C00919084,post_runoff,4949,4949,0.99,0,0
48213,C00369033,between_primary_runoff,135000,135000,3.00,135000,3
48213,C00369033,pre_primary,131726,131726,16.47,85000,16
48213,C00901918,between_primary_runoff,232432,232432,11.98,183722,11
48213,C00901918,post_runoff,121586,121586,5.02,121512,5
48213,C00901918,pre_primary,1103205,1103205,13.00,1103205,13
48213,C00919084,between_primary_runoff,346134,346134,69.50,321251,67
48213,C00919084,post_runoff,455390,455390,60.05,386500,57
48213,C00919084,pre_primary,1596304,1596304,62.87,1587819,62
48215,C00369033,between_primary_runoff,212500,212500,9.00,100000,2
48215,C00369033,pre_primary,1486768,1486768,64.71,1060000,13
48215,C00901918,between_primary_runoff,141830,141830,16.00,124330,10
48215,C00901918,post_runoff,86205,86205,29.00,78705,26
48215,C00901918,pre_primary,8910808,8910808,38.00,7895808,32
48215,C00919084,between_primary_runoff,1462117,1462117,277.00,1370366,258
48215,C00919084,post_runoff,1262377,1262377,187.00,1191624,178
48215,C00919084,pre_primary,2560756,2560756,180.00,2492532,164
48217,C00369033,between_primary_runoff,23835,23835,1.91,0,0
48217,C00369033,pre_primary,76935,76935,2.01,50000,1
48217,C00901918,between_primary_runoff,78000,78000,16.00,58000,8
48217,C00901918,post_runoff,14545,14545,4.00,14545,4
48217,C00901918,pre_primary,50000,50000,10.00,32500,6
48217,C00919084,between_primary_runoff,376697,376697,21.05,188500,15
48217,C00919084,post_runoff,232585,232585,15.16,145000,9
48217,C00919084,pre_primary,175575,175575,14.16,97500,8
48219,C00901918,between_primary_runoff,43500,43500,6.00,43500,6
48219,C00901918,post_runoff,10500,10500,1.00,10500,1
48219,C00901918,pre_primary,19048,19048,1.02,10000,1
48219,C00919084,between_primary_runoff,28495,28495,5.00,25000,3
48219,C00919084,post_runoff,18981,18981,5.00,6500,3
48219,C00919084,pre_primary,20281,20281,3.00,0,0
48221,C00369033,between_primary_runoff,20914,20914,1.17,1000,1
48221,C00369033,pre_primary,30845,30845,28.06,28000,28
48221,C00901918,between_primary_runoff,327221,327221,24.96,260000,22
48221,C00901918,post_runoff,78143,78143,11.02,77980,11
48221,C00901918,pre_primary,1818752,1818752,14.92,1746688,11
48221,C00919084,between_primary_runoff,752763,752763,81.06,720275,75
48221,C00919084,post_runoff,1511819,1511819,50.95,1465924,44
48221,C00919084,pre_primary,1352184,1352184,81.40,1351200,81
48223,C00369033,between_primary_runoff,45000,45000,2.00,45000,2
48223,C00369033,pre_primary,112259,112259,2.09,110000,2
48223,C00901918,between_primary_runoff,10410,10410,1.00,10410,1
48223,C00901918,post_runoff,8053,8053,1.09,6246,1
48223,C00901918,pre_primary,1426025,1426025,5.00,1426025,5
48223,C00919084,between_primary_runoff,226085,226085,29.25,218200,26
48223,C00919084,post_runoff,166038,166038,15.43,162148,14
48223,C00919084,pre_primary,83930,83930,12.19,80500,12
48225,C00901918,between_primary_runoff,26138,26138,5.49,10410,1
48225,C00901918,post_runoff,34396,34396,6.81,20820,2
48225,C00901918,pre_primary,944153,944153,12.49,750000,8
48225,C00919084,between_primary_runoff,29012,29012,11.00,12000,6
48225,C00919084,post_runoff,407392,407392,13.00,300356,9
48225,C00919084,pre_primary,574000,574000,17.00,473000,14
48227,C00901918,post_runoff,10500,10500,1.00,10500,1
48227,C00901918,pre_primary,10000,10000,1.00,10000,1
48227,C00919084,between_primary_runoff,161000,161000,9.00,161000,9
48227,C00919084,post_runoff,41000,41000,5.00,41000,5
48227,C00919084,pre_primary,75000,75000,8.00,75000,8
48231,C00901918,between_primary_runoff,163092,163092,11.00,163092,11
48231,C00901918,post_runoff,57464,57464,8.00,57464,8
48231,C00901918,pre_primary,134910,134910,3.37,110000,3
48231,C00919084,between_primary_runoff,454649,454649,55.97,374758,49
48231,C00919084,post_runoff,359173,359173,47.18,305510,43
48231,C00919084,pre_primary,846971,846971,63.76,725396,56
48233,C00901918,pre_primary,695630,695630,1.00,0,0
48233,C00919084,between_primary_runoff,5000,5000,2.00,5000,2
48233,C00919084,post_runoff,2500,2500,1.00,2500,1
48235,C00919084,between_primary_runoff,29000,29000,5.00,0,0
48235,C00919084,post_runoff,78000,78000,4.00,0,0
48235,C00919084,pre_primary,615,615,1.00,0,0
48237,C00901918,between_primary_runoff,2,2,0.00,0,0
48237,C00901918,pre_primary,150026,150026,2.00,150000,2
48237,C00919084,between_primary_runoff,1350,1350,1.13,1000,1
48237,C00919084,post_runoff,52173,52173,3.06,52000,3
48237,C00919084,pre_primary,900,900,0.02,0,0
48239,C00369033,pre_primary,51025,51025,2.00,26025,1
48239,C00919084,between_primary_runoff,67907,67907,9.61,66355,9
48239,C00919084,post_runoff,13051,13051,3.21,12500,3
48239,C00919084,pre_primary,25084,25084,4.81,22500,4
48241,C00901918,between_primary_runoff,5078,5078,2.01,0,0
48241,C00901918,post_runoff,2500,2500,1.00,0,0
48241,C00919084,between_primary_runoff,41316,41316,8.69,18000,5
48241,C00919084,post_runoff,16658,16658,2.84,5000,1
48241,C00919084,pre_primary,39401,39401,4.94,30000,4
48243,C00919084,between_primary_runoff,59000,59000,7.00,0,0
48243,C00919084,post_runoff,60639,60639,12.00,10000,1
48243,C00919084,pre_primary,137000,137000,8.00,0,0
48245,C00369033,between_primary_runoff,386250,386250,6.00,286250,5
48245,C00369033,pre_primary,1672441,1672441,9.21,1571602,7
48245,C00901918,between_primary_runoff,334390,334390,17.00,334390,17
48245,C00901918,post_runoff,52058,52058,7.00,52058,7
48245,C00901918,pre_primary,1617251,1617251,28.00,1522251,25
48245,C00919084,between_primary_runoff,2039842,2039842,177.00,2039842,177
48245,C00919084,post_runoff,1452336,1452336,94.00,1452336,94
48245,C00919084,pre_primary,934285,934285,138.00,934285,138
48247,C00901918,pre_primary,44909,44909,2.00,0,0
48247,C00919084,pre_primary,350000,350000,1.00,350000,1
48249,C00369033,between_primary_runoff,25000,25000,1.00,0,0
48249,C00901918,between_primary_runoff,23993,23993,2.03,20820,2
48249,C00919084,between_primary_runoff,56336,56336,7.13,43200,6
48249,C00919084,post_runoff,51600,51600,7.00,51600,7
48249,C00919084,pre_primary,7506,7506,0.75,0,0
48251,C00369033,between_primary_runoff,60000,60000,2.00,60000,2
48251,C00369033,pre_primary,144882,144882,1.90,100000,1
48251,C00901918,between_primary_runoff,506037,506037,32.01,435910,27
48251,C00901918,post_runoff,160170,160170,15.98,109605,14
48251,C00901918,pre_primary,662431,662431,28.02,564666,23
48251,C00919084,between_primary_runoff,632660,632660,140.18,590827,136
48251,C00919084,post_runoff,677962,677962,101.71,611302,99
48251,C00919084,pre_primary,1068810,1068810,103.12,1065851,103
48253,C00901918,between_primary_runoff,91869,91869,7.00,91869,7
48253,C00901918,post_runoff,43525,43525,3.00,43525,3
48253,C00901918,pre_primary,25000,25000,1.00,25000,1
48253,C00919084,between_primary_runoff,67805,67805,13.00,57800,12
48253,C00919084,post_runoff,32209,32209,10.00,32200,10
48253,C00919084,pre_primary,11000,11000,2.00,11000,2
48255,C00901918,post_runoff,100000,100000,1.00,100000,1
48255,C00901918,pre_primary,61510,61510,1.99,10000,1
48255,C00919084,between_primary_runoff,23547,23547,3.45,10000,1
48255,C00919084,post_runoff,27434,27434,1.98,25000,1
48255,C00919084,pre_primary,24681,24681,0.99,0,0
48257,C00369033,between_primary_runoff,25000,25000,1.00,25000,1
48257,C00901918,between_primary_runoff,269987,269987,33.00,119987,30
48257,C00901918,post_runoff,43889,43889,15.00,43889,15
48257,C00901918,pre_primary,34961,34961,16.06,29156,16
48257,C00919084,between_primary_runoff,562104,562104,54.51,509673,49
48257,C00919084,post_runoff,690601,690601,36.69,649516,34
48257,C00919084,pre_primary,256159,256159,30.96,236524,29
48259,C00369033,between_primary_runoff,582015,582015,3.87,560000,3
48259,C00369033,pre_primary,514694,514694,16.34,395000,13
48259,C00901918,between_primary_runoff,640476,640476,34.61,624336,33
48259,C00901918,post_runoff,368218,368218,14.03,368155,14
48259,C00901918,pre_primary,791866,791866,33.19,790284,33
48259,C00919084,between_primary_runoff,2104497,2104497,147.60,1476985,134
48259,C00919084,post_runoff,1405989,1405989,115.80,1269425,107
48259,C00919084,pre_primary,2490571,2490571,94.43,2321985,85
48261,C00919084,pre_primary,500000,500000,2.00,0,0
48265,C00369033,between_primary_runoff,748957,748957,8.98,450000,3
48265,C00369033,pre_primary,397021,397021,5.25,260000,2
48265,C00901918,between_primary_runoff,395657,395657,25.28,392771,25
48265,C00901918,post_runoff,207617,207617,18.00,197617,17
48265,C00901918,pre_primary,409896,409896,34.06,399395,33
48265,C00919084,between_primary_runoff,677118,677118,103.19,559568,94
48265,C00919084,post_runoff,695663,695663,72.32,637928,66
48265,C00919084,pre_primary,2129667,2129667,72.09,1169107,67
48267,C00369033,pre_primary,39,39,0.00,0,0
48267,C00901918,between_primary_runoff,5180,5180,0.50,0,0
48267,C00901918,post_runoff,1727,1727,0.17,0,0
48267,C00901918,pre_primary,8585,8585,0.83,0,0
48267,C00919084,between_primary_runoff,45222,45222,2.26,0,0
48267,C00919084,post_runoff,16,16,0.00,0,0
48267,C00919084,pre_primary,102,102,0.01,0,0
48269,C00901918,between_primary_runoff,13697,13697,0.46,0,0
48269,C00901918,post_runoff,288,288,0.12,0,0
48269,C00901918,pre_primary,3515,3515,0.92,0,0
48273,C00369033,between_primary_runoff,100000,100000,1.00,0,0
48273,C00369033,pre_primary,100000,100000,2.00,100000,2
48273,C00919084,between_primary_runoff,20000,20000,5.00,20000,5
48273,C00919084,post_runoff,12042,12042,4.00,12042,4
48273,C00919084,pre_primary,27626,27626,3.00,27626,3
48277,C00369033,between_primary_runoff,110000,110000,4.00,110000,4
48277,C00901918,between_primary_runoff,12500,12500,1.00,12500,1
48277,C00901918,post_runoff,38123,38123,3.00,38123,3
48277,C00901918,pre_primary,1437500,1437500,6.00,737500,5
48277,C00919084,between_primary_runoff,386208,386208,22.00,186194,17
48277,C00919084,post_runoff,406612,406612,16.00,406601,16
48277,C00919084,pre_primary,497500,497500,17.00,197500,10
48279,C00369033,pre_primary,25000,25000,1.00,25000,1
48279,C00901918,between_primary_runoff,10476,10476,3.74,5000,1
48279,C00901918,post_runoff,6825,6825,1.91,5000,1
48279,C00901918,pre_primary,1003651,1003651,2.83,1000000,1
48279,C00919084,pre_primary,105000,105000,2.00,105000,2
48281,C00369033,between_primary_runoff,441307,441307,0.88,0,0
48281,C00369033,pre_primary,88261,88261,0.88,0,0
48281,C00901918,between_primary_runoff,46868,46868,6.00,46845,6
48281,C00901918,post_runoff,10410,10410,1.00,10410,1
48281,C00901918,pre_primary,241025,241025,14.00,239432,14
48281,C00919084,between_primary_runoff,215347,215347,23.99,205500,23
48281,C00919084,post_runoff,61566,61566,12.99,56634,12
48281,C00919084,pre_primary,138506,138506,20.00,138500,20
48283,C00901918,between_primary_runoff,27500,27500,0.55,0,0
48283,C00901918,post_runoff,28628,28628,0.55,0,0
48283,C00901918,pre_primary,747239,747239,2.00,0,0
48283,C00919084,between_primary_runoff,3300,3300,3.30,0,0
48283,C00919084,post_runoff,1100,1100,1.10,0,0
48283,C00919084,pre_primary,10560,10560,1.10,0,0
48285,C00369033,between_primary_runoff,26075,26075,1.01,25000,1
48285,C00369033,pre_primary,25000,25000,1.00,25000,1
48285,C00901918,between_primary_runoff,15616,15616,2.00,15616,2
48285,C00901918,post_runoff,14808,14808,2.00,14808,2
48285,C00901918,pre_primary,31900,31900,1.00,31900,1
48285,C00919084,between_primary_runoff,52314,52314,6.82,45500,5
48285,C00919084,post_runoff,129183,129183,5.82,10192,2
48285,C00919084,pre_primary,35000,35000,6.00,35000,6
48287,C00369033,between_primary_runoff,419,419,0.02,0,0
48287,C00369033,pre_primary,369,369,0.02,0,0
48287,C00901918,pre_primary,50000,50000,1.00,50000,1
48287,C00919084,between_primary_runoff,8593,8593,3.70,7500,3
48287,C00919084,post_runoff,18439,18439,4.30,7500,2
48287,C00919084,pre_primary,68792,68792,11.19,67500,11
48289,C00369033,between_primary_runoff,1,1,0.00,0,0
48289,C00901918,pre_primary,485882,485882,4.42,27500,3
48289,C00919084,between_primary_runoff,37579,37579,5.71,5000,1
48289,C00919084,post_runoff,33364,33364,3.28,500,1
48289,C00919084,pre_primary,24313,24313,3.58,5000,1
48291,C00901918,between_primary_runoff,41452,41452,7.00,41452,7
48291,C00901918,post_runoff,64323,64323,3.00,64323,3
48291,C00901918,pre_primary,38015,38015,7.00,38015,7
48291,C00919084,between_primary_runoff,71000,71000,15.00,71000,15
48291,C00919084,post_runoff,49856,49856,9.00,49856,9
48291,C00919084,pre_primary,60000,60000,2.00,60000,2
48293,C00369033,between_primary_runoff,209891,209891,3.00,10000,1
48293,C00369033,pre_primary,187849,187849,1.95,0,0
48293,C00901918,between_primary_runoff,74819,74819,3.98,65000,3
48293,C00901918,post_runoff,20820,20820,2.00,20820,2
48293,C00901918,pre_primary,51732,51732,3.17,40000,2
48293,C00919084,between_primary_runoff,34698,34698,6.81,9000,5
48293,C00919084,post_runoff,14052,14052,4.21,6000,3
48293,C00919084,pre_primary,15277,15277,0.97,0,0
48295,C00901918,between_primary_runoff,77883,77883,4.02,74000,4
48295,C00901918,post_runoff,64000,64000,4.00,64000,4
48295,C00901918,pre_primary,150000,150000,14.00,150000,14
48295,C00919084,between_primary_runoff,20000,20000,1.00,0,0
48295,C00919084,post_runoff,25657,25657,1.93,0,0
48297,C00901918,between_primary_runoff,38115,38115,6.00,0,0
48297,C00901918,post_runoff,15205,15205,3.00,0,0
48297,C00901918,pre_primary,66640,66640,11.00,0,0
48297,C00919084,between_primary_runoff,37471,37471,3.49,20000,2
48297,C00919084,post_runoff,42715,42715,3.00,42715,3
48297,C00919084,pre_primary,23149,23149,1.51,0,0
48299,C00369033,between_primary_runoff,90536,90536,4.10,0,0
48299,C00369033,pre_primary,344,344,0.01,0,0
48299,C00901918,between_primary_runoff,583346,583346,15.10,272000,11
48299,C00901918,post_runoff,238991,238991,5.82,130820,4
48299,C00901918,pre_primary,657640,657640,40.94,464480,34
48299,C00919084,between_primary_runoff,496016,496016,63.73,439797,51
48299,C00919084,post_runoff,502296,502296,50.47,465903,41
48299,C00919084,pre_primary,459386,459386,30.03,377500,21
48303,C00369033,between_primary_runoff,350000,350000,9.00,350000,9
48303,C00369033,pre_primary,705000,705000,16.00,705000,16
48303,C00901918,between_primary_runoff,729988,729988,42.00,727488,41
48303,C00901918,post_runoff,399423,399423,31.00,389423,30
48303,C00901918,pre_primary,19403144,19288788,63.98,14677192,56
48303,C00919084,between_primary_runoff,2764524,2764524,290.99,2699642,284
48303,C00919084,post_runoff,1787482,1787482,196.99,1697984,187
48303,C00919084,pre_primary,2803622,2803622,195.00,2731528,186
48305,C00369033,between_primary_runoff,61442,61442,0.61,0,0
48305,C00369033,pre_primary,61442,61442,0.61,0,0
48305,C00901918,between_primary_runoff,43300,43300,6.00,43292,6
48305,C00901918,post_runoff,27697,27697,3.00,27697,3
48305,C00901918,pre_primary,40025,40025,3.00,40000,3
48305,C00919084,between_primary_runoff,50080,50080,1.01,0,0
48305,C00919084,post_runoff,15044,15044,2.01,15000,2
48305,C00919084,pre_primary,6,6,0.00,0,0
48307,C00369033,between_primary_runoff,10000,10000,1.00,10000,1
48307,C00369033,pre_primary,10000,10000,1.00,10000,1
48307,C00901918,between_primary_runoff,7500,7500,1.00,7500,1
48307,C00901918,post_runoff,11870,11870,3.00,11870,3
48307,C00901918,pre_primary,63500,63500,5.00,63500,5
48307,C00919084,between_primary_runoff,91869,91869,2.71,10000,1
48307,C00919084,post_runoff,49203,49203,4.76,40000,3
48307,C00919084,pre_primary,79728,79728,6.11,70000,3
48309,C00369033,between_primary_runoff,396412,396412,9.90,350000,8
48309,C00369033,pre_primary,516165,516165,15.05,515000,15
48309,C00901918,between_primary_runoff,285135,285135,29.20,174353,21
48309,C00901918,post_runoff,128325,128325,11.25,96238,8
48309,C00901918,pre_primary,3528852,3528852,37.97,3328110,35
48309,C00919084,between_primary_runoff,3758221,3758221,361.03,2629748,325
48309,C00919084,post_runoff,2268307,2268307,256.44,2050612,235
48309,C00919084,pre_primary,5102770,5102770,297.78,3785096,265
48311,C00369033,pre_primary,350000,350000,1.00,0,0
48313,C00369033,between_primary_runoff,54999,54999,3.00,50000,1
48313,C00901918,post_runoff,25195,25195,0.97,0,0
48313,C00901918,pre_primary,274369,274369,1.36,25000,1
48313,C00919084,between_primary_runoff,108672,108672,5.07,106000,4
48313,C00919084,post_runoff,21781,21781,2.71,20000,2
48313,C00919084,pre_primary,116942,116942,3.42,106255,2
48315,C00369033,pre_primary,730,730,0.01,0,0
48315,C00901918,between_primary_runoff,10000,10000,2.00,10000,2
48315,C00901918,post_runoff,10000,10000,1.00,10000,1
48315,C00901918,pre_primary,657251,657251,2.87,5000,1
48315,C00919084,between_primary_runoff,15000,15000,3.00,15000,3
48315,C00919084,post_runoff,8798,8798,2.04,8000,2
48315,C00919084,pre_primary,30965,30965,7.59,10000,2
48317,C00901918,between_primary_runoff,14452,14452,2.78,0,0
48317,C00901918,post_runoff,4817,4817,0.93,0,0
48317,C00901918,pre_primary,112077,112077,17.60,0,0
48319,C00369033,pre_primary,49940,49940,1.00,0,0
48319,C00901918,pre_primary,24987,24987,1.00,0,0
48319,C00919084,between_primary_runoff,115708,115708,23.01,82000,19
48319,C00919084,post_runoff,62500,62500,11.00,42500,9
48319,C00919084,pre_primary,187334,187334,28.99,57500,15
48321,C00369033,between_primary_runoff,35000,35000,2.00,35000,2
48321,C00901918,between_primary_runoff,100508,100508,6.00,100500,6
48321,C00919084,between_primary_runoff,79885,79885,15.36,74000,13
48321,C00919084,post_runoff,70962,70962,15.79,44000,14
48321,C00919084,pre_primary,75007,75007,6.14,65194,3
48323,C00369033,pre_primary,20000,20000,2.00,20000,2
48323,C00919084,between_primary_runoff,57000,57000,9.00,47000,8
48323,C00919084,post_runoff,50866,50866,7.00,16500,5
48323,C00919084,pre_primary,50000,50000,5.00,50000,5
48325,C00369033,between_primary_runoff,1000,1000,1.00,1000,1
48325,C00369033,pre_primary,90597,90597,17.03,79000,17
48325,C00901918,between_primary_runoff,49396,49396,3.18,48500,3
48325,C00901918,post_runoff,1054,1054,0.09,0,0
48325,C00901918,pre_primary,2389,2389,0.48,0,0
48325,C00919084,between_primary_runoff,237416,237416,41.94,178000,21
48325,C00919084,post_runoff,197751,197751,30.48,70660,17
48325,C00919084,pre_primary,192049,192049,20.38,50000,5
48327,C00369033,pre_primary,39,39,0.00,0,0
48327,C00901918,between_primary_runoff,26050,26050,2.50,0,0
48327,C00901918,post_runoff,8683,8683,0.83,0,0
48327,C00901918,pre_primary,43095,43095,4.17,0,0
48327,C00919084,between_primary_runoff,8368,8368,1.67,0,0
48327,C00919084,post_runoff,16,16,0.00,0,0
48327,C00919084,pre_primary,102,102,0.01,0,0
48329,C00369033,between_primary_runoff,712500,712500,9.00,185000,6
48329,C00369033,pre_primary,500000,500000,21.00,105000,5
48329,C00901918,between_primary_runoff,1426806,826806,15.22,1405643,14
48329,C00901918,post_runoff,215467,215467,9.07,115079,8
48329,C00901918,pre_primary,17766382,16366382,66.13,10375606,53
48329,C00919084,between_primary_runoff,2503046,2503046,112.08,1839180,89
48329,C00919084,post_runoff,1114319,1114319,65.08,1098990,58
48329,C00919084,pre_primary,2094402,2094402,114.71,1705573,84
48331,C00901918,between_primary_runoff,9286,9286,1.09,7500,1
48331,C00901918,post_runoff,31267,31267,3.04,30820,3
48331,C00901918,pre_primary,108573,108573,2.22,105000,2
48331,C00919084,between_primary_runoff,127629,127629,17.35,102500,11
48331,C00919084,post_runoff,130940,130940,16.10,21323,5
48331,C00919084,pre_primary,184861,184861,8.47,182300,8
48333,C00901918,between_primary_runoff,118,118,0.03,0,0
48333,C00901918,post_runoff,10410,10410,1.00,10410,1
48333,C00901918,pre_primary,35,35,0.00,0,0
48333,C00919084,between_primary_runoff,34250,34250,4.99,0,0
48333,C00919084,post_runoff,69867,69867,3.00,50000,1
48333,C00919084,pre_primary,114,114,0.02,0,0
48335,C00901918,between_primary_runoff,5000,5000,3.00,5000,3
48335,C00901918,pre_primary,12500,12500,2.00,12500,2
48337,C00369033,between_primary_runoff,4,4,0.00,0,0
48337,C00901918,between_primary_runoff,8000,8000,1.00,8000,1
48337,C00901918,pre_primary,241972,241972,10.21,231500,10
48337,C00919084,between_primary_runoff,84683,84683,13.80,64128,9
48337,C00919084,post_runoff,33086,33086,5.70,20000,3
48337,C00919084,pre_primary,117500,117500,12.00,107500,11
48339,C00369033,between_primary_runoff,625004,625004,44.00,625004,44
48339,C00369033,pre_primary,1665800,1665800,113.00,1665800,113
48339,C00901918,between_primary_runoff,2386815,2386815,129.93,2212480,106
48339,C00901918,post_runoff,1385050,1385050,108.99,1306679,99
48339,C00901918,pre_primary,11710450,11660450,147.89,9103256,118
48339,C00919084,between_primary_runoff,11944620,11944620,840.44,11205060,800
48339,C00919084,post_runoff,6389699,6389699,535.77,6251127,518
48339,C00919084,pre_primary,10012494,10012494,680.89,9379381,658
48341,C00369033,between_primary_runoff,1,1,0.00,0,0
48341,C00369033,pre_primary,7,7,0.00,0,0
48341,C00901918,pre_primary,2185,2185,0.00,0,0
48341,C00919084,post_runoff,5000,5000,1.00,5000,1
48343,C00901918,pre_primary,1388178,1388178,1.98,0,0
48343,C00919084,between_primary_runoff,5000,5000,2.00,5000,2
48343,C00919084,post_runoff,2500,2500,1.00,2500,1
48345,C00901918,between_primary_runoff,135,135,0.00,0,0
48345,C00901918,pre_primary,308,308,0.00,0,0
48345,C00919084,between_primary_runoff,13231,13231,5.01,13000,5
48345,C00919084,post_runoff,9548,9548,4.00,9500,4
48345,C00919084,pre_primary,702,702,0.03,0,0
48347,C00369033,between_primary_runoff,50000,50000,1.00,50000,1
48347,C00369033,pre_primary,335500,335500,12.00,135500,9
48347,C00901918,between_primary_runoff,2010000,2010000,7.00,1660000,6
48347,C00901918,post_runoff,35000,35000,2.00,35000,2
48347,C00901918,pre_primary,384356,384356,2.00,20000,1
48347,C00919084,between_primary_runoff,580662,580662,73.00,546666,66
48347,C00919084,post_runoff,490753,490753,66.00,432967,58
48347,C00919084,pre_primary,368606,368606,57.00,249731,43
48349,C00369033,between_primary_runoff,10018,10018,1.01,10000,1
48349,C00369033,pre_primary,85259,85259,16.10,85000,16
48349,C00901918,between_primary_runoff,360254,360254,2.00,100000,1
48349,C00901918,post_runoff,250,250,1.00,0,0
48349,C00901918,pre_primary,565251,565251,2.99,520508,1
48349,C00919084,between_primary_runoff,121301,121301,17.10,114000,16
48349,C00919084,post_runoff,197594,197594,13.01,177542,11
48349,C00919084,pre_primary,127500,127500,18.00,127500,18
48351,C00901918,between_primary_runoff,34922,34922,1.99,25000,1
48351,C00901918,pre_primary,75000,50000,3.00,75000,3
48351,C00919084,between_primary_runoff,18197,18197,7.12,17000,7
48351,C00919084,post_runoff,10599,10599,3.06,10000,3
48351,C00919084,pre_primary,58599,58599,5.06,58000,5
48353,C00369033,pre_primary,30000,30000,6.00,30000,6
48353,C00901918,between_primary_runoff,110000,110000,1.00,110000,1
48353,C00901918,post_runoff,4000,4000,1.00,4000,1
48353,C00901918,pre_primary,10000,10000,1.00,10000,1
48353,C00919084,between_primary_runoff,35500,35500,8.00,35500,8
48353,C00919084,post_runoff,64888,64888,10.00,64888,10
48353,C00919084,pre_primary,72170,72170,14.97,48000,14
48355,C00369033,between_primary_runoff,1159100,1159100,11.00,159100,6
48355,C00369033,pre_primary,381600,381600,39.00,371600,38
48355,C00901918,between_primary_runoff,2682671,2682671,51.00,1804171,36
48355,C00901918,post_runoff,466335,466335,23.00,228225,17
48355,C00901918,pre_primary,602460,602460,26.00,462460,22
48355,C00919084,between_primary_runoff,1816383,1816383,257.38,1770990,250
48355,C00919084,post_runoff,3222351,3222351,181.00,3168851,173
48355,C00919084,pre_primary,5237338,5237338,144.25,4699828,138
48357,C00369033,pre_primary,25000,25000,1.00,25000,1
48357,C00901918,between_primary_runoff,25000,25000,1.00,25000,1
48357,C00901918,pre_primary,50000,50000,2.00,50000,2
48357,C00919084,between_primary_runoff,5000,5000,2.00,5000,2
48357,C00919084,post_runoff,4386,4386,1.08,2500,1
48359,C00919084,between_primary_runoff,25000,25000,1.00,0,0
48359,C00919084,post_runoff,10000,10000,1.00,0,0
48361,C00369033,pre_primary,70000,70000,4.00,70000,4
48361,C00901918,between_primary_runoff,128320,128320,8.00,128320,8
48361,C00901918,post_runoff,32500,32500,2.00,32500,2
48361,C00901918,pre_primary,234551,234551,13.00,234551,13
48361,C00919084,between_primary_runoff,144600,144600,28.00,139100,26
48361,C00919084,post_runoff,81600,81600,17.00,74600,13
48361,C00919084,pre_primary,164000,164000,14.00,164000,14
48363,C00369033,between_primary_runoff,25000,25000,1.00,25000,1
48363,C00901918,between_primary_runoff,268658,268658,2.04,268254,2
48363,C00901918,post_runoff,8000,8000,1.00,8000,1
48363,C00901918,pre_primary,12844,12844,1.08,8000,1
48363,C00919084,between_primary_runoff,42999,42999,12.72,29400,10
48363,C00919084,post_runoff,102905,102905,9.81,91573,8
48363,C00919084,pre_primary,153212,153212,15.61,102500,2
48365,C00901918,between_primary_runoff,34037,34037,6.00,34037,6
48365,C00901918,post_runoff,5000,5000,1.00,5000,1
48365,C00919084,between_primary_runoff,27475,27475,8.00,27466,8
48365,C00919084,post_runoff,128481,128481,9.20,77042,7
48365,C00919084,pre_primary,10000,10000,2.00,10000,2
48367,C00369033,between_primary_runoff,750000,750000,3.00,750000,3
48367,C00369033,pre_primary,100020,100020,3.00,50020,2
48367,C00901918,between_primary_runoff,503703,503703,64.75,489022,60
48367,C00901918,post_runoff,427403,427403,41.57,400325,37
48367,C00901918,pre_primary,2084692,2084692,104.09,662275,102
48367,C00919084,between_primary_runoff,1561906,1561906,185.03,1534282,183
48367,C00919084,post_runoff,1028161,1028161,116.83,1004531,114
48367,C00919084,pre_primary,945027,945027,125.83,827876,121
48369,C00369033,pre_primary,50000,50000,1.00,50000,1
48369,C00901918,between_primary_runoff,258204,258204,3.00,258204,3
48369,C00901918,post_runoff,20820,20820,2.00,20820,2
48369,C00919084,between_primary_runoff,15000,15000,2.00,15000,2
48371,C00369033,pre_primary,40,40,0.00,0,0
48371,C00901918,between_primary_runoff,30000,30000,3.00,30000,3
48371,C00901918,post_runoff,10000,10000,1.00,10000,1
48371,C00901918,pre_primary,20820,20820,2.00,20820,2
48373,C00901918,between_primary_runoff,202665,202665,12.00,202665,12
48373,C00901918,post_runoff,15000,5000,3.00,15000,3
48373,C00901918,pre_primary,135820,135820,22.00,85000,17
48373,C00919084,between_primary_runoff,1107800,1107800,55.00,1102800,52
48373,C00919084,post_runoff,172747,172747,34.00,168747,32
48373,C00919084,pre_primary,1014735,1014735,61.00,1014735,61
48375,C00369033,between_primary_runoff,480366,480366,5.03,130250,4
48375,C00369033,pre_primary,635000,635000,9.00,285000,8
48375,C00901918,between_primary_runoff,148127,148127,6.00,148127,6
48375,C00901918,post_runoff,47500,47500,4.00,47500,4
48375,C00901918,pre_primary,865153,865153,12.00,365153,11
48375,C00919084,between_primary_runoff,850695,850695,87.05,795530,81
48375,C00919084,post_runoff,802302,802302,67.01,774269,63
48375,C00919084,pre_primary,1074238,1074238,94.00,1014238,87
48377,C00919084,between_primary_runoff,119801,119801,13.00,111101,8
48377,C00919084,post_runoff,123100,123100,5.00,20000,2
48377,C00919084,pre_primary,170538,170538,14.00,66000,6
48379,C00369033,between_primary_runoff,1500,1500,1.00,1500,1
48379,C00369033,pre_primary,55356,55356,27.65,21000,14
48379,C00901918,post_runoff,15307,15307,0.98,0,0
48379,C00901918,pre_primary,12678,12678,1.95,0,0
48379,C00919084,between_primary_runoff,23,23,0.02,0,0
48379,C00919084,post_runoff,33,33,0.03,0,0
48379,C00919084,pre_primary,3293,3293,0.26,0,0
48381,C00369033,between_primary_runoff,286000,286000,5.00,286000,5
48381,C00369033,pre_primary,485000,485000,10.00,485000,10
48381,C00901918,between_primary_runoff,334919,334919,21.00,329919,20
48381,C00901918,post_runoff,397903,397903,18.00,392903,17
48381,C00901918,pre_primary,2569829,2569829,32.02,2413368,30
48381,C00919084,between_primary_runoff,1721843,1721843,247.04,1677215,235
48381,C00919084,post_runoff,1529879,1529879,161.00,1117379,155
48381,C00919084,pre_primary,1763591,1763591,203.00,1662541,187
48383,C00901918,between_primary_runoff,25000,25000,1.00,25000,1
48383,C00901918,pre_primary,27847,27847,1.06,25000,1
48383,C00919084,post_runoff,21551,21551,1.00,0,0
48385,C00919084,between_primary_runoff,21688,21688,3.74,15000,3
48385,C00919084,post_runoff,5810,5810,2.16,5000,2
48385,C00919084,pre_primary,37434,37434,8.31,25000,7
48387,C00901918,between_primary_runoff,10410,10410,1.00,10410,1
48387,C00901918,post_runoff,10000,10000,1.00,10000,1
48387,C00901918,pre_primary,15000,15000,1.00,0,0
48387,C00919084,between_primary_runoff,12937,12937,5.00,3700,3
48387,C00919084,post_runoff,13287,13287,5.02,5600,3
48389,C00369033,pre_primary,110000,110000,2.00,100000,1
48389,C00901918,between_primary_runoff,30000,30000,1.00,30000,1
48389,C00901918,pre_primary,20000,20000,1.00,20000,1
48389,C00919084,between_primary_runoff,8000,8000,5.00,0,0
48389,C00919084,post_runoff,6000,6000,3.00,0,0
48389,C00919084,pre_primary,5000,5000,5.00,0,0
48391,C00901918,between_primary_runoff,10000,10000,1.00,0,0
48391,C00901918,pre_primary,7500,7500,1.00,0,0
48391,C00919084,between_primary_runoff,10000,10000,2.00,0,0
48391,C00919084,post_runoff,5000,5000,1.00,0,0
48395,C00901918,between_primary_runoff,10000,10000,1.00,10000,1
48395,C00901918,pre_primary,26025,26025,1.00,26025,1
48395,C00919084,between_primary_runoff,86500,86500,17.00,66500,15
48395,C00919084,post_runoff,79456,79456,7.01,79101,7
48395,C00919084,pre_primary,124000,124000,19.00,114000,18
48397,C00369033,between_primary_runoff,505000,505000,5.00,505000,5
48397,C00369033,pre_primary,100000,100000,1.00,100000,1
48397,C00901918,between_primary_runoff,262679,262679,29.00,262679,29
48397,C00901918,post_runoff,171654,171654,10.00,171654,10
48397,C00901918,pre_primary,1608418,1608418,43.62,1577365,43
48397,C00919084,between_primary_runoff,1443566,1443566,129.18,1427401,126
48397,C00919084,post_runoff,1384352,1384352,96.89,1370162,95
48397,C00919084,pre_primary,1355523,1355523,132.91,1347705,131
48399,C00369033,between_primary_runoff,12141,12141,1.21,10000,1
48399,C00369033,pre_primary,51338,51338,13.54,20000,1
48399,C00901918,pre_primary,32215,32215,2.00,0,0
48401,C00901918,between_primary_runoff,138668,138668,5.23,137500,5
48401,C00901918,post_runoff,175000,175000,3.00,175000,3
48401,C00901918,pre_primary,58940,58940,4.23,57500,4
48401,C00919084,between_primary_runoff,171895,171895,37.00,169401,36
48401,C00919084,post_runoff,179013,179013,29.76,152791,25
48401,C00919084,pre_primary,213757,213757,28.00,213755,28
48403,C00901918,between_primary_runoff,8176,8176,1.04,7808,1
48403,C00901918,pre_primary,352576,352576,1.11,350000,1
48403,C00919084,between_primary_runoff,15487,15487,2.19,15000,2
48403,C00919084,post_runoff,55243,55243,2.10,55000,2
48405,C00369033,between_primary_runoff,3246,3246,0.09,0,0
48405,C00901918,between_primary_runoff,37632,37632,2.96,28000,2
48405,C00901918,post_runoff,5000,5000,1.00,5000,1
48405,C00901918,pre_primary,81424,81424,3.89,14000,1
48405,C00919084,between_primary_runoff,20004,20004,5.00,20000,5
48405,C00919084,post_runoff,18514,18514,5.00,18500,5
48405,C00919084,pre_primary,25,25,0.00,0,0
48407,C00901918,between_primary_runoff,25038,25038,3.10,24000,3
48407,C00901918,post_runoff,10000,10000,1.00,10000,1
48407,C00901918,pre_primary,7000,7000,1.00,7000,1
48407,C00919084,between_primary_runoff,35002,35002,3.00,35000,3
48407,C00919084,post_runoff,40007,40007,4.00,40000,4
48409,C00369033,between_primary_runoff,50000,50000,1.00,50000,1
48409,C00369033,pre_primary,60000,60000,2.00,50000,1
48409,C00901918,between_primary_runoff,132425,132425,14.00,122425,13
48409,C00901918,post_runoff,57525,57525,6.00,36705,4
48409,C00901918,pre_primary,165780,165780,21.00,130780,17
48409,C00919084,between_primary_runoff,600697,600697,25.27,193500,18
48409,C00919084,post_runoff,170125,170125,9.00,70125,8
48409,C00919084,pre_primary,911718,911718,27.36,142000,7
48411,C00901918,between_primary_runoff,5206,5206,2.00,5206,2
48411,C00901918,post_runoff,32603,32603,2.00,2603,1
48411,C00919084,between_primary_runoff,26371,26371,3.31,0,0
48411,C00919084,post_runoff,28917,28917,4.26,0,0
48411,C00919084,pre_primary,2772,2772,0.89,0,0
48413,C00901918,post_runoff,43,43,0.00,0,0
48413,C00919084,between_primary_runoff,10372,10372,1.15,0,0
48413,C00919084,post_runoff,186,186,0.07,0,0
48413,C00919084,pre_primary,1860,1860,0.15,0,0
48415,C00901918,between_primary_runoff,117350,117350,3.65,104102,1
48415,C00901918,post_runoff,2650,2650,0.88,0,0
48415,C00901918,pre_primary,30299,30299,2.77,25000,1
48415,C00919084,post_runoff,10000,10000,1.00,10000,1
48417,C00369033,pre_primary,10000,10000,1.00,10000,1
48417,C00901918,between_primary_runoff,25536,25536,2.99,0,0
48417,C00901918,post_runoff,4358,4358,1.00,0,0
48417,C00919084,between_primary_runoff,34953,34953,4.00,20000,2
48417,C00919084,post_runoff,16964,16964,1.00,0,0
48417,C00919084,pre_primary,49844,49844,1.00,0,0
48419,C00369033,between_primary_runoff,321754,321754,9.91,100000,4
48419,C00369033,pre_primary,100000,100000,1.00,100000,1
48419,C00901918,between_primary_runoff,46230,46230,4.00,46230,4
48419,C00901918,pre_primary,15000,15000,1.00,15000,1
48419,C00919084,between_primary_runoff,58065,58065,9.00,58065,9
48419,C00919084,post_runoff,47400,47400,6.00,47400,6
48419,C00919084,pre_primary,100800,100800,15.00,100800,15
48421,C00369033,between_primary_runoff,1,1,0.00,0,0
48421,C00369033,pre_primary,7,7,0.00,0,0
48423,C00369033,between_primary_runoff,425000,425000,10.00,425000,10
48423,C00369033,pre_primary,1540000,1540000,30.00,1255000,25
48423,C00901918,between_primary_runoff,431761,431761,36.10,430771,36
48423,C00901918,post_runoff,597951,597951,32.97,578855,32
48423,C00901918,pre_primary,9376632,7976632,56.68,8982700,56
48423,C00919084,between_primary_runoff,2449711,2449711,254.68,2352072,235
48423,C00919084,post_runoff,1975506,1975506,173.68,1914235,162
48423,C00919084,pre_primary,2865675,2865675,207.11,2734858,200
48425,C00369033,between_primary_runoff,19914,19914,0.17,0,0
48425,C00369033,pre_primary,2845,2845,0.06,0,0
48425,C00901918,between_primary_runoff,60831,60831,3.01,60410,3
48425,C00901918,post_runoff,55342,55342,2.01,55205,2
48425,C00901918,pre_primary,16036,16036,3.01,15615,3
48425,C00919084,between_primary_runoff,59488,59488,15.94,51900,14
48425,C00919084,post_runoff,19372,19372,6.33,18000,6
48425,C00919084,pre_primary,10510,10510,3.40,9526,3
48427,C00369033,between_primary_runoff,49787,0,1.99,0,0
48427,C00369033,pre_primary,351982,351982,1.29,350000,1
48427,C00919084,between_primary_runoff,25000,25000,3.00,25000,3
48427,C00919084,post_runoff,5000,5000,1.00,5000,1
48427,C00919084,pre_primary,405000,405000,6.00,405000,6
48429,C00369033,pre_primary,24957,24957,1.00,0,0
48429,C00901918,between_primary_runoff,39881,39881,7.00,0,0
48429,C00901918,post_runoff,23165,23165,2.99,0,0
48429,C00901918,pre_primary,53904,53904,4.05,0,0
48429,C00919084,between_primary_runoff,6016,6016,3.00,6000,3
48429,C00919084,post_runoff,2018,2018,1.00,2000,1
48429,C00919084,pre_primary,2052,2052,1.00,2000,1
48433,C00919084,between_primary_runoff,3000,3000,1.00,3000,1
48433,C00919084,post_runoff,8000,8000,2.00,8000,2
48435,C00369033,pre_primary,24,24,0.00,0,0
48435,C00901918,post_runoff,74872,74872,2.00,0,0
48435,C00919084,between_primary_runoff,24000,24000,2.00,24000,2
48435,C00919084,post_runoff,14542,14542,3.00,14542,3
48435,C00919084,pre_primary,35000,35000,4.00,35000,4
48437,C00901918,post_runoff,10000,10000,1.00,10000,1
48437,C00919084,pre_primary,50000,50000,1.00,50000,1
48439,C00369033,between_primary_runoff,1922500,1922500,58.00,1837500,55
48439,C00369033,pre_primary,5564517,5564517,158.77,4785575,152
48439,C00901918,between_primary_runoff,4778601,4778601,310.30,4543913,280
48439,C00901918,post_runoff,2805817,2705817,160.92,2716194,149
48439,C00901918,pre_primary,30610651,29812068,408.17,29134909,365
48439,C00919084,between_primary_runoff,27258246,27258246,2650.91,26001167,2574
48439,C00919084,post_runoff,15254173,15254173,1704.40,14657544,1660
48439,C00919084,pre_primary,25533791,25533791,1992.41,24368541,1947
48441,C00369033,between_primary_runoff,570000,570000,8.00,320000,7
48441,C00369033,pre_primary,370000,370000,8.00,370000,8
48441,C00901918,between_primary_runoff,691301,691301,35.91,668041,31
48441,C00901918,post_runoff,283019,283019,15.00,283019,15
48441,C00901918,pre_primary,2083458,2083458,72.98,1363873,70
48441,C00919084,between_primary_runoff,1615515,1615515,119.00,1183401,108
48441,C00919084,post_runoff,500610,500610,94.00,413110,85
48441,C00919084,pre_primary,990161,990161,90.00,880161,76
48445,C00901918,between_primary_runoff,19992,19992,1.00,0,0
48445,C00919084,between_primary_runoff,38,38,0.00,0,0
48447,C00369033,pre_primary,350000,350000,1.00,0,0
48447,C00901918,between_primary_runoff,53,53,0.01,0,0
48447,C00901918,post_runoff,9,9,0.00,0,0
48447,C00919084,between_primary_runoff,17531,17531,5.00,17500,5
48447,C00919084,post_runoff,5035,5035,1.00,5000,1
48447,C00919084,pre_primary,30104,30104,6.00,30000,6
48449,C00901918,pre_primary,2109117,2109117,3.98,0,0
48449,C00919084,between_primary_runoff,155000,155000,7.00,155000,7
48449,C00919084,post_runoff,62023,62023,6.00,62023,6
48449,C00919084,pre_primary,25000,25000,3.00,25000,3
48451,C00369033,between_primary_runoff,347500,347500,8.00,297500,7
48451,C00369033,pre_primary,497500,497500,25.00,397500,24
48451,C00901918,between_primary_runoff,266341,266341,15.00,256341,14
48451,C00901918,post_runoff,150000,150000,3.00,150000,3
48451,C00901918,pre_primary,448691,448691,26.00,423691,25
48451,C00919084,between_primary_runoff,994128,994128,180.85,977000,176
48451,C00919084,post_runoff,738293,738293,95.93,635979,94
48451,C00919084,pre_primary,1819611,1819611,191.85,1607486,182
48453,C00369033,between_primary_runoff,6391862,6391862,95.33,6260430,91
48453,C00369033,pre_primary,17089547,17089547,225.34,16490281,207
48453,C00901918,between_primary_runoff,6048735,5534379,134.54,5925469,118
48453,C00901918,post_runoff,4033874,3990806,125.33,3119024,112
48453,C00901918,pre_primary,44291705,42191705,229.91,42913031,201
48453,C00919084,between_primary_runoff,136497960,136497960,9082.40,132452722,8812
48453,C00919084,post_runoff,67029602,67029602,5485.55,64839446,5322
48453,C00919084,pre_primary,182191430,182156430,8582.46,175914573,8317
48455,C00901918,between_primary_runoff,428,428,0.08,0,0
48455,C00901918,post_runoff,209,209,0.08,0,0
48455,C00901918,pre_primary,16724,16724,0.08,0,0
48455,C00919084,between_primary_runoff,9697,9697,0.97,0,0
48455,C00919084,post_runoff,39091,39091,2.94,10000,1
48457,C00901918,between_primary_runoff,57820,57820,5.00,57820,5
48457,C00901918,post_runoff,7000,7000,1.00,7000,1
48457,C00901918,pre_primary,80205,80205,6.00,80205,6
48457,C00919084,between_primary_runoff,10000,10000,2.00,0,0
48459,C00369033,pre_primary,127188,127188,2.77,50015,2
48459,C00901918,between_primary_runoff,30410,30410,3.00,30410,3
48459,C00901918,post_runoff,10000,10000,1.00,10000,1
48459,C00901918,pre_primary,748922,748922,6.39,40000,4
48459,C00919084,between_primary_runoff,116677,116677,14.22,68000,10
48459,C00919084,post_runoff,87477,87477,7.07,82026,6
48459,C00919084,pre_primary,63429,63429,9.31,35000,5
48463,C00919084,between_primary_runoff,282400,282400,14.99,242500,11
48463,C00919084,post_runoff,59482,59482,10.99,49008,9
48463,C00919084,pre_primary,342406,342406,19.99,305000,15
48465,C00369033,pre_primary,10000,10000,1.00,0,0
48465,C00901918,post_runoff,85,85,0.00,0,0
48465,C00919084,between_primary_runoff,115500,115500,6.00,112500,5
48465,C00919084,post_runoff,44500,44500,5.00,39500,4
48465,C00919084,pre_primary,58000,58000,3.00,58000,3
48467,C00901918,between_primary_runoff,64553,64553,3.00,64551,3
48467,C00901918,post_runoff,67500,67500,6.00,67500,6
48467,C00901918,pre_primary,181324,181324,1.81,100000,1
48467,C00919084,between_primary_runoff,350145,350145,36.61,296601,29
48467,C00919084,post_runoff,190546,190546,17.08,70035,11
48467,C00919084,pre_primary,244885,244885,25.92,181744,19
48469,C00369033,between_primary_runoff,50000,50000,1.00,50000,1
48469,C00369033,pre_primary,40000,40000,2.00,40000,2
48469,C00901918,between_primary_runoff,119038,119038,11.00,119038,11
48469,C00901918,post_runoff,60410,60410,6.00,60410,6
48469,C00901918,pre_primary,179730,179730,16.00,179730,16
48469,C00919084,between_primary_runoff,1082632,1082632,92.01,1067589,90
48469,C00919084,post_runoff,110588,110588,32.01,108042,31
48469,C00919084,pre_primary,872112,872112,92.01,867042,91
48471,C00369033,between_primary_runoff,40000,40000,1.00,40000,1
48471,C00901918,between_primary_runoff,316596,316596,14.90,241584,9
48471,C00901918,post_runoff,37066,37066,9.00,14993,6
48471,C00901918,pre_primary,1518097,1518097,20.00,1437411,17
48471,C00919084,between_primary_runoff,331563,331563,36.03,272609,25
48471,C00919084,post_runoff,296742,296742,30.06,270876,25
48471,C00919084,pre_primary,238064,238064,15.00,223000,13
48473,C00369033,between_primary_runoff,368,368,0.00,0,0
48473,C00369033,pre_primary,25000,25000,1.00,25000,1
48473,C00901918,between_primary_runoff,91440,91440,14.74,89156,14
48473,C00901918,post_runoff,88648,88648,9.00,88648,9
48473,C00901918,pre_primary,131928,131928,16.18,131644,16
48473,C00919084,between_primary_runoff,202741,202741,30.62,177168,29
48473,C00919084,post_runoff,198946,198946,17.05,179632,15
48473,C00919084,pre_primary,484743,484743,44.36,482738,44
48475,C00901918,post_runoff,26025,26025,1.00,26025,1
48477,C00369033,between_primary_runoff,85140,85140,3.00,85000,3
48477,C00369033,pre_primary,156000,156000,11.00,156000,11
48477,C00901918,between_primary_runoff,380082,380082,12.83,122984,9
48477,C00901918,post_runoff,93924,93924,6.91,91089,6
48477,C00901918,pre_primary,428588,419509,12.67,391640,8
48477,C00919084,between_primary_runoff,398710,398710,41.43,374266,40
48477,C00919084,post_runoff,499931,499931,52.43,495655,52
48477,C00919084,pre_primary,324400,324400,26.97,177200,25
48479,C00369033,between_primary_runoff,110000,109944,2.00,10000,1
48479,C00369033,pre_primary,680056,680056,9.00,580056,8
48479,C00901918,between_primary_runoff,53525,53525,2.45,5000,1
48479,C00901918,post_runoff,28423,28423,1.45,5000,1
48479,C00901918,pre_primary,1063151,1063151,5.00,1011100,4
48479,C00919084,between_primary_runoff,375427,375427,82.70,352727,78
48479,C00919084,post_runoff,273164,273164,53.90,222600,48
48479,C00919084,pre_primary,544277,544277,76.90,535637,76
48481,C00369033,between_primary_runoff,55000,55000,2.00,55000,2
48481,C00369033,pre_primary,2915,2915,1.17,0,0
48481,C00901918,between_primary_runoff,148815,148815,11.39,53542,6
48481,C00901918,post_runoff,47839,47839,9.10,41623,8
48481,C00901918,pre_primary,62651,62651,10.10,20000,2
48481,C00919084,between_primary_runoff,124225,124225,14.00,84225,7
48481,C00919084,post_runoff,42321,42321,8.00,17321,4
48481,C00919084,pre_primary,146259,146259,16.00,40000,5
48483,C00901918,between_primary_runoff,685,685,0.00,0,0
48483,C00919084,post_runoff,8,8,0.00,0,0
48485,C00369033,between_primary_runoff,450640,450640,8.90,320000,7
48485,C00369033,pre_primary,159501,159501,2.95,150000,2
48485,C00901918,between_primary_runoff,453407,453407,41.00,453407,41
48485,C00901918,post_runoff,77430,77430,25.00,77430,25
48485,C00901918,pre_primary,1960260,1960260,42.00,1960260,42
48485,C00919084,between_primary_runoff,687533,687533,116.85,636227,114
48485,C00919084,post_runoff,614165,614165,80.95,612265,80
48485,C00919084,pre_primary,986300,986300,100.00,986300,100
48487,C00369033,between_primary_runoff,5000,5000,2.00,5000,2
48487,C00369033,pre_primary,7500,7500,3.00,7500,3
48487,C00919084,between_primary_runoff,30000,30000,3.00,30000,3
48487,C00919084,pre_primary,15000,15000,3.00,15000,3
48489,C00369033,pre_primary,100000,100000,1.00,100000,1
48489,C00919084,between_primary_runoff,45502,45502,12.00,43000,11
48489,C00919084,post_runoff,74001,74001,9.00,69000,7
48489,C00919084,pre_primary,8502,8502,5.00,8500,5
48491,C00369033,between_primary_runoff,1043907,1043907,100.06,967494,98
48491,C00369033,pre_primary,1782024,1782024,70.06,1555780,65
48491,C00901918,between_primary_runoff,1469341,1469341,185.75,1387382,176
48491,C00901918,post_runoff,802333,802333,182.84,772709,178
48491,C00901918,pre_primary,4597818,4597818,105.34,4576257,102
48491,C00919084,between_primary_runoff,21285570,21285570,2636.36,20019182,2515
48491,C00919084,post_runoff,14706515,14706515,1731.82,14239633,1668
48491,C00919084,pre_primary,24378840,24378840,2293.17,23061476,2202
48493,C00369033,between_primary_runoff,25000,25000,1.00,25000,1
48493,C00369033,pre_primary,100000,100000,1.00,0,0
48493,C00901918,between_primary_runoff,68308,68308,8.01,68218,8
48493,C00901918,post_runoff,9475,9475,3.00,9475,3
48493,C00901918,pre_primary,101219,101219,9.01,101141,9
48493,C00919084,between_primary_runoff,257194,257194,49.24,254000,48
48493,C00919084,post_runoff,293677,293677,34.81,261967,33
48493,C00919084,pre_primary,235668,235668,19.00,235668,19
48495,C00901918,pre_primary,13013,13013,1.00,13013,1
48497,C00369033,between_primary_runoff,9856,9856,0.99,0,0
48497,C00901918,between_primary_runoff,43503,43503,12.11,43240,12
48497,C00901918,post_runoff,12850,12850,4.42,10030,4
48497,C00901918,pre_primary,1537768,1537768,18.00,1537768,18
48497,C00919084,between_primary_runoff,1827365,1827365,45.97,1334526,44
48497,C00919084,post_runoff,287723,287723,27.00,287693,27
48497,C00919084,pre_primary,206800,206800,36.00,206800,36
48499,C00369033,pre_primary,23385,23385,1.26,0,0
48499,C00901918,between_primary_runoff,207039,207039,23.90,198031,23
48499,C00901918,post_runoff,196942,196942,10.93,178556,10
48499,C00901918,pre_primary,258368,258368,28.05,258033,28
48499,C00919084,between_primary_runoff,227426,227426,39.30,179500,24
48499,C00919084,post_runoff,306807,306807,27.91,182057,17
48499,C00919084,pre_primary,343735,343735,23.90,304251,18
48503,C00369033,pre_primary,43,43,0.00,0,0
48503,C00901918,between_primary_runoff,40581,40581,2.96,31041,2
48503,C00901918,post_runoff,40,40,0.01,0,0
48503,C00901918,pre_primary,113706,113706,1.91,0,0
48503,C00919084,between_primary_runoff,20500,20500,4.00,20500,4
48503,C00919084,post_runoff,5000,5000,1.00,5000,1
48503,C00919084,pre_primary,24925,24925,1.00,0,0
48505,C00369033,between_primary_runoff,213,0,0.01,0,0
48505,C00901918,pre_primary,91,91,0.00,0,0
48505,C00919084,between_primary_runoff,5000,5000,2.00,0,0
48505,C00919084,post_runoff,38062,38062,3.00,5562,1
48507,C00901918,post_runoff,500000,500000,1.00,0,0
48507,C00901918,pre_primary,50949,50949,0.98,0,0
48507,C00919084,between_primary_runoff,2,2,0.00,0,0
48507,C00919084,post_runoff,4,4,0.00,0,0
48507,C00919084,pre_primary,3,3,0.00,0,0
49005,C00919084,between_primary_runoff,15000,15000,5.00,15000,5
49005,C00919084,post_runoff,13000,13000,3.00,13000,3
49005,C00919084,pre_primary,7500,7500,3.00,7500,3
49011,C00369033,pre_primary,50000,50000,1.00,50000,1
49011,C00901918,pre_primary,230000,230000,5.00,230000,5
49011,C00919084,between_primary_runoff,175000,175000,12.00,165000,10
49011,C00919084,post_runoff,113594,113594,12.00,103594,11
49011,C00919084,pre_primary,100000,100000,5.00,50000,4
49019,C00919084,between_primary_runoff,28795,28795,2.95,5000,2
49019,C00919084,post_runoff,2500,2500,1.00,2500,1
49021,C00919084,between_primary_runoff,25000,25000,1.00,25000,1
49021,C00919084,post_runoff,2496,2496,0.08,0,0
49021,C00919084,pre_primary,125000,125000,2.00,125000,2
49029,C00919084,post_runoff,1,1,0.00,0,0
49029,C00919084,pre_primary,40000,40000,8.00,40000,8
49035,C00369033,between_primary_runoff,50000,50000,1.00,50000,1
49035,C00901918,between_primary_runoff,69764,69764,8.00,66641,7
49035,C00901918,pre_primary,6099954,6099954,21.00,5999954,20
49035,C00919084,between_primary_runoff,1067863,1067863,118.84,1019500,114
49035,C00919084,post_runoff,1593949,1593949,96.89,1150041,91
49035,C00919084,pre_primary,1222725,1222725,47.89,1146000,44
49037,C00919084,between_primary_runoff,1205,1205,0.05,0,0
49039,C00901918,post_runoff,5000,5000,2.00,5000,2
49039,C00919084,between_primary_runoff,50000,50000,2.00,50000,2
49043,C00369033,between_primary_runoff,536246,536246,1.96,200000,1
49043,C00369033,pre_primary,500000,500000,1.00,500000,1
49043,C00901918,pre_primary,369214,369214,1.96,0,0
49043,C00919084,between_primary_runoff,509000,509000,12.00,159000,11
49043,C00919084,post_runoff,434321,434321,14.35,420000,11
49043,C00919084,pre_primary,440000,440000,17.00,440000,17
49049,C00369033,between_primary_runoff,50000,50000,1.00,50000,1
49049,C00369033,pre_primary,52000,52000,5.00,2000,4
49049,C00901918,pre_primary,3050000,3050000,6.00,2900000,4
49049,C00919084,between_primary_runoff,195337,195337,24.16,170000,20
49049,C00919084,post_runoff,154092,154092,12.11,153000,12
49049,C00919084,pre_primary,436275,436275,19.11,433000,19
49051,C00369033,between_primary_runoff,38754,38754,1.04,25000,1
49051,C00901918,pre_primary,786,786,0.04,0,0
49051,C00919084,between_primary_runoff,76500,76500,6.00,76500,6
49051,C00919084,post_runoff,32678,32678,5.65,26500,5
49051,C00919084,pre_primary,90000,90000,5.00,40000,4
49053,C00901918,post_runoff,45000,45000,3.00,45000,3
49053,C00919084,between_primary_runoff,106000,106000,3.00,100000,1
49053,C00919084,post_runoff,60600,60600,4.92,0,0
49057,C00901918,between_primary_runoff,25000,25000,1.00,25000,1
49057,C00901918,post_runoff,15000,15000,1.00,15000,1
49057,C00919084,between_primary_runoff,158000,158000,7.00,158000,7
49057,C00919084,post_runoff,67500,67500,14.00,44500,8
49057,C00919084,pre_primary,100000,100000,6.00,50000,5
50001,C00919084,between_primary_runoff,28037,28037,5.21,27500,5
50001,C00919084,post_runoff,210500,210500,12.00,110500,11
50001,C00919084,pre_primary,54831,54831,1.86,0,0
50003,C00919084,between_primary_runoff,58960,58960,9.99,39000,6
50003,C00919084,post_runoff,33920,33920,4.99,4000,3
50003,C00919084,pre_primary,184934,184934,14.99,145000,8
50005,C00919084,between_primary_runoff,94927,94927,11.00,94927,11
50005,C00919084,post_runoff,49696,49696,13.00,41196,10
50007,C00919084,between_primary_runoff,897910,897910,41.99,863000,38
50007,C00919084,post_runoff,509967,509967,32.00,509967,32
50007,C00919084,pre_primary,707500,707500,20.00,697500,19
50009,C00919084,between_primary_runoff,5000,5000,1.00,5000,1
50009,C00919084,post_runoff,10000,10000,1.00,10000,1
50011,C00901918,between_primary_runoff,5000,5000,1.00,5000,1
50011,C00919084,pre_primary,40000,40000,2.00,40000,2
50013,C00919084,between_primary_runoff,55000,55000,11.00,27500,7
50013,C00919084,post_runoff,24000,24000,9.00,11500,5
50013,C00919084,pre_primary,3000,3000,6.00,3000,6
50015,C00369033,pre_primary,50000,50000,1.00,50000,1
50015,C00919084,between_primary_runoff,60090,60090,6.01,60000,6
50015,C00919084,post_runoff,170000,170000,4.00,170000,4
50015,C00919084,pre_primary,52500,52500,6.00,52500,6
50017,C00919084,between_primary_runoff,109800,109800,5.00,109800,5
50017,C00919084,post_runoff,32000,32000,5.00,2000,2
50017,C00919084,pre_primary,30000,30000,2.00,30000,2
50021,C00919084,between_primary_runoff,52003,52003,7.80,50000,7
50021,C00919084,post_runoff,2580,2580,1.01,2500,1
50021,C00919084,pre_primary,35235,35235,8.15,17500,5
50023,C00919084,between_primary_runoff,181500,181500,31.00,151500,28
50023,C00919084,post_runoff,201500,201500,27.00,181500,26
50023,C00919084,pre_primary,249400,249400,39.00,239400,38
50025,C00919084,between_primary_runoff,54900,54900,17.00,54900,17
50025,C00919084,post_runoff,128049,128049,11.00,128049,11
50025,C00919084,pre_primary,229000,229000,13.00,229000,13
50027,C00919084,between_primary_runoff,445500,445500,19.00,445500,19
50027,C00919084,post_runoff,441796,441796,15.00,329296,12
50027,C00919084,pre_primary,145081,145081,14.00,120081,13
51001,C00919084,between_primary_runoff,5000,5000,4.00,5000,4
51001,C00919084,post_runoff,35500,35500,4.00,35500,4
51003,C00369033,between_primary_runoff,362672,362672,1.89,50000,1
51003,C00369033,pre_primary,665345,665345,1.89,40000,1
51003,C00901918,pre_primary,57255,57255,2.00,57255,2
51003,C00919084,between_primary_runoff,365772,365772,56.86,326400,55
51003,C00919084,post_runoff,569456,569456,38.33,508620,35
51003,C00919084,pre_primary,1094911,1094911,50.33,1078200,50
51009,C00919084,post_runoff,50000,50000,2.00,50000,2
51009,C00919084,pre_primary,3935,3935,0.08,0,0
51011,C00901918,between_primary_runoff,2312,2312,0.46,0,0
51013,C00369033,between_primary_runoff,1052051,1052051,11.00,1052051,11
51013,C00369033,pre_primary,1285000,1285000,10.00,1285000,10
51013,C00901918,between_primary_runoff,114512,114512,3.00,114512,3
51013,C00901918,pre_primary,52051,52051,1.00,52051,1
51013,C00919084,between_primary_runoff,2541371,2541371,147.99,2496547,140
51013,C00919084,post_runoff,1831105,1831105,99.99,1785164,95
51013,C00919084,pre_primary,2281018,2281018,120.99,2224500,106
51015,C00919084,between_primary_runoff,140500,140500,5.00,140500,5
51015,C00919084,post_runoff,10000,10000,1.00,10000,1
51015,C00919084,pre_primary,16302,16302,2.03,15000,2
51023,C00919084,between_primary_runoff,5000,5000,1.00,5000,1
51023,C00919084,post_runoff,10008,10008,2.00,10000,2
51025,C00901918,pre_primary,5000,5000,1.00,5000,1
51031,C00901918,between_primary_runoff,3500,3500,1.00,3500,1
51031,C00901918,post_runoff,12500,12500,2.00,12500,2
51031,C00919084,between_primary_runoff,13000,13000,2.00,13000,2
51033,C00919084,between_primary_runoff,16000,16000,5.00,16000,5
51033,C00919084,post_runoff,50985,50985,6.00,50985,6
51033,C00919084,pre_primary,10000,10000,2.00,10000,2
51035,C00919084,between_primary_runoff,350000,350000,1.00,350000,1
51036,C00919084,between_primary_runoff,26,26,0.01,0,0
51036,C00919084,post_runoff,9,9,0.00,0,0
51036,C00919084,pre_primary,9,9,0.00,0,0
51037,C00901918,between_primary_runoff,310,310,0.06,0,0
51041,C00369033,between_primary_runoff,10000,10000,1.00,10000,1
51041,C00369033,pre_primary,50000,50000,1.00,0,0
51041,C00901918,post_runoff,20820,20820,2.00,20820,2
51041,C00919084,between_primary_runoff,344958,344958,22.00,305000,19
51041,C00919084,post_runoff,219333,219333,13.00,219333,13
51041,C00919084,pre_primary,262447,262447,10.00,187500,8
51043,C00919084,between_primary_runoff,25000,25000,3.00,5000,1
51043,C00919084,post_runoff,15500,15500,3.00,5500,2
51047,C00919084,between_primary_runoff,86416,86416,8.36,84000,8
51047,C00919084,post_runoff,223046,223046,7.12,222596,7
51047,C00919084,pre_primary,30000,30000,3.00,30000,3
51051,C00919084,between_primary_runoff,7500,7500,2.00,7500,2
51051,C00919084,post_runoff,6700,6700,3.00,6700,3
51057,C00901918,between_primary_runoff,30000,30000,1.00,30000,1
51057,C00901918,pre_primary,65000,65000,3.00,65000,3
51059,C00369033,between_primary_runoff,2995852,2995852,32.00,2995852,32
51059,C00369033,pre_primary,3738750,3738750,27.00,3738750,27
51059,C00901918,between_primary_runoff,676663,676663,49.00,676663,49
51059,C00901918,post_runoff,1128539,1128539,29.00,1128539,29
51059,C00901918,pre_primary,1326766,1326766,68.00,1326766,68
51059,C00919084,between_primary_runoff,4148856,4148856,236.95,3834300,228
51059,C00919084,post_runoff,4106360,4106360,191.95,4007462,189
51059,C00919084,pre_primary,5300587,5300587,198.92,5186500,191
51061,C00369033,between_primary_runoff,52051,52051,1.00,52051,1
51061,C00901918,post_runoff,104102,104102,1.00,104102,1
51061,C00919084,between_primary_runoff,54500,54500,10.00,54500,10
51061,C00919084,post_runoff,56000,56000,4.00,56000,4
51061,C00919084,pre_primary,216519,216519,6.00,216500,6
51063,C00919084,between_primary_runoff,15200,15200,18.00,15200,18
51063,C00919084,post_runoff,5900,5900,8.00,5900,8
51063,C00919084,pre_primary,17100,17100,18.00,17100,18
51065,C00369033,between_primary_runoff,22836,22836,0.07,0,0
51065,C00369033,pre_primary,45672,45672,0.07,0,0
51065,C00919084,between_primary_runoff,22479,22479,4.07,20000,4
51065,C00919084,post_runoff,10059,10059,2.02,10000,2
51065,C00919084,pre_primary,16181,16181,3.02,15000,3
51067,C00369033,pre_primary,50000,50000,1.00,50000,1
51067,C00901918,between_primary_runoff,49365,49365,2.47,0,0
51067,C00901918,post_runoff,4114,4114,0.82,0,0
51069,C00919084,between_primary_runoff,30000,30000,9.00,25000,8
51069,C00919084,post_runoff,71000,71000,17.00,71000,17
51069,C00919084,pre_primary,110000,110000,17.00,110000,17
51073,C00919084,between_primary_runoff,12500,12500,3.00,12500,3
51073,C00919084,post_runoff,53750,53750,4.00,53750,4
51073,C00919084,pre_primary,47500,47500,7.00,47500,7
51075,C00369033,between_primary_runoff,1425,1425,0.14,0,0
51077,C00919084,between_primary_runoff,15000,15000,2.00,15000,2
51077,C00919084,post_runoff,2500,2500,1.00,2500,1
51077,C00919084,pre_primary,45000,45000,3.00,45000,3
51079,C00919084,between_primary_runoff,22500,22500,3.00,22500,3
51079,C00919084,post_runoff,6000,6000,2.00,6000,2
51085,C00369033,between_primary_runoff,8575,8575,0.86,0,0
51085,C00901918,between_primary_runoff,9000,9000,2.00,9000,2
51085,C00901918,post_runoff,30525,30525,2.00,30525,2
51085,C00901918,pre_primary,26025,26025,1.00,26025,1
51085,C00919084,between_primary_runoff,47973,47973,7.00,20500,4
51085,C00919084,post_runoff,41997,41997,6.00,25000,3
51085,C00919084,pre_primary,10000,10000,1.00,10000,1
51087,C00369033,between_primary_runoff,4337,4337,0.43,0,0
51087,C00919084,between_primary_runoff,346300,346300,45.00,346300,45
51087,C00919084,post_runoff,321857,321857,30.00,321857,30
51087,C00919084,pre_primary,115000,115000,4.00,115000,4
51093,C00919084,post_runoff,130000,130000,4.00,130000,4
51095,C00919084,between_primary_runoff,108438,108438,12.50,100900,11
51095,C00919084,post_runoff,49312,49312,7.50,46800,7
51095,C00919084,pre_primary,75012,75012,7.50,72500,7
51099,C00901918,pre_primary,30000,30000,2.00,30000,2
51099,C00919084,between_primary_runoff,50000,50000,1.00,50000,1
51101,C00919084,post_runoff,150000,150000,2.00,150000,2
51103,C00919084,between_primary_runoff,10000,10000,1.00,10000,1
51103,C00919084,post_runoff,40000,40000,3.00,40000,3
51103,C00919084,pre_primary,5000,5000,1.00,5000,1
51105,C00919084,between_primary_runoff,5000,5000,2.00,5000,2
51105,C00919084,post_runoff,2500,2500,1.00,2500,1
51107,C00369033,between_primary_runoff,50000,50000,1.00,50000,1
51107,C00369033,pre_primary,50000,50000,1.00,50000,1
51107,C00901918,between_primary_runoff,41025,41025,3.00,41025,3
51107,C00901918,pre_primary,60000,60000,2.00,60000,2
51107,C00919084,between_primary_runoff,389455,389455,48.05,376500,43
51107,C00919084,post_runoff,346969,346969,40.05,313346,36
51107,C00919084,pre_primary,673395,673395,33.09,647500,32
51109,C00369033,between_primary_runoff,14492,14492,0.04,0,0
51109,C00369033,pre_primary,28983,28983,0.04,0,0
51109,C00919084,pre_primary,25000,25000,1.00,25000,1
51113,C00919084,between_primary_runoff,14800,14800,24.42,12000,24
51113,C00919084,post_runoff,15022,15022,29.14,14500,29
51115,C00919084,post_runoff,35000,35000,2.00,0,0
51119,C00901918,between_primary_runoff,13500,13500,3.00,0,0
51119,C00901918,pre_primary,5000,5000,1.00,0,0
51121,C00901918,between_primary_runoff,20000,20000,2.00,20000,2
51121,C00901918,post_runoff,16000,16000,2.00,16000,2
51121,C00919084,between_primary_runoff,345000,345000,8.00,335000,7
51121,C00919084,post_runoff,50000,50000,1.00,50000,1
51121,C00919084,pre_primary,290000,290000,6.00,290000,6
51125,C00919084,between_primary_runoff,25000,25000,1.00,25000,1
51125,C00919084,post_runoff,235000,235000,5.00,35000,3
51125,C00919084,pre_primary,44763,44763,0.89,0,0
51127,C00919084,between_primary_runoff,27,27,0.00,0,0
51127,C00919084,post_runoff,3,3,0.00,0,0
51131,C00919084,between_primary_runoff,10000,10000,1.00,10000,1
51131,C00919084,post_runoff,50000,50000,1.00,50000,1
51133,C00901918,between_primary_runoff,72074,72074,4.00,50000,1
51133,C00919084,between_primary_runoff,5000,5000,1.00,0,0
51133,C00919084,post_runoff,53127,53127,3.00,53127,3
51133,C00919084,pre_primary,10000,10000,2.00,0,0
51137,C00919084,between_primary_runoff,42500,42500,4.00,42500,4
51137,C00919084,post_runoff,22500,22500,4.00,22500,4
51139,C00919084,between_primary_runoff,26500,26500,9.00,26500,9
51139,C00919084,post_runoff,26196,26196,5.00,26196,5
51139,C00919084,pre_primary,32000,32000,6.00,32000,6
51143,C00919084,between_primary_runoff,2000,2000,1.00,2000,1
51143,C00919084,post_runoff,41500,41500,4.00,4000,2
51145,C00919084,between_primary_runoff,12542,12542,5.00,12500,5
51145,C00919084,post_runoff,33000,33000,8.00,33000,8
51145,C00919084,pre_primary,53,53,0.00,0,0
51147,C00901918,between_primary_runoff,2378,2378,0.48,0,0
51153,C00369033,between_primary_runoff,100000,100000,1.00,100000,1
51153,C00901918,pre_primary,26025,26025,1.00,26025,1
51153,C00919084,between_primary_runoff,238000,238000,26.00,213000,25
51153,C00919084,post_runoff,252000,252000,22.00,252000,22
51153,C00919084,pre_primary,228581,228581,14.00,203600,13
51157,C00919084,between_primary_runoff,147534,147534,9.22,0,0
51157,C00919084,post_runoff,81528,81528,4.74,50000,1
51161,C00369033,between_primary_runoff,306154,306154,0.87,0,0
51161,C00369033,pre_primary,306154,306154,0.87,0,0
51161,C00901918,between_primary_runoff,10635,10635,0.53,0,0
51161,C00901918,post_runoff,886,886,0.18,0,0
51161,C00919084,between_primary_runoff,112000,112000,6.00,112000,6
51161,C00919084,post_runoff,38092,38092,10.00,38092,10
51161,C00919084,pre_primary,90000,90000,6.00,90000,6
51163,C00919084,between_primary_runoff,13600,13600,4.00,13600,4
51163,C00919084,post_runoff,29168,29168,2.45,6500,2
51165,C00919084,between_primary_runoff,56759,56759,9.69,43000,9
51165,C00919084,post_runoff,36940,36940,9.34,33500,9
51165,C00919084,pre_primary,22500,22500,3.00,22500,3
51171,C00901918,post_runoff,4000,4000,1.00,4000,1
51171,C00919084,between_primary_runoff,10000,10000,1.00,10000,1
51171,C00919084,post_runoff,31509,31509,2.00,31509,2
51173,C00919084,between_primary_runoff,2500,2500,1.00,2500,1
51173,C00919084,post_runoff,5000,5000,2.00,5000,2
51177,C00901918,between_primary_runoff,9000,9000,2.00,9000,2
51177,C00901918,post_runoff,52051,52051,1.00,52051,1
51177,C00901918,pre_primary,5000,5000,1.00,5000,1
51177,C00919084,between_primary_runoff,86000,86000,11.00,86000,11
51177,C00919084,post_runoff,55085,55085,10.00,55085,10
51177,C00919084,pre_primary,115000,115000,4.00,115000,4
51179,C00901918,between_primary_runoff,7747,7747,4.00,7747,4
51179,C00901918,post_runoff,5728,5728,4.00,5728,4
51179,C00919084,between_primary_runoff,6005,6005,5.00,6005,5
51179,C00919084,post_runoff,120320,120320,8.00,120320,8
51179,C00919084,pre_primary,12026,12026,2.00,12026,2
51185,C00919084,between_primary_runoff,10000,10000,2.00,10000,2
51185,C00919084,post_runoff,5000,5000,1.00,5000,1
51187,C00919084,between_primary_runoff,33300,33300,14.00,33300,14
51187,C00919084,post_runoff,25300,25300,7.00,25300,7
51187,C00919084,pre_primary,29800,29800,18.00,29800,18
51191,C00901918,between_primary_runoff,40000,40000,4.00,40000,4
51191,C00901918,pre_primary,5000,5000,1.00,5000,1
51191,C00919084,between_primary_runoff,25000,25000,4.00,7500,2
51191,C00919084,post_runoff,127500,127500,3.00,27500,2
51191,C00919084,pre_primary,20000,20000,2.00,20000,2
51193,C00919084,between_primary_runoff,20000,20000,2.00,20000,2
51193,C00919084,pre_primary,10000,10000,1.00,10000,1
51195,C00901918,between_primary_runoff,5000,5000,1.00,0,0
51195,C00901918,post_runoff,5000,5000,1.00,0,0
51195,C00919084,post_runoff,50000,50000,1.00,50000,1
51199,C00919084,between_primary_runoff,33308,33308,3.66,30000,3
51199,C00919084,post_runoff,13123,13123,2.22,12020,2
51199,C00919084,pre_primary,1103,1103,0.22,0,0
51510,C00369033,between_primary_runoff,1250000,1250000,9.00,1250000,9
51510,C00369033,pre_primary,2000000,2000000,10.00,2000000,10
51510,C00901918,between_primary_runoff,25000,25000,1.00,25000,1
51510,C00901918,post_runoff,226025,226025,3.00,226025,3
51510,C00901918,pre_primary,700000,700000,1.00,700000,1
51510,C00919084,between_primary_runoff,1744809,1744809,100.00,1744809,100
51510,C00919084,post_runoff,750892,750892,75.00,750892,75
51510,C00919084,pre_primary,1568120,1568120,69.00,1568120,69
51540,C00919084,between_primary_runoff,831649,831649,19.07,763500,17
51540,C00919084,post_runoff,124605,124605,15.65,123000,15
51540,C00919084,pre_primary,1619608,1619608,14.65,1587500,14
51550,C00369033,pre_primary,20000,20000,2.00,20000,2
51550,C00919084,between_primary_runoff,22500,22500,6.00,22500,6
51550,C00919084,post_runoff,54027,54027,8.00,54027,8
51550,C00919084,pre_primary,92500,92500,9.00,92500,9
51570,C00919084,between_primary_runoff,6500,6500,3.00,6500,3
51570,C00919084,post_runoff,10000,10000,1.00,10000,1
51590,C00919084,between_primary_runoff,5000,5000,2.00,5000,2
51590,C00919084,post_runoff,2500,2500,1.00,2500,1
51600,C00919084,between_primary_runoff,51000,51000,2.00,51000,2
51600,C00919084,post_runoff,5000,5000,1.00,5000,1
51600,C00919084,pre_primary,20000,20000,2.00,20000,2
51610,C00369033,pre_primary,69798,69798,57.00,69798,57
51610,C00919084,between_primary_runoff,20065,20065,3.01,20000,3
51610,C00919084,post_runoff,175038,175038,8.01,175000,8
51610,C00919084,pre_primary,3125500,3125500,14.00,3125500,14
51620,C00919084,pre_primary,50000,50000,1.00,50000,1
51630,C00919084,between_primary_runoff,24000,24000,2.00,24000,2
51630,C00919084,pre_primary,110000,110000,2.00,110000,2
51650,C00919084,between_primary_runoff,72000,72000,7.00,72000,7
51650,C00919084,post_runoff,3000,3000,2.00,3000,2
51660,C00369033,pre_primary,150000,150000,3.00,150000,3
51660,C00919084,between_primary_runoff,36241,36241,2.31,10000,1
51660,C00919084,post_runoff,6560,6560,0.66,0,0
51678,C00919084,between_primary_runoff,100000,100000,2.00,100000,2
51678,C00919084,post_runoff,27324,27324,0.55,0,0
51680,C00369033,pre_primary,50000,50000,1.00,50000,1
51680,C00919084,between_primary_runoff,25000,25000,2.00,25000,2
51683,C00919084,between_primary_runoff,15000,15000,3.00,15000,3
51683,C00919084,post_runoff,35000,35000,2.00,35000,2
51690,C00919084,between_primary_runoff,20000,20000,2.00,20000,2
51690,C00919084,post_runoff,15000,15000,2.00,15000,2
51690,C00919084,pre_primary,22500,22500,3.00,22500,3
51700,C00901918,between_primary_runoff,53092,53092,8.00,53092,8
51700,C00919084,between_primary_runoff,380500,380500,11.00,380500,11
51700,C00919084,post_runoff,35323,35323,8.00,35323,8
51700,C00919084,pre_primary,29500,29500,16.00,29500,16
51710,C00901918,post_runoff,30000,30000,2.00,30000,2
51710,C00919084,between_primary_runoff,25500,25500,11.00,20500,9
51710,C00919084,post_runoff,99000,99000,10.00,96500,9
51710,C00919084,pre_primary,25000,25000,1.00,25000,1
51735,C00901918,between_primary_runoff,10000,10000,1.00,10000,1
51740,C00369033,pre_primary,50000,50000,1.00,50000,1
51740,C00919084,between_primary_runoff,25000,25000,1.00,25000,1
51740,C00919084,pre_primary,25000,25000,1.00,25000,1
51760,C00369033,between_primary_runoff,5663,5663,0.57,0,0
51760,C00901918,pre_primary,25000,25000,1.00,25000,1
51760,C00919084,between_primary_runoff,481096,481096,27.00,481096,27
51760,C00919084,post_runoff,198696,198696,23.00,198696,23
51760,C00919084,pre_primary,235500,235500,19.00,235500,19
51770,C00369033,between_primary_runoff,43846,43846,0.13,0,0
51770,C00369033,pre_primary,43846,43846,0.13,0,0
51770,C00919084,between_primary_runoff,27000,27000,7.00,27000,7
51770,C00919084,post_runoff,41000,41000,5.00,41000,5
51770,C00919084,pre_primary,72600,72600,2.00,72600,2
51775,C00919084,between_primary_runoff,8500,8500,3.00,8500,3
51790,C00919084,between_primary_runoff,5000,5000,2.00,5000,2
51790,C00919084,post_runoff,2500,2500,1.00,2500,1
51790,C00919084,pre_primary,25000,25000,1.00,25000,1
51810,C00369033,between_primary_runoff,50000,50000,1.00,50000,1
51810,C00369033,pre_primary,50000,50000,1.00,50000,1
51810,C00901918,between_primary_runoff,3123,3123,1.00,3123,1
51810,C00901918,post_runoff,8726,8726,3.00,8726,3
51810,C00901918,pre_primary,5000,5000,1.00,5000,1
51810,C00919084,between_primary_runoff,102450,102450,29.00,77450,26
51810,C00919084,post_runoff,111000,111000,15.00,111000,15
51810,C00919084,pre_primary,247600,247600,7.00,237600,6
51820,C00919084,between_primary_runoff,14000,14000,3.00,14000,3
51820,C00919084,post_runoff,14000,14000,3.00,14000,3
51820,C00919084,pre_primary,2000,2000,1.00,2000,1
51830,C00369033,between_primary_runoff,100000,100000,2.00,100000,2
51830,C00919084,between_primary_runoff,34128,34128,2.83,30000,2
51830,C00919084,post_runoff,1376,1376,0.28,0,0
51830,C00919084,pre_primary,1376,1376,0.28,0,0
51840,C00919084,between_primary_runoff,5000,5000,2.00,5000,2
51840,C00919084,post_runoff,2500,2500,1.00,2500,1
53003,C00919084,between_primary_runoff,15000,15000,3.00,15000,3
53003,C00919084,post_runoff,50000,50000,2.00,50000,2
53003,C00919084,pre_primary,25000,25000,5.00,25000,5
53005,C00919084,between_primary_runoff,211700,211700,20.00,211700,20
53005,C00919084,post_runoff,47500,47500,10.00,47500,10
53005,C00919084,pre_primary,232500,232500,8.00,232500,8
53007,C00919084,between_primary_runoff,240486,240486,25.00,120900,22
53007,C00919084,post_runoff,83800,83800,15.00,63800,13
53007,C00919084,pre_primary,81100,81100,29.00,61100,27
53009,C00919084,between_primary_runoff,292250,292250,23.00,288250,22
53009,C00919084,post_runoff,145200,145200,16.00,127200,13
53009,C00919084,pre_primary,189052,189052,16.99,139727,16
53011,C00919084,between_primary_runoff,670826,670826,82.00,548326,78
53011,C00919084,post_runoff,427305,427305,54.18,418916,53
53011,C00919084,pre_primary,517713,517713,54.18,509324,51
53015,C00369033,between_primary_runoff,50000,50000,1.00,50000,1
53015,C00369033,pre_primary,50000,50000,1.00,50000,1
53015,C00919084,between_primary_runoff,10000,10000,2.00,10000,2
53015,C00919084,post_runoff,79111,79111,7.82,75000,7
53015,C00919084,pre_primary,4111,4111,0.82,0,0
53017,C00919084,between_primary_runoff,25000,25000,4.00,25000,4
53017,C00919084,post_runoff,15000,15000,2.00,15000,2
53017,C00919084,pre_primary,10000,10000,2.00,10000,2
53019,C00919084,between_primary_runoff,15000,15000,2.00,15000,2
53019,C00919084,post_runoff,10000,10000,2.00,10000,2
53021,C00919084,between_primary_runoff,29500,29500,10.00,29500,10
53021,C00919084,post_runoff,68500,68500,6.00,68500,6
53021,C00919084,pre_primary,19500,19500,6.00,19500,6
53025,C00901918,between_primary_runoff,10410,10410,1.00,10410,1
53025,C00919084,between_primary_runoff,25000,25000,17.00,25000,17
53025,C00919084,post_runoff,72000,72000,7.00,72000,7
53025,C00919084,pre_primary,6500,6500,8.00,6500,8
53027,C00919084,between_primary_runoff,9000,9000,4.00,9000,4
53027,C00919084,post_runoff,2000,2000,1.00,2000,1
53029,C00919084,between_primary_runoff,651620,651620,47.00,627620,40
53029,C00919084,post_runoff,271127,271127,26.00,258627,23
53029,C00919084,pre_primary,749000,749000,42.00,727500,35
53031,C00919084,between_primary_runoff,184950,184950,24.00,184950,24
53031,C00919084,post_runoff,194500,194500,14.00,169500,13
53031,C00919084,pre_primary,181675,181675,18.01,181000,18
53033,C00369033,between_primary_runoff,100000,100000,1.00,100000,1
53033,C00369033,pre_primary,1650000,1500000,6.00,1650000,6
53033,C00901918,between_primary_runoff,85000,85000,3.00,85000,3
53033,C00901918,pre_primary,479638,479638,18.00,379638,15
53033,C00919084,between_primary_runoff,19310227,19310227,793.00,18127327,775
53033,C00919084,post_runoff,11017616,11017616,567.00,9948216,545
53033,C00919084,pre_primary,11919397,11919397,482.00,11630697,463
53035,C00369033,between_primary_runoff,50000,50000,1.00,50000,1
53035,C00901918,pre_primary,20820,20820,1.00,0,0
53035,C00919084,between_primary_runoff,1595520,1595520,71.00,1449520,58
53035,C00919084,post_runoff,457892,457892,41.00,436892,37
53035,C00919084,pre_primary,717000,717000,45.00,665500,35
53037,C00919084,between_primary_runoff,26100,26100,5.00,11100,4
53037,C00919084,post_runoff,158500,158500,4.00,158500,4
53039,C00901918,between_primary_runoff,50000,50000,2.00,50000,2
53039,C00901918,post_runoff,20000,20000,1.00,20000,1
53039,C00901918,pre_primary,25000,25000,1.00,25000,1
53039,C00919084,between_primary_runoff,58917,58917,7.90,30000,2
53039,C00919084,post_runoff,58818,58818,4.92,0,0
53039,C00919084,pre_primary,153703,153703,11.87,100000,4
53041,C00901918,post_runoff,7808,7808,1.00,7808,1
53041,C00919084,between_primary_runoff,58000,58000,5.00,8000,4
53041,C00919084,post_runoff,2500,2500,1.00,2500,1
53041,C00919084,pre_primary,100000,100000,1.00,100000,1
53045,C00901918,between_primary_runoff,4000,4000,2.00,4000,2
53045,C00919084,between_primary_runoff,15000,15000,4.00,15000,4
53045,C00919084,post_runoff,32500,32500,3.00,2500,1
53047,C00919084,between_primary_runoff,414,414,0.00,0,0
53047,C00919084,post_runoff,65000,65000,3.00,10000,1
53047,C00919084,pre_primary,97500,97500,5.00,0,0
53049,C00919084,between_primary_runoff,80000,80000,4.00,80000,4
53049,C00919084,post_runoff,10000,10000,1.00,10000,1
53049,C00919084,pre_primary,20000,20000,2.00,20000,2
53053,C00901918,between_primary_runoff,78320,78320,6.00,28320,5
53053,C00901918,post_runoff,56872,56872,3.00,6872,2
53053,C00901918,pre_primary,20000,20000,1.00,20000,1
53053,C00919084,between_primary_runoff,1074624,1074624,147.00,974624,142
53053,C00919084,post_runoff,883501,883501,81.00,873501,80
53053,C00919084,pre_primary,884224,884224,99.00,704224,95
53055,C00919084,between_primary_runoff,140500,140500,12.00,60000,5
53055,C00919084,post_runoff,69500,69500,9.00,25000,3
53055,C00919084,pre_primary,457500,457500,21.00,420000,15
53057,C00369033,pre_primary,314767,314767,0.90,0,0
53057,C00919084,between_primary_runoff,179817,179817,34.90,128324,31
53057,C00919084,post_runoff,157407,157407,22.90,135224,21
53057,C00919084,pre_primary,198927,198927,42.00,153927,39
53059,C00919084,between_primary_runoff,5983,5983,2.10,0,0
53059,C00919084,post_runoff,982,982,0.08,0,0
53059,C00919084,pre_primary,897,897,0.13,0,0
53061,C00369033,pre_primary,100000,100000,1.00,100000,1
53061,C00901918,between_primary_runoff,350000,350000,1.00,350000,1
53061,C00901918,pre_primary,10000,10000,1.00,0,0
53061,C00919084,between_primary_runoff,1132678,1132678,117.00,1097678,114
53061,C00919084,post_runoff,895772,895772,85.00,855772,82
53061,C00919084,pre_primary,722500,722500,52.00,662500,47
53063,C00369033,pre_primary,100000,100000,1.00,100000,1
53063,C00901918,between_primary_runoff,208204,208204,2.00,208204,2
53063,C00901918,post_runoff,169583,65481,6.00,169583,6
53063,C00919084,between_primary_runoff,339000,339000,70.00,336500,69
53063,C00919084,post_runoff,782800,782800,42.00,387800,38
53063,C00919084,pre_primary,510000,510000,42.00,510000,42
53065,C00919084,between_primary_runoff,5000,5000,1.00,5000,1
53065,C00919084,post_runoff,5000,5000,1.00,5000,1
53065,C00919084,pre_primary,50000,50000,1.00,50000,1
53067,C00901918,between_primary_runoff,29000,29000,2.00,0,0
53067,C00901918,post_runoff,7000,7000,2.00,0,0
53067,C00901918,pre_primary,22500,22500,4.00,0,0
53067,C00919084,between_primary_runoff,581649,581649,85.00,467649,78
53067,C00919084,post_runoff,572320,572320,53.00,414820,46
53067,C00919084,pre_primary,327800,327800,41.00,272800,39
53071,C00919084,between_primary_runoff,100000,100000,1.00,100000,1
53071,C00919084,post_runoff,102500,102500,2.00,102500,2
53073,C00369033,pre_primary,35233,35233,0.10,0,0
53073,C00901918,between_primary_runoff,16400,16400,4.00,0,0
53073,C00901918,post_runoff,3045,3045,2.00,0,0
53073,C00901918,pre_primary,5000,5000,1.00,0,0
53073,C00919084,between_primary_runoff,396107,396107,40.10,327600,36
53073,C00919084,post_runoff,532233,532233,34.10,447720,29
53073,C00919084,pre_primary,342100,342100,42.00,342100,42
53077,C00919084,between_primary_runoff,137000,137000,16.00,137000,16
53077,C00919084,post_runoff,57696,57696,8.00,57696,8
53077,C00919084,pre_primary,126120,126120,11.00,126120,11
54001,C00919084,between_primary_runoff,138,138,0.05,0,0
54001,C00919084,post_runoff,177,177,0.07,0,0
54003,C00901918,between_primary_runoff,10410,10410,1.00,10410,1
54003,C00919084,between_primary_runoff,2457,2457,0.27,0,0
54003,C00919084,post_runoff,20447,20447,1.04,20000,1
54011,C00919084,pre_primary,52809,52809,0.53,0,0
54023,C00919084,post_runoff,9813,9813,0.98,0,0
54025,C00901918,between_primary_runoff,5000,5000,1.00,0,0
54025,C00919084,between_primary_runoff,150000,150000,2.00,150000,2
54025,C00919084,post_runoff,250000,250000,1.00,250000,1
54025,C00919084,pre_primary,200000,200000,2.00,200000,2
54027,C00919084,between_primary_runoff,3000,3000,1.00,0,0
54027,C00919084,post_runoff,13000,13000,2.00,0,0
54031,C00919084,post_runoff,100,100,0.01,0,0
54033,C00919084,between_primary_runoff,25000,25000,1.00,25000,1
54033,C00919084,post_runoff,20000,20000,1.00,20000,1
54033,C00919084,pre_primary,90000,90000,5.00,90000,5
54037,C00369033,between_primary_runoff,2500,2500,1.00,2500,1
54037,C00369033,pre_primary,35000,35000,14.00,35000,14
54037,C00919084,between_primary_runoff,100363,100363,17.73,32500,9
54037,C00919084,post_runoff,42249,42249,9.96,23500,7
54037,C00919084,pre_primary,66000,66000,8.00,66000,8
54039,C00369033,pre_primary,50000,50000,1.00,0,0
54039,C00901918,between_primary_runoff,4500,4500,3.00,4500,3
54039,C00901918,post_runoff,1500,1500,1.00,1500,1
54039,C00901918,pre_primary,10000,10000,2.00,10000,2
54039,C00919084,between_primary_runoff,302500,302500,8.00,302500,8
54039,C00919084,post_runoff,55000,55000,3.00,25000,1
54039,C00919084,pre_primary,265000,265000,6.00,265000,6
54041,C00919084,between_primary_runoff,20066,20066,2.02,20000,2
54041,C00919084,post_runoff,10085,10085,1.03,10000,1
54041,C00919084,pre_primary,30000,30000,1.00,30000,1
54043,C00919084,pre_primary,4976,4976,0.05,0,0
54055,C00919084,between_primary_runoff,5000,5000,2.00,0,0
54055,C00919084,post_runoff,2500,2500,1.00,0,0
54061,C00919084,between_primary_runoff,6609,6609,1.16,5000,1
54061,C00919084,post_runoff,28000,28000,2.00,28000,2
54061,C00919084,pre_primary,51770,51770,2.80,50000,2
54067,C00919084,between_primary_runoff,15000,15000,3.00,15000,3
54067,C00919084,post_runoff,5000,5000,1.00,5000,1
54067,C00919084,pre_primary,10000,10000,2.00,10000,2
54069,C00919084,between_primary_runoff,5500,5500,2.00,5500,2
54069,C00919084,post_runoff,18500,18500,6.00,18500,6
54071,C00919084,post_runoff,87,87,0.01,0,0
54077,C00901918,between_primary_runoff,10410,10410,1.00,10410,1
54077,C00901918,post_runoff,10410,10410,1.00,10410,1
54077,C00919084,between_primary_runoff,8391,8391,0.84,0,0
54077,C00919084,pre_primary,9230,9230,4.20,0,0
54079,C00919084,pre_primary,42215,42215,0.42,0,0
54083,C00901918,between_primary_runoff,22500,22500,2.00,22500,2
54083,C00919084,between_primary_runoff,25000,25000,1.00,25000,1
54083,C00919084,post_runoff,10000,10000,1.00,10000,1
54097,C00919084,between_primary_runoff,5796,5796,1.93,0,0
54097,C00919084,post_runoff,7438,7438,2.90,0,0
54107,C00901918,between_primary_runoff,17000,17000,2.00,17000,2
54107,C00901918,pre_primary,10500,10500,2.00,10500,2
55001,C00901918,between_primary_runoff,5268,5268,0.51,0,0
55003,C00919084,between_primary_runoff,5000,5000,2.00,0,0
55003,C00919084,post_runoff,10420,10420,2.00,5224,1
55003,C00919084,pre_primary,20000,20000,5.00,10000,1
55005,C00919084,between_primary_runoff,9214,9214,0.92,0,0
55005,C00919084,post_runoff,4607,4607,0.92,0,0
55007,C00919084,post_runoff,50000,50000,1.00,0,0
55009,C00919084,between_primary_runoff,79700,79700,16.00,79700,16
55009,C00919084,post_runoff,67100,67100,11.00,67100,11
55009,C00919084,pre_primary,128026,128026,15.00,128026,15
55011,C00919084,between_primary_runoff,3000,3000,1.00,3000,1
55011,C00919084,post_runoff,10500,10500,3.00,10500,3
55015,C00901918,between_primary_runoff,25000,25000,1.00,25000,1
55015,C00901918,pre_primary,75000,75000,2.00,75000,2
55017,C00919084,between_primary_runoff,3000,3000,1.00,3000,1
55017,C00919084,post_runoff,2500,2500,1.00,2500,1
55017,C00919084,pre_primary,25000,25000,1.00,25000,1
55019,C00919084,between_primary_runoff,10000,10000,2.00,10000,2
55019,C00919084,pre_primary,7500,7500,3.00,7500,3
55021,C00919084,between_primary_runoff,19940,19940,1.00,0,0
55021,C00919084,post_runoff,62471,62471,3.00,52500,2
55021,C00919084,pre_primary,110971,110971,4.00,101000,3
55025,C00369033,between_primary_runoff,50000,50000,1.00,50000,1
55025,C00901918,between_primary_runoff,43500,43500,7.00,43500,7
55025,C00901918,post_runoff,35000,35000,2.00,35000,2
55025,C00901918,pre_primary,126115,126115,13.00,126115,13
55025,C00919084,between_primary_runoff,679848,679848,81.00,678348,80
55025,C00919084,post_runoff,904516,904516,63.99,840187,59
55025,C00919084,pre_primary,916957,916957,58.00,916957,58
55027,C00919084,post_runoff,29596,29596,1.00,29596,1
55031,C00919084,between_primary_runoff,20000,20000,2.00,20000,2
55033,C00369033,pre_primary,25000,25000,10.00,25000,10
55033,C00919084,between_primary_runoff,34,34,0.00,0,0
55033,C00919084,post_runoff,17,17,0.00,0,0
55033,C00919084,pre_primary,15000,15000,3.00,15000,3
55035,C00919084,between_primary_runoff,10000,10000,1.00,10000,1
55035,C00919084,post_runoff,54224,54224,3.00,54224,3
55035,C00919084,pre_primary,105000,105000,2.00,105000,2
55039,C00919084,between_primary_runoff,2500,2500,1.00,2500,1
55039,C00919084,post_runoff,40000,40000,4.00,40000,4
55043,C00919084,pre_primary,25000,25000,1.00,25000,1
55045,C00919084,between_primary_runoff,100000,100000,1.00,100000,1
55045,C00919084,post_runoff,25000,25000,1.00,25000,1
55045,C00919084,pre_primary,50000,50000,1.00,50000,1
55047,C00919084,post_runoff,25000,25000,3.00,25000,3
55049,C00919084,between_primary_runoff,25000,25000,2.00,15000,1
55049,C00919084,post_runoff,10171,10171,1.01,0,0
55049,C00919084,pre_primary,35000,35000,2.00,35000,2
55055,C00919084,between_primary_runoff,120,120,0.02,0,0
55055,C00919084,post_runoff,170060,170060,3.01,170000,3
55059,C00919084,between_primary_runoff,158958,158958,7.00,59000,6
55059,C00919084,post_runoff,2000,2000,2.00,2000,2
55059,C00919084,pre_primary,49979,49979,5.00,0,0
55063,C00919084,between_primary_runoff,34500,34500,6.00,34500,6
55063,C00919084,post_runoff,2000,2000,2.00,2000,2
55063,C00919084,pre_primary,2500,2500,1.00,2500,1
55067,C00919084,between_primary_runoff,25000,25000,1.00,25000,1
55067,C00919084,post_runoff,6000,6000,2.00,6000,2
55071,C00919084,between_primary_runoff,15000,15000,6.00,15000,6
55071,C00919084,post_runoff,1000,1000,1.00,1000,1
55071,C00919084,pre_primary,5000,5000,2.00,5000,2
55073,C00919084,between_primary_runoff,11200,11200,3.00,11200,3
55073,C00919084,post_runoff,5500,5500,2.00,5500,2
55073,C00919084,pre_primary,75000,75000,2.00,50000,1
55075,C00919084,between_primary_runoff,20000,20000,1.00,20000,1
55075,C00919084,post_runoff,3796,3796,1.00,3796,1
55075,C00919084,pre_primary,2500,2500,1.00,2500,1
55077,C00901918,between_primary_runoff,5142,5142,0.49,0,0
55077,C00919084,between_primary_runoff,57,57,0.00,0,0
55077,C00919084,post_runoff,28,28,0.00,0,0
55077,C00919084,pre_primary,28,28,0.00,0,0
55078,C00919084,between_primary_runoff,20000,20000,1.00,20000,1
55079,C00369033,between_primary_runoff,100000,100000,1.00,100000,1
55079,C00369033,pre_primary,100000,100000,1.00,100000,1
55079,C00901918,between_primary_runoff,12500,12500,5.00,12500,5
55079,C00901918,post_runoff,2525,2525,2.00,2525,2
55079,C00919084,between_primary_runoff,419700,419700,59.00,419700,59
55079,C00919084,post_runoff,458140,458140,43.00,448140,42
55079,C00919084,pre_primary,1086284,1086284,35.00,1061296,31
55085,C00919084,between_primary_runoff,30000,30000,2.00,30000,2
55085,C00919084,post_runoff,70000,70000,2.00,70000,2
55087,C00919084,between_primary_runoff,95000,95000,6.00,40000,4
55087,C00919084,post_runoff,43000,43000,6.00,32500,3
55089,C00919084,between_primary_runoff,126000,126000,7.01,125931,7
55089,C00919084,post_runoff,40000,40000,3.00,40000,3
55089,C00919084,pre_primary,135001,135001,5.00,135000,5
55093,C00919084,between_primary_runoff,10000,10000,1.00,10000,1
55093,C00919084,pre_primary,20000,20000,2.00,20000,2
55095,C00919084,between_primary_runoff,50000,50000,1.00,50000,1
55095,C00919084,pre_primary,1197,1197,0.01,0,0
55097,C00919084,between_primary_runoff,2500,2500,1.00,2500,1
55097,C00919084,post_runoff,2500,2500,1.00,2500,1
55101,C00919084,between_primary_runoff,54054,54054,11.24,52500,11
55101,C00919084,post_runoff,83200,83200,8.14,82800,8
55101,C00919084,pre_primary,18521,18521,5.00,18500,5
55103,C00919084,between_primary_runoff,5000,5000,2.00,0,0
55103,C00919084,post_runoff,37500,37500,4.00,35000,3
55105,C00919084,between_primary_runoff,30000,30000,9.00,30000,9
55105,C00919084,post_runoff,2500,2500,1.00,2500,1
55105,C00919084,pre_primary,188000,188000,18.00,188000,18
55107,C00919084,between_primary_runoff,752,752,0.08,0,0
55107,C00919084,post_runoff,376,376,0.08,0,0
55109,C00919084,between_primary_runoff,30500,30500,5.00,30500,5
55109,C00919084,post_runoff,40224,40224,7.00,40224,7
55109,C00919084,pre_primary,198803,198803,2.99,100000,2
55111,C00369033,pre_primary,25000,25000,1.00,25000,1
55111,C00901918,post_runoff,50000,50000,1.00,0,0
55111,C00919084,between_primary_runoff,3,3,0.00,0,0
55111,C00919084,post_runoff,5001,5001,1.00,5000,1
55111,C00919084,pre_primary,20001,20001,2.00,20000,2
55117,C00919084,between_primary_runoff,50000,50000,1.00,50000,1
55117,C00919084,post_runoff,50000,50000,1.00,50000,1
55117,C00919084,pre_primary,130000,130000,3.00,130000,3
55123,C00919084,between_primary_runoff,30000,30000,3.00,30000,3
55123,C00919084,post_runoff,10000,10000,1.00,10000,1
55123,C00919084,pre_primary,5000,5000,1.00,5000,1
55125,C00919084,between_primary_runoff,45000,45000,3.00,45000,3
55125,C00919084,post_runoff,15000,15000,1.00,15000,1
55125,C00919084,pre_primary,10000,10000,1.00,10000,1
55127,C00901918,between_primary_runoff,50000,50000,1.00,50000,1
55127,C00901918,post_runoff,10000,10000,1.00,10000,1
55127,C00919084,between_primary_runoff,122458,122458,5.80,105000,3
55127,C00919084,post_runoff,64668,64668,3.87,60000,2
55127,C00919084,pre_primary,25000,25000,1.00,25000,1
55129,C00919084,between_primary_runoff,5000,5000,2.00,5000,2
55129,C00919084,post_runoff,2500,2500,1.00,2500,1
55131,C00919084,between_primary_runoff,14931,14931,1.99,5000,1
55133,C00369033,pre_primary,52400,52400,3.00,52400,3
55133,C00901918,between_primary_runoff,30000,30000,2.00,30000,2
55133,C00919084,between_primary_runoff,244810,244810,24.94,190200,19
55133,C00919084,post_runoff,292691,292691,26.98,282819,25
55133,C00919084,pre_primary,146311,146311,8.00,136300,7
55135,C00919084,between_primary_runoff,15000,15000,3.00,15000,3
55135,C00919084,post_runoff,5000,5000,1.00,5000,1
55135,C00919084,pre_primary,5000,5000,1.00,5000,1
55139,C00919084,between_primary_runoff,16400,16400,5.00,16400,5
55139,C00919084,post_runoff,5700,5700,2.00,5700,2
55139,C00919084,pre_primary,3700,3700,4.00,3700,4
55141,C00369033,between_primary_runoff,100000,100000,1.00,100000,1
55141,C00369033,pre_primary,100000,100000,1.00,100000,1
55141,C00901918,between_primary_runoff,26025,26025,1.00,26025,1
55141,C00919084,between_primary_runoff,5000,5000,1.00,5000,1
55141,C00919084,pre_primary,105000,105000,2.00,105000,2
56001,C00901918,pre_primary,700000,700000,1.00,0,0
56001,C00919084,between_primary_runoff,15000,15000,3.00,15000,3
56001,C00919084,post_runoff,60000,60000,7.00,60000,7
56005,C00901918,pre_primary,10410,10410,1.00,10410,1
56013,C00919084,between_primary_runoff,12500,12500,5.00,12500,5
56013,C00919084,post_runoff,67500,67500,5.00,67500,5
56013,C00919084,pre_primary,5000,5000,2.00,5000,2
56015,C00901918,post_runoff,5000,5000,1.00,5000,1
56019,C00919084,between_primary_runoff,13000,13000,3.00,13000,3
56019,C00919084,post_runoff,5000,5000,1.00,5000,1
56019,C00919084,pre_primary,10000,10000,2.00,10000,2
56021,C00369033,between_primary_runoff,50000,50000,1.00,50000,1
56021,C00369033,pre_primary,50000,50000,1.00,50000,1
56021,C00901918,between_primary_runoff,26025,26025,1.00,26025,1
56021,C00901918,pre_primary,62460,62460,3.00,62460,3
56021,C00919084,post_runoff,25000,25000,1.00,25000,1
56021,C00919084,pre_primary,25000,25000,1.00,25000,1
56023,C00919084,between_primary_runoff,10000,10000,1.00,0,0
56023,C00919084,post_runoff,10000,10000,1.00,0,0
56025,C00901918,post_runoff,10000,10000,1.00,10000,1
56025,C00919084,between_primary_runoff,133000,133000,7.00,133000,7
56025,C00919084,post_runoff,6000,6000,2.00,6000,2
56025,C00919084,pre_primary,151000,151000,3.00,151000,3
56029,C00919084,between_primary_runoff,3400,3400,4.00,3400,4
56029,C00919084,post_runoff,26700,26700,3.00,1700,2
56033,C00901918,pre_primary,50000,50000,2.00,0,0
56033,C00919084,between_primary_runoff,60000,60000,3.00,0,0
56033,C00919084,post_runoff,10000,10000,2.00,0,0
56033,C00919084,pre_primary,92400,92400,14.00,2500,1
56037,C00901918,between_primary_runoff,34574,34574,4.00,34574,4
56039,C00901918,pre_primary,700000,700000,1.00,0,0
56039,C00919084,between_primary_runoff,1205834,1205834,16.00,635000,10
56039,C00919084,post_runoff,1655696,1655696,20.00,935696,13
56039,C00919084,pre_primary,1935000,1935000,12.00,285000,5
72025,C00919084,between_primary_runoff,1400,1400,2.00,1400,2
72025,C00919084,post_runoff,9227,9227,2.00,9227,2
72051,C00369033,between_primary_runoff,1393457,1393457,1.99,0,0
72051,C00919084,post_runoff,348365,348365,1.00,0,0
72051,C00919084,pre_primary,19907,19907,1.99,0,0
72119,C00901918,pre_primary,350000,350000,1.00,350000,1
72127,C00901918,between_primary_runoff,104102,104102,1.00,104102,1
72127,C00919084,post_runoff,400000,400000,2.00,400000,2
72127,C00919084,pre_primary,70000,70000,3.00,70000,3
72135,C00369033,between_primary_runoff,1182,1182,0.00,0,0
72135,C00919084,post_runoff,295,295,0.00,0,0
72135,C00919084,pre_primary,17,17,0.00,0,0
72137,C00369033,between_primary_runoff,1273,1273,0.00,0,0
72137,C00919084,post_runoff,318,318,0.00,0,0
72137,C00919084,pre_primary,18,18,0.00,0,0
72143,C00369033,between_primary_runoff,4088,4088,0.01,0,0
72143,C00919084,post_runoff,1022,1022,0.00,0,0
72143,C00919084,pre_primary,58,58,0.01,0,0
